(0.0, 1, 522.0, 3500, 2000, 112),
(0.061281999995117076, 2, 522.0, 3500, 2000, 113),
(0.10697599999548402, 3, 522.0, 3500, 2000, 114),
(0.14694299999973737, 4, 522.0, 3500, 2000, 115),
(0.19451200000185054, 5, 522.0, 3500, 2000, 116),
(0.24082399999315385, 6, 522.0, 3500, 2000, 117),
(0.28286900000239257, 7, 522.0, 3500, 2000, 118),
(0.3299899999983609, 8, 522.0, 3500, 2000, 119),
(0.37682700000004843, 9, 522.0, 3500, 2000, 120),
(0.4158329999918351, 10, 522.0, 3500, 2000, 121),
(0.4614480000018375, 11, 522.0, 3500, 2000, 122),
(0.5006799999973737, 12, 522.0, 3500, 2000, 123),
(0.5387429999973392, 13, 522.0, 3500, 2000, 124),
(0.5831689999904484, 14, 522.0, 3500, 2000, 125),
(0.6264539999974659, 15, 522.0, 3500, 2000, 126),
(0.6666209999966668, 16, 522.0, 3500, 2000, 127),
(0.7097689999936847, 17, 522.0, 3500, 2000, 128),
(0.7597220000025118, 18, 522.0, 3500, 2000, 129),
(0.8025130000023637, 19, 522.0, 3500, 2000, 130),
(0.8459299999958603, 20, 522.0, 3500, 2000, 131),
(0.8864309999917168, 21, 522.0, 3500, 2000, 132),
(0.9358849999989616, 22, 522.0, 3500, 2000, 133),
(0.9773189999978058, 23, 522.0, 3500, 2000, 134),
(1.0195830000011483, 24, 522.0, 3500, 2000, 135),
(1.061545999997179, 25, 522.0, 3500, 2000, 136),
(1.1075029999919934, 26, 522.0, 3500, 2000, 137),
(1.1548939999920549, 27, 522.0, 3500, 2000, 138),
(1.1970579999906477, 28, 522.0, 3500, 2000, 139),
(1.2443959999945946, 29, 522.0, 3500, 2000, 140),
(1.2982279999996535, 30, 522.0, 3500, 2000, 141),
(1.3346329999912996, 31, 522.0, 3500, 2000, 142),
(1.3847419999947306, 32, 522.0, 3500, 2000, 143),
(1.4340599999995902, 33, 522.0, 3500, 2000, 144),
(1.481155999994371, 34, 522.0, 3500, 2000, 145),
(1.5297080000018468, 35, 522.0, 3500, 2000, 146),
(1.5778040000004694, 36, 522.0, 3500, 2000, 147),
(1.626774000003934, 37, 522.0, 3500, 2000, 148),
(1.6718149999942398, 38, 522.0, 3500, 2000, 149),
(1.7249559999909252, 39, 522.0, 3500, 2000, 150),
(1.7652390000002924, 40, 522.0, 3500, 2000, 151),
(1.8052089999982854, 41, 522.0, 3500, 2000, 152),
(1.8519759999908274, 42, 522.0, 3500, 2000, 113),
(1.8987179999967339, 43, 522.0, 3500, 2000, 114),
(1.948999999993248, 44, 522.0, 3500, 2000, 115),
(1.9986009999993257, 45, 522.0, 3500, 2000, 116),
(2.0407049999921583, 46, 522.0, 3500, 2000, 117),
(2.0924289999966277, 47, 522.0, 3500, 2000, 118),
(2.1327329999912763, 48, 522.0, 3500, 2000, 119),
(2.1775280000001658, 49, 522.0, 3500, 2000, 120),
(2.214959999997518, 50, 522.0, 3500, 2000, 121),
(2.252024999994319, 51, 522.0, 3500, 2000, 122),
(2.2935580000048503, 52, 522.0, 3500, 2000, 123),
(2.3327160000044387, 53, 522.0, 3500, 2000, 124),
(2.3769949999987148, 54, 522.0, 3500, 2000, 125),
(2.42791899999429, 55, 522.0, 3500, 2000, 126),
(2.4782299999933457, 56, 522.0, 3500, 2000, 127),
(2.5171679999912158, 57, 522.0, 3500, 2000, 128),
(2.555418000003556, 58, 522.0, 3500, 2000, 129),
(2.613129999997909, 59, 522.0, 3500, 2000, 130),
(2.661449999999604, 60, 522.0, 3500, 2000, 131),
(2.7103689999930793, 61, 522.0, 3500, 2000, 132),
(2.757673000000068, 62, 522.0, 3500, 2000, 133),
(2.79638800000248, 63, 522.0, 3500, 2000, 134),
(2.835378000003402, 64, 522.0, 3500, 2000, 135),
(2.876310999999987, 65, 522.0, 3500, 2000, 136),
(2.9140409999963595, 66, 522.0, 3500, 2000, 137),
(2.953330999996979, 67, 522.0, 3500, 2000, 138),
(2.995162999999593, 68, 522.0, 3500, 2000, 139),
(3.037597000002279, 69, 522.0, 3500, 2000, 140),
(3.0786579999985406, 70, 522.0, 3500, 2000, 141),
(3.1202889999985928, 71, 522.0, 3500, 2000, 142),
(3.161716000002343, 72, 522.0, 3500, 2000, 143),
(3.2012010000034934, 73, 522.0, 3500, 2000, 144),
(3.248943999991752, 74, 522.0, 3500, 2000, 145),
(3.2940660000022035, 75, 522.0, 3500, 2000, 146),
(3.3345810000027996, 76, 522.0, 3500, 2000, 147),
(3.386327000000165, 77, 522.0, 3500, 2000, 148),
(3.4356770000013057, 78, 522.0, 3500, 2000, 149),
(3.4837079999997513, 79, 522.0, 3500, 2000, 150),
(3.522899999996298, 80, 522.0, 3500, 2000, 151),
(3.568436000001384, 81, 522.0, 3500, 2000, 152),
(3.6109699999942677, 82, 522.0, 3500, 2000, 113),
(3.649751999997534, 83, 522.0, 3500, 2000, 114),
(3.694166999994195, 84, 522.0, 3500, 2000, 115),
(3.739092999996501, 85, 522.0, 3500, 2000, 116),
(3.778792999990401, 86, 522.0, 3500, 2000, 117),
(3.818364999999176, 87, 522.0, 3500, 2000, 118),
(3.8601119999948423, 88, 522.0, 3500, 2000, 119),
(3.901776999991853, 89, 522.0, 3500, 2000, 120),
(3.953030000004219, 90, 522.0, 3500, 2000, 121),
(3.9978229999978794, 91, 522.0, 3500, 2000, 122),
(4.039302999997744, 92, 522.0, 3500, 2000, 123),
(4.0841269999946235, 93, 522.0, 3500, 2000, 124),
(4.12354200000118, 94, 522.0, 3500, 2000, 125),
(4.164248999994015, 95, 522.0, 3500, 2000, 126),
(4.204902999990736, 96, 522.0, 3500, 2000, 127),
(4.248791999998502, 97, 522.0, 3500, 2000, 128),
(4.28686700000253, 98, 522.0, 3500, 2000, 129),
(4.331722000002628, 99, 522.0, 3500, 2000, 130),
(4.373191999999108, 100, 522.0, 3500, 2000, 131),
(4.415456999995513, 101, 522.0, 3500, 2000, 132),
(4.458102000004146, 102, 522.0, 3500, 2000, 133),
(4.497843999997713, 103, 522.0, 3500, 2000, 134),
(4.537807000000612, 104, 522.0, 3500, 2000, 135),
(4.581584999992629, 105, 522.0, 3500, 2000, 136),
(4.623540000000503, 106, 522.0, 3500, 2000, 137),
(4.668408999990788, 107, 522.0, 3500, 2000, 138),
(4.713378000000375, 108, 522.0, 3500, 2000, 139),
(4.758237000001827, 109, 522.0, 3500, 2000, 140),
(4.801368000000366, 110, 522.0, 3500, 2000, 141),
(4.844673999992665, 111, 522.0, 3500, 2000, 142),
(4.883730999994441, 112, 522.0, 3500, 2000, 143),
(4.924622999998974, 113, 522.0, 3500, 2000, 144),
(4.964481000002706, 114, 522.0, 3500, 2000, 145),
(5.007127999997465, 115, 522.0, 3500, 2000, 146),
(5.058867999992799, 116, 522.0, 3500, 2000, 147),
(5.101404000000912, 117, 522.0, 3500, 2000, 148),
(5.1387549999926705, 118, 522.0, 3500, 2000, 149),
(5.176242999994429, 119, 522.0, 3500, 2000, 150),
(5.215364999996382, 120, 522.0, 3500, 2000, 151),
(5.264867999998387, 121, 522.0, 3500, 2000, 152),
(5.303954000002705, 122, 522.0, 3500, 2400, 112),
(5.344874000002164, 123, 522.0, 3500, 2400, 113),
(5.385662000000593, 124, 522.0, 3500, 2400, 114),
(5.426164000004064, 125, 522.0, 3500, 2400, 115),
(5.46302999999898, 126, 522.0, 3500, 2400, 116),
(5.498557999992045, 127, 522.0, 3500, 2400, 117),
(5.534371000001556, 128, 522.0, 3500, 2400, 118),
(5.571878000002471, 129, 522.0, 3500, 2400, 119),
(5.6135619999986375, 130, 522.0, 3500, 2400, 120),
(5.683208000002196, 131, 522.0, 3500, 2400, 121),
(5.722005000003264, 132, 522.0, 3500, 2400, 122),
(5.759764999995241, 133, 522.0, 3500, 2400, 123),
(5.79805800000031, 134, 522.0, 3500, 2400, 124),
(5.839481999995769, 135, 522.0, 3500, 2400, 125),
(5.882782000000589, 136, 522.0, 3500, 2400, 126),
(5.921090999996522, 137, 522.0, 3500, 2400, 127),
(5.963711999997031, 138, 522.0, 3500, 2400, 128),
(6.002575999998953, 139, 522.0, 3500, 2400, 129),
(6.050374999991618, 140, 522.0, 3500, 2400, 130),
(6.098245999994106, 141, 522.0, 3500, 2400, 131),
(6.146993999995175, 142, 522.0, 3500, 2400, 132),
(6.183315999995102, 143, 522.0, 3500, 2400, 133),
(6.223786000002292, 144, 522.0, 3500, 2400, 134),
(6.272306999991997, 145, 522.0, 3500, 2400, 135),
(6.315566999997827, 146, 522.0, 3500, 2400, 136),
(6.364881000001333, 147, 522.0, 3500, 2400, 137),
(6.407578999991529, 148, 522.0, 3500, 2400, 138),
(6.4553109999978915, 149, 522.0, 3500, 2400, 139),
(6.506362000000081, 150, 522.0, 3500, 2400, 140),
(6.550975999998627, 151, 522.0, 3500, 2400, 141),
(6.590546999999788, 152, 522.0, 3500, 2400, 142),
(6.628719000000274, 153, 522.0, 3500, 2400, 143),
(6.681633000000147, 154, 522.0, 3500, 2400, 144),
(6.726668000002974, 155, 522.0, 3500, 2400, 145),
(6.763538999992306, 156, 522.0, 3500, 2400, 146),
(6.802318000001833, 157, 522.0, 3500, 2400, 147),
(6.853455999997095, 158, 522.0, 3500, 2400, 148),
(6.9034929999907035, 159, 522.0, 3500, 2400, 149),
(6.9453450000000885, 160, 522.0, 3500, 2400, 150),
(6.989615999991656, 161, 522.0, 3500, 2400, 151),
(7.032089000000269, 162, 522.0, 3500, 2400, 152),
(7.0804449999995995, 163, 522.0, 3500, 2400, 113),
(7.120484999992186, 164, 522.0, 3500, 2400, 114),
(7.160579000003054, 165, 522.0, 3500, 2400, 115),
(7.198252000001958, 166, 522.0, 3500, 2400, 116),
(7.239348000002792, 167, 522.0, 3500, 2400, 117),
(7.29498199999216, 168, 522.0, 3500, 2400, 118),
(7.342969999997877, 169, 522.0, 3500, 2400, 119),
(7.38473299999896, 170, 522.0, 3500, 2400, 120),
(7.426135999994585, 171, 522.0, 3500, 2400, 121),
(7.4690019999979995, 172, 522.0, 3500, 2400, 122),
(7.518920000002254, 173, 522.0, 3500, 2400, 123),
(7.561845999996876, 174, 522.0, 3500, 2400, 124),
(7.605591999992612, 175, 522.0, 3500, 2400, 125),
(7.652959999992163, 176, 522.0, 3500, 2400, 126),
(7.694277999995393, 177, 522.0, 3500, 2400, 127),
(7.752787000004901, 178, 522.0, 3500, 2400, 128),
(7.80272999999579, 179, 522.0, 3500, 2400, 129),
(7.843630999996094, 180, 522.0, 3500, 2400, 130),
(7.885882999995374, 181, 522.0, 3500, 2400, 131),
(7.928975000002538, 182, 522.0, 3500, 2400, 132),
(7.971040999997058, 183, 522.0, 3500, 2400, 133),
(8.008117000004859, 184, 522.0, 3500, 2400, 134),
(8.049927999993088, 185, 522.0, 3500, 2400, 135),
(8.092527999993763, 186, 522.0, 3500, 2400, 136),
(8.135198000003584, 187, 522.0, 3500, 2400, 137),
(8.177655999999843, 188, 522.0, 3500, 2400, 138),
(8.222576000000117, 189, 522.0, 3500, 2400, 139),
(8.264509000000544, 190, 522.0, 3500, 2400, 140),
(8.304879000002984, 191, 522.0, 3500, 2400, 141),
(8.349369000003207, 192, 522.0, 3500, 2400, 142),
(8.393685999995796, 193, 522.0, 3500, 2400, 143),
(8.437097000001813, 194, 522.0, 3500, 2400, 144),
(8.480952999991132, 195, 522.0, 3500, 2400, 145),
(8.521974999996019, 196, 522.0, 3500, 2400, 146),
(8.572598999991897, 197, 522.0, 3500, 2400, 147),
(8.618831999992835, 198, 522.0, 3500, 2400, 148),
(8.658958999993047, 199, 522.0, 3500, 2400, 149),
(8.697560000000522, 200, 522.0, 3500, 2400, 150),
(8.739940999992541, 201, 522.0, 3500, 2400, 151),
(8.796812999993563, 202, 522.0, 3500, 2400, 152),
(8.837988999992376, 203, 522.0, 3500, 2400, 113),
(8.883723999999347, 204, 522.0, 3500, 2400, 114),
(8.923761999991257, 205, 522.0, 3500, 2400, 115),
(8.964645000000019, 206, 522.0, 3500, 2400, 116),
(9.006542999995872, 207, 522.0, 3500, 2400, 117),
(9.049612999995588, 208, 522.0, 3500, 2400, 118),
(9.091606999994838, 209, 522.0, 3500, 2400, 119),
(9.132364999997662, 210, 522.0, 3500, 2400, 120),
(9.172286000000895, 211, 522.0, 3500, 2400, 121),
(9.21211900000344, 212, 522.0, 3500, 2400, 122),
(9.25942999999097, 213, 522.0, 3500, 2400, 123),
(9.30113999999594, 214, 522.0, 3500, 2400, 124),
(9.344865999999456, 215, 522.0, 3500, 2400, 125),
(9.388546999995015, 216, 522.0, 3500, 2400, 126),
(9.432683999999426, 217, 522.0, 3500, 2400, 127),
(9.478694000004907, 218, 522.0, 3500, 2400, 128),
(9.524443999995128, 219, 522.0, 3500, 2400, 129),
(9.566223000001628, 220, 522.0, 3500, 2400, 130),
(9.604003999993438, 221, 522.0, 3500, 2400, 131),
(9.647595000002184, 222, 522.0, 3500, 2400, 132),
(9.68475000000035, 223, 522.0, 3500, 2400, 133),
(9.72650399999111, 224, 522.0, 3500, 2400, 134),
(9.765342999991844, 225, 522.0, 3500, 2400, 135),
(9.806108999997377, 226, 522.0, 3500, 2400, 136),
(9.841755999994348, 227, 522.0, 3500, 2400, 137),
(9.88762599999609, 228, 522.0, 3500, 2400, 138),
(9.938081000000238, 229, 522.0, 3500, 2400, 139),
(9.98459599999478, 230, 522.0, 3500, 2400, 140),
(10.027820999996038, 231, 522.0, 3500, 2400, 141),
(10.068450999999186, 232, 522.0, 3500, 2400, 142),
(10.108271000004606, 233, 522.0, 3500, 2400, 143),
(10.1497939999972, 234, 522.0, 3500, 2400, 144),
(10.19186500000069, 235, 522.0, 3500, 2400, 145),
(10.229330999995, 236, 522.0, 3500, 2400, 146),
(10.269188999998732, 237, 522.0, 3500, 2400, 147),
(10.310950999992201, 238, 522.0, 3500, 2400, 148),
(10.353205999999773, 239, 522.0, 3500, 2400, 149),
(10.39470999999321, 240, 522.0, 3500, 2400, 150),
(10.434974999996484, 241, 522.0, 3500, 2400, 151),
(10.47481400000106, 242, 522.0, 3500, 2400, 152),
(10.515975999995135, 243, 522.0, 3500, 2800, 112),
(10.55918899999233, 244, 522.0, 3500, 2800, 113),
(10.600267000001622, 245, 522.0, 3500, 2800, 114),
(10.648155999995652, 246, 522.0, 3500, 2800, 115),
(10.688102999993134, 247, 522.0, 3500, 2800, 116),
(10.72401199999149, 248, 522.0, 3500, 2800, 117),
(10.76492899999721, 249, 522.0, 3500, 2800, 118),
(10.807633999997051, 250, 522.0, 3500, 2800, 119),
(10.850067999999737, 251, 522.0, 3500, 2800, 120),
(10.888108999992255, 252, 522.0, 3500, 2800, 121),
(10.925590999991982, 253, 522.0, 3500, 2800, 122),
(10.961507999993046, 254, 522.0, 3500, 2800, 123),
(11.001619000002393, 255, 522.0, 3500, 2800, 124),
(11.043240999992122, 256, 522.0, 3500, 2800, 125),
(11.089793999999529, 257, 522.0, 3500, 2800, 126),
(11.134015000003274, 258, 522.0, 3500, 2800, 127),
(11.176227999996627, 259, 522.0, 3500, 2800, 128),
(11.216885999994702, 260, 522.0, 3500, 2800, 129),
(11.25534499999776, 261, 522.0, 3500, 2800, 130),
(11.295121000002837, 262, 522.0, 3500, 2800, 131),
(11.33763199999521, 263, 522.0, 3500, 2800, 132),
(11.38214099999459, 264, 522.0, 3500, 2800, 133),
(11.419796999995015, 265, 522.0, 3500, 2800, 134),
(11.457643000001553, 266, 522.0, 3500, 2800, 135),
(11.496486000003642, 267, 522.0, 3500, 2800, 136),
(11.534322999999858, 268, 522.0, 3500, 2800, 137),
(11.57365399999253, 269, 522.0, 3500, 2800, 138),
(11.61496900000202, 270, 522.0, 3500, 2800, 139),
(11.653175999992527, 271, 522.0, 3500, 2800, 140),
(11.68996899999911, 272, 522.0, 3500, 2800, 141),
(11.73599600000307, 273, 522.0, 3500, 2800, 142),
(11.777778000003309, 274, 522.0, 3500, 2800, 143),
(11.8237369999988, 275, 522.0, 3500, 2800, 144),
(11.868835000001127, 276, 522.0, 3500, 2800, 145),
(11.91042899999593, 277, 522.0, 3500, 2800, 146),
(11.951315999991493, 278, 522.0, 3500, 2800, 147),
(11.991857000000891, 279, 522.0, 3500, 2800, 148),
(12.035352999999304, 280, 522.0, 3500, 2800, 149),
(12.086914999992587, 281, 522.0, 3500, 2800, 150),
(12.131385999993654, 282, 522.0, 3500, 2800, 151),
(12.171587999997428, 283, 522.0, 3500, 2800, 152),
(12.210697000002256, 284, 522.0, 3500, 2800, 113),
(12.253320000003441, 285, 522.0, 3500, 2800, 114),
(12.307312000004458, 286, 522.0, 3500, 2800, 115),
(12.350523000000976, 287, 522.0, 3500, 2800, 116),
(12.39814699999988, 288, 522.0, 3500, 2800, 117),
(12.444868999999017, 289, 522.0, 3500, 2800, 118),
(12.489166999992449, 290, 522.0, 3500, 2800, 119),
(12.537421000000904, 291, 522.0, 3500, 2800, 120),
(12.580311999990954, 292, 522.0, 3500, 2800, 121),
(12.622036000000662, 293, 522.0, 3500, 2800, 122),
(12.667868999997154, 294, 522.0, 3500, 2800, 123),
(12.705027999996673, 295, 522.0, 3500, 2800, 124),
(12.745571999999811, 296, 522.0, 3500, 2800, 125),
(12.784717999995337, 297, 522.0, 3500, 2800, 126),
(12.823296999995364, 298, 522.0, 3500, 2800, 127),
(12.864740999997593, 299, 522.0, 3500, 2800, 128),
(12.904809999992722, 300, 522.0, 3500, 2800, 129),
(12.94511099999363, 301, 522.0, 3500, 2800, 130),
(12.98509999999078, 302, 522.0, 3500, 2800, 131),
(13.027663000000757, 303, 522.0, 3500, 2800, 132),
(13.073221999991802, 304, 522.0, 3500, 2800, 133),
(13.113272999995388, 305, 522.0, 3500, 2800, 134),
(13.155247000002419, 306, 522.0, 3500, 2800, 135),
(13.197650000001886, 307, 522.0, 3500, 2800, 136),
(13.24002099999052, 308, 522.0, 3500, 2800, 137),
(13.279628000003868, 309, 522.0, 3500, 2800, 138),
(13.32202999999572, 310, 522.0, 3500, 2800, 139),
(13.362991000001784, 311, 522.0, 3500, 2800, 140),
(13.401386999990791, 312, 522.0, 3500, 2800, 141),
(13.44219499999599, 313, 522.0, 3500, 2800, 142),
(13.482208999994327, 314, 522.0, 3500, 2800, 143),
(13.522343999997247, 315, 522.0, 3500, 2800, 144),
(13.564494999998715, 316, 522.0, 3500, 2800, 145),
(13.607791999995243, 317, 522.0, 3500, 2800, 146),
(13.64685499999905, 318, 522.0, 3500, 2800, 147),
(13.685551999995369, 319, 522.0, 3500, 2800, 148),
(13.726339999993797, 320, 522.0, 3500, 2800, 149),
(13.76442500000121, 321, 522.0, 3500, 2800, 150),
(13.808219999991707, 322, 522.0, 3500, 2800, 151),
(13.84886899999401, 323, 522.0, 3500, 2800, 152),
(13.88712499999383, 324, 522.0, 3500, 2800, 113),
(13.9292390000046, 325, 522.0, 3500, 2800, 114),
(13.983965999999782, 326, 522.0, 3500, 2800, 115),
(14.040938999998616, 327, 522.0, 3500, 2800, 116),
(14.079845999993267, 328, 522.0, 3500, 2800, 117),
(14.121060999998008, 329, 522.0, 3500, 2800, 118),
(14.169972000003327, 330, 522.0, 3500, 2800, 119),
(14.209611999991466, 331, 522.0, 3500, 2800, 120),
(14.25281599999289, 332, 522.0, 3500, 2800, 121),
(14.292226999998093, 333, 522.0, 3500, 2800, 122),
(14.331643999990774, 334, 522.0, 3500, 2800, 123),
(14.372113999997964, 335, 522.0, 3500, 2800, 124),
(14.411856999999145, 336, 522.0, 3500, 2800, 125),
(14.450457999992068, 337, 522.0, 3500, 2800, 126),
(14.489011999990907, 338, 522.0, 3500, 2800, 127),
(14.530073000001721, 339, 522.0, 3500, 2800, 128),
(14.574015999998664, 340, 522.0, 3500, 2800, 129),
(14.617425999997067, 341, 522.0, 3500, 2800, 130),
(14.658444999993662, 342, 522.0, 3500, 2800, 131),
(14.69644800000242, 343, 522.0, 3500, 2800, 132),
(14.735803000003216, 344, 522.0, 3500, 2800, 133),
(14.776394000000437, 345, 522.0, 3500, 2800, 134),
(14.817678999999771, 346, 522.0, 3500, 2800, 135),
(14.859674999999697, 347, 522.0, 3500, 2800, 136),
(14.900166999999783, 348, 522.0, 3500, 2800, 137),
(14.942295999993803, 349, 522.0, 3500, 2800, 138),
(14.983772999999928, 350, 522.0, 3500, 2800, 139),
(15.022601000004215, 351, 522.0, 3500, 2800, 140),
(15.06311299999652, 352, 522.0, 3500, 2800, 141),
(15.104196000000229, 353, 522.0, 3500, 2800, 142),
(15.14438599999994, 354, 522.0, 3500, 2800, 143),
(15.181866999992053, 355, 522.0, 3500, 2800, 144),
(15.225737000000663, 356, 522.0, 3500, 2800, 145),
(15.266122999993968, 357, 522.0, 3500, 2800, 146),
(15.309869000004255, 358, 522.0, 3500, 2800, 147),
(15.349661999993259, 359, 522.0, 3500, 2800, 148),
(15.388985999990837, 360, 522.0, 3500, 2800, 149),
(15.429480999999214, 361, 522.0, 3500, 2800, 150),
(15.470961999992142, 362, 522.0, 3500, 2800, 151),
(15.51524100000097, 363, 522.0, 3500, 2800, 152),
(15.558556999996654, 364, 522.0, 3500, 3200, 112),
(15.60502699999779, 365, 522.0, 3500, 3200, 113),
(15.646374999996624, 366, 522.0, 3500, 3200, 114),
(15.688891999991029, 367, 522.0, 3500, 3200, 115),
(15.729446999990614, 368, 522.0, 3500, 3200, 116),
(15.768209000001661, 369, 522.0, 3500, 3200, 117),
(15.808965999996872, 370, 522.0, 3500, 3200, 118),
(15.85262099999818, 371, 522.0, 3500, 3200, 119),
(15.893207999994047, 372, 522.0, 3500, 3200, 120),
(15.93682999999146, 373, 522.0, 3500, 3200, 121),
(15.979039999991073, 374, 522.0, 3500, 3200, 122),
(16.02492300000449, 375, 522.0, 3500, 3200, 123),
(16.069993999990402, 376, 522.0, 3500, 3200, 124),
(16.114434000002802, 377, 522.0, 3500, 3200, 125),
(16.156942000001436, 378, 522.0, 3500, 3200, 126),
(16.202894999994896, 379, 522.0, 3500, 3200, 127),
(16.247359999993932, 380, 522.0, 3500, 3200, 128),
(16.296711000002688, 381, 522.0, 3500, 3200, 129),
(16.345797000001767, 382, 522.0, 3500, 3200, 130),
(16.38876600000367, 383, 522.0, 3500, 3200, 131),
(16.42610299999069, 384, 522.0, 3500, 3200, 132),
(16.464525999996113, 385, 522.0, 3500, 3200, 133),
(16.504862999994657, 386, 522.0, 3500, 3200, 134),
(16.546094000004814, 387, 522.0, 3500, 3200, 135),
(16.587891999995918, 388, 522.0, 3500, 3200, 136),
(16.633694000003743, 389, 522.0, 3500, 3200, 137),
(16.675923999995575, 390, 522.0, 3500, 3200, 138),
(16.714112000001478, 391, 522.0, 3500, 3200, 139),
(16.75695799999812, 392, 522.0, 3500, 3200, 140),
(16.800963000001502, 393, 522.0, 3500, 3200, 141),
(16.842886999991606, 394, 522.0, 3500, 3200, 142),
(16.887300999995205, 395, 522.0, 3500, 3200, 143),
(16.927163999993354, 396, 522.0, 3500, 3200, 144),
(16.96463400000357, 397, 522.0, 3500, 3200, 145),
(17.004956000004313, 398, 522.0, 3500, 3200, 146),
(17.043808000002173, 399, 522.0, 3500, 3200, 147),
(17.08808699999645, 400, 522.0, 3500, 3200, 148),
(17.12854599999264, 401, 522.0, 3500, 3200, 149),
(17.167702999999165, 402, 522.0, 3500, 3200, 150),
(17.217879999996512, 403, 522.0, 3500, 3200, 151),
(17.259882999991532, 404, 522.0, 3500, 3200, 152),
(17.299354000002495, 405, 522.0, 3500, 3200, 113),
(17.341992999994545, 406, 522.0, 3500, 3200, 114),
(17.383637999999337, 407, 522.0, 3500, 3200, 115),
(17.423530000000028, 408, 522.0, 3500, 3200, 116),
(17.462987999999314, 409, 522.0, 3500, 3200, 117),
(17.501978999993298, 410, 522.0, 3500, 3200, 118),
(17.54264400000102, 411, 522.0, 3500, 3200, 119),
(17.58301999999094, 412, 522.0, 3500, 3200, 120),
(17.62310399999842, 413, 522.0, 3500, 3200, 121),
(17.66431599999487, 414, 522.0, 3500, 3200, 122),
(17.705701999992016, 415, 522.0, 3500, 3200, 123),
(17.745985000001383, 416, 522.0, 3500, 3200, 124),
(17.7907339999947, 417, 522.0, 3500, 3200, 125),
(17.828089999995427, 418, 522.0, 3500, 3200, 126),
(17.8724169999914, 419, 522.0, 3500, 3200, 127),
(17.91654799999378, 420, 522.0, 3500, 3200, 128),
(17.95910900000308, 421, 522.0, 3500, 3200, 129),
(18.001089999990654, 422, 522.0, 3500, 3200, 130),
(18.041777999998885, 423, 522.0, 3500, 3200, 131),
(18.082001000002492, 424, 522.0, 3500, 3200, 132),
(18.12011899999925, 425, 522.0, 3500, 3200, 133),
(18.16792500000156, 426, 522.0, 3500, 3200, 134),
(18.205165999999736, 427, 522.0, 3500, 3200, 135),
(18.24848799999745, 428, 522.0, 3500, 3200, 136),
(18.291264999992563, 429, 522.0, 3500, 3200, 137),
(18.33810999999696, 430, 522.0, 3500, 3200, 138),
(18.378637000001618, 431, 522.0, 3500, 3200, 139),
(18.421180000004824, 432, 522.0, 3500, 3200, 140),
(18.470919999992475, 433, 522.0, 3500, 3200, 141),
(18.513441000002786, 434, 522.0, 3500, 3200, 142),
(18.553501999995206, 435, 522.0, 3500, 3200, 143),
(18.59450399999332, 436, 522.0, 3500, 3200, 144),
(18.64592399999674, 437, 522.0, 3500, 3200, 145),
(18.691869000002043, 438, 522.0, 3500, 3200, 146),
(18.737542000002577, 439, 522.0, 3500, 3200, 147),
(18.775748999993084, 440, 522.0, 3500, 3200, 148),
(18.815248999992036, 441, 522.0, 3500, 3200, 149),
(18.85694599999988, 442, 522.0, 3500, 3200, 150),
(18.896162999997614, 443, 522.0, 3500, 3200, 151),
(18.946455999990576, 444, 522.0, 3500, 3200, 152),
(18.983298999999533, 445, 522.0, 3500, 3200, 113),
(19.02803899999708, 446, 522.0, 3500, 3200, 114),
(19.066116000001784, 447, 522.0, 3500, 3200, 115),
(19.105952999991132, 448, 522.0, 3500, 3200, 116),
(19.144906000001356, 449, 522.0, 3500, 3200, 117),
(19.184020999993663, 450, 522.0, 3500, 3200, 118),
(19.226152000002912, 451, 522.0, 3500, 3200, 119),
(19.265683999998146, 452, 522.0, 3500, 3200, 120),
(19.30825499999628, 453, 522.0, 3500, 3200, 121),
(19.35261200000241, 454, 522.0, 3500, 3200, 122),
(19.396418999996968, 455, 522.0, 3500, 3200, 123),
(19.433877000003122, 456, 522.0, 3500, 3200, 124),
(19.473199999993085, 457, 522.0, 3500, 3200, 125),
(19.514393999997992, 458, 522.0, 3500, 3200, 126),
(19.558046999998624, 459, 522.0, 3500, 3200, 127),
(19.6027929999982, 460, 522.0, 3500, 3200, 128),
(19.64362400000391, 461, 522.0, 3500, 3200, 129),
(19.683709999997518, 462, 522.0, 3500, 3200, 130),
(19.729462000002968, 463, 522.0, 3500, 3200, 131),
(19.769784999996773, 464, 522.0, 3500, 3200, 132),
(19.811302000001888, 465, 522.0, 3500, 3200, 133),
(19.850685999990674, 466, 522.0, 3500, 3200, 134),
(19.892210999998497, 467, 522.0, 3500, 3200, 135),
(19.93463000000338, 468, 522.0, 3500, 3200, 136),
(19.97557899999083, 469, 522.0, 3500, 3200, 137),
(20.017120999997132, 470, 522.0, 3500, 3200, 138),
(20.058734999998705, 471, 522.0, 3500, 3200, 139),
(20.100265999994008, 472, 522.0, 3500, 3200, 140),
(20.15002899999672, 473, 522.0, 3500, 3200, 141),
(20.19564099999843, 474, 522.0, 3500, 3200, 142),
(20.23723099999188, 475, 522.0, 3500, 3200, 143),
(20.280264000000898, 476, 522.0, 3500, 3200, 144),
(20.327613000001293, 477, 522.0, 3500, 3200, 145),
(20.372531999993953, 478, 522.0, 3500, 3200, 146),
(20.411525000003166, 479, 522.0, 3500, 3200, 147),
(20.4539550000045, 480, 522.0, 3500, 3200, 148),
(20.493419999998878, 481, 522.0, 3500, 3200, 149),
(20.54102000000421, 482, 522.0, 3500, 3200, 150),
(20.58115899999393, 483, 522.0, 3500, 3200, 151),
(20.6223389999941, 484, 522.0, 3500, 3200, 152),
(20.66343400000187, 485, 532.0, 3500, 2200, 112),
(20.719255000003614, 486, 532.0, 3500, 2200, 113),
(20.759682000003522, 487, 532.0, 3500, 2200, 114),
(20.796550999992178, 488, 532.0, 3500, 2200, 115),
(20.83983399999852, 489, 532.0, 3500, 2200, 116),
(20.88042499999574, 490, 532.0, 3500, 2200, 117),
(20.92189499999222, 491, 532.0, 3500, 2200, 118),
(20.967745999994804, 492, 532.0, 3500, 2200, 119),
(21.010366999995313, 493, 532.0, 3500, 2200, 120),
(21.05200199999672, 494, 532.0, 3500, 2200, 121),
(21.091056999997818, 495, 532.0, 3500, 2200, 122),
(21.131337999991956, 496, 532.0, 3500, 2200, 123),
(21.173136999990675, 497, 532.0, 3500, 2200, 124),
(21.211989000003086, 498, 532.0, 3500, 2200, 125),
(21.249198999998043, 499, 532.0, 3500, 2200, 126),
(21.286118000003626, 500, 532.0, 3500, 2200, 127),
(21.327871999994386, 501, 532.0, 3500, 2200, 128),
(21.371268999995664, 502, 532.0, 3500, 2200, 129),
(21.41363399999682, 503, 532.0, 3500, 2200, 130),
(21.46440499999153, 504, 532.0, 3500, 2200, 131),
(21.506263000002946, 505, 532.0, 3500, 2200, 132),
(21.545482000001357, 506, 532.0, 3500, 2200, 133),
(21.584783999991487, 507, 532.0, 3500, 2200, 134),
(21.626499999998487, 508, 532.0, 3500, 2200, 135),
(21.668751000004704, 509, 532.0, 3500, 2200, 136),
(21.711655999999493, 510, 532.0, 3500, 2200, 137),
(21.761608000000706, 511, 532.0, 3500, 2200, 138),
(21.80331400000432, 512, 532.0, 3500, 2200, 139),
(21.845841999995173, 513, 532.0, 3500, 2200, 140),
(21.89246400000411, 514, 532.0, 3500, 2200, 141),
(21.93120999999519, 515, 532.0, 3500, 2200, 142),
(21.974046999996062, 516, 532.0, 3500, 2200, 143),
(22.014958999992814, 517, 532.0, 3500, 2200, 144),
(22.05792599999404, 518, 532.0, 3500, 2200, 145),
(22.099946999995154, 519, 532.0, 3500, 2200, 146),
(22.14233499999682, 520, 532.0, 3500, 2200, 147),
(22.19593299999542, 521, 532.0, 3500, 2200, 148),
(22.23821300000418, 522, 532.0, 3500, 2200, 149),
(22.28201799999806, 523, 532.0, 3500, 2200, 150),
(22.324011000004248, 524, 532.0, 3500, 2200, 151),
(22.36089300000458, 525, 532.0, 3500, 2200, 152),
(22.40009999999893, 526, 532.0, 3500, 2200, 113),
(22.44212900000275, 527, 532.0, 3500, 2200, 114),
(22.479959000003873, 528, 532.0, 3500, 2200, 115),
(22.51948899999843, 529, 532.0, 3500, 2200, 116),
(22.558909999992466, 530, 532.0, 3500, 2200, 117),
(22.60345100000268, 531, 532.0, 3500, 2200, 118),
(22.644937000004575, 532, 532.0, 3500, 2200, 119),
(22.686178999996628, 533, 532.0, 3500, 2200, 120),
(22.73107799999707, 534, 532.0, 3500, 2200, 121),
(22.774092999999993, 535, 532.0, 3500, 2200, 122),
(22.815453999995952, 536, 532.0, 3500, 2200, 123),
(22.85700299999735, 537, 532.0, 3500, 2200, 124),
(22.894573999990826, 538, 532.0, 3500, 2200, 125),
(22.935467000002973, 539, 532.0, 3500, 2200, 126),
(22.97968899999978, 540, 532.0, 3500, 2200, 127),
(23.020359000001918, 541, 532.0, 3500, 2200, 128),
(23.06109999999171, 542, 532.0, 3500, 2200, 129),
(23.10383500000171, 543, 532.0, 3500, 2200, 130),
(23.15022699999099, 544, 532.0, 3500, 2200, 131),
(23.19213199999649, 545, 532.0, 3500, 2200, 132),
(23.232604000004358, 546, 532.0, 3500, 2200, 133),
(23.275144999992335, 547, 532.0, 3500, 2200, 134),
(23.321626999997534, 548, 532.0, 3500, 2200, 135),
(23.360409999993863, 549, 532.0, 3500, 2200, 136),
(23.396605000001728, 550, 532.0, 3500, 2200, 137),
(23.432620999999926, 551, 532.0, 3500, 2200, 138),
(23.473975999993854, 552, 532.0, 3500, 2200, 139),
(23.509405000004335, 553, 532.0, 3500, 2200, 140),
(23.546967999995104, 554, 532.0, 3500, 2200, 141),
(23.588222999998834, 555, 532.0, 3500, 2200, 142),
(23.63129599999229, 556, 532.0, 3500, 2200, 143),
(23.68250799999805, 557, 532.0, 3500, 2200, 144),
(23.721917000002577, 558, 532.0, 3500, 2200, 145),
(23.761499000000185, 559, 532.0, 3500, 2200, 146),
(23.79987400000391, 560, 532.0, 3500, 2200, 147),
(23.842961000002106, 561, 532.0, 3500, 2200, 148),
(23.885475999995833, 562, 532.0, 3500, 2200, 149),
(23.929248999993433, 563, 532.0, 3500, 2200, 150),
(23.9675639999914, 564, 532.0, 3500, 2200, 151),
(24.004430000000866, 565, 532.0, 3500, 2200, 152),
(24.04082599999674, 566, 532.0, 3500, 2200, 113),
(24.080094999997527, 567, 532.0, 3500, 2200, 114),
(24.1188589999947, 568, 532.0, 3500, 2200, 115),
(24.16313899999659, 569, 532.0, 3500, 2200, 116),
(24.21426199999405, 570, 532.0, 3500, 2200, 117),
(24.2620079999906, 571, 532.0, 3500, 2200, 118),
(24.30034999999043, 572, 532.0, 3500, 2200, 119),
(24.33778999999049, 573, 532.0, 3500, 2200, 120),
(24.374853000001167, 574, 532.0, 3500, 2200, 121),
(24.41990999999689, 575, 532.0, 3500, 2200, 122),
(24.469505000000936, 576, 532.0, 3500, 2200, 123),
(24.510146000000532, 577, 532.0, 3500, 2200, 124),
(24.547733999992488, 578, 532.0, 3500, 2200, 125),
(24.593061999999918, 579, 532.0, 3500, 2200, 126),
(24.634653999994043, 580, 532.0, 3500, 2200, 127),
(24.67261100000178, 581, 532.0, 3500, 2200, 128),
(24.71706300000369, 582, 532.0, 3500, 2200, 129),
(24.75579799999832, 583, 532.0, 3500, 2200, 130),
(24.79553400000441, 584, 532.0, 3500, 2200, 131),
(24.84094599999662, 585, 532.0, 3500, 2200, 132),
(24.89904599999136, 586, 532.0, 3500, 2200, 133),
(24.9459760000027, 587, 532.0, 3500, 2200, 134),
(24.99177100000088, 588, 532.0, 3500, 2200, 135),
(25.03212699999858, 589, 532.0, 3500, 2200, 136),
(25.07343299999775, 590, 532.0, 3500, 2200, 137),
(25.11408400000073, 591, 532.0, 3500, 2200, 138),
(25.152690999995684, 592, 532.0, 3500, 2200, 139),
(25.19400499999756, 593, 532.0, 3500, 2200, 140),
(25.23701899999287, 594, 532.0, 3500, 2200, 141),
(25.275272999992012, 595, 532.0, 3500, 2200, 142),
(25.31307299999753, 596, 532.0, 3500, 2200, 143),
(25.3558320000011, 597, 532.0, 3500, 2200, 144),
(25.397792999996454, 598, 532.0, 3500, 2200, 145),
(25.438056999992114, 599, 532.0, 3500, 2200, 146),
(25.477828999995836, 600, 532.0, 3500, 2200, 147),
(25.51685699999507, 601, 532.0, 3500, 2200, 148),
(25.55503599999065, 602, 532.0, 3500, 2200, 149),
(25.598121999995783, 603, 532.0, 3500, 2200, 150),
(25.641978999992716, 604, 532.0, 3500, 2200, 151),
(25.682589000003645, 605, 532.0, 3500, 2200, 152),
(25.722200999996858, 606, 522.0, 3500, 2400, 112),
(25.760223999997834, 607, 522.0, 3500, 2400, 113),
(25.80160399999295, 608, 522.0, 3500, 2400, 114),
(25.84557499999937, 609, 522.0, 3500, 2400, 115),
(25.885664999994333, 610, 522.0, 3500, 2400, 116),
(25.923769000000902, 611, 522.0, 3500, 2400, 117),
(25.96298999999999, 612, 522.0, 3500, 2400, 118),
(26.003127000003587, 613, 522.0, 3500, 2400, 119),
(26.043192999990424, 614, 522.0, 3500, 2400, 120),
(26.088432000004104, 615, 522.0, 3500, 2400, 121),
(26.13337799999863, 616, 522.0, 3500, 2400, 122),
(26.185763000001316, 617, 522.0, 3500, 2400, 123),
(26.241666000001715, 618, 522.0, 3500, 2400, 124),
(26.282317000004696, 619, 522.0, 3500, 2400, 125),
(26.33532099999138, 620, 522.0, 3500, 2400, 126),
(26.3814449999918, 621, 522.0, 3500, 2400, 127),
(26.424138999995193, 622, 522.0, 3500, 2400, 128),
(26.464716000002227, 623, 522.0, 3500, 2400, 129),
(26.503824999992503, 624, 522.0, 3500, 2400, 130),
(26.542952000003424, 625, 522.0, 3500, 2400, 131),
(26.58665499999188, 626, 522.0, 3500, 2400, 132),
(26.627357999997912, 627, 522.0, 3500, 2400, 133),
(26.6673609999998, 628, 522.0, 3500, 2400, 134),
(26.70891400000255, 629, 522.0, 3500, 2400, 135),
(26.754100999998627, 630, 522.0, 3500, 2400, 136),
(26.795146999997087, 631, 522.0, 3500, 2400, 137),
(26.833096000002115, 632, 522.0, 3500, 2400, 138),
(26.880116999993334, 633, 522.0, 3500, 2400, 139),
(26.92094399999769, 634, 522.0, 3500, 2400, 140),
(26.970845000003465, 635, 522.0, 3500, 2400, 141),
(27.01409899999271, 636, 522.0, 3500, 2400, 142),
(27.051863999993657, 637, 522.0, 3500, 2400, 143),
(27.092187999995076, 638, 522.0, 3500, 2400, 144),
(27.136965999990935, 639, 522.0, 3500, 2400, 145),
(27.178788999997778, 640, 522.0, 3500, 2400, 146),
(27.22472800000105, 641, 522.0, 3500, 2400, 147),
(27.268723000001046, 642, 522.0, 3500, 2400, 148),
(27.311803000004147, 643, 522.0, 3500, 2400, 149),
(27.356939000004786, 644, 522.0, 3500, 2400, 150),
(27.39719899999909, 645, 522.0, 3500, 2400, 151),
(27.435146999996505, 646, 522.0, 3500, 2400, 152),
(27.474719999998342, 647, 522.0, 3500, 2400, 113),
(27.515837999992073, 648, 522.0, 3500, 2400, 114),
(27.56492399999115, 649, 522.0, 3500, 2400, 115),
(27.603839000003063, 650, 522.0, 3500, 2400, 116),
(27.64223199999833, 651, 522.0, 3500, 2400, 117),
(27.679168999995454, 652, 522.0, 3500, 2400, 118),
(27.71592000000237, 653, 522.0, 3500, 2400, 119),
(27.75121200000285, 654, 522.0, 3500, 2400, 120),
(27.787685000002966, 655, 522.0, 3500, 2400, 121),
(27.83505399999558, 656, 522.0, 3500, 2400, 122),
(27.870303999996395, 657, 522.0, 3500, 2400, 123),
(27.909006999994745, 658, 522.0, 3500, 2400, 124),
(27.947965999992448, 659, 522.0, 3500, 2400, 125),
(27.986418000000413, 660, 522.0, 3500, 2400, 126),
(28.03009800000291, 661, 522.0, 3500, 2400, 127),
(28.06851499999175, 662, 522.0, 3500, 2400, 128),
(28.10806600000069, 663, 522.0, 3500, 2400, 129),
(28.147056000001612, 664, 522.0, 3500, 2400, 130),
(28.185559999998077, 665, 522.0, 3500, 2400, 131),
(28.22492500000226, 666, 522.0, 3500, 2400, 132),
(28.26505200000247, 667, 522.0, 3500, 2400, 133),
(28.305697999996482, 668, 522.0, 3500, 2400, 134),
(28.347618999992847, 669, 522.0, 3500, 2400, 135),
(28.396987999993144, 670, 522.0, 3500, 2400, 136),
(28.43941399999312, 671, 522.0, 3500, 2400, 137),
(28.48488200000429, 672, 522.0, 3500, 2400, 138),
(28.52958899999794, 673, 522.0, 3500, 2400, 139),
(28.573970999990706, 674, 522.0, 3500, 2400, 140),
(28.61524099999224, 675, 522.0, 3500, 2400, 141),
(28.657320999991498, 676, 522.0, 3500, 2400, 142),
(28.694896999993944, 677, 522.0, 3500, 2400, 143),
(28.732923999996274, 678, 522.0, 3500, 2400, 144),
(28.773392000002787, 679, 522.0, 3500, 2400, 145),
(28.815426999994088, 680, 522.0, 3500, 2400, 146),
(28.856346999993548, 681, 522.0, 3500, 2400, 147),
(28.900559999994584, 682, 522.0, 3500, 2400, 148),
(28.94145600000047, 683, 522.0, 3500, 2400, 149),
(28.981245999995735, 684, 522.0, 3500, 2400, 150),
(29.022580999997444, 685, 522.0, 3500, 2400, 151),
(29.06122000000323, 686, 522.0, 3500, 2400, 152),
(29.106316999997944, 687, 522.0, 3500, 2400, 113),
(29.144430000000284, 688, 522.0, 3500, 2400, 114),
(29.185260999991442, 689, 522.0, 3500, 2400, 115),
(29.225972999993246, 690, 522.0, 3500, 2400, 116),
(29.268817999996827, 691, 522.0, 3500, 2400, 117),
(29.31078400000115, 692, 522.0, 3500, 2400, 118),
(29.352115000001504, 693, 522.0, 3500, 2400, 119),
(29.392150999992737, 694, 522.0, 3500, 2400, 120),
(29.431419999993523, 695, 522.0, 3500, 2400, 121),
(29.479271999996854, 696, 522.0, 3500, 2400, 122),
(29.520911999992677, 697, 522.0, 3500, 2400, 123),
(29.560925999991014, 698, 522.0, 3500, 2400, 124),
(29.602969999992638, 699, 522.0, 3500, 2400, 125),
(29.641789999994216, 700, 522.0, 3500, 2400, 126),
(29.681945000003907, 701, 522.0, 3500, 2400, 127),
(29.721583999998984, 702, 522.0, 3500, 2400, 128),
(29.76260600000387, 703, 522.0, 3500, 2400, 129),
(29.799520999993547, 704, 522.0, 3500, 2400, 130),
(29.845369999995455, 705, 522.0, 3500, 2400, 131),
(29.88461500000267, 706, 522.0, 3500, 2400, 132),
(29.924236999999266, 707, 522.0, 3500, 2400, 133),
(29.980798000004143, 708, 522.0, 3500, 2400, 134),
(30.01605700000073, 709, 522.0, 3500, 2400, 135),
(30.05556300000171, 710, 522.0, 3500, 2400, 136),
(30.098858999990625, 711, 522.0, 3500, 2400, 137),
(30.13971999999194, 712, 522.0, 3500, 2400, 138),
(30.18033899999864, 713, 522.0, 3500, 2400, 139),
(30.218936999997823, 714, 522.0, 3500, 2400, 140),
(30.257029999993392, 715, 522.0, 3500, 2400, 141),
(30.295203000001493, 716, 522.0, 3500, 2400, 142),
(30.332333999991533, 717, 522.0, 3500, 2400, 143),
(30.37524900000426, 718, 522.0, 3500, 2400, 144),
(30.415032999997493, 719, 522.0, 3500, 2400, 145),
(30.453547999990406, 720, 522.0, 3500, 2400, 146),
(30.489904000001843, 721, 522.0, 3500, 2400, 147),
(30.527814000000944, 722, 522.0, 3500, 2400, 148),
(30.568121000003885, 723, 522.0, 3500, 2400, 149),
(30.609075999993365, 724, 522.0, 3500, 2400, 150),
(30.649259999991045, 725, 522.0, 3500, 2400, 151),
(30.688509999992675, 726, 522.0, 3500, 2400, 152),
(30.73204099999566, 727, 522.0, 3500, 2600, 112),
(30.77154899999732, 728, 522.0, 3500, 2600, 113),
(30.81103699999221, 729, 522.0, 3500, 2600, 114),
(30.850823000000673, 730, 522.0, 3500, 2600, 115),
(30.89743699999235, 731, 522.0, 3500, 2600, 116),
(30.94555799999216, 732, 522.0, 3500, 2600, 117),
(30.999490999995032, 733, 522.0, 3500, 2600, 118),
(31.048318000001018, 734, 522.0, 3500, 2600, 119),
(31.088277999995626, 735, 522.0, 3500, 2600, 120),
(31.127303999994183, 736, 522.0, 3500, 2600, 121),
(31.172382999997353, 737, 522.0, 3500, 2600, 122),
(31.21807099999569, 738, 522.0, 3500, 2600, 123),
(31.259368999992148, 739, 522.0, 3500, 2600, 124),
(31.30186500000127, 740, 522.0, 3500, 2600, 125),
(31.347074999997858, 741, 522.0, 3500, 2600, 126),
(31.40314500000386, 742, 522.0, 3500, 2600, 127),
(31.43963700000313, 743, 522.0, 3500, 2600, 128),
(31.480171000002883, 744, 522.0, 3500, 2600, 129),
(31.518458999998984, 745, 522.0, 3500, 2600, 130),
(31.557262999995146, 746, 522.0, 3500, 2600, 131),
(31.59356900000421, 747, 522.0, 3500, 2600, 132),
(31.64654000000155, 748, 522.0, 3500, 2600, 133),
(31.686046999995597, 749, 522.0, 3500, 2600, 134),
(31.726853999993182, 750, 522.0, 3500, 2600, 135),
(31.771915999997873, 751, 522.0, 3500, 2600, 136),
(31.812407000004896, 752, 522.0, 3500, 2600, 137),
(31.855968000003486, 753, 522.0, 3500, 2600, 138),
(31.899829999994836, 754, 522.0, 3500, 2600, 139),
(31.9551300000021, 755, 522.0, 3500, 2600, 140),
(31.9978689999989, 756, 522.0, 3500, 2600, 141),
(32.03642999999283, 757, 522.0, 3500, 2600, 142),
(32.07623999999487, 758, 522.0, 3500, 2600, 143),
(32.12079000000085, 759, 522.0, 3500, 2600, 144),
(32.16454499999236, 760, 522.0, 3500, 2600, 145),
(32.20901500000036, 761, 522.0, 3500, 2600, 146),
(32.263254999998026, 762, 522.0, 3500, 2600, 147),
(32.30264599999646, 763, 522.0, 3500, 2600, 148),
(32.339303000000655, 764, 522.0, 3500, 2600, 149),
(32.38065799999458, 765, 522.0, 3500, 2600, 150),
(32.424903999999515, 766, 522.0, 3500, 2600, 151),
(32.467336000001524, 767, 522.0, 3500, 2600, 152),
(32.50967499999388, 768, 522.0, 3500, 2600, 113),
(32.553369999994175, 769, 522.0, 3500, 2600, 114),
(32.592233000003034, 770, 522.0, 3500, 2600, 115),
(32.635081000000355, 771, 522.0, 3500, 2600, 116),
(32.67856299999403, 772, 522.0, 3500, 2600, 117),
(32.729515999992145, 773, 522.0, 3500, 2600, 118),
(32.766955999992206, 774, 522.0, 3500, 2600, 119),
(32.809462000004714, 775, 522.0, 3500, 2600, 120),
(32.84695300000021, 776, 522.0, 3500, 2600, 121),
(32.89458100000047, 777, 522.0, 3500, 2600, 122),
(32.934393999996246, 778, 522.0, 3500, 2600, 123),
(32.97329900000477, 779, 522.0, 3500, 2600, 124),
(33.01279799999611, 780, 522.0, 3500, 2600, 125),
(33.05230399999709, 781, 522.0, 3500, 2600, 126),
(33.09020199999213, 782, 522.0, 3500, 2600, 127),
(33.129727999999886, 783, 522.0, 3500, 2600, 128),
(33.177177999998094, 784, 522.0, 3500, 2600, 129),
(33.219782999993186, 785, 522.0, 3500, 2600, 130),
(33.26442500000121, 786, 522.0, 3500, 2600, 131),
(33.30133699999715, 787, 522.0, 3500, 2600, 132),
(33.34626700000081, 788, 522.0, 3500, 2600, 133),
(33.38472999999067, 789, 522.0, 3500, 2600, 134),
(33.421738999997615, 790, 522.0, 3500, 2600, 135),
(33.46488899999531, 791, 522.0, 3500, 2600, 136),
(33.5050590000028, 792, 522.0, 3500, 2600, 137),
(33.55344799999148, 793, 522.0, 3500, 2600, 138),
(33.598417000001064, 794, 522.0, 3500, 2600, 139),
(33.65119200000481, 795, 522.0, 3500, 2600, 140),
(33.695567000002484, 796, 522.0, 3500, 2600, 141),
(33.75463799999852, 797, 522.0, 3500, 2600, 142),
(33.79465799999889, 798, 522.0, 3500, 2600, 143),
(33.83127300000342, 799, 522.0, 3500, 2600, 144),
(33.87116799999785, 800, 522.0, 3500, 2600, 145),
(33.920495999991545, 801, 522.0, 3500, 2600, 146),
(33.969905999998446, 802, 522.0, 3500, 2600, 147),
(34.03250099999423, 803, 522.0, 3500, 2600, 148),
(34.09133599999768, 804, 522.0, 3500, 2600, 149),
(34.13126500000362, 805, 522.0, 3500, 2600, 150),
(34.19313400000101, 806, 522.0, 3500, 2600, 151),
(34.230807999992976, 807, 522.0, 3500, 2600, 152),
(34.27316100000462, 808, 522.0, 3500, 2600, 113),
(34.318482000002405, 809, 522.0, 3500, 2600, 114),
(34.35648499999661, 810, 522.0, 3500, 2600, 115),
(34.40041499999643, 811, 522.0, 3500, 2600, 116),
(34.45101799999247, 812, 522.0, 3500, 2600, 117),
(34.4988139999914, 813, 522.0, 3500, 2600, 118),
(34.54089699999895, 814, 522.0, 3500, 2600, 119),
(34.58349499999895, 815, 522.0, 3500, 2600, 120),
(34.62318199999572, 816, 522.0, 3500, 2600, 121),
(34.661078000004636, 817, 522.0, 3500, 2600, 122),
(34.70407300000079, 818, 522.0, 3500, 2600, 123),
(34.759722999995574, 819, 522.0, 3500, 2600, 124),
(34.81378399999812, 820, 522.0, 3500, 2600, 125),
(34.85830999999598, 821, 522.0, 3500, 2600, 126),
(34.90281899999536, 822, 522.0, 3500, 2600, 127),
(34.94756499999494, 823, 522.0, 3500, 2600, 128),
(34.99812000000384, 824, 522.0, 3500, 2600, 129),
(35.04906399999163, 825, 522.0, 3500, 2600, 130),
(35.10056700000132, 826, 522.0, 3500, 2600, 131),
(35.142058999990695, 827, 522.0, 3500, 2600, 132),
(35.191892000002554, 828, 522.0, 3500, 2600, 133),
(35.235172999993665, 829, 522.0, 3500, 2600, 134),
(35.276109999991604, 830, 522.0, 3500, 2600, 135),
(35.32684700000391, 831, 522.0, 3500, 2600, 136),
(35.36653600000136, 832, 522.0, 3500, 2600, 137),
(35.412152000004426, 833, 522.0, 3500, 2600, 138),
(35.453819999995176, 834, 522.0, 3500, 2600, 139),
(35.49518800000078, 835, 522.0, 3500, 2600, 140),
(35.54055099999823, 836, 522.0, 3500, 2600, 141),
(35.58437199999753, 837, 522.0, 3500, 2600, 142),
(35.63155199999164, 838, 522.0, 3500, 2600, 143),
(35.67943099999684, 839, 522.0, 3500, 2600, 144),
(35.73132399999304, 840, 522.0, 3500, 2600, 145),
(35.78002199999173, 841, 522.0, 3500, 2600, 146),
(35.82603999999992, 842, 522.0, 3500, 2600, 147),
(35.87500800000271, 843, 522.0, 3500, 2600, 148),
(35.928438999995706, 844, 522.0, 3500, 2600, 149),
(35.96814599999925, 845, 522.0, 3500, 2600, 150),
(36.023197000002256, 846, 522.0, 3500, 2600, 151),
(36.06684499999392, 847, 522.0, 3500, 2600, 152),
(36.10576599999331, 848, 522.0, 3500, 2800, 112),
(36.14944100000139, 849, 522.0, 3500, 2800, 113),
(36.193994999994175, 850, 522.0, 3500, 2800, 114),
(36.236894000001485, 851, 522.0, 3500, 2800, 115),
(36.27833400000236, 852, 522.0, 3500, 2800, 116),
(36.33503000000201, 853, 522.0, 3500, 2800, 117),
(36.37544400000479, 854, 522.0, 3500, 2800, 118),
(36.413119999997434, 855, 522.0, 3500, 2800, 119),
(36.44972200000484, 856, 522.0, 3500, 2800, 120),
(36.4906939999928, 857, 522.0, 3500, 2800, 121),
(36.533729000002495, 858, 522.0, 3500, 2800, 122),
(36.579312000001664, 859, 522.0, 3500, 2800, 123),
(36.620257999995374, 860, 522.0, 3500, 2800, 124),
(36.65854499999841, 861, 522.0, 3500, 2800, 125),
(36.705111000002944, 862, 522.0, 3500, 2800, 126),
(36.76548200000252, 863, 522.0, 3500, 2800, 127),
(36.81457600000431, 864, 522.0, 3500, 2800, 128),
(36.85876799999096, 865, 522.0, 3500, 2800, 129),
(36.90387500000361, 866, 522.0, 3500, 2800, 130),
(36.940734999996494, 867, 522.0, 3500, 2800, 131),
(36.981658000004245, 868, 522.0, 3500, 2800, 132),
(37.02915899999789, 869, 522.0, 3500, 2800, 133),
(37.067777000003844, 870, 522.0, 3500, 2800, 134),
(37.10749399999622, 871, 522.0, 3500, 2800, 135),
(37.16653499999666, 872, 522.0, 3500, 2800, 136),
(37.20736699999543, 873, 522.0, 3500, 2800, 137),
(37.246924999999464, 874, 522.0, 3500, 2800, 138),
(37.28851099999156, 875, 522.0, 3500, 2800, 139),
(37.33115499999258, 876, 522.0, 3500, 2800, 140),
(37.37824599999294, 877, 522.0, 3500, 2800, 141),
(37.41838099999586, 878, 522.0, 3500, 2800, 142),
(37.45932700000412, 879, 522.0, 3500, 2800, 143),
(37.508946999994805, 880, 522.0, 3500, 2800, 144),
(37.547420999995666, 881, 522.0, 3500, 2800, 145),
(37.588684999995166, 882, 522.0, 3500, 2800, 146),
(37.630460999993375, 883, 522.0, 3500, 2800, 147),
(37.67718299999251, 884, 522.0, 3500, 2800, 148),
(37.716975000003, 885, 522.0, 3500, 2800, 149),
(37.76111999999557, 886, 522.0, 3500, 2800, 150),
(37.79945599999337, 887, 522.0, 3500, 2800, 151),
(37.857061999995494, 888, 522.0, 3500, 2800, 152),
(37.89800600000308, 889, 522.0, 3500, 2800, 113),
(37.93819099999382, 890, 522.0, 3500, 2800, 114),
(37.97817999999097, 891, 522.0, 3500, 2800, 115),
(38.01606399999582, 892, 522.0, 3500, 2800, 116),
(38.05746499999077, 893, 522.0, 3500, 2800, 117),
(38.09927500000049, 894, 522.0, 3500, 2800, 118),
(38.14226100000087, 895, 522.0, 3500, 2800, 119),
(38.182608999995864, 896, 522.0, 3500, 2800, 120),
(38.22456400000374, 897, 522.0, 3500, 2800, 121),
(38.2708469999925, 898, 522.0, 3500, 2800, 122),
(38.319980000000214, 899, 522.0, 3500, 2800, 123),
(38.36401299999852, 900, 522.0, 3500, 2800, 124),
(38.405398000002606, 901, 522.0, 3500, 2800, 125),
(38.44769099999394, 902, 522.0, 3500, 2800, 126),
(38.488891000000876, 903, 522.0, 3500, 2800, 127),
(38.53736299999582, 904, 522.0, 3500, 2800, 128),
(38.57890199999383, 905, 522.0, 3500, 2800, 129),
(38.61908299999777, 906, 522.0, 3500, 2800, 130),
(38.66606400000455, 907, 522.0, 3500, 2800, 131),
(38.707760999997845, 908, 522.0, 3500, 2800, 132),
(38.74884600000223, 909, 522.0, 3500, 2800, 133),
(38.79345599999942, 910, 522.0, 3500, 2800, 134),
(38.841566000002786, 911, 522.0, 3500, 2800, 135),
(38.889045000003534, 912, 522.0, 3500, 2800, 136),
(38.934825999996974, 913, 522.0, 3500, 2800, 137),
(38.98138800000015, 914, 522.0, 3500, 2800, 138),
(39.02919299999485, 915, 522.0, 3500, 2800, 139),
(39.07849400000123, 916, 522.0, 3500, 2800, 140),
(39.1192849999934, 917, 522.0, 3500, 2800, 141),
(39.162369999990915, 918, 522.0, 3500, 2800, 142),
(39.21850299999642, 919, 522.0, 3500, 2800, 143),
(39.275288000004366, 920, 522.0, 3500, 2800, 144),
(39.32000700000208, 921, 522.0, 3500, 2800, 145),
(39.365471999990405, 922, 522.0, 3500, 2800, 146),
(39.409679999997024, 923, 522.0, 3500, 2800, 147),
(39.447786999997334, 924, 522.0, 3500, 2800, 148),
(39.48926499999652, 925, 522.0, 3500, 2800, 149),
(39.53647099999944, 926, 522.0, 3500, 2800, 150),
(39.577447999996366, 927, 522.0, 3500, 2800, 151),
(39.61658800000441, 928, 522.0, 3500, 2800, 152),
(39.657540000000154, 929, 522.0, 3500, 2800, 113),
(39.69761699999799, 930, 522.0, 3500, 2800, 114),
(39.73992999999609, 931, 522.0, 3500, 2800, 115),
(39.77758300000278, 932, 522.0, 3500, 2800, 116),
(39.82078599999659, 933, 522.0, 3500, 2800, 117),
(39.86037799999758, 934, 522.0, 3500, 2800, 118),
(39.90611499999068, 935, 522.0, 3500, 2800, 119),
(39.945198000001255, 936, 522.0, 3500, 2800, 120),
(39.981889999995474, 937, 522.0, 3500, 2800, 121),
(40.02313200000208, 938, 522.0, 3500, 2800, 122),
(40.06674799999746, 939, 522.0, 3500, 2800, 123),
(40.11115699999209, 940, 522.0, 3500, 2800, 124),
(40.160659999994095, 941, 522.0, 3500, 2800, 125),
(40.2034399999975, 942, 522.0, 3500, 2800, 126),
(40.24449399999867, 943, 522.0, 3500, 2800, 127),
(40.28578900000139, 944, 522.0, 3500, 2800, 128),
(40.33268199999293, 945, 522.0, 3500, 2800, 129),
(40.3764530000044, 946, 522.0, 3500, 2800, 130),
(40.42137300000468, 947, 522.0, 3500, 2800, 131),
(40.46049899999343, 948, 522.0, 3500, 2800, 132),
(40.502252999998746, 949, 522.0, 3500, 2800, 133),
(40.54348999999638, 950, 522.0, 3500, 2800, 134),
(40.58543799999461, 951, 522.0, 3500, 2800, 135),
(40.627896999998484, 952, 522.0, 3500, 2800, 136),
(40.67241899999499, 953, 522.0, 3500, 2800, 137),
(40.71678400000383, 954, 522.0, 3500, 2800, 138),
(40.7622560000018, 955, 522.0, 3500, 2800, 139),
(40.805337999991025, 956, 522.0, 3500, 2800, 140),
(40.84605799999554, 957, 522.0, 3500, 2800, 141),
(40.888567000001785, 958, 522.0, 3500, 2800, 142),
(40.93090099999972, 959, 522.0, 3500, 2800, 143),
(40.97385799999756, 960, 522.0, 3500, 2800, 144),
(41.034809000004316, 961, 522.0, 3500, 2800, 145),
(41.075964000003296, 962, 522.0, 3500, 2800, 146),
(41.114354999997886, 963, 522.0, 3500, 2800, 147),
(41.161358999990625, 964, 522.0, 3500, 2800, 148),
(41.20710299999337, 965, 522.0, 3500, 2800, 149),
(41.25083099999756, 966, 522.0, 3500, 2800, 150),
(41.29789200000232, 967, 522.0, 3500, 2800, 151),
(41.34554799999751, 968, 522.0, 3500, 2800, 152),
(41.38759199999913, 969, 522.0, 3500, 3000, 112),
(41.442118999999366, 970, 522.0, 3500, 3000, 113),
(41.48295700000017, 971, 522.0, 3500, 3000, 114),
(41.52530399999523, 972, 522.0, 3500, 3000, 115),
(41.5734850000008, 973, 522.0, 3500, 3000, 116),
(41.620764999999665, 974, 522.0, 3500, 3000, 117),
(41.66355699999258, 975, 522.0, 3500, 3000, 118),
(41.70137500000419, 976, 522.0, 3500, 3000, 119),
(41.739640999992844, 977, 522.0, 3500, 3000, 120),
(41.78000899999461, 978, 522.0, 3500, 3000, 121),
(41.8198160000029, 979, 522.0, 3500, 3000, 122),
(41.85918400000082, 980, 522.0, 3500, 3000, 123),
(41.903575999996974, 981, 522.0, 3500, 3000, 124),
(41.94757999999274, 982, 522.0, 3500, 3000, 125),
(41.98685600000317, 983, 522.0, 3500, 3000, 126),
(42.02719500000239, 984, 522.0, 3500, 3000, 127),
(42.065010999998776, 985, 522.0, 3500, 3000, 128),
(42.10745100000349, 986, 522.0, 3500, 3000, 129),
(42.15025999999489, 987, 522.0, 3500, 3000, 130),
(42.199517000000924, 988, 522.0, 3500, 3000, 131),
(42.23725700000068, 989, 522.0, 3500, 3000, 132),
(42.276670999999624, 990, 522.0, 3500, 3000, 133),
(42.3177069999947, 991, 522.0, 3500, 3000, 134),
(42.357500999991316, 992, 522.0, 3500, 3000, 135),
(42.40240900000208, 993, 522.0, 3500, 3000, 136),
(42.45066699999734, 994, 522.0, 3500, 3000, 137),
(42.4929359999951, 995, 522.0, 3500, 3000, 138),
(42.5325840000005, 996, 522.0, 3500, 3000, 139),
(42.57193299999926, 997, 522.0, 3500, 3000, 140),
(42.61870199999248, 998, 522.0, 3500, 3000, 141),
(42.65764299999864, 999, 522.0, 3500, 3000, 142),
(42.70927799999481, 1000, 522.0, 3500, 3000, 143),
(42.755474999998114, 1001, 522.0, 3500, 3000, 144),
(42.79912100000365, 1002, 522.0, 3500, 3000, 145),
(42.84446599999501, 1003, 522.0, 3500, 3000, 146),
(42.884000999998534, 1004, 522.0, 3500, 3000, 147),
(42.92470699999831, 1005, 522.0, 3500, 3000, 148),
(42.96543699999165, 1006, 522.0, 3500, 3000, 149),
(43.00744499999564, 1007, 522.0, 3500, 3000, 150),
(43.048096999991685, 1008, 522.0, 3500, 3000, 151),
(43.09100299999409, 1009, 522.0, 3500, 3000, 152),
(43.13237399999343, 1010, 522.0, 3500, 3000, 113),
(43.17618799999764, 1011, 522.0, 3500, 3000, 114),
(43.247927999997046, 1012, 522.0, 3500, 3000, 115),
(43.30298700000276, 1013, 522.0, 3500, 3000, 116),
(43.3396769999963, 1014, 522.0, 3500, 3000, 117),
(43.37751199999184, 1015, 522.0, 3500, 3000, 118),
(43.42269999999553, 1016, 522.0, 3500, 3000, 119),
(43.47488900000462, 1017, 522.0, 3500, 3000, 120),
(43.52728300000308, 1018, 522.0, 3500, 3000, 121),
(43.57540400000289, 1019, 522.0, 3500, 3000, 122),
(43.62146799999755, 1020, 522.0, 3500, 3000, 123),
(43.66943700000411, 1021, 522.0, 3500, 3000, 124),
(43.70670199999586, 1022, 522.0, 3500, 3000, 125),
(43.743203999998514, 1023, 522.0, 3500, 3000, 126),
(43.78663000000233, 1024, 522.0, 3500, 3000, 127),
(43.842298999996274, 1025, 522.0, 3500, 3000, 128),
(43.89649899999495, 1026, 522.0, 3500, 3000, 129),
(43.944774000003235, 1027, 522.0, 3500, 3000, 130),
(43.986991999991005, 1028, 522.0, 3500, 3000, 131),
(44.026381999996374, 1029, 522.0, 3500, 3000, 132),
(44.069372999991174, 1030, 522.0, 3500, 3000, 133),
(44.11445999999705, 1031, 522.0, 3500, 3000, 134),
(44.159184000003734, 1032, 522.0, 3500, 3000, 135),
(44.20345200000156, 1033, 522.0, 3500, 3000, 136),
(44.25300399999833, 1034, 522.0, 3500, 3000, 137),
(44.29602900000464, 1035, 522.0, 3500, 3000, 138),
(44.3473709999962, 1036, 522.0, 3500, 3000, 139),
(44.39491000000271, 1037, 522.0, 3500, 3000, 140),
(44.43560699999216, 1038, 522.0, 3500, 3000, 141),
(44.47693099999742, 1039, 522.0, 3500, 3000, 142),
(44.53417499999341, 1040, 522.0, 3500, 3000, 143),
(44.57438999999431, 1041, 522.0, 3500, 3000, 144),
(44.617576999997254, 1042, 522.0, 3500, 3000, 145),
(44.66129399999045, 1043, 522.0, 3500, 3000, 146),
(44.704509999995935, 1044, 522.0, 3500, 3000, 147),
(44.74501299999247, 1045, 522.0, 3500, 3000, 148),
(44.786810999998124, 1046, 522.0, 3500, 3000, 149),
(44.82860300000175, 1047, 522.0, 3500, 3000, 150),
(44.86937499999476, 1048, 522.0, 3500, 3000, 151),
(44.91124800000398, 1049, 522.0, 3500, 3000, 152),
(44.95320799999172, 1050, 522.0, 3500, 3000, 113),
(44.996765000003506, 1051, 522.0, 3500, 3000, 114),
(45.039669999998296, 1052, 522.0, 3500, 3000, 115),
(45.08137099999294, 1053, 522.0, 3500, 3000, 116),
(45.12119999999413, 1054, 522.0, 3500, 3000, 117),
(45.17988300000434, 1055, 522.0, 3500, 3000, 118),
(45.22958699999435, 1056, 522.0, 3500, 3000, 119),
(45.26964099999168, 1057, 522.0, 3500, 3000, 120),
(45.30705999999191, 1058, 522.0, 3500, 3000, 121),
(45.34501299999829, 1059, 522.0, 3500, 3000, 122),
(45.38581399999384, 1060, 522.0, 3500, 3000, 123),
(45.42354200000409, 1061, 522.0, 3500, 3000, 124),
(45.46558999999252, 1062, 522.0, 3500, 3000, 125),
(45.51686200000404, 1063, 522.0, 3500, 3000, 126),
(45.56336499999452, 1064, 522.0, 3500, 3000, 127),
(45.603226999999606, 1065, 522.0, 3500, 3000, 128),
(45.64225999999326, 1066, 522.0, 3500, 3000, 129),
(45.68136099999538, 1067, 522.0, 3500, 3000, 130),
(45.72283099999186, 1068, 522.0, 3500, 3000, 131),
(45.76413300000422, 1069, 522.0, 3500, 3000, 132),
(45.80403299999307, 1070, 522.0, 3500, 3000, 133),
(45.844639000002644, 1071, 522.0, 3500, 3000, 134),
(45.885691000003135, 1072, 522.0, 3500, 3000, 135),
(45.928000999992946, 1073, 522.0, 3500, 3000, 136),
(45.96762399999716, 1074, 522.0, 3500, 3000, 137),
(46.00706099999661, 1075, 522.0, 3500, 3000, 138),
(46.04656600000453, 1076, 522.0, 3500, 3000, 139),
(46.083056000003126, 1077, 522.0, 3500, 3000, 140),
(46.12304999999469, 1078, 522.0, 3500, 3000, 141),
(46.16593200000352, 1079, 522.0, 3500, 3000, 142),
(46.21491799999785, 1080, 522.0, 3500, 3000, 143),
(46.26168899999175, 1081, 522.0, 3500, 3000, 144),
(46.30602599999111, 1082, 522.0, 3500, 3000, 145),
(46.34515399999509, 1083, 522.0, 3500, 3000, 146),
(46.38419499999145, 1084, 522.0, 3500, 3000, 147),
(46.423108000002685, 1085, 522.0, 3500, 3000, 148),
(46.462891000002855, 1086, 522.0, 3500, 3000, 149),
(46.503444000001764, 1087, 522.0, 3500, 3000, 150),
(46.54205200000433, 1088, 522.0, 3500, 3000, 151),
(46.58038499999384, 1089, 522.0, 3500, 3000, 152),
(46.620695999998134, 1090, 522.0, 3500, 3200, 112),
(46.66157100000419, 1091, 522.0, 3500, 3200, 113),
(46.70171500000288, 1092, 522.0, 3500, 3200, 114),
(46.740042000004905, 1093, 522.0, 3500, 3200, 115),
(46.78610800000024, 1094, 522.0, 3500, 3200, 116),
(46.82636999999522, 1095, 522.0, 3500, 3200, 117),
(46.868894999992335, 1096, 522.0, 3500, 3200, 118),
(46.91017200000351, 1097, 522.0, 3500, 3200, 119),
(46.95263899999554, 1098, 522.0, 3500, 3200, 120),
(46.99256699999387, 1099, 522.0, 3500, 3200, 121),
(47.03371000000334, 1100, 522.0, 3500, 3200, 122),
(47.07243299999391, 1101, 522.0, 3500, 3200, 123),
(47.11350500000117, 1102, 522.0, 3500, 3200, 124),
(47.15283599999384, 1103, 522.0, 3500, 3200, 125),
(47.196704999994836, 1104, 522.0, 3500, 3200, 126),
(47.23720000000321, 1105, 522.0, 3500, 3200, 127),
(47.2962189999962, 1106, 522.0, 3500, 3200, 128),
(47.33983100000478, 1107, 522.0, 3500, 3200, 129),
(47.39541399999871, 1108, 522.0, 3500, 3200, 130),
(47.44115800000145, 1109, 522.0, 3500, 3200, 131),
(47.48915199999465, 1110, 522.0, 3500, 3200, 132),
(47.53450999999768, 1111, 522.0, 3500, 3200, 133),
(47.574416999996174, 1112, 522.0, 3500, 3200, 134),
(47.6122880000039, 1113, 522.0, 3500, 3200, 135),
(47.65079699999478, 1114, 522.0, 3500, 3200, 136),
(47.691777999993064, 1115, 522.0, 3500, 3200, 137),
(47.73580799999763, 1116, 522.0, 3500, 3200, 138),
(47.77565699999104, 1117, 522.0, 3500, 3200, 139),
(47.81934299999557, 1118, 522.0, 3500, 3200, 140),
(47.859010000000126, 1119, 522.0, 3500, 3200, 141),
(47.90045899999677, 1120, 522.0, 3500, 3200, 142),
(47.94281900000351, 1121, 522.0, 3500, 3200, 143),
(47.98079499999585, 1122, 522.0, 3500, 3200, 144),
(48.023417000003974, 1123, 522.0, 3500, 3200, 145),
(48.0675479999918, 1124, 522.0, 3500, 3200, 146),
(48.109729000003426, 1125, 522.0, 3500, 3200, 147),
(48.157930000001215, 1126, 522.0, 3500, 3200, 148),
(48.201044000001275, 1127, 522.0, 3500, 3200, 149),
(48.24163699999917, 1128, 522.0, 3500, 3200, 150),
(48.28036699999939, 1129, 522.0, 3500, 3200, 151),
(48.32204899999488, 1130, 522.0, 3500, 3200, 152),
(48.369800000000396, 1131, 522.0, 3500, 3200, 113),
(48.412937000000966, 1132, 522.0, 3500, 3200, 114),
(48.45301599999948, 1133, 522.0, 3500, 3200, 115),
(48.499039000002085, 1134, 522.0, 3500, 3200, 116),
(48.53909900000144, 1135, 522.0, 3500, 3200, 117),
(48.59051700000418, 1136, 522.0, 3500, 3200, 118),
(48.62965099999565, 1137, 522.0, 3500, 3200, 119),
(48.67722599999979, 1138, 522.0, 3500, 3200, 120),
(48.72737500000221, 1139, 522.0, 3500, 3200, 121),
(48.774466000002576, 1140, 522.0, 3500, 3200, 122),
(48.82292599999346, 1141, 522.0, 3500, 3200, 123),
(48.86764499999117, 1142, 522.0, 3500, 3200, 124),
(48.908024000003934, 1143, 522.0, 3500, 3200, 125),
(48.95780899999954, 1144, 522.0, 3500, 3200, 126),
(48.99876899999799, 1145, 522.0, 3500, 3200, 127),
(49.041622999997344, 1146, 522.0, 3500, 3200, 128),
(49.087956999996095, 1147, 522.0, 3500, 3200, 129),
(49.13033400000131, 1148, 522.0, 3500, 3200, 130),
(49.17920499999309, 1149, 522.0, 3500, 3200, 131),
(49.228000000002794, 1150, 522.0, 3500, 3200, 132),
(49.27316399999836, 1151, 522.0, 3500, 3200, 133),
(49.31510599999456, 1152, 522.0, 3500, 3200, 134),
(49.35864399999264, 1153, 522.0, 3500, 3200, 135),
(49.39681599999312, 1154, 522.0, 3500, 3200, 136),
(49.44540199999756, 1155, 522.0, 3500, 3200, 137),
(49.48774699999194, 1156, 522.0, 3500, 3200, 138),
(49.53350799999316, 1157, 522.0, 3500, 3200, 139),
(49.58179699999164, 1158, 522.0, 3500, 3200, 140),
(49.626802999991924, 1159, 522.0, 3500, 3200, 141),
(49.67670799999905, 1160, 522.0, 3500, 3200, 142),
(49.721907999992254, 1161, 522.0, 3500, 3200, 143),
(49.7624119999964, 1162, 522.0, 3500, 3200, 144),
(49.80268700000306, 1163, 522.0, 3500, 3200, 145),
(49.84321500000078, 1164, 522.0, 3500, 3200, 146),
(49.88704400000279, 1165, 522.0, 3500, 3200, 147),
(49.93093400000362, 1166, 522.0, 3500, 3200, 148),
(49.96996499999659, 1167, 522.0, 3500, 3200, 149),
(50.00730599999952, 1168, 522.0, 3500, 3200, 150),
(50.045031999994535, 1169, 522.0, 3500, 3200, 151),
(50.086091999997734, 1170, 522.0, 3500, 3200, 152),
(50.126848999992944, 1171, 522.0, 3500, 3200, 113),
(50.1657969999942, 1172, 522.0, 3500, 3200, 114),
(50.20819299999857, 1173, 522.0, 3500, 3200, 115),
(50.24904700000479, 1174, 522.0, 3500, 3200, 116),
(50.29012199999124, 1175, 522.0, 3500, 3200, 117),
(50.32841200000257, 1176, 522.0, 3500, 3200, 118),
(50.36618899999303, 1177, 522.0, 3500, 3200, 119),
(50.4035889999941, 1178, 522.0, 3500, 3200, 120),
(50.44178700000339, 1179, 522.0, 3500, 3200, 121),
(50.48245799999859, 1180, 522.0, 3500, 3200, 122),
(50.52579099999275, 1181, 522.0, 3500, 3200, 123),
(50.56217699999979, 1182, 522.0, 3500, 3200, 124),
(50.61032100000011, 1183, 522.0, 3500, 3200, 125),
(50.646435000002384, 1184, 522.0, 3500, 3200, 126),
(50.68481399999291, 1185, 522.0, 3500, 3200, 127),
(50.728432999996585, 1186, 522.0, 3500, 3200, 128),
(50.76578600000357, 1187, 522.0, 3500, 3200, 129),
(50.805351999995764, 1188, 522.0, 3500, 3200, 130),
(50.846959999995306, 1189, 522.0, 3500, 3200, 131),
(50.88721699999587, 1190, 522.0, 3500, 3200, 132),
(50.92682100000093, 1191, 522.0, 3500, 3200, 133),
(50.97191799999564, 1192, 522.0, 3500, 3200, 134),
(51.01433599999291, 1193, 522.0, 3500, 3200, 135),
(51.057279999993625, 1194, 522.0, 3500, 3200, 136),
(51.09507999999914, 1195, 522.0, 3500, 3200, 137),
(51.13800900000206, 1196, 522.0, 3500, 3200, 138),
(51.18127200000163, 1197, 522.0, 3500, 3200, 139),
(51.21960699999181, 1198, 522.0, 3500, 3200, 140),
(51.255143000002136, 1199, 522.0, 3500, 3200, 141),
(51.29224700000486, 1200, 522.0, 3500, 3200, 142),
(51.332643999994616, 1201, 522.0, 3500, 3200, 143),
(51.37558799999533, 1202, 522.0, 3500, 3200, 144),
(51.41791899999953, 1203, 522.0, 3500, 3200, 145),
(51.46383399999468, 1204, 522.0, 3500, 3200, 146),
(51.51818299999286, 1205, 522.0, 3500, 3200, 147),
(51.55905499999062, 1206, 522.0, 3500, 3200, 148),
(51.60947799999849, 1207, 522.0, 3500, 3200, 149),
(51.65862499999639, 1208, 522.0, 3500, 3200, 150),
(51.70925699999498, 1209, 522.0, 3500, 3200, 151),
(51.7671299999929, 1210, 522.0, 3500, 3200, 152),
(51.80898299999535, 1211, 522.0, 3500, 2100, 112),
(51.858859999993, 1212, 522.0, 3500, 2100, 113),
(51.89828399999533, 1213, 522.0, 3500, 2100, 114),
(51.935129999998026, 1214, 522.0, 3500, 2100, 115),
(51.97679299999436, 1215, 522.0, 3500, 2100, 116),
(52.03185400000075, 1216, 522.0, 3500, 2100, 117),
(52.07373899999948, 1217, 522.0, 3500, 2100, 118),
(52.12344999999914, 1218, 522.0, 3500, 2100, 119),
(52.16204399999697, 1219, 522.0, 3500, 2100, 120),
(52.21054699999513, 1220, 522.0, 3500, 2100, 121),
(52.25936300000467, 1221, 522.0, 3500, 2100, 122),
(52.30336399999214, 1222, 522.0, 3500, 2100, 123),
(52.358385999992606, 1223, 522.0, 3500, 2100, 124),
(52.40532599999278, 1224, 522.0, 3500, 2100, 125),
(52.45008799999778, 1225, 522.0, 3500, 2100, 126),
(52.49699299999338, 1226, 522.0, 3500, 2100, 127),
(52.54317399999127, 1227, 522.0, 3500, 2100, 128),
(52.583943999998155, 1228, 522.0, 3500, 2100, 129),
(52.63089000000036, 1229, 522.0, 3500, 2100, 130),
(52.679592999993474, 1230, 522.0, 3500, 2100, 131),
(52.72188099999039, 1231, 522.0, 3500, 2100, 132),
(52.77942500000063, 1232, 522.0, 3500, 2100, 133),
(52.82400100000086, 1233, 522.0, 3500, 2100, 134),
(52.86547699999937, 1234, 522.0, 3500, 2100, 135),
(52.908133000004455, 1235, 522.0, 3500, 2100, 136),
(52.954461000001174, 1236, 522.0, 3500, 2100, 137),
(53.00031899999885, 1237, 522.0, 3500, 2100, 138),
(53.039288999993005, 1238, 522.0, 3500, 2100, 139),
(53.08102099999087, 1239, 522.0, 3500, 2100, 140),
(53.121990999992704, 1240, 522.0, 3500, 2100, 141),
(53.16349799999443, 1241, 522.0, 3500, 2100, 142),
(53.21575699999812, 1242, 522.0, 3500, 2100, 143),
(53.256368999995175, 1243, 522.0, 3500, 2100, 144),
(53.2983499999973, 1244, 522.0, 3500, 2100, 145),
(53.3391580000025, 1245, 522.0, 3500, 2100, 146),
(53.38866899999266, 1246, 522.0, 3500, 2100, 147),
(53.43624300000374, 1247, 522.0, 3500, 2100, 148),
(53.484192999996594, 1248, 522.0, 3500, 2100, 149),
(53.52902499999618, 1249, 522.0, 3500, 2100, 150),
(53.571197999990545, 1250, 522.0, 3500, 2100, 151),
(53.62002999999095, 1251, 522.0, 3500, 2100, 152),
(53.667751999993925, 1252, 522.0, 3500, 2100, 113),
(53.715268999992986, 1253, 522.0, 3500, 2100, 114),
(53.76217400000314, 1254, 522.0, 3500, 2100, 115),
(53.80823599999712, 1255, 522.0, 3500, 2100, 116),
(53.84876300000178, 1256, 522.0, 3500, 2100, 117),
(53.89570300000196, 1257, 522.0, 3500, 2100, 118),
(53.94840999999724, 1258, 522.0, 3500, 2100, 119),
(53.9936219999945, 1259, 522.0, 3500, 2100, 120),
(54.03379400000267, 1260, 522.0, 3500, 2100, 121),
(54.07065700000385, 1261, 522.0, 3500, 2100, 122),
(54.11725199999637, 1262, 522.0, 3500, 2100, 123),
(54.15625600000203, 1263, 522.0, 3500, 2100, 124),
(54.200364999996964, 1264, 522.0, 3500, 2100, 125),
(54.243241999996826, 1265, 522.0, 3500, 2100, 126),
(54.28901599999517, 1266, 522.0, 3500, 2100, 127),
(54.33438899999601, 1267, 522.0, 3500, 2100, 128),
(54.37362899999425, 1268, 522.0, 3500, 2100, 129),
(54.41707100000349, 1269, 522.0, 3500, 2100, 130),
(54.45950499999162, 1270, 522.0, 3500, 2100, 131),
(54.505772999997134, 1271, 522.0, 3500, 2100, 132),
(54.54818599999999, 1272, 522.0, 3500, 2100, 133),
(54.61157399999502, 1273, 522.0, 3500, 2100, 134),
(54.65027499999269, 1274, 522.0, 3500, 2100, 135),
(54.68864300000132, 1275, 522.0, 3500, 2100, 136),
(54.74117199999455, 1276, 522.0, 3500, 2100, 137),
(54.7781329999998, 1277, 522.0, 3500, 2100, 138),
(54.816093000001274, 1278, 522.0, 3500, 2100, 139),
(54.86917799999355, 1279, 522.0, 3500, 2100, 140),
(54.90832400000363, 1280, 522.0, 3500, 2100, 141),
(54.94995500000368, 1281, 522.0, 3500, 2100, 142),
(54.99920099999872, 1282, 522.0, 3500, 2100, 143),
(55.04293499999039, 1283, 522.0, 3500, 2100, 144),
(55.08274800000072, 1284, 522.0, 3500, 2100, 145),
(55.119118000002345, 1285, 522.0, 3500, 2100, 146),
(55.1560759999993, 1286, 522.0, 3500, 2100, 147),
(55.19681799999671, 1287, 522.0, 3500, 2100, 148),
(55.2445929999958, 1288, 522.0, 3500, 2100, 149),
(55.28255999999237, 1289, 522.0, 3500, 2100, 150),
(55.323279999996885, 1290, 522.0, 3500, 2100, 151),
(55.36231199999747, 1291, 522.0, 3500, 2100, 152),
(55.40057800000068, 1292, 522.0, 3500, 2100, 113),
(55.4442449999915, 1293, 522.0, 3500, 2100, 114),
(55.482701000000816, 1294, 522.0, 3500, 2100, 115),
(55.51906599999347, 1295, 522.0, 3500, 2100, 116),
(55.555251999991015, 1296, 522.0, 3500, 2100, 117),
(55.59264499999699, 1297, 522.0, 3500, 2100, 118),
(55.63425400000415, 1298, 522.0, 3500, 2100, 119),
(55.68830500000331, 1299, 522.0, 3500, 2100, 120),
(55.72736000000441, 1300, 522.0, 3500, 2100, 121),
(55.766330999991624, 1301, 522.0, 3500, 2100, 122),
(55.80363199999556, 1302, 522.0, 3500, 2100, 123),
(55.84011599999212, 1303, 522.0, 3500, 2100, 124),
(55.88046800000302, 1304, 522.0, 3500, 2100, 125),
(55.92174099999829, 1305, 522.0, 3500, 2100, 126),
(55.97046299999056, 1306, 522.0, 3500, 2100, 127),
(56.00964899999963, 1307, 522.0, 3500, 2100, 128),
(56.04998899999191, 1308, 522.0, 3500, 2100, 129),
(56.089955999996164, 1309, 522.0, 3500, 2100, 130),
(56.1289509999915, 1310, 522.0, 3500, 2100, 131),
(56.16921900000307, 1311, 522.0, 3500, 2100, 132),
(56.21173899999121, 1312, 522.0, 3500, 2100, 133),
(56.2554589999927, 1313, 522.0, 3500, 2100, 134),
(56.29342299999553, 1314, 522.0, 3500, 2100, 135),
(56.33388500000001, 1315, 522.0, 3500, 2100, 136),
(56.37767899999744, 1316, 522.0, 3500, 2100, 137),
(56.41979099999298, 1317, 522.0, 3500, 2100, 138),
(56.45651699999871, 1318, 522.0, 3500, 2100, 139),
(56.49813900000299, 1319, 522.0, 3500, 2100, 140),
(56.5390289999923, 1320, 522.0, 3500, 2100, 141),
(56.58260199999495, 1321, 522.0, 3500, 2100, 142),
(56.63019899999199, 1322, 522.0, 3500, 2100, 143),
(56.680819000001065, 1323, 522.0, 3500, 2100, 144),
(56.7198209999915, 1324, 522.0, 3500, 2100, 145),
(56.765432000000146, 1325, 522.0, 3500, 2100, 146),
(56.8111879999924, 1326, 522.0, 3500, 2100, 147),
(56.85450600000331, 1327, 522.0, 3500, 2100, 148),
(56.90201099999831, 1328, 522.0, 3500, 2100, 149),
(56.94690999999875, 1329, 522.0, 3500, 2100, 150),
(56.99769899999956, 1330, 522.0, 3500, 2100, 151),
(57.03821800000151, 1331, 522.0, 3500, 2100, 152),
(57.08735000000161, 1332, 532.0, 3500, 2200, 112),
(57.141224999999395, 1333, 532.0, 3500, 2200, 113),
(57.185498999999254, 1334, 532.0, 3500, 2200, 114),
(57.23327499999141, 1335, 532.0, 3500, 2200, 115),
(57.27844399999594, 1336, 532.0, 3500, 2200, 116),
(57.32190300000366, 1337, 532.0, 3500, 2200, 117),
(57.36854999999923, 1338, 532.0, 3500, 2200, 118),
(57.412931999992, 1339, 532.0, 3500, 2200, 119),
(57.459931999997934, 1340, 532.0, 3500, 2200, 120),
(57.50585299999511, 1341, 532.0, 3500, 2200, 121),
(57.55124699999578, 1342, 532.0, 3500, 2200, 122),
(57.593232999992324, 1343, 532.0, 3500, 2200, 123),
(57.638724000004004, 1344, 532.0, 3500, 2200, 124),
(57.68361500000174, 1345, 532.0, 3500, 2200, 125),
(57.72820299999148, 1346, 532.0, 3500, 2200, 126),
(57.77530100000149, 1347, 532.0, 3500, 2200, 127),
(57.819814000002225, 1348, 532.0, 3500, 2200, 128),
(57.86397799999395, 1349, 532.0, 3500, 2200, 129),
(57.90508199999749, 1350, 532.0, 3500, 2200, 130),
(57.950849000000744, 1351, 532.0, 3500, 2200, 131),
(57.99640499999805, 1352, 532.0, 3500, 2200, 132),
(58.04318300000159, 1353, 532.0, 3500, 2200, 133),
(58.08623600000283, 1354, 532.0, 3500, 2200, 134),
(58.12797000000137, 1355, 532.0, 3500, 2200, 135),
(58.170283999992535, 1356, 532.0, 3500, 2200, 136),
(58.21079599999939, 1357, 532.0, 3500, 2200, 137),
(58.250419999996666, 1358, 532.0, 3500, 2200, 138),
(58.29293300000427, 1359, 532.0, 3500, 2200, 139),
(58.34197999999742, 1360, 532.0, 3500, 2200, 140),
(58.3831829999981, 1361, 532.0, 3500, 2200, 141),
(58.42910100000154, 1362, 532.0, 3500, 2200, 142),
(58.474629000003915, 1363, 532.0, 3500, 2200, 143),
(58.51844299999357, 1364, 532.0, 3500, 2200, 144),
(58.55965199999628, 1365, 532.0, 3500, 2200, 145),
(58.602882999999565, 1366, 532.0, 3500, 2200, 146),
(58.645407000003615, 1367, 532.0, 3500, 2200, 147),
(58.69116400000348, 1368, 532.0, 3500, 2200, 148),
(58.73393999999098, 1369, 532.0, 3500, 2200, 149),
(58.782431999992696, 1370, 532.0, 3500, 2200, 150),
(58.8228769999987, 1371, 532.0, 3500, 2200, 151),
(58.86679899999581, 1372, 532.0, 3500, 2200, 152),
(58.90986499999417, 1373, 532.0, 3500, 2200, 113),
(58.95135499999742, 1374, 532.0, 3500, 2200, 114),
(58.991494000001694, 1375, 532.0, 3500, 2200, 115),
(59.03072799999791, 1376, 532.0, 3500, 2200, 116),
(59.07380299999204, 1377, 532.0, 3500, 2200, 117),
(59.110470999992685, 1378, 532.0, 3500, 2200, 118),
(59.150920999993104, 1379, 532.0, 3500, 2200, 119),
(59.19507000000158, 1380, 532.0, 3500, 2200, 120),
(59.23397400000249, 1381, 532.0, 3500, 2200, 121),
(59.275236000001314, 1382, 532.0, 3500, 2200, 122),
(59.33197800000198, 1383, 532.0, 3500, 2200, 123),
(59.38045699999202, 1384, 532.0, 3500, 2200, 124),
(59.421483999991324, 1385, 532.0, 3500, 2200, 125),
(59.4580019999994, 1386, 532.0, 3500, 2200, 126),
(59.499045000004116, 1387, 532.0, 3500, 2200, 127),
(59.54521399999794, 1388, 532.0, 3500, 2200, 128),
(59.588443999993615, 1389, 532.0, 3500, 2200, 129),
(59.66160700000182, 1390, 532.0, 3500, 2200, 130),
(59.70938600000227, 1391, 532.0, 3500, 2200, 131),
(59.759439000001294, 1392, 532.0, 3500, 2200, 132),
(59.807323000000906, 1393, 532.0, 3500, 2200, 133),
(59.85059600000386, 1394, 532.0, 3500, 2200, 134),
(59.91830999999365, 1395, 532.0, 3500, 2200, 135),
(59.965557999996236, 1396, 532.0, 3500, 2200, 136),
(60.00846199999796, 1397, 532.0, 3500, 2200, 137),
(60.053461999996216, 1398, 532.0, 3500, 2200, 138),
(60.092674999992596, 1399, 532.0, 3500, 2200, 139),
(60.13013499999943, 1400, 532.0, 3500, 2200, 140),
(60.16925399999309, 1401, 532.0, 3500, 2200, 141),
(60.22306099999696, 1402, 532.0, 3500, 2200, 142),
(60.29457399999956, 1403, 532.0, 3500, 2200, 143),
(60.335063999998965, 1404, 532.0, 3500, 2200, 144),
(60.37939699999697, 1405, 532.0, 3500, 2200, 145),
(60.43000399999437, 1406, 532.0, 3500, 2200, 146),
(60.481807000003755, 1407, 532.0, 3500, 2200, 147),
(60.52863400000206, 1408, 532.0, 3500, 2200, 148),
(60.57514699999592, 1409, 532.0, 3500, 2200, 149),
(60.620710999995936, 1410, 532.0, 3500, 2200, 150),
(60.66271200000483, 1411, 532.0, 3500, 2200, 151),
(60.707781000004616, 1412, 532.0, 3500, 2200, 152),
(60.75909900000261, 1413, 532.0, 3500, 2200, 113),
(60.800115999998525, 1414, 532.0, 3500, 2200, 114),
(60.842139000000316, 1415, 532.0, 3500, 2200, 115),
(60.88104300000123, 1416, 532.0, 3500, 2200, 116),
(60.91998700000113, 1417, 532.0, 3500, 2200, 117),
(60.96158699999796, 1418, 532.0, 3500, 2200, 118),
(60.99885099999665, 1419, 532.0, 3500, 2200, 119),
(61.03914900000382, 1420, 532.0, 3500, 2200, 120),
(61.0773429999972, 1421, 532.0, 3500, 2200, 121),
(61.11615400000301, 1422, 532.0, 3500, 2200, 122),
(61.15531299999566, 1423, 532.0, 3500, 2200, 123),
(61.19473000000289, 1424, 532.0, 3500, 2200, 124),
(61.234857999996166, 1425, 532.0, 3500, 2200, 125),
(61.281501999998, 1426, 532.0, 3500, 2200, 126),
(61.32879200000025, 1427, 532.0, 3500, 2200, 127),
(61.37348899999051, 1428, 532.0, 3500, 2200, 128),
(61.41716399999859, 1429, 532.0, 3500, 2200, 129),
(61.459898000000976, 1430, 532.0, 3500, 2200, 130),
(61.49911999999313, 1431, 532.0, 3500, 2200, 131),
(61.54501299999538, 1432, 532.0, 3500, 2200, 132),
(61.589718000002904, 1433, 532.0, 3500, 2200, 133),
(61.6314710000006, 1434, 532.0, 3500, 2200, 134),
(61.679128999996465, 1435, 532.0, 3500, 2200, 135),
(61.717304999998305, 1436, 532.0, 3500, 2200, 136),
(61.75489799999923, 1437, 532.0, 3500, 2200, 137),
(61.794567999997525, 1438, 532.0, 3500, 2200, 138),
(61.83428699999058, 1439, 532.0, 3500, 2200, 139),
(61.87413799999922, 1440, 532.0, 3500, 2200, 140),
(61.912698999993154, 1441, 532.0, 3500, 2200, 141),
(61.949940999998944, 1442, 532.0, 3500, 2200, 142),
(61.9914609999978, 1443, 532.0, 3500, 2200, 143),
(62.0331029999943, 1444, 532.0, 3500, 2200, 144),
(62.074642999999924, 1445, 532.0, 3500, 2200, 145),
(62.11524600000121, 1446, 532.0, 3500, 2200, 146),
(62.15746200000285, 1447, 532.0, 3500, 2200, 147),
(62.19563400000334, 1448, 532.0, 3500, 2200, 148),
(62.249689000003855, 1449, 532.0, 3500, 2200, 149),
(62.29137300000002, 1450, 532.0, 3500, 2200, 150),
(62.34076799999457, 1451, 532.0, 3500, 2200, 151),
(62.380328999992344, 1452, 532.0, 3500, 2200, 152),
(62.48145999999542, 1454, 538.0, 3500, 2300, 113),
(62.53959600000235, 1455, 538.0, 3500, 2300, 114),
(62.57843100000173, 1456, 542.0, 3500, 2300, 115),
(62.7426359999954, 1459, 528.0, 3500, 2300, 118),
(70.79214700000011, 1466, 527.0, 3500, 2300, 125),
(70.83124400000088, 1467, 277.0, 3500, 2300, 126),
(71.11496999999508, 1472, 608.0, 3500, 2300, 131),
(71.15487299999222, 1473, 277.0, 3500, 2300, 132),
(94.51589300000342, 1485, 279.0, 3500, 2300, 144),
(110.01128700000118, 1489, 281.0, 3500, 2300, 148),
(117.53239700000267, 1490, 299.0, 3500, 2300, 149),
(117.64927999999782, 1492, 526.0, 3500, 2300, 151),
(125.22648299999128, 1494, 528.0, 3500, 2300, 113),
(132.98010299999441, 1499, 523.0, 3500, 2300, 118),
(133.24404700000014, 1502, 531.0, 3500, 2300, 121),
(148.66674200000125, 1507, 527.0, 3500, 2300, 126),
(156.3346210000018, 1509, 612.0, 3500, 2300, 128),
(171.83044599999266, 1512, 590.0, 3500, 2300, 131),
(171.92358999999124, 1514, 286.0, 3500, 2300, 133),
(195.18992499999877, 1518, 588.0, 3500, 2300, 137),
(195.23158500000136, 1519, 530.0, 3500, 2300, 138),
(195.42568299999402, 1521, 609.0, 3500, 2300, 140),
(210.93369900000107, 1525, 532.0, 3500, 2300, 144),
(211.1027119999926, 1528, 278.0, 3500, 2300, 147),
(219.06647099999827, 1533, 592.0, 3500, 2300, 152),
(226.63365799999156, 1534, 526.0, 3500, 2300, 113),
(226.93939899999532, 1539, 526.0, 3500, 2300, 118),
(226.99359399999958, 1540, 524.0, 3500, 2300, 119),
(235.00457599999208, 1545, 548.0, 3500, 2300, 124),
(235.20948299999873, 1548, 592.0, 3500, 2300, 127),
(243.72554499999387, 1551, 548.0, 3500, 2300, 130),
(243.76428200000373, 1552, 588.0, 3500, 2300, 131),
(243.95532500000263, 1554, 582.0, 3500, 2300, 133),
(251.623265000002, 1555, 271.0, 3500, 2300, 134),
(251.6657589999959, 1556, 606.0, 3500, 2300, 135),
(251.71360099999583, 1557, 610.0, 3500, 2300, 136),
(267.88006999999925, 1563, 587.0, 3500, 2300, 142),
(300.60906600000453, 1573, 528.0, 3500, 2300, 152),
(308.22910599999886, 1574, 522.0, 3500, 2400, 112),
(308.27104799999506, 1575, 522.0, 3500, 2400, 113),
(308.31850999999733, 1576, 522.0, 3500, 2400, 114),
(308.35845600000175, 1577, 522.0, 3500, 2400, 115),
(308.4033320000017, 1578, 522.0, 3500, 2400, 116),
(308.4495159999933, 1579, 522.0, 3500, 2400, 117),
(308.49787300000025, 1580, 522.0, 3500, 2400, 118),
(308.5399679999973, 1581, 522.0, 3500, 2400, 119),
(308.58802500000456, 1582, 522.0, 3500, 2400, 120),
(308.6291579999961, 1583, 522.0, 3500, 2400, 121),
(308.6688379999978, 1584, 522.0, 3500, 2400, 122),
(308.7085999999981, 1585, 522.0, 3500, 2400, 123),
(308.74942700000247, 1586, 522.0, 3500, 2400, 124),
(308.8042529999948, 1587, 522.0, 3500, 2400, 125),
(308.8471409999911, 1588, 522.0, 3500, 2400, 126),
(308.89624699999695, 1589, 522.0, 3500, 2400, 127),
(308.9364629999909, 1590, 522.0, 3500, 2400, 128),
(308.98356700000295, 1591, 522.0, 3500, 2400, 129),
(309.0298150000017, 1592, 522.0, 3500, 2400, 130),
(309.0704049999913, 1593, 522.0, 3500, 2400, 131),
(309.1261099999974, 1594, 522.0, 3500, 2400, 132),
(309.1707139999926, 1595, 522.0, 3500, 2400, 133),
(309.22494000000006, 1596, 522.0, 3500, 2400, 134),
(309.265235999992, 1597, 522.0, 3500, 2400, 135),
(309.31349800000316, 1598, 522.0, 3500, 2400, 136),
(309.3652759999968, 1599, 522.0, 3500, 2400, 137),
(309.42400099999213, 1600, 522.0, 3500, 2400, 138),
(309.46960499999113, 1601, 522.0, 3500, 2400, 139),
(309.51376600000367, 1602, 522.0, 3500, 2400, 140),
(309.55714699999953, 1603, 522.0, 3500, 2400, 141),
(309.6105930000049, 1604, 522.0, 3500, 2400, 142),
(309.64848899999924, 1605, 522.0, 3500, 2400, 143),
(309.6952639999945, 1606, 522.0, 3500, 2400, 144),
(309.74612799999886, 1607, 522.0, 3500, 2400, 145),
(309.7906609999918, 1608, 522.0, 3500, 2400, 146),
(309.8367100000032, 1609, 522.0, 3500, 2400, 147),
(309.87572300000465, 1610, 522.0, 3500, 2400, 148),
(309.92780700000003, 1611, 522.0, 3500, 2400, 149),
(309.9669989999966, 1612, 522.0, 3500, 2400, 150),
(310.00742999999784, 1613, 522.0, 3500, 2400, 151),
(310.0552289999905, 1614, 522.0, 3500, 2400, 152),
(310.10984999999346, 1615, 522.0, 3500, 2400, 113),
(310.1540490000043, 1616, 522.0, 3500, 2400, 114),
(310.2022419999994, 1617, 522.0, 3500, 2400, 115),
(310.24731799999427, 1618, 522.0, 3500, 2400, 116),
(310.2967139999964, 1619, 522.0, 3500, 2400, 117),
(310.3396999999968, 1620, 522.0, 3500, 2400, 118),
(310.3835390000022, 1621, 522.0, 3500, 2400, 119),
(310.4242890000023, 1622, 522.0, 3500, 2400, 120),
(310.4682829999947, 1623, 522.0, 3500, 2400, 121),
(310.5076049999916, 1624, 522.0, 3500, 2400, 122),
(310.5520689999976, 1625, 522.0, 3500, 2400, 123),
(310.5984119999921, 1626, 522.0, 3500, 2400, 124),
(310.64052800000354, 1627, 522.0, 3500, 2400, 125),
(310.69033800000034, 1628, 522.0, 3500, 2400, 126),
(310.73984799999744, 1629, 522.0, 3500, 2400, 127),
(310.7889339999965, 1630, 522.0, 3500, 2400, 128),
(310.8315900000016, 1631, 522.0, 3500, 2400, 129),
(310.87215500000457, 1632, 522.0, 3500, 2400, 130),
(310.9094780000014, 1633, 522.0, 3500, 2400, 131),
(310.9527529999905, 1634, 522.0, 3500, 2400, 132),
(311.00656799999706, 1635, 522.0, 3500, 2400, 133),
(311.0554439999978, 1636, 522.0, 3500, 2400, 134),
(311.1057230000006, 1637, 522.0, 3500, 2400, 135),
(311.15745299999253, 1638, 522.0, 3500, 2400, 136),
(311.2137619999994, 1639, 522.0, 3500, 2400, 137),
(311.2566599999991, 1640, 522.0, 3500, 2400, 138),
(311.3040630000032, 1641, 522.0, 3500, 2400, 139),
(311.34302000000025, 1642, 522.0, 3500, 2400, 140),
(311.3893519999983, 1643, 522.0, 3500, 2400, 141),
(311.4369080000033, 1644, 522.0, 3500, 2400, 142),
(311.48430499999085, 1645, 522.0, 3500, 2400, 143),
(311.53440099999716, 1646, 522.0, 3500, 2400, 144),
(311.57404599999427, 1647, 522.0, 3500, 2400, 145),
(311.626191000003, 1648, 522.0, 3500, 2400, 146),
(311.6745179999998, 1649, 522.0, 3500, 2400, 147),
(311.72497899999144, 1650, 522.0, 3500, 2400, 148),
(311.77535199999693, 1651, 522.0, 3500, 2400, 149),
(311.8253459999978, 1652, 522.0, 3500, 2400, 150),
(311.876569, 1653, 522.0, 3500, 2400, 151),
(311.93192999999155, 1654, 522.0, 3500, 2400, 152),
(311.97473800000444, 1655, 522.0, 3500, 2400, 113),
(312.01594899999327, 1656, 522.0, 3500, 2400, 114),
(312.06859599999734, 1657, 522.0, 3500, 2400, 115),
(312.11825600000157, 1658, 522.0, 3500, 2400, 116),
(312.16406100000313, 1659, 522.0, 3500, 2400, 117),
(312.203297, 1660, 522.0, 3500, 2400, 118),
(312.2573759999941, 1661, 522.0, 3500, 2400, 119),
(312.2980680000037, 1662, 522.0, 3500, 2400, 120),
(312.34488299999794, 1663, 522.0, 3500, 2400, 121),
(312.3894900000014, 1664, 522.0, 3500, 2400, 122),
(312.4292669999995, 1665, 522.0, 3500, 2400, 123),
(312.47336899999937, 1666, 522.0, 3500, 2400, 124),
(312.53621599999315, 1667, 522.0, 3500, 2400, 125),
(312.5764610000042, 1668, 522.0, 3500, 2400, 126),
(312.6307969999907, 1669, 522.0, 3500, 2400, 127),
(312.688467999993, 1670, 522.0, 3500, 2400, 128),
(312.73132999999507, 1671, 522.0, 3500, 2400, 129),
(312.779171999995, 1672, 522.0, 3500, 2400, 130),
(312.8360470000043, 1673, 522.0, 3500, 2400, 131),
(312.8898300000001, 1674, 522.0, 3500, 2400, 132),
(312.9350850000046, 1675, 522.0, 3500, 2400, 133),
(312.97389900000417, 1676, 522.0, 3500, 2400, 134),
(313.0199250000005, 1677, 522.0, 3500, 2400, 135),
(313.0588629999984, 1678, 522.0, 3500, 2400, 136),
(313.1004569999932, 1679, 522.0, 3500, 2400, 137),
(313.1388739999966, 1680, 522.0, 3500, 2400, 138),
(313.1991410000046, 1681, 522.0, 3500, 2400, 139),
(313.2645049999992, 1682, 522.0, 3500, 2400, 140),
(313.3038249999954, 1683, 522.0, 3500, 2400, 141),
(313.353952999998, 1684, 522.0, 3500, 2400, 142),
(313.3998739999952, 1685, 522.0, 3500, 2400, 143),
(313.44074399999226, 1686, 522.0, 3500, 2400, 144),
(313.4885159999976, 1687, 522.0, 3500, 2400, 145),
(313.53298099999665, 1688, 522.0, 3500, 2400, 146),
(313.58295799999905, 1689, 522.0, 3500, 2400, 147),
(313.6267930000031, 1690, 522.0, 3500, 2400, 148),
(313.6738780000014, 1691, 522.0, 3500, 2400, 149),
(313.7205629999953, 1692, 522.0, 3500, 2400, 150),
(313.7628839999961, 1693, 522.0, 3500, 2400, 151),
(313.81486299999233, 1694, 522.0, 3500, 2400, 152),
(313.86218799999915, 1695, 522.0, 3500, 2500, 112),
(313.9084419999999, 1696, 522.0, 3500, 2500, 113),
(313.95166599999357, 1697, 522.0, 3500, 2500, 114),
(313.9966609999974, 1698, 522.0, 3500, 2500, 115),
(314.04252299999644, 1699, 522.0, 3500, 2500, 116),
(314.09093700000085, 1700, 522.0, 3500, 2500, 117),
(314.1426269999938, 1701, 522.0, 3500, 2500, 118),
(314.202999000001, 1702, 522.0, 3500, 2500, 119),
(314.2451100000035, 1703, 522.0, 3500, 2500, 120),
(314.3041599999997, 1704, 522.0, 3500, 2500, 121),
(314.34866099999635, 1705, 522.0, 3500, 2500, 122),
(314.3972519999952, 1706, 522.0, 3500, 2500, 123),
(314.43865599999845, 1707, 522.0, 3500, 2500, 124),
(314.48185199999716, 1708, 522.0, 3500, 2500, 125),
(314.52371599999606, 1709, 522.0, 3500, 2500, 126),
(314.56453200000396, 1710, 522.0, 3500, 2500, 127),
(314.61098800000036, 1711, 522.0, 3500, 2500, 128),
(314.653827999995, 1712, 522.0, 3500, 2500, 129),
(314.70335799999884, 1713, 522.0, 3500, 2500, 130),
(314.75471399999515, 1714, 522.0, 3500, 2500, 131),
(314.8046079999913, 1715, 522.0, 3500, 2500, 132),
(314.8510079999978, 1716, 522.0, 3500, 2500, 133),
(314.88947100000223, 1717, 522.0, 3500, 2500, 134),
(314.93070199999784, 1718, 522.0, 3500, 2500, 135),
(314.9691749999911, 1719, 522.0, 3500, 2500, 136),
(315.0091289999982, 1720, 522.0, 3500, 2500, 137),
(315.0583309999929, 1721, 522.0, 3500, 2500, 138),
(315.1117709999962, 1722, 522.0, 3500, 2500, 139),
(315.15603099999134, 1723, 522.0, 3500, 2500, 140),
(315.2069590000028, 1724, 522.0, 3500, 2500, 141),
(315.25659299999825, 1725, 522.0, 3500, 2500, 142),
(315.3073460000014, 1726, 522.0, 3500, 2500, 143),
(315.36971299999277, 1727, 522.0, 3500, 2500, 144),
(315.4166220000043, 1728, 522.0, 3500, 2500, 145),
(315.46265400000266, 1729, 522.0, 3500, 2500, 146),
(315.50482600000396, 1730, 522.0, 3500, 2500, 147),
(315.5487829999911, 1731, 522.0, 3500, 2500, 148),
(315.5914049999992, 1732, 522.0, 3500, 2500, 149),
(315.63323199999286, 1733, 522.0, 3500, 2500, 150),
(315.673981999993, 1734, 522.0, 3500, 2500, 151),
(315.7334909999918, 1735, 522.0, 3500, 2500, 152),
(315.78766899999755, 1736, 522.0, 3500, 2500, 113),
(315.8317289999977, 1737, 522.0, 3500, 2500, 114),
(315.8775069999974, 1738, 522.0, 3500, 2500, 115),
(315.9284570000018, 1739, 522.0, 3500, 2500, 116),
(315.9705069999909, 1740, 522.0, 3500, 2500, 117),
(316.0210079999961, 1741, 522.0, 3500, 2500, 118),
(316.06056399999943, 1742, 522.0, 3500, 2500, 119),
(316.1122869999963, 1743, 522.0, 3500, 2500, 120),
(316.171193999995, 1744, 522.0, 3500, 2500, 121),
(316.2250950000016, 1745, 522.0, 3500, 2500, 122),
(316.2665100000013, 1746, 522.0, 3500, 2500, 123),
(316.31631700000435, 1747, 522.0, 3500, 2500, 124),
(316.3615370000043, 1748, 522.0, 3500, 2500, 125),
(316.40896200000134, 1749, 522.0, 3500, 2500, 126),
(316.45577400000184, 1750, 522.0, 3500, 2500, 127),
(316.49995499999204, 1751, 522.0, 3500, 2500, 128),
(316.5525510000007, 1752, 522.0, 3500, 2500, 129),
(316.59346099999675, 1753, 522.0, 3500, 2500, 130),
(316.64677599999413, 1754, 522.0, 3500, 2500, 131),
(316.69517999999516, 1755, 522.0, 3500, 2500, 132),
(316.73618500000157, 1756, 522.0, 3500, 2500, 133),
(316.78303599999344, 1757, 522.0, 3500, 2500, 134),
(316.8301139999967, 1758, 522.0, 3500, 2500, 135),
(316.8785829999979, 1759, 522.0, 3500, 2500, 136),
(316.93107999999484, 1760, 522.0, 3500, 2500, 137),
(316.97450599999866, 1761, 522.0, 3500, 2500, 138),
(317.0258269999904, 1762, 522.0, 3500, 2500, 139),
(317.06703299999936, 1763, 522.0, 3500, 2500, 140),
(317.1129199999996, 1764, 522.0, 3500, 2500, 141),
(317.1664369999926, 1765, 522.0, 3500, 2500, 142),
(317.2172770000034, 1766, 522.0, 3500, 2500, 143),
(317.2605029999977, 1767, 522.0, 3500, 2500, 144),
(317.30915499999537, 1768, 522.0, 3500, 2500, 145),
(317.35487500000454, 1769, 522.0, 3500, 2500, 146),
(317.3956079999916, 1770, 522.0, 3500, 2500, 147),
(317.4369940000033, 1771, 522.0, 3500, 2500, 148),
(317.4844060000032, 1772, 522.0, 3500, 2500, 149),
(317.52539300000353, 1773, 522.0, 3500, 2500, 150),
(317.5699179999938, 1774, 522.0, 3500, 2500, 151),
(317.6142430000036, 1775, 522.0, 3500, 2500, 152),
(317.6575290000037, 1776, 522.0, 3500, 2500, 113),
(317.70727099999203, 1777, 522.0, 3500, 2500, 114),
(317.7512399999978, 1778, 522.0, 3500, 2500, 115),
(317.8012949999975, 1779, 522.0, 3500, 2500, 116),
(317.8420880000049, 1780, 522.0, 3500, 2500, 117),
(317.8928210000013, 1781, 522.0, 3500, 2500, 118),
(317.937420000002, 1782, 522.0, 3500, 2500, 119),
(317.99041499999294, 1783, 522.0, 3500, 2500, 120),
(318.04804700000386, 1784, 522.0, 3500, 2500, 121),
(318.09126699999615, 1785, 522.0, 3500, 2500, 122),
(318.14016999999876, 1786, 522.0, 3500, 2500, 123),
(318.18917800000054, 1787, 522.0, 3500, 2500, 124),
(318.2286779999995, 1788, 522.0, 3500, 2500, 125),
(318.28621599999315, 1789, 522.0, 3500, 2500, 126),
(318.326224000004, 1790, 522.0, 3500, 2500, 127),
(318.37731100000383, 1791, 522.0, 3500, 2500, 128),
(318.42171899999084, 1792, 522.0, 3500, 2500, 129),
(318.4651339999982, 1793, 522.0, 3500, 2500, 130),
(318.5119580000028, 1794, 522.0, 3500, 2500, 131),
(318.5508209999971, 1795, 522.0, 3500, 2500, 132),
(318.59620499999437, 1796, 522.0, 3500, 2500, 133),
(318.6445839999942, 1797, 522.0, 3500, 2500, 134),
(318.6881949999952, 1798, 522.0, 3500, 2500, 135),
(318.74529999999504, 1799, 522.0, 3500, 2500, 136),
(318.79067600000417, 1800, 522.0, 3500, 2500, 137),
(318.833581999992, 1801, 522.0, 3500, 2500, 138),
(318.879866999996, 1802, 522.0, 3500, 2500, 139),
(318.92371200000343, 1803, 522.0, 3500, 2500, 140),
(318.98038599999563, 1804, 522.0, 3500, 2500, 141),
(319.0230639999936, 1805, 522.0, 3500, 2500, 142),
(319.0656020000024, 1806, 522.0, 3500, 2500, 143),
(319.1093189999956, 1807, 522.0, 3500, 2500, 144),
(319.15348399999493, 1808, 522.0, 3500, 2500, 145),
(319.2007440000016, 1809, 522.0, 3500, 2500, 146),
(319.24134399999457, 1810, 522.0, 3500, 2500, 147),
(319.2868749999907, 1811, 522.0, 3500, 2500, 148),
(319.330277999994, 1812, 522.0, 3500, 2500, 149),
(319.37977499999397, 1813, 522.0, 3500, 2500, 150),
(319.41798800000106, 1814, 522.0, 3500, 2500, 151),
(319.4677609999926, 1815, 522.0, 3500, 2500, 152),
(319.5134010000038, 1816, 522.0, 3500, 2600, 112),
(319.5556979999965, 1817, 522.0, 3500, 2600, 113),
(319.6056969999918, 1818, 522.0, 3500, 2600, 114),
(319.6475050000008, 1819, 522.0, 3500, 2600, 115),
(319.68772299999546, 1820, 522.0, 3500, 2600, 116),
(319.7343430000037, 1821, 522.0, 3500, 2600, 117),
(319.7806439999986, 1822, 522.0, 3500, 2600, 118),
(319.8207629999961, 1823, 522.0, 3500, 2600, 119),
(319.8652429999929, 1824, 522.0, 3500, 2600, 120),
(319.9051529999997, 1825, 522.0, 3500, 2600, 121),
(319.95729700000084, 1826, 522.0, 3500, 2600, 122),
(319.9994319999969, 1827, 522.0, 3500, 2600, 123),
(320.0359729999909, 1828, 522.0, 3500, 2600, 124),
(320.0864989999973, 1829, 522.0, 3500, 2600, 125),
(320.1279280000017, 1830, 522.0, 3500, 2600, 126),
(320.1741309999925, 1831, 522.0, 3500, 2600, 127),
(320.2260479999968, 1832, 522.0, 3500, 2600, 128),
(320.2772049999912, 1833, 522.0, 3500, 2600, 129),
(320.3235219999915, 1834, 522.0, 3500, 2600, 130),
(320.374524999992, 1835, 522.0, 3500, 2600, 131),
(320.4274060000025, 1836, 522.0, 3500, 2600, 132),
(320.4661869999982, 1837, 522.0, 3500, 2600, 133),
(320.51080699999875, 1838, 522.0, 3500, 2600, 134),
(320.5530330000038, 1839, 522.0, 3500, 2600, 135),
(320.5919739999954, 1840, 522.0, 3500, 2600, 136),
(320.64320799999405, 1841, 522.0, 3500, 2600, 137),
(320.6891900000046, 1842, 522.0, 3500, 2600, 138),
(320.7326449999964, 1843, 522.0, 3500, 2600, 139),
(320.78123599999526, 1844, 522.0, 3500, 2600, 140),
(320.8330469999928, 1845, 522.0, 3500, 2600, 141),
(320.8718479999952, 1846, 522.0, 3500, 2600, 142),
(320.90959699999075, 1847, 522.0, 3500, 2600, 143),
(320.9514659999986, 1848, 522.0, 3500, 2600, 144),
(320.99237799999537, 1849, 522.0, 3500, 2600, 145),
(321.03924699999334, 1850, 522.0, 3500, 2600, 146),
(321.0864949999959, 1851, 522.0, 3500, 2600, 147),
(321.12536700000055, 1852, 522.0, 3500, 2600, 148),
(321.1673509999964, 1853, 522.0, 3500, 2600, 149),
(321.2102840000007, 1854, 522.0, 3500, 2600, 150),
(321.2551470000035, 1855, 522.0, 3500, 2600, 151),
(321.3011649999971, 1856, 522.0, 3500, 2600, 152),
(321.34417199999734, 1857, 522.0, 3500, 2600, 113),
(321.39185400000133, 1858, 522.0, 3500, 2600, 114),
(321.4354880000028, 1859, 522.0, 3500, 2600, 115),
(321.48478699999396, 1860, 522.0, 3500, 2600, 116),
(321.52526500000386, 1861, 522.0, 3500, 2600, 117),
(321.56675499999255, 1862, 522.0, 3500, 2600, 118),
(321.6136450000049, 1863, 522.0, 3500, 2600, 119),
(321.65438199999335, 1864, 522.0, 3500, 2600, 120),
(321.6948069999926, 1865, 522.0, 3500, 2600, 121),
(321.74321499999496, 1866, 522.0, 3500, 2600, 122),
(321.7879410000023, 1867, 522.0, 3500, 2600, 123),
(321.84912699999404, 1868, 522.0, 3500, 2600, 124),
(321.89115599999786, 1869, 522.0, 3500, 2600, 125),
(321.9283929999947, 1870, 522.0, 3500, 2600, 126),
(321.96992400000454, 1871, 522.0, 3500, 2600, 127),
(322.01022999999986, 1872, 522.0, 3500, 2600, 128),
(322.0512230000022, 1873, 522.0, 3500, 2600, 129),
(322.0945939999947, 1874, 522.0, 3500, 2600, 130),
(322.13695699999516, 1875, 522.0, 3500, 2600, 131),
(322.18189500000153, 1876, 522.0, 3500, 2600, 132),
(322.2283429999952, 1877, 522.0, 3500, 2600, 133),
(322.2738790000003, 1878, 522.0, 3500, 2600, 134),
(322.318889999995, 1879, 522.0, 3500, 2600, 135),
(322.3613820000028, 1880, 522.0, 3500, 2600, 136),
(322.40478599999915, 1881, 522.0, 3500, 2600, 137),
(322.4594309999957, 1882, 522.0, 3500, 2600, 138),
(322.50389999999607, 1883, 522.0, 3500, 2600, 139),
(322.5479459999915, 1884, 522.0, 3500, 2600, 140),
(322.58936299999186, 1885, 522.0, 3500, 2600, 141),
(322.6338629999955, 1886, 522.0, 3500, 2600, 142),
(322.6831070000044, 1887, 522.0, 3500, 2600, 143),
(322.72464000000036, 1888, 522.0, 3500, 2600, 144),
(322.7677149999945, 1889, 522.0, 3500, 2600, 145),
(322.8167790000007, 1890, 522.0, 3500, 2600, 146),
(322.85903999999573, 1891, 522.0, 3500, 2600, 147),
(322.9073470000003, 1892, 522.0, 3500, 2600, 148),
(322.95221299999685, 1893, 522.0, 3500, 2600, 149),
(322.9966390000045, 1894, 522.0, 3500, 2600, 150),
(323.04824299999746, 1895, 522.0, 3500, 2600, 151),
(323.0943549999938, 1896, 522.0, 3500, 2600, 152),
(323.1322599999985, 1897, 522.0, 3500, 2600, 113),
(323.1776509999909, 1898, 522.0, 3500, 2600, 114),
(323.2274610000022, 1899, 522.0, 3500, 2600, 115),
(323.2680049999908, 1900, 522.0, 3500, 2600, 116),
(323.3109519999998, 1901, 522.0, 3500, 2600, 117),
(323.35284500000125, 1902, 522.0, 3500, 2600, 118),
(323.3906350000034, 1903, 522.0, 3500, 2600, 119),
(323.43438399999286, 1904, 522.0, 3500, 2600, 120),
(323.4730889999919, 1905, 522.0, 3500, 2600, 121),
(323.51407199999085, 1906, 522.0, 3500, 2600, 122),
(323.55048999999417, 1907, 522.0, 3500, 2600, 123),
(323.59136099999887, 1908, 522.0, 3500, 2600, 124),
(323.64158199999656, 1909, 522.0, 3500, 2600, 125),
(323.6897319999989, 1910, 522.0, 3500, 2600, 126),
(323.7303519999987, 1911, 522.0, 3500, 2600, 127),
(323.7722550000035, 1912, 522.0, 3500, 2600, 128),
(323.81657599999744, 1913, 522.0, 3500, 2600, 129),
(323.8580459999939, 1914, 522.0, 3500, 2600, 130),
(323.90134399999806, 1915, 522.0, 3500, 2600, 131),
(323.95068500000343, 1916, 522.0, 3500, 2600, 132),
(323.98719299999357, 1917, 522.0, 3500, 2600, 133),
(324.0302470000024, 1918, 522.0, 3500, 2600, 134),
(324.07460900000297, 1919, 522.0, 3500, 2600, 135),
(324.1210080000019, 1920, 522.0, 3500, 2600, 136),
(324.1702970000042, 1921, 522.0, 3500, 2600, 137),
(324.214982999998, 1922, 522.0, 3500, 2600, 138),
(324.25866099999985, 1923, 522.0, 3500, 2600, 139),
(324.30028300000413, 1924, 522.0, 3500, 2600, 140),
(324.35032699999283, 1925, 522.0, 3500, 2600, 141),
(324.3934239999944, 1926, 522.0, 3500, 2600, 142),
(324.4546160000027, 1927, 522.0, 3500, 2600, 143),
(324.5035349999962, 1928, 522.0, 3500, 2600, 144),
(324.5555999999924, 1929, 522.0, 3500, 2600, 145),
(324.6012599999958, 1930, 522.0, 3500, 2600, 146),
(324.64709199999925, 1931, 522.0, 3500, 2600, 147),
(324.69131599999673, 1932, 522.0, 3500, 2600, 148),
(324.736659999995, 1933, 522.0, 3500, 2600, 149),
(324.78493900000467, 1934, 522.0, 3500, 2600, 150),
(324.8339200000046, 1935, 522.0, 3500, 2600, 151),
(324.8857319999952, 1936, 522.0, 3500, 2600, 152),
(324.9231219999929, 1937, 522.0, 3500, 2700, 112),
(324.9637039999943, 1938, 522.0, 3500, 2700, 113),
(325.0010320000001, 1939, 522.0, 3500, 2700, 114),
(325.0432290000026, 1940, 522.0, 3500, 2700, 115),
(325.0855819999997, 1941, 522.0, 3500, 2700, 116),
(325.13131499999145, 1942, 522.0, 3500, 2700, 117),
(325.17456200000015, 1943, 522.0, 3500, 2700, 118),
(325.2180079999962, 1944, 522.0, 3500, 2700, 119),
(325.2617869999958, 1945, 522.0, 3500, 2700, 120),
(325.3060509999923, 1946, 522.0, 3500, 2700, 121),
(325.3477249999996, 1947, 522.0, 3500, 2700, 122),
(325.3958649999986, 1948, 522.0, 3500, 2700, 123),
(325.4406250000029, 1949, 522.0, 3500, 2700, 124),
(325.48392899999453, 1950, 522.0, 3500, 2700, 125),
(325.52649499999825, 1951, 522.0, 3500, 2700, 126),
(325.57443399999465, 1952, 522.0, 3500, 2700, 127),
(325.6232389999932, 1953, 522.0, 3500, 2700, 128),
(325.6682770000043, 1954, 522.0, 3500, 2700, 129),
(325.7149639999989, 1955, 522.0, 3500, 2700, 130),
(325.75431299999764, 1956, 522.0, 3500, 2700, 131),
(325.79870899999514, 1957, 522.0, 3500, 2700, 132),
(325.84234799999103, 1958, 522.0, 3500, 2700, 133),
(325.88526899999124, 1959, 522.0, 3500, 2700, 134),
(325.9294510000036, 1960, 522.0, 3500, 2700, 135),
(325.9810129999969, 1961, 522.0, 3500, 2700, 136),
(326.02249499999743, 1962, 522.0, 3500, 2700, 137),
(326.0679600000003, 1963, 522.0, 3500, 2700, 138),
(326.11382199999935, 1964, 522.0, 3500, 2700, 139),
(326.1513799999957, 1965, 522.0, 3500, 2700, 140),
(326.19672100000025, 1966, 522.0, 3500, 2700, 141),
(326.24938799999654, 1967, 522.0, 3500, 2700, 142),
(326.29543299999204, 1968, 522.0, 3500, 2700, 143),
(326.34149900000193, 1969, 522.0, 3500, 2700, 144),
(326.38573399999586, 1970, 522.0, 3500, 2700, 145),
(326.4296069999982, 1971, 522.0, 3500, 2700, 146),
(326.4734279999975, 1972, 522.0, 3500, 2700, 147),
(326.51590399999986, 1973, 522.0, 3500, 2700, 148),
(326.5553260000015, 1974, 522.0, 3500, 2700, 149),
(326.6019629999937, 1975, 522.0, 3500, 2700, 150),
(326.64293099999486, 1976, 522.0, 3500, 2700, 151),
(326.69177799999306, 1977, 522.0, 3500, 2700, 152),
(326.7431379999907, 1978, 522.0, 3500, 2700, 113),
(326.7868710000039, 1979, 522.0, 3500, 2700, 114),
(326.8338419999927, 1980, 522.0, 3500, 2700, 115),
(326.87868799999706, 1981, 522.0, 3500, 2700, 116),
(326.93500899999344, 1982, 522.0, 3500, 2700, 117),
(326.97478799999226, 1983, 522.0, 3500, 2700, 118),
(327.0215409999946, 1984, 522.0, 3500, 2700, 119),
(327.0720100000035, 1985, 522.0, 3500, 2700, 120),
(327.11557999999786, 1986, 522.0, 3500, 2700, 121),
(327.1696229999943, 1987, 522.0, 3500, 2700, 122),
(327.2154690000025, 1988, 522.0, 3500, 2700, 123),
(327.2559539999929, 1989, 522.0, 3500, 2700, 124),
(327.3049949999986, 1990, 522.0, 3500, 2700, 125),
(327.3460459999915, 1991, 522.0, 3500, 2700, 126),
(327.38680900000327, 1992, 522.0, 3500, 2700, 127),
(327.4321029999992, 1993, 522.0, 3500, 2700, 128),
(327.4770600000047, 1994, 522.0, 3500, 2700, 129),
(327.5198079999973, 1995, 522.0, 3500, 2700, 130),
(327.57352099999844, 1996, 522.0, 3500, 2700, 131),
(327.62140000000363, 1997, 522.0, 3500, 2700, 132),
(327.67128599999705, 1998, 522.0, 3500, 2700, 133),
(327.7156019999966, 1999, 522.0, 3500, 2700, 134),
(327.7567909999925, 2000, 522.0, 3500, 2700, 135),
(327.80757900000026, 2001, 522.0, 3500, 2700, 136),
(327.84717799999635, 2002, 522.0, 3500, 2700, 137),
(327.8908759999904, 2003, 522.0, 3500, 2700, 138),
(327.9440340000001, 2004, 522.0, 3500, 2700, 139),
(327.9890349999914, 2005, 522.0, 3500, 2700, 140),
(328.03699100000085, 2006, 522.0, 3500, 2700, 141),
(328.0826149999921, 2007, 522.0, 3500, 2700, 142),
(328.13485899999796, 2008, 522.0, 3500, 2700, 143),
(328.1826989999972, 2009, 522.0, 3500, 2700, 144),
(328.2262550000014, 2010, 522.0, 3500, 2700, 145),
(328.2739409999922, 2011, 522.0, 3500, 2700, 146),
(328.31567499999073, 2012, 522.0, 3500, 2700, 147),
(328.36426099999517, 2013, 522.0, 3500, 2700, 148),
(328.4102739999944, 2014, 522.0, 3500, 2700, 149),
(328.45169899999746, 2015, 522.0, 3500, 2700, 150),
(328.4962769999984, 2016, 522.0, 3500, 2700, 151),
(328.5460999999923, 2017, 522.0, 3500, 2700, 152),
(328.5874780000013, 2018, 522.0, 3500, 2700, 113),
(328.63609699999506, 2019, 522.0, 3500, 2700, 114),
(328.6766649999918, 2020, 522.0, 3500, 2700, 115),
(328.7176880000043, 2021, 522.0, 3500, 2700, 116),
(328.7623170000006, 2022, 522.0, 3500, 2700, 117),
(328.8069569999934, 2023, 522.0, 3500, 2700, 118),
(328.8492450000049, 2024, 522.0, 3500, 2700, 119),
(328.8917209999927, 2025, 522.0, 3500, 2700, 120),
(328.933017000003, 2026, 522.0, 3500, 2700, 121),
(328.9826780000003, 2027, 522.0, 3500, 2700, 122),
(329.02520799999184, 2028, 522.0, 3500, 2700, 123),
(329.07138100000157, 2029, 522.0, 3500, 2700, 124),
(329.12407199999143, 2030, 522.0, 3500, 2700, 125),
(329.1695000000036, 2031, 522.0, 3500, 2700, 126),
(329.21504500000447, 2032, 522.0, 3500, 2700, 127),
(329.25079799999367, 2033, 522.0, 3500, 2700, 128),
(329.29682799999136, 2034, 522.0, 3500, 2700, 129),
(329.34911199999624, 2035, 522.0, 3500, 2700, 130),
(329.391644000003, 2036, 522.0, 3500, 2700, 131),
(329.43305799999507, 2037, 522.0, 3500, 2700, 132),
(329.47754500000156, 2038, 522.0, 3500, 2700, 133),
(329.5237369999959, 2039, 522.0, 3500, 2700, 134),
(329.58328900000197, 2040, 522.0, 3500, 2700, 135),
(329.62758400000166, 2041, 522.0, 3500, 2700, 136),
(329.66714199999114, 2042, 522.0, 3500, 2700, 137),
(329.71136800000386, 2043, 522.0, 3500, 2700, 138),
(329.75111599999946, 2044, 522.0, 3500, 2700, 139),
(329.79120399999374, 2045, 522.0, 3500, 2700, 140),
(329.8349940000044, 2046, 522.0, 3500, 2700, 141),
(329.88246999999683, 2047, 522.0, 3500, 2700, 142),
(329.9268060000031, 2048, 522.0, 3500, 2700, 143),
(329.9833389999985, 2049, 522.0, 3500, 2700, 144),
(330.02901099999144, 2050, 522.0, 3500, 2700, 145),
(330.0676999999996, 2051, 522.0, 3500, 2700, 146),
(330.10747499999707, 2052, 522.0, 3500, 2700, 147),
(330.1456559999933, 2053, 522.0, 3500, 2700, 148),
(330.19570899999235, 2054, 522.0, 3500, 2700, 149),
(330.2613699999929, 2055, 522.0, 3500, 2700, 150),
(330.3013590000046, 2056, 522.0, 3500, 2700, 151),
(330.34475499999826, 2057, 522.0, 3500, 2700, 152),
(330.39263899999787, 2058, 522.0, 3500, 2800, 112),
(330.43314100000134, 2059, 522.0, 3500, 2800, 113),
(330.4801829999924, 2060, 522.0, 3500, 2800, 114),
(330.52439700000104, 2061, 522.0, 3500, 2800, 115),
(330.56777700000384, 2062, 522.0, 3500, 2800, 116),
(330.6118909999932, 2063, 522.0, 3500, 2800, 117),
(330.6570090000023, 2064, 522.0, 3500, 2800, 118),
(330.7098049999913, 2065, 522.0, 3500, 2800, 119),
(330.7585299999919, 2066, 522.0, 3500, 2800, 120),
(330.80242399999406, 2067, 522.0, 3500, 2800, 121),
(330.8481749999919, 2068, 522.0, 3500, 2800, 122),
(330.8946949999954, 2069, 522.0, 3500, 2800, 123),
(330.94809499999974, 2070, 522.0, 3500, 2800, 124),
(330.9904899999965, 2071, 522.0, 3500, 2800, 125),
(331.02796799999487, 2072, 522.0, 3500, 2800, 126),
(331.0693969999993, 2073, 522.0, 3500, 2800, 127),
(331.116440999991, 2074, 522.0, 3500, 2800, 128),
(331.163274999999, 2075, 522.0, 3500, 2800, 129),
(331.2063610000041, 2076, 522.0, 3500, 2800, 130),
(331.2508680000028, 2077, 522.0, 3500, 2800, 131),
(331.29152800000156, 2078, 522.0, 3500, 2800, 132),
(331.33490000000165, 2079, 522.0, 3500, 2800, 133),
(331.38448100000096, 2080, 522.0, 3500, 2800, 134),
(331.4348409999948, 2081, 522.0, 3500, 2800, 135),
(331.47594099999696, 2082, 522.0, 3500, 2800, 136),
(331.5247329999984, 2083, 522.0, 3500, 2800, 137),
(331.56652100000065, 2084, 522.0, 3500, 2800, 138),
(331.6154589999933, 2085, 522.0, 3500, 2800, 139),
(331.6640289999923, 2086, 522.0, 3500, 2800, 140),
(331.7048930000019, 2087, 522.0, 3500, 2800, 141),
(331.7525949999981, 2088, 522.0, 3500, 2800, 142),
(331.80104500000016, 2089, 522.0, 3500, 2800, 143),
(331.83813399999053, 2090, 522.0, 3500, 2800, 144),
(331.8902720000042, 2091, 522.0, 3500, 2800, 145),
(331.9332880000002, 2092, 522.0, 3500, 2800, 146),
(331.9763549999916, 2093, 522.0, 3500, 2800, 147),
(332.017194, 2094, 522.0, 3500, 2800, 148),
(332.0609439999971, 2095, 522.0, 3500, 2800, 149),
(332.1016660000023, 2096, 522.0, 3500, 2800, 150),
(332.1443339999969, 2097, 522.0, 3500, 2800, 151),
(332.18780899999547, 2098, 522.0, 3500, 2800, 152),
(332.24715599999763, 2099, 522.0, 3500, 2800, 113),
(332.28887599999143, 2100, 522.0, 3500, 2800, 114),
(332.3302929999918, 2101, 522.0, 3500, 2800, 115),
(332.3701949999959, 2102, 522.0, 3500, 2800, 116),
(332.41207099999883, 2103, 522.0, 3500, 2800, 117),
(332.455329000004, 2104, 522.0, 3500, 2800, 118),
(332.50055499999144, 2105, 522.0, 3500, 2800, 119),
(332.53943699999945, 2106, 522.0, 3500, 2800, 120),
(332.58308299999044, 2107, 522.0, 3500, 2800, 121),
(332.6246350000001, 2108, 522.0, 3500, 2800, 122),
(332.66520299999684, 2109, 522.0, 3500, 2800, 123),
(332.70723099999304, 2110, 522.0, 3500, 2800, 124),
(332.7487790000014, 2111, 522.0, 3500, 2800, 125),
(332.7966960000049, 2112, 522.0, 3500, 2800, 126),
(332.8432179999945, 2113, 522.0, 3500, 2800, 127),
(332.8842650000006, 2114, 522.0, 3500, 2800, 128),
(332.92860400000063, 2115, 522.0, 3500, 2800, 129),
(332.9733600000036, 2116, 522.0, 3500, 2800, 130),
(333.0155090000044, 2117, 522.0, 3500, 2800, 131),
(333.06205199999386, 2118, 522.0, 3500, 2800, 132),
(333.1071329999977, 2119, 522.0, 3500, 2800, 133),
(333.1485870000033, 2120, 522.0, 3500, 2800, 134),
(333.1989420000027, 2121, 522.0, 3500, 2800, 135),
(333.24754699999176, 2122, 522.0, 3500, 2800, 136),
(333.2980399999942, 2123, 522.0, 3500, 2800, 137),
(333.34447899999213, 2124, 522.0, 3500, 2800, 138),
(333.38606399999117, 2125, 522.0, 3500, 2800, 139),
(333.43786700000055, 2126, 522.0, 3500, 2800, 140),
(333.4855269999971, 2127, 522.0, 3500, 2800, 141),
(333.53676099999575, 2128, 522.0, 3500, 2800, 142),
(333.58125299999665, 2129, 522.0, 3500, 2800, 143),
(333.62772499999846, 2130, 522.0, 3500, 2800, 144),
(333.66974699999264, 2131, 522.0, 3500, 2800, 145),
(333.70962999999756, 2132, 522.0, 3500, 2800, 146),
(333.7647500000021, 2133, 522.0, 3500, 2800, 147),
(333.80949800000235, 2134, 522.0, 3500, 2800, 148),
(333.85451900000044, 2135, 522.0, 3500, 2800, 149),
(333.8985160000011, 2136, 522.0, 3500, 2800, 150),
(333.9465729999938, 2137, 522.0, 3500, 2800, 151),
(333.985256999993, 2138, 522.0, 3500, 2800, 152),
(334.0263449999911, 2139, 522.0, 3500, 2800, 113),
(334.0697930000024, 2140, 522.0, 3500, 2800, 114),
(334.10704999999143, 2141, 522.0, 3500, 2800, 115),
(334.1481130000029, 2142, 522.0, 3500, 2800, 116),
(334.1961500000034, 2143, 522.0, 3500, 2800, 117),
(334.23616400000174, 2144, 522.0, 3500, 2800, 118),
(334.28388200000336, 2145, 522.0, 3500, 2800, 119),
(334.33198899999843, 2146, 522.0, 3500, 2800, 120),
(334.374736999991, 2147, 522.0, 3500, 2800, 121),
(334.42410499999824, 2148, 522.0, 3500, 2800, 122),
(334.4698470000003, 2149, 522.0, 3500, 2800, 123),
(334.51165899999614, 2150, 522.0, 3500, 2800, 124),
(334.55465900000127, 2151, 522.0, 3500, 2800, 125),
(334.6025260000024, 2152, 522.0, 3500, 2800, 126),
(334.658156999998, 2153, 522.0, 3500, 2800, 127),
(334.7006679999904, 2154, 522.0, 3500, 2800, 128),
(334.74718399999256, 2155, 522.0, 3500, 2800, 129),
(334.8019629999908, 2156, 522.0, 3500, 2800, 130),
(334.8491379999905, 2157, 522.0, 3500, 2800, 131),
(334.8922869999951, 2158, 522.0, 3500, 2800, 132),
(334.93486100000155, 2159, 522.0, 3500, 2800, 133),
(334.9744939999946, 2160, 522.0, 3500, 2800, 134),
(335.01299299999664, 2161, 522.0, 3500, 2800, 135),
(335.05444599999464, 2162, 522.0, 3500, 2800, 136),
(335.09470200000214, 2163, 522.0, 3500, 2800, 137),
(335.13497800000187, 2164, 522.0, 3500, 2800, 138),
(335.1745169999922, 2165, 522.0, 3500, 2800, 139),
(335.2248560000007, 2166, 522.0, 3500, 2800, 140),
(335.26621400000295, 2167, 522.0, 3500, 2800, 141),
(335.30641099999775, 2168, 522.0, 3500, 2800, 142),
(335.36438699999417, 2169, 522.0, 3500, 2800, 143),
(335.411374000003, 2170, 522.0, 3500, 2800, 144),
(335.4504639999941, 2171, 522.0, 3500, 2800, 145),
(335.49506099999417, 2172, 522.0, 3500, 2800, 146),
(335.5401259999926, 2173, 522.0, 3500, 2800, 147),
(335.5953230000014, 2174, 522.0, 3500, 2800, 148),
(335.6520109999983, 2175, 522.0, 3500, 2800, 149),
(335.69427999999607, 2176, 522.0, 3500, 2800, 150),
(335.7416399999929, 2177, 522.0, 3500, 2800, 151),
(335.79482100000314, 2178, 522.0, 3500, 2800, 152),
(335.8402519999945, 2179, 522.0, 3500, 2900, 112),
(335.88791199999105, 2180, 522.0, 3500, 2900, 113),
(335.9307509999926, 2181, 522.0, 3500, 2900, 114),
(335.97165900000255, 2182, 522.0, 3500, 2900, 115),
(336.02341599999636, 2183, 522.0, 3500, 2900, 116),
(336.06670199999644, 2184, 522.0, 3500, 2900, 117),
(336.1092340000032, 2185, 522.0, 3500, 2900, 118),
(336.1551380000019, 2186, 522.0, 3500, 2900, 119),
(336.2023559999943, 2187, 522.0, 3500, 2900, 120),
(336.24304600000323, 2188, 522.0, 3500, 2900, 121),
(336.2886839999992, 2189, 522.0, 3500, 2900, 122),
(336.3287249999994, 2190, 522.0, 3500, 2900, 123),
(336.3735080000042, 2191, 522.0, 3500, 2900, 124),
(336.41725099999167, 2192, 522.0, 3500, 2900, 125),
(336.46522800000093, 2193, 522.0, 3500, 2900, 126),
(336.5044859999907, 2194, 522.0, 3500, 2900, 127),
(336.55005799999344, 2195, 522.0, 3500, 2900, 128),
(336.5948389999976, 2196, 522.0, 3500, 2900, 129),
(336.65050400000473, 2197, 522.0, 3500, 2900, 130),
(336.6917669999966, 2198, 522.0, 3500, 2900, 131),
(336.7377659999911, 2199, 522.0, 3500, 2900, 132),
(336.7812089999934, 2200, 522.0, 3500, 2900, 133),
(336.8196590000007, 2201, 522.0, 3500, 2900, 134),
(336.8664679999929, 2202, 522.0, 3500, 2900, 135),
(336.91187199999695, 2203, 522.0, 3500, 2900, 136),
(336.96574699999474, 2204, 522.0, 3500, 2900, 137),
(337.0069430000003, 2205, 522.0, 3500, 2900, 138),
(337.04725899999903, 2206, 522.0, 3500, 2900, 139),
(337.0921240000025, 2207, 522.0, 3500, 2900, 140),
(337.13801700000477, 2208, 522.0, 3500, 2900, 141),
(337.1937900000048, 2209, 522.0, 3500, 2900, 142),
(337.2353529999964, 2210, 522.0, 3500, 2900, 143),
(337.28518999999505, 2211, 522.0, 3500, 2900, 144),
(337.3297440000024, 2212, 522.0, 3500, 2900, 145),
(337.3707209999993, 2213, 522.0, 3500, 2900, 146),
(337.41816400000243, 2214, 522.0, 3500, 2900, 147),
(337.46553099999437, 2215, 522.0, 3500, 2900, 148),
(337.5125299999927, 2216, 522.0, 3500, 2900, 149),
(337.5564400000003, 2217, 522.0, 3500, 2900, 150),
(337.59941799999797, 2218, 522.0, 3500, 2900, 151),
(337.6397419999994, 2219, 522.0, 3500, 2900, 152),
(337.6858659999998, 2220, 522.0, 3500, 2900, 113),
(337.728357999993, 2221, 522.0, 3500, 2900, 114),
(337.76959699999134, 2222, 522.0, 3500, 2900, 115),
(337.8129879999906, 2223, 522.0, 3500, 2900, 116),
(337.8563989999966, 2224, 522.0, 3500, 2900, 117),
(337.90388299999177, 2225, 522.0, 3500, 2900, 118),
(337.94550499999605, 2226, 522.0, 3500, 2900, 119),
(337.9898569999932, 2227, 522.0, 3500, 2900, 120),
(338.0308359999908, 2228, 522.0, 3500, 2900, 121),
(338.0799019999977, 2229, 522.0, 3500, 2900, 122),
(338.13106099999277, 2230, 522.0, 3500, 2900, 123),
(338.1717659999995, 2231, 522.0, 3500, 2900, 124),
(338.2174989999912, 2232, 522.0, 3500, 2900, 125),
(338.2618430000002, 2233, 522.0, 3500, 2900, 126),
(338.3065649999917, 2234, 522.0, 3500, 2900, 127),
(338.351622999995, 2235, 522.0, 3500, 2900, 128),
(338.3971940000047, 2236, 522.0, 3500, 2900, 129),
(338.43800300000294, 2237, 522.0, 3500, 2900, 130),
(338.48225000000093, 2238, 522.0, 3500, 2900, 131),
(338.52576799999224, 2239, 522.0, 3500, 2900, 132),
(338.57205099999555, 2240, 522.0, 3500, 2900, 133),
(338.61563699999533, 2241, 522.0, 3500, 2900, 134),
(338.6667359999992, 2242, 522.0, 3500, 2900, 135),
(338.70730300000287, 2243, 522.0, 3500, 2900, 136),
(338.756905000002, 2244, 522.0, 3500, 2900, 137),
(338.8044799999916, 2245, 522.0, 3500, 2900, 138),
(338.8525399999926, 2246, 522.0, 3500, 2900, 139),
(338.8932649999915, 2247, 522.0, 3500, 2900, 140),
(338.93448100000387, 2248, 522.0, 3500, 2900, 141),
(338.976748999994, 2249, 522.0, 3500, 2900, 142),
(339.0233040000021, 2250, 522.0, 3500, 2900, 143),
(339.0679749999981, 2251, 522.0, 3500, 2900, 144),
(339.10920700000133, 2252, 522.0, 3500, 2900, 145),
(339.149476999999, 2253, 522.0, 3500, 2900, 146),
(339.19472600000154, 2254, 522.0, 3500, 2900, 147),
(339.2375900000043, 2255, 522.0, 3500, 2900, 148),
(339.2842649999948, 2256, 522.0, 3500, 2900, 149),
(339.32861100000446, 2257, 522.0, 3500, 2900, 150),
(339.3735299999971, 2258, 522.0, 3500, 2900, 151),
(339.41876699999557, 2259, 522.0, 3500, 2900, 152),
(339.47047299999394, 2260, 522.0, 3500, 2900, 113),
(339.51618099999905, 2261, 522.0, 3500, 2900, 114),
(339.55496900000435, 2262, 522.0, 3500, 2900, 115),
(339.59883499999705, 2263, 522.0, 3500, 2900, 116),
(339.6403879999998, 2264, 522.0, 3500, 2900, 117),
(339.68714900000487, 2265, 522.0, 3500, 2900, 118),
(339.73725099999865, 2266, 522.0, 3500, 2900, 119),
(339.7821859999967, 2267, 522.0, 3500, 2900, 120),
(339.8263869999937, 2268, 522.0, 3500, 2900, 121),
(339.8710710000014, 2269, 522.0, 3500, 2900, 122),
(339.91567800000485, 2270, 522.0, 3500, 2900, 123),
(339.95648199999414, 2271, 522.0, 3500, 2900, 124),
(339.99978199999896, 2272, 522.0, 3500, 2900, 125),
(340.03971899999306, 2273, 522.0, 3500, 2900, 126),
(340.0832640000008, 2274, 522.0, 3500, 2900, 127),
(340.12620299999253, 2275, 522.0, 3500, 2900, 128),
(340.1729329999944, 2276, 522.0, 3500, 2900, 129),
(340.2103849999985, 2277, 522.0, 3500, 2900, 130),
(340.25000400000135, 2278, 522.0, 3500, 2900, 131),
(340.29744700000447, 2279, 522.0, 3500, 2900, 132),
(340.3422839999985, 2280, 522.0, 3500, 2900, 133),
(340.3906960000022, 2281, 522.0, 3500, 2900, 134),
(340.44242900000245, 2282, 522.0, 3500, 2900, 135),
(340.5018229999987, 2283, 522.0, 3500, 2900, 136),
(340.5423109999974, 2284, 522.0, 3500, 2900, 137),
(340.58936600000015, 2285, 522.0, 3500, 2900, 138),
(340.64280800000415, 2286, 522.0, 3500, 2900, 139),
(340.6903769999917, 2287, 522.0, 3500, 2900, 140),
(340.7477409999992, 2288, 522.0, 3500, 2900, 141),
(340.790175999995, 2289, 522.0, 3500, 2900, 142),
(340.8364239999937, 2290, 522.0, 3500, 2900, 143),
(340.8813280000031, 2291, 522.0, 3500, 2900, 144),
(340.9266320000024, 2292, 522.0, 3500, 2900, 145),
(340.9787459999934, 2293, 522.0, 3500, 2900, 146),
(341.023841000002, 2294, 522.0, 3500, 2900, 147),
(341.0693949999986, 2295, 522.0, 3500, 2900, 148),
(341.10664699999325, 2296, 522.0, 3500, 2900, 149),
(341.14499899999646, 2297, 522.0, 3500, 2900, 150),
(341.19192199999816, 2298, 522.0, 3500, 2900, 151),
(341.24242799999774, 2299, 522.0, 3500, 2900, 152),
(341.2847780000011, 2300, 522.0, 3500, 3000, 112),
(341.33361899999727, 2301, 522.0, 3500, 3000, 113),
(341.3766239999968, 2302, 522.0, 3500, 3000, 114),
(341.42503299999225, 2303, 522.0, 3500, 3000, 115),
(341.471280999991, 2304, 522.0, 3500, 3000, 116),
(341.5142990000022, 2305, 522.0, 3500, 3000, 117),
(341.5554919999995, 2306, 522.0, 3500, 3000, 118),
(341.6049939999939, 2307, 522.0, 3500, 3000, 119),
(341.6487380000035, 2308, 522.0, 3500, 3000, 120),
(341.693975999995, 2309, 522.0, 3500, 3000, 121),
(341.75025800000003, 2310, 522.0, 3500, 3000, 122),
(341.79216799999995, 2311, 522.0, 3500, 3000, 123),
(341.8376750000025, 2312, 522.0, 3500, 3000, 124),
(341.88392100000056, 2313, 522.0, 3500, 3000, 125),
(341.922968999992, 2314, 522.0, 3500, 3000, 126),
(341.967175999991, 2315, 522.0, 3500, 3000, 127),
(342.0095980000042, 2316, 522.0, 3500, 3000, 128),
(342.0510879999929, 2317, 522.0, 3500, 3000, 129),
(342.09556099999463, 2318, 522.0, 3500, 3000, 130),
(342.138454999993, 2319, 522.0, 3500, 3000, 131),
(342.1819649999961, 2320, 522.0, 3500, 3000, 132),
(342.22381199999654, 2321, 522.0, 3500, 3000, 133),
(342.2714489999926, 2322, 522.0, 3500, 3000, 134),
(342.3145369999984, 2323, 522.0, 3500, 3000, 135),
(342.3573089999991, 2324, 522.0, 3500, 3000, 136),
(342.4043129999918, 2325, 522.0, 3500, 3000, 137),
(342.4536950000038, 2326, 522.0, 3500, 3000, 138),
(342.51507700000366, 2327, 522.0, 3500, 3000, 139),
(342.57256800000323, 2328, 522.0, 3500, 3000, 140),
(342.61168400000315, 2329, 522.0, 3500, 3000, 141),
(342.650244000004, 2330, 522.0, 3500, 3000, 142),
(342.6935039999953, 2331, 522.0, 3500, 3000, 143),
(342.74022599999444, 2332, 522.0, 3500, 3000, 144),
(342.7835849999974, 2333, 522.0, 3500, 3000, 145),
(342.8244390000036, 2334, 522.0, 3500, 3000, 146),
(342.86834400000225, 2335, 522.0, 3500, 3000, 147),
(342.9142980000033, 2336, 522.0, 3500, 3000, 148),
(342.9514840000047, 2337, 522.0, 3500, 3000, 149),
(342.9923819999967, 2338, 522.0, 3500, 3000, 150),
(343.03616299999703, 2339, 522.0, 3500, 3000, 151),
(343.0753129999939, 2340, 522.0, 3500, 3000, 152),
(343.12594399999944, 2341, 522.0, 3500, 3000, 113),
(343.1643829999957, 2342, 522.0, 3500, 3000, 114),
(343.22415999999794, 2343, 522.0, 3500, 3000, 115),
(343.30124899999646, 2344, 522.0, 3500, 3000, 116),
(343.3535520000005, 2345, 522.0, 3500, 3000, 117),
(343.4011820000014, 2346, 522.0, 3500, 3000, 118),
(343.44440799999575, 2347, 522.0, 3500, 3000, 119),
(343.4875239999965, 2348, 522.0, 3500, 3000, 120),
(343.53222199999436, 2349, 522.0, 3500, 3000, 121),
(343.57335500000045, 2350, 522.0, 3500, 3000, 122),
(343.61568999999145, 2351, 522.0, 3500, 3000, 123),
(343.6584920000023, 2352, 522.0, 3500, 3000, 124),
(343.7123699999938, 2353, 522.0, 3500, 3000, 125),
(343.7563359999913, 2354, 522.0, 3500, 3000, 126),
(343.7995660000015, 2355, 522.0, 3500, 3000, 127),
(343.8408849999978, 2356, 522.0, 3500, 3000, 128),
(343.8857350000035, 2357, 522.0, 3500, 3000, 129),
(343.9273350000003, 2358, 522.0, 3500, 3000, 130),
(343.974715999997, 2359, 522.0, 3500, 3000, 131),
(344.0183379999944, 2360, 522.0, 3500, 3000, 132),
(344.06535299999814, 2361, 522.0, 3500, 3000, 133),
(344.1094529999973, 2362, 522.0, 3500, 3000, 134),
(344.15445400000317, 2363, 522.0, 3500, 3000, 135),
(344.19420399999944, 2364, 522.0, 3500, 3000, 136),
(344.23470099999395, 2365, 522.0, 3500, 3000, 137),
(344.28307599999243, 2366, 522.0, 3500, 3000, 138),
(344.32992000000377, 2367, 522.0, 3500, 3000, 139),
(344.3739499999938, 2368, 522.0, 3500, 3000, 140),
(344.4256679999962, 2369, 522.0, 3500, 3000, 141),
(344.469167999996, 2370, 522.0, 3500, 3000, 142),
(344.5151970000006, 2371, 522.0, 3500, 3000, 143),
(344.55906099999265, 2372, 522.0, 3500, 3000, 144),
(344.60658399999375, 2373, 522.0, 3500, 3000, 145),
(344.6540410000016, 2374, 522.0, 3500, 3000, 146),
(344.69614600000205, 2375, 522.0, 3500, 3000, 147),
(344.7415150000015, 2376, 522.0, 3500, 3000, 148),
(344.78556799999205, 2377, 522.0, 3500, 3000, 149),
(344.8381950000039, 2378, 522.0, 3500, 3000, 150),
(344.88737100000435, 2379, 522.0, 3500, 3000, 151),
(344.9303280000022, 2380, 522.0, 3500, 3000, 152),
(344.9758120000042, 2381, 522.0, 3500, 3000, 113),
(345.02187199999753, 2382, 522.0, 3500, 3000, 114),
(345.0634989999962, 2383, 522.0, 3500, 3000, 115),
(345.1058009999979, 2384, 522.0, 3500, 3000, 116),
(345.143333, 2385, 522.0, 3500, 3000, 117),
(345.18333699999494, 2386, 522.0, 3500, 3000, 118),
(345.2228000000032, 2387, 522.0, 3500, 3000, 119),
(345.2639840000047, 2388, 522.0, 3500, 3000, 120),
(345.3043139999936, 2389, 522.0, 3500, 3000, 121),
(345.35103900000104, 2390, 522.0, 3500, 3000, 122),
(345.39474000000337, 2391, 522.0, 3500, 3000, 123),
(345.4379729999928, 2392, 522.0, 3500, 3000, 124),
(345.4848009999987, 2393, 522.0, 3500, 3000, 125),
(345.5297600000049, 2394, 522.0, 3500, 3000, 126),
(345.5755289999943, 2395, 522.0, 3500, 3000, 127),
(345.62069599999813, 2396, 522.0, 3500, 3000, 128),
(345.66276399999333, 2397, 522.0, 3500, 3000, 129),
(345.70767499999783, 2398, 522.0, 3500, 3000, 130),
(345.76256499999727, 2399, 522.0, 3500, 3000, 131),
(345.80925999999454, 2400, 522.0, 3500, 3000, 132),
(345.8658989999967, 2401, 522.0, 3500, 3000, 133),
(345.9099569999962, 2402, 522.0, 3500, 3000, 134),
(345.9548919999943, 2403, 522.0, 3500, 3000, 135),
(346.00008099999104, 2404, 522.0, 3500, 3000, 136),
(346.04287699999986, 2405, 522.0, 3500, 3000, 137),
(346.0905439999915, 2406, 522.0, 3500, 3000, 138),
(346.137155000004, 2407, 522.0, 3500, 3000, 139),
(346.1943309999915, 2408, 522.0, 3500, 3000, 140),
(346.23561599999084, 2409, 522.0, 3500, 3000, 141),
(346.2811890000012, 2410, 522.0, 3500, 3000, 142),
(346.32756799999333, 2411, 522.0, 3500, 3000, 143),
(346.3673770000023, 2412, 522.0, 3500, 3000, 144),
(346.4131289999932, 2413, 522.0, 3500, 3000, 145),
(346.4559319999971, 2414, 522.0, 3500, 3000, 146),
(346.49775899999077, 2415, 522.0, 3500, 3000, 147),
(346.54553699999815, 2416, 522.0, 3500, 3000, 148),
(346.59224600000016, 2417, 522.0, 3500, 3000, 149),
(346.6382750000048, 2418, 522.0, 3500, 3000, 150),
(346.69882599999255, 2419, 522.0, 3500, 3000, 151),
(346.7606309999974, 2420, 522.0, 3500, 3000, 152),
(346.7981679999939, 2421, 522.0, 3500, 3100, 112),
(346.84927099999913, 2422, 522.0, 3500, 3100, 113),
(346.902814999994, 2423, 522.0, 3500, 3100, 114),
(346.9570059999969, 2424, 522.0, 3500, 3100, 115),
(346.9937009999994, 2425, 522.0, 3500, 3100, 116),
(347.06327499999315, 2426, 522.0, 3500, 3100, 117),
(347.11010399999213, 2427, 522.0, 3500, 3100, 118),
(347.16528899999685, 2428, 522.0, 3500, 3100, 119),
(347.2063649999909, 2429, 522.0, 3500, 3100, 120),
(347.2495829999971, 2430, 522.0, 3500, 3100, 121),
(347.29356499999994, 2431, 522.0, 3500, 3100, 122),
(347.33593899999687, 2432, 522.0, 3500, 3100, 123),
(347.3851080000022, 2433, 522.0, 3500, 3100, 124),
(347.4273189999949, 2434, 522.0, 3500, 3100, 125),
(347.47602200000256, 2435, 522.0, 3500, 3100, 126),
(347.517147999999, 2436, 522.0, 3500, 3100, 127),
(347.55750100000296, 2437, 522.0, 3500, 3100, 128),
(347.60284399999364, 2438, 522.0, 3500, 3100, 129),
(347.6480900000024, 2439, 522.0, 3500, 3100, 130),
(347.69529899999907, 2440, 522.0, 3500, 3100, 131),
(347.7373329999973, 2441, 522.0, 3500, 3100, 132),
(347.78290799999377, 2442, 522.0, 3500, 3100, 133),
(347.82767800000147, 2443, 522.0, 3500, 3100, 134),
(347.87113699999463, 2444, 522.0, 3500, 3100, 135),
(347.91581799999403, 2445, 522.0, 3500, 3100, 136),
(347.96303099999204, 2446, 522.0, 3500, 3100, 137),
(348.0091299999913, 2447, 522.0, 3500, 3100, 138),
(348.05278199999884, 2448, 522.0, 3500, 3100, 139),
(348.0951400000049, 2449, 522.0, 3500, 3100, 140),
(348.1345849999925, 2450, 522.0, 3500, 3100, 141),
(348.18556199999875, 2451, 522.0, 3500, 3100, 142),
(348.23265900000115, 2452, 522.0, 3500, 3100, 143),
(348.2737699999998, 2453, 522.0, 3500, 3100, 144),
(348.32792399999744, 2454, 522.0, 3500, 3100, 145),
(348.3857480000006, 2455, 522.0, 3500, 3100, 146),
(348.43444899999304, 2456, 522.0, 3500, 3100, 147),
(348.4769779999915, 2457, 522.0, 3500, 3100, 148),
(348.52362799999537, 2458, 522.0, 3500, 3100, 149),
(348.5729069999943, 2459, 522.0, 3500, 3100, 150),
(348.61539300000004, 2460, 522.0, 3500, 3100, 151),
(348.66256100000464, 2461, 522.0, 3500, 3100, 152),
(348.7072959999932, 2462, 522.0, 3500, 3100, 113),
(348.74897200000123, 2463, 522.0, 3500, 3100, 114),
(348.79488200000196, 2464, 522.0, 3500, 3100, 115),
(348.83974899999157, 2465, 522.0, 3500, 3100, 116),
(348.8874269999942, 2466, 522.0, 3500, 3100, 117),
(348.92614599999797, 2467, 522.0, 3500, 3100, 118),
(348.96942199999467, 2468, 522.0, 3500, 3100, 119),
(349.01204499999585, 2469, 522.0, 3500, 3100, 120),
(349.0544890000019, 2470, 522.0, 3500, 3100, 121),
(349.09788699999626, 2471, 522.0, 3500, 3100, 122),
(349.14817200000107, 2472, 522.0, 3500, 3100, 123),
(349.19198000000324, 2473, 522.0, 3500, 3100, 124),
(349.2353989999974, 2474, 522.0, 3500, 3100, 125),
(349.2863639999996, 2475, 522.0, 3500, 3100, 126),
(349.3448820000049, 2476, 522.0, 3500, 3100, 127),
(349.40113399999973, 2477, 522.0, 3500, 3100, 128),
(349.4400670000032, 2478, 522.0, 3500, 3100, 129),
(349.4872309999919, 2479, 522.0, 3500, 3100, 130),
(349.53145300000324, 2480, 522.0, 3500, 3100, 131),
(349.57726599999296, 2481, 522.0, 3500, 3100, 132),
(349.6289709999983, 2482, 522.0, 3500, 3100, 133),
(349.6687709999969, 2483, 522.0, 3500, 3100, 134),
(349.7169569999969, 2484, 522.0, 3500, 3100, 135),
(349.7597229999956, 2485, 522.0, 3500, 3100, 136),
(349.8005310000008, 2486, 522.0, 3500, 3100, 137),
(349.84893799999554, 2487, 522.0, 3500, 3100, 138),
(349.9046939999971, 2488, 522.0, 3500, 3100, 139),
(349.9416649999912, 2489, 522.0, 3500, 3100, 140),
(349.9881250000035, 2490, 522.0, 3500, 3100, 141),
(350.0260600000038, 2491, 522.0, 3500, 3100, 142),
(350.0643929999933, 2492, 522.0, 3500, 3100, 143),
(350.11027699999977, 2493, 522.0, 3500, 3100, 144),
(350.1576899999927, 2494, 522.0, 3500, 3100, 145),
(350.2005050000007, 2495, 522.0, 3500, 3100, 146),
(350.2427599999937, 2496, 522.0, 3500, 3100, 147),
(350.2873430000036, 2497, 522.0, 3500, 3100, 148),
(350.3342330000014, 2498, 522.0, 3500, 3100, 149),
(350.37723499999265, 2499, 522.0, 3500, 3100, 150),
(350.4276969999919, 2500, 522.0, 3500, 3100, 151),
(350.4682999999932, 2501, 522.0, 3500, 3100, 152),
(350.5136419999908, 2502, 522.0, 3500, 3100, 113),
(350.56658899999456, 2503, 522.0, 3500, 3100, 114),
(350.6149359999981, 2504, 522.0, 3500, 3100, 115),
(350.6661469999963, 2505, 522.0, 3500, 3100, 116),
(350.70847899999353, 2506, 522.0, 3500, 3100, 117),
(350.75022499999614, 2507, 522.0, 3500, 3100, 118),
(350.7902369999938, 2508, 522.0, 3500, 3100, 119),
(350.8373920000013, 2509, 522.0, 3500, 3100, 120),
(350.8882290000038, 2510, 522.0, 3500, 3100, 121),
(350.9315239999996, 2511, 522.0, 3500, 3100, 122),
(350.97325999999885, 2512, 522.0, 3500, 3100, 123),
(351.0258429999958, 2513, 522.0, 3500, 3100, 124),
(351.0636320000049, 2514, 522.0, 3500, 3100, 125),
(351.10590599999705, 2515, 522.0, 3500, 3100, 126),
(351.14785799999663, 2516, 522.0, 3500, 3100, 127),
(351.1901780000044, 2517, 522.0, 3500, 3100, 128),
(351.2468660000013, 2518, 522.0, 3500, 3100, 129),
(351.2879450000037, 2519, 522.0, 3500, 3100, 130),
(351.3292459999939, 2520, 522.0, 3500, 3100, 131),
(351.36963699999615, 2521, 522.0, 3500, 3100, 132),
(351.4144019999949, 2522, 522.0, 3500, 3100, 133),
(351.4588859999931, 2523, 522.0, 3500, 3100, 134),
(351.51544499999727, 2524, 522.0, 3500, 3100, 135),
(351.56168099999195, 2525, 522.0, 3500, 3100, 136),
(351.60305900000094, 2526, 522.0, 3500, 3100, 137),
(351.6463539999968, 2527, 522.0, 3500, 3100, 138),
(351.69079399999464, 2528, 522.0, 3500, 3100, 139),
(351.7329279999976, 2529, 522.0, 3500, 3100, 140),
(351.78539399999136, 2530, 522.0, 3500, 3100, 141),
(351.83052699999826, 2531, 522.0, 3500, 3100, 142),
(351.87378900000476, 2532, 522.0, 3500, 3100, 143),
(351.9185809999908, 2533, 522.0, 3500, 3100, 144),
(351.96755600000324, 2534, 522.0, 3500, 3100, 145),
(352.0092819999991, 2535, 522.0, 3500, 3100, 146),
(352.0564219999942, 2536, 522.0, 3500, 3100, 147),
(352.09809099999256, 2537, 522.0, 3500, 3100, 148),
(352.1332129999937, 2538, 522.0, 3500, 3100, 149),
(352.16935899999226, 2539, 522.0, 3500, 3100, 150),
(352.2092899999989, 2540, 522.0, 3500, 3100, 151),
(352.2506909999938, 2541, 522.0, 3500, 3100, 152),
(352.29343099999824, 2542, 522.0, 3500, 3200, 112),
(352.334760999991, 2543, 522.0, 3500, 3200, 113),
(352.38829799999075, 2544, 522.0, 3500, 3200, 114),
(352.4300979999971, 2545, 522.0, 3500, 3200, 115),
(352.47142699999677, 2546, 522.0, 3500, 3200, 116),
(352.517068000001, 2547, 522.0, 3500, 3200, 117),
(352.5588549999957, 2548, 522.0, 3500, 3200, 118),
(352.601450999995, 2549, 522.0, 3500, 3200, 119),
(352.64912699999695, 2550, 522.0, 3500, 3200, 120),
(352.69294900000386, 2551, 522.0, 3500, 3200, 121),
(352.7359230000002, 2552, 522.0, 3500, 3200, 122),
(352.781032999992, 2553, 522.0, 3500, 3200, 123),
(352.82935400000133, 2554, 522.0, 3500, 3200, 124),
(352.868644999995, 2555, 522.0, 3500, 3200, 125),
(352.9134059999924, 2556, 522.0, 3500, 3200, 126),
(352.963579999996, 2557, 522.0, 3500, 3200, 127),
(353.00286799999594, 2558, 522.0, 3500, 3200, 128),
(353.048066000003, 2559, 522.0, 3500, 3200, 129),
(353.08970399999816, 2560, 522.0, 3500, 3200, 130),
(353.1303829999961, 2561, 522.0, 3500, 3200, 131),
(353.17159299999184, 2562, 522.0, 3500, 3200, 132),
(353.22426899999846, 2563, 522.0, 3500, 3200, 133),
(353.2672040000034, 2564, 522.0, 3500, 3200, 134),
(353.30753799999366, 2565, 522.0, 3500, 3200, 135),
(353.3506970000017, 2566, 522.0, 3500, 3200, 136),
(353.39195299999847, 2567, 522.0, 3500, 3200, 137),
(353.43619399999443, 2568, 522.0, 3500, 3200, 138),
(353.4863299999997, 2569, 522.0, 3500, 3200, 139),
(353.5346179999906, 2570, 522.0, 3500, 3200, 140),
(353.5817070000048, 2571, 522.0, 3500, 3200, 141),
(353.62594099999114, 2572, 522.0, 3500, 3200, 142),
(353.6814960000047, 2573, 522.0, 3500, 3200, 143),
(353.72331499999564, 2574, 522.0, 3500, 3200, 144),
(353.77171299999463, 2575, 522.0, 3500, 3200, 145),
(353.8150619999942, 2576, 522.0, 3500, 3200, 146),
(353.8572290000011, 2577, 522.0, 3500, 3200, 147),
(353.90155300000333, 2578, 522.0, 3500, 3200, 148),
(353.94525199999043, 2579, 522.0, 3500, 3200, 149),
(353.98958900000434, 2580, 522.0, 3500, 3200, 150),
(354.03323400000227, 2581, 522.0, 3500, 3200, 151),
(354.08225700000185, 2582, 522.0, 3500, 3200, 152),
(354.11865899999975, 2583, 522.0, 3500, 3200, 113),
(354.1579009999987, 2584, 522.0, 3500, 3200, 114),
(354.2064870000031, 2585, 522.0, 3500, 3200, 115),
(354.24992499999644, 2586, 522.0, 3500, 3200, 116),
(354.29319199999736, 2587, 522.0, 3500, 3200, 117),
(354.3391330000013, 2588, 522.0, 3500, 3200, 118),
(354.38396900000225, 2589, 522.0, 3500, 3200, 119),
(354.4243209999986, 2590, 522.0, 3500, 3200, 120),
(354.47036500000104, 2591, 522.0, 3500, 3200, 121),
(354.5155059999961, 2592, 522.0, 3500, 3200, 122),
(354.55633999999554, 2593, 522.0, 3500, 3200, 123),
(354.6029469999921, 2594, 522.0, 3500, 3200, 124),
(354.6417999999976, 2595, 522.0, 3500, 3200, 125),
(354.68648699999903, 2596, 522.0, 3500, 3200, 126),
(354.7306299999909, 2597, 522.0, 3500, 3200, 127),
(354.7763009999908, 2598, 522.0, 3500, 3200, 128),
(354.82108199999493, 2599, 522.0, 3500, 3200, 129),
(354.8619849999959, 2600, 522.0, 3500, 3200, 130),
(354.9067789999972, 2601, 522.0, 3500, 3200, 131),
(354.95199099999445, 2602, 522.0, 3500, 3200, 132),
(355.0104449999926, 2603, 522.0, 3500, 3200, 133),
(355.06146899999294, 2604, 522.0, 3500, 3200, 134),
(355.10476200000267, 2605, 522.0, 3500, 3200, 135),
(355.1459979999927, 2606, 522.0, 3500, 3200, 136),
(355.18733699999575, 2607, 522.0, 3500, 3200, 137),
(355.22701000000234, 2608, 522.0, 3500, 3200, 138),
(355.2691179999965, 2609, 522.0, 3500, 3200, 139),
(355.3122500000027, 2610, 522.0, 3500, 3200, 140),
(355.3497919999936, 2611, 522.0, 3500, 3200, 141),
(355.39257599999837, 2612, 522.0, 3500, 3200, 142),
(355.44887700000254, 2613, 522.0, 3500, 3200, 143),
(355.4871899999998, 2614, 522.0, 3500, 3200, 144),
(355.5276190000004, 2615, 522.0, 3500, 3200, 145),
(355.5695129999949, 2616, 522.0, 3500, 3200, 146),
(355.61030200000096, 2617, 522.0, 3500, 3200, 147),
(355.647180999993, 2618, 522.0, 3500, 3200, 148),
(355.6920680000039, 2619, 522.0, 3500, 3200, 149),
(355.7313140000042, 2620, 522.0, 3500, 3200, 150),
(355.77345900000364, 2621, 522.0, 3500, 3200, 151),
(355.81130400000256, 2622, 522.0, 3500, 3200, 152),
(355.85195899999235, 2623, 522.0, 3500, 3200, 113),
(355.89952999999514, 2624, 522.0, 3500, 3200, 114),
(355.94766700000037, 2625, 522.0, 3500, 3200, 115),
(355.98817399999825, 2626, 522.0, 3500, 3200, 116),
(356.02985399999307, 2627, 522.0, 3500, 3200, 117),
(356.0720239999937, 2628, 522.0, 3500, 3200, 118),
(356.10980500000005, 2629, 522.0, 3500, 3200, 119),
(356.14758099999744, 2630, 522.0, 3500, 3200, 120),
(356.1883499999967, 2631, 522.0, 3500, 3200, 121),
(356.22922500000277, 2632, 522.0, 3500, 3200, 122),
(356.26870000000054, 2633, 522.0, 3500, 3200, 123),
(356.30999199999496, 2634, 522.0, 3500, 3200, 124),
(356.35048700000334, 2635, 522.0, 3500, 3200, 125),
(356.3960839999927, 2636, 522.0, 3500, 3200, 126),
(356.4373249999917, 2637, 522.0, 3500, 3200, 127),
(356.47781399999803, 2638, 522.0, 3500, 3200, 128),
(356.52104199999303, 2639, 522.0, 3500, 3200, 129),
(356.56869699999515, 2640, 522.0, 3500, 3200, 130),
(356.61082099999476, 2641, 522.0, 3500, 3200, 131),
(356.65875299999607, 2642, 522.0, 3500, 3200, 132),
(356.700284999999, 2643, 522.0, 3500, 3200, 133),
(356.7402809999912, 2644, 522.0, 3500, 3200, 134),
(356.7844919999916, 2645, 522.0, 3500, 3200, 135),
(356.8255990000034, 2646, 522.0, 3500, 3200, 136),
(356.87208600000304, 2647, 522.0, 3500, 3200, 137),
(356.91354599999613, 2648, 522.0, 3500, 3200, 138),
(356.95334300000104, 2649, 522.0, 3500, 3200, 139),
(356.9940959999949, 2650, 522.0, 3500, 3200, 140),
(357.0405549999996, 2651, 522.0, 3500, 3200, 141),
(357.08244499999273, 2652, 522.0, 3500, 3200, 142),
(357.12523799999326, 2653, 522.0, 3500, 3200, 143),
(357.17412100000365, 2654, 522.0, 3500, 3200, 144),
(357.21319799999765, 2655, 522.0, 3500, 3200, 145),
(357.2525089999981, 2656, 522.0, 3500, 3200, 146),
(357.2987199999916, 2657, 522.0, 3500, 3200, 147),
(357.3371279999992, 2658, 522.0, 3500, 3200, 148),
(357.3819899999944, 2659, 522.0, 3500, 3200, 149),
(357.4313350000011, 2660, 522.0, 3500, 3200, 150),
(357.4752279999957, 2661, 522.0, 3500, 3200, 151),
(357.5153949999949, 2662, 522.0, 3500, 3200, 152),
(357.5593510000035, 2663, 522.0, 3900, 2000, 112),
(357.60205800000404, 2664, 522.0, 3900, 2000, 113),
(357.6478050000005, 2665, 522.0, 3900, 2000, 114),
(357.68717900000047, 2666, 522.0, 3900, 2000, 115),
(357.7408920000016, 2667, 522.0, 3900, 2000, 116),
(357.7781019999966, 2668, 522.0, 3900, 2000, 117),
(357.82082300000184, 2669, 522.0, 3900, 2000, 118),
(357.864533999993, 2670, 522.0, 3900, 2000, 119),
(357.9194290000014, 2671, 522.0, 3900, 2000, 120),
(357.96643400000175, 2672, 522.0, 3900, 2000, 121),
(358.0107649999991, 2673, 522.0, 3900, 2000, 122),
(358.05170699999144, 2674, 522.0, 3900, 2000, 123),
(358.10062800000014, 2675, 522.0, 3900, 2000, 124),
(358.1516100000008, 2676, 522.0, 3900, 2000, 125),
(358.20508299999346, 2677, 522.0, 3900, 2000, 126),
(358.25896599999396, 2678, 522.0, 3900, 2000, 127),
(358.299755, 2679, 522.0, 3900, 2000, 128),
(358.3458879999962, 2680, 522.0, 3900, 2000, 129),
(358.399344999998, 2681, 522.0, 3900, 2000, 130),
(358.4441039999947, 2682, 522.0, 3900, 2000, 131),
(358.48935099999653, 2683, 522.0, 3900, 2000, 132),
(358.5364569999947, 2684, 522.0, 3900, 2000, 133),
(358.57900399999926, 2685, 522.0, 3900, 2000, 134),
(358.630753999998, 2686, 522.0, 3900, 2000, 135),
(358.67944900000293, 2687, 522.0, 3900, 2000, 136),
(358.7250570000033, 2688, 522.0, 3900, 2000, 137),
(358.76463399999193, 2689, 522.0, 3900, 2000, 138),
(358.8029769999994, 2690, 522.0, 3900, 2000, 139),
(358.8407569999981, 2691, 522.0, 3900, 2000, 140),
(358.88649799999257, 2692, 522.0, 3900, 2000, 141),
(358.9342699999979, 2693, 522.0, 3900, 2000, 142),
(358.9759309999936, 2694, 522.0, 3900, 2000, 143),
(359.0163509999984, 2695, 522.0, 3900, 2000, 144),
(359.06514599999355, 2696, 522.0, 3900, 2000, 145),
(359.10753999999724, 2697, 522.0, 3900, 2000, 146),
(359.15796299999056, 2698, 522.0, 3900, 2000, 147),
(359.2058149999939, 2699, 522.0, 3900, 2000, 148),
(359.2464619999955, 2700, 522.0, 3900, 2000, 149),
(359.28641499999503, 2701, 522.0, 3900, 2000, 150),
(359.33072299999185, 2702, 522.0, 3900, 2000, 151),
(359.37165699999605, 2703, 522.0, 3900, 2000, 152),
(359.4217990000034, 2704, 522.0, 3900, 2000, 113),
(359.47449900000356, 2705, 522.0, 3900, 2000, 114),
(359.5159699999931, 2706, 522.0, 3900, 2000, 115),
(359.56428399999277, 2707, 522.0, 3900, 2000, 116),
(359.61381999999867, 2708, 522.0, 3900, 2000, 117),
(359.65967900000396, 2709, 522.0, 3900, 2000, 118),
(359.70363999999245, 2710, 522.0, 3900, 2000, 119),
(359.7479139999923, 2711, 522.0, 3900, 2000, 120),
(359.79930899999454, 2712, 522.0, 3900, 2000, 121),
(359.8424859999941, 2713, 522.0, 3900, 2000, 122),
(359.89001600000483, 2714, 522.0, 3900, 2000, 123),
(359.93514299999515, 2715, 522.0, 3900, 2000, 124),
(359.9800200000027, 2716, 522.0, 3900, 2000, 125),
(360.03343999999925, 2717, 522.0, 3900, 2000, 126),
(360.0948939999944, 2718, 522.0, 3900, 2000, 127),
(360.1345599999913, 2719, 522.0, 3900, 2000, 128),
(360.1855179999984, 2720, 522.0, 3900, 2000, 129),
(360.22459099999105, 2721, 522.0, 3900, 2000, 130),
(360.26845499999763, 2722, 522.0, 3900, 2000, 131),
(360.3174650000001, 2723, 522.0, 3900, 2000, 132),
(360.3619880000042, 2724, 522.0, 3900, 2000, 133),
(360.42200199999206, 2725, 522.0, 3900, 2000, 134),
(360.46484800000326, 2726, 522.0, 3900, 2000, 135),
(360.5107239999925, 2727, 522.0, 3900, 2000, 136),
(360.5581349999993, 2728, 522.0, 3900, 2000, 137),
(360.60085600000457, 2729, 522.0, 3900, 2000, 138),
(360.649099000002, 2730, 522.0, 3900, 2000, 139),
(360.69034400000237, 2731, 522.0, 3900, 2000, 140),
(360.7410879999952, 2732, 522.0, 3900, 2000, 141),
(360.7765519999957, 2733, 522.0, 3900, 2000, 142),
(360.81325500000094, 2734, 522.0, 3900, 2000, 143),
(360.8614180000004, 2735, 522.0, 3900, 2000, 144),
(360.90661399999226, 2736, 522.0, 3900, 2000, 145),
(360.95365599999786, 2737, 522.0, 3900, 2000, 146),
(360.9934760000033, 2738, 522.0, 3900, 2000, 147),
(361.037639999995, 2739, 522.0, 3900, 2000, 148),
(361.07898599999317, 2740, 522.0, 3900, 2000, 149),
(361.1255390000006, 2741, 522.0, 3900, 2000, 150),
(361.17118499999924, 2742, 522.0, 3900, 2000, 151),
(361.20990200000233, 2743, 522.0, 3900, 2000, 152),
(361.2523530000035, 2744, 522.0, 3900, 2000, 113),
(361.3033699999942, 2745, 522.0, 3900, 2000, 114),
(361.3445950000023, 2746, 522.0, 3900, 2000, 115),
(361.39429699999164, 2747, 522.0, 3900, 2000, 116),
(361.4394029999967, 2748, 522.0, 3900, 2000, 117),
(361.48819599999115, 2749, 522.0, 3900, 2000, 118),
(361.5380489999952, 2750, 522.0, 3900, 2000, 119),
(361.58701499999734, 2751, 522.0, 3900, 2000, 120),
(361.6280640000041, 2752, 522.0, 3900, 2000, 121),
(361.67421299999114, 2753, 522.0, 3900, 2000, 122),
(361.72882099999697, 2754, 522.0, 3900, 2000, 123),
(361.7834120000043, 2755, 522.0, 3900, 2000, 124),
(361.8274559999991, 2756, 522.0, 3900, 2000, 125),
(361.87528100000054, 2757, 522.0, 3900, 2000, 126),
(361.92787800000224, 2758, 522.0, 3900, 2000, 127),
(361.9726720000035, 2759, 522.0, 3900, 2000, 128),
(362.0165249999991, 2760, 522.0, 3900, 2000, 129),
(362.05779999999504, 2761, 522.0, 3900, 2000, 130),
(362.10623099999793, 2762, 522.0, 3900, 2000, 131),
(362.15302599999995, 2763, 522.0, 3900, 2000, 132),
(362.1948919999995, 2764, 522.0, 3900, 2000, 133),
(362.23207299999194, 2765, 522.0, 3900, 2000, 134),
(362.27506600000197, 2766, 522.0, 3900, 2000, 135),
(362.32721799999126, 2767, 522.0, 3900, 2000, 136),
(362.3697719999909, 2768, 522.0, 3900, 2000, 137),
(362.41475300000457, 2769, 522.0, 3900, 2000, 138),
(362.45717900000454, 2770, 522.0, 3900, 2000, 139),
(362.4947209999955, 2771, 522.0, 3900, 2000, 140),
(362.5341289999924, 2772, 522.0, 3900, 2000, 141),
(362.57505899999524, 2773, 522.0, 3900, 2000, 142),
(362.617539999992, 2774, 522.0, 3900, 2000, 143),
(362.6582269999926, 2775, 522.0, 3900, 2000, 144),
(362.70499199999904, 2776, 522.0, 3900, 2000, 145),
(362.7509460000001, 2777, 522.0, 3900, 2000, 146),
(362.7980810000008, 2778, 522.0, 3900, 2000, 147),
(362.83923199999845, 2779, 522.0, 3900, 2000, 148),
(362.8865359999909, 2780, 522.0, 3900, 2000, 149),
(362.9277480000019, 2781, 522.0, 3900, 2000, 150),
(362.97553300000436, 2782, 522.0, 3900, 2000, 151),
(363.02669899999455, 2783, 522.0, 3900, 2000, 152),
(363.33859200000006, 2788, 519.0, 3900, 2400, 116),
(363.4449900000036, 2790, 519.0, 3900, 2400, 118),
(363.554793000003, 2792, 584.0, 3900, 2400, 120),
(371.80559200000425, 2794, 584.0, 3900, 2400, 122),
(380.1324469999963, 2796, 581.0, 3900, 2400, 124),
(388.3777459999983, 2798, 581.0, 3900, 2400, 126),
(396.6774369999912, 2800, 581.0, 3900, 2400, 128),
(405.08491700000013, 2802, 587.0, 3900, 2400, 130),
(430.5011249999952, 2828, 519.0, 3900, 2400, 116),
(430.6159259999986, 2830, 519.0, 3900, 2400, 118),
(430.72988699999405, 2832, 584.0, 3900, 2400, 120),
(439.02360800000315, 2834, 584.0, 3900, 2400, 122),
(447.38634399999864, 2838, 581.0, 3900, 2400, 126),
(455.7021669999958, 2840, 581.0, 3900, 2400, 128),
(464.0480039999966, 2842, 587.0, 3900, 2400, 130),
(489.5197899999912, 2868, 519.0, 3900, 2400, 116),
(489.6290330000047, 2870, 519.0, 3900, 2400, 118),
(489.75291599999764, 2872, 602.0, 3900, 2400, 120),
(489.86475300000166, 2874, 584.0, 3900, 2400, 122),
(498.1022809999995, 2876, 581.0, 3900, 2400, 124),
(506.4909479999915, 2878, 581.0, 3900, 2400, 126),
(514.9847040000022, 2882, 587.0, 3900, 2400, 130),
(540.4732779999904, 2909, 525.0, 3900, 2800, 116),
(540.8892829999968, 2915, 602.0, 3900, 2800, 122),
(541.0022289999906, 2917, 602.0, 3900, 2800, 124),
(541.1122939999914, 2919, 602.0, 3900, 2800, 126),
(541.2123969999957, 2921, 602.0, 3900, 2800, 128),
(541.3216529999918, 2923, 587.0, 3900, 2800, 130),
(541.624398999993, 2928, 275.0, 3900, 2800, 135),
(549.8597119999904, 2930, 275.0, 3900, 2800, 137),
(558.1296080000029, 2932, 275.0, 3900, 2800, 139),
(566.5847340000037, 2935, 522.0, 3900, 2800, 142),
(575.0238379999937, 2949, 525.0, 3900, 2800, 116),
(575.3947679999983, 2955, 602.0, 3900, 2800, 122),
(575.5082929999917, 2957, 602.0, 3900, 2800, 124),
(575.6267039999948, 2959, 602.0, 3900, 2800, 126),
(575.7410470000032, 2961, 602.0, 3900, 2800, 128),
(575.8481029999966, 2963, 587.0, 3900, 2800, 130),
(576.1527889999998, 2968, 275.0, 3900, 2800, 135),
(584.3982739999919, 2970, 275.0, 3900, 2800, 137),
(592.628463999994, 2972, 275.0, 3900, 2800, 139),
(617.1450970000005, 2989, 522.0, 3900, 2800, 116),
(617.5051319999911, 2995, 602.0, 3900, 2800, 122),
(617.6107300000003, 2997, 602.0, 3900, 2800, 124),
(617.7272499999963, 2999, 602.0, 3900, 2800, 126),
(617.839645, 3001, 602.0, 3900, 2800, 128),
(617.9418379999988, 3003, 587.0, 3900, 2800, 130),
(618.2528509999975, 3008, 275.0, 3900, 2800, 135),
(626.5187159999914, 3010, 275.0, 3900, 2800, 137),
(634.7604419999989, 3012, 275.0, 3900, 2800, 139),
(643.177503999992, 3015, 522.0, 3900, 2800, 142),
(650.8714069999987, 3017, 522.0, 3900, 2800, 144),
(650.9884190000012, 3019, 522.0, 3900, 2800, 146),
(651.1069060000009, 3021, 522.0, 3900, 2800, 148),
(659.0603279999923, 3026, 522.0, 3900, 3200, 112),
(659.1046189999906, 3027, 522.0, 3900, 3200, 113),
(659.145915000001, 3028, 522.0, 3900, 3200, 114),
(659.1964799999987, 3029, 522.0, 3900, 3200, 115),
(659.2455000000045, 3030, 522.0, 3900, 3200, 116),
(659.3001990000048, 3031, 522.0, 3900, 3200, 117),
(659.341214, 3032, 522.0, 3900, 3200, 118),
(659.3839290000033, 3033, 522.0, 3900, 3200, 119),
(659.4333360000019, 3034, 522.0, 3900, 3200, 120),
(659.4752159999916, 3035, 522.0, 3900, 3200, 121),
(659.5126400000008, 3036, 522.0, 3900, 3200, 122),
(659.5624299999909, 3037, 522.0, 3900, 3200, 123),
(659.6090120000008, 3038, 522.0, 3900, 3200, 124),
(659.6590149999975, 3039, 522.0, 3900, 3200, 125),
(659.7017879999912, 3040, 522.0, 3900, 3200, 126),
(659.7460500000016, 3041, 522.0, 3900, 3200, 127),
(659.8000820000016, 3042, 522.0, 3900, 3200, 128),
(659.8404769999906, 3043, 522.0, 3900, 3200, 129),
(659.8873359999998, 3044, 522.0, 3900, 3200, 130),
(659.9291620000004, 3045, 522.0, 3900, 3200, 131),
(659.9784709999949, 3046, 522.0, 3900, 3200, 132),
(660.0239359999978, 3047, 522.0, 3900, 3200, 133),
(660.0740359999909, 3048, 522.0, 3900, 3200, 134),
(660.1408979999978, 3049, 522.0, 3900, 3200, 135),
(660.1799299999984, 3050, 522.0, 3900, 3200, 136),
(660.2195530000026, 3051, 522.0, 3900, 3200, 137),
(660.2611319999996, 3052, 522.0, 3900, 3200, 138),
(660.3095329999924, 3053, 522.0, 3900, 3200, 139),
(660.3573529999994, 3054, 522.0, 3900, 3200, 140),
(660.4014590000006, 3055, 522.0, 3900, 3200, 141),
(660.4445379999961, 3056, 522.0, 3900, 3200, 142),
(660.4893080000038, 3057, 522.0, 3900, 3200, 143),
(660.536970000001, 3058, 522.0, 3900, 3200, 144),
(660.5884340000048, 3059, 522.0, 3900, 3200, 145),
(660.6306360000017, 3060, 522.0, 3900, 3200, 146),
(660.6831539999985, 3061, 522.0, 3900, 3200, 147),
(660.7258140000049, 3062, 522.0, 3900, 3200, 148),
(660.7721509999974, 3063, 522.0, 3900, 3200, 149),
(660.817968000003, 3064, 522.0, 3900, 3200, 150),
(660.8640809999924, 3065, 522.0, 3900, 3200, 151),
(660.9066519999906, 3066, 522.0, 3900, 3200, 152),
(660.9470659999934, 3067, 522.0, 3900, 3200, 113),
(660.9974720000027, 3068, 522.0, 3900, 3200, 114),
(661.0417210000014, 3069, 522.0, 3900, 3200, 115),
(661.0920389999956, 3070, 522.0, 3900, 3200, 116),
(661.1324509999977, 3071, 522.0, 3900, 3200, 117),
(661.1893960000016, 3072, 522.0, 3900, 3200, 118),
(661.2324789999984, 3073, 522.0, 3900, 3200, 119),
(661.2737820000038, 3074, 522.0, 3900, 3200, 120),
(661.3206340000033, 3075, 522.0, 3900, 3200, 121),
(661.3698279999953, 3076, 522.0, 3900, 3200, 122),
(661.4121900000027, 3077, 522.0, 3900, 3200, 123),
(661.4595709999994, 3078, 522.0, 3900, 3200, 124),
(661.4983959999954, 3079, 522.0, 3900, 3200, 125),
(661.5425699999905, 3080, 522.0, 3900, 3200, 126),
(661.5928520000016, 3081, 522.0, 3900, 3200, 127),
(661.633434000003, 3082, 522.0, 3900, 3200, 128),
(661.6787429999968, 3083, 522.0, 3900, 3200, 129),
(661.7246089999971, 3084, 522.0, 3900, 3200, 130),
(661.7658059999958, 3085, 522.0, 3900, 3200, 131),
(661.8099890000012, 3086, 522.0, 3900, 3200, 132),
(661.8560460000008, 3087, 522.0, 3900, 3200, 133),
(661.9031939999986, 3088, 522.0, 3900, 3200, 134),
(661.9463539999997, 3089, 522.0, 3900, 3200, 135),
(661.9974470000016, 3090, 522.0, 3900, 3200, 136),
(662.0399479999905, 3091, 522.0, 3900, 3200, 137),
(662.0878999999986, 3092, 522.0, 3900, 3200, 138),
(662.1301119999989, 3093, 522.0, 3900, 3200, 139),
(662.1705039999943, 3094, 522.0, 3900, 3200, 140),
(662.2116580000002, 3095, 522.0, 3900, 3200, 141),
(662.2619419999974, 3096, 522.0, 3900, 3200, 142),
(662.3070349999907, 3097, 522.0, 3900, 3200, 143),
(662.3515959999932, 3098, 522.0, 3900, 3200, 144),
(662.3996610000031, 3099, 522.0, 3900, 3200, 145),
(662.4424399999989, 3100, 522.0, 3900, 3200, 146),
(662.4894209999911, 3101, 522.0, 3900, 3200, 147),
(662.5303730000014, 3102, 522.0, 3900, 3200, 148),
(662.571769000002, 3103, 522.0, 3900, 3200, 149),
(662.6155399999989, 3104, 522.0, 3900, 3200, 150),
(662.6562249999988, 3105, 522.0, 3900, 3200, 151),
(662.6958319999976, 3106, 522.0, 3900, 3200, 152),
(662.7410039999959, 3107, 522.0, 3900, 3200, 113),
(662.7862159999931, 3108, 522.0, 3900, 3200, 114),
(662.8382889999921, 3109, 522.0, 3900, 3200, 115),
(662.8814029999921, 3110, 522.0, 3900, 3200, 116),
(662.9256800000003, 3111, 522.0, 3900, 3200, 117),
(662.9652119999955, 3112, 522.0, 3900, 3200, 118),
(663.0122430000047, 3113, 522.0, 3900, 3200, 119),
(663.0629269999918, 3114, 522.0, 3900, 3200, 120),
(663.110388999994, 3115, 522.0, 3900, 3200, 121),
(663.1502709999913, 3116, 522.0, 3900, 3200, 122),
(663.1902169999958, 3117, 522.0, 3900, 3200, 123),
(663.2435980000009, 3118, 522.0, 3900, 3200, 124),
(663.2893939999922, 3119, 522.0, 3900, 3200, 125),
(663.3427209999936, 3120, 522.0, 3900, 3200, 126),
(663.3850119999988, 3121, 522.0, 3900, 3200, 127),
(663.4298699999927, 3122, 522.0, 3900, 3200, 128),
(663.481587000002, 3123, 522.0, 3900, 3200, 129),
(663.5282750000042, 3124, 522.0, 3900, 3200, 130),
(663.5726250000007, 3125, 522.0, 3900, 3200, 131),
(663.6210389999906, 3126, 522.0, 3900, 3200, 132),
(663.6652079999913, 3127, 522.0, 3900, 3200, 133),
(663.7113600000012, 3128, 522.0, 3900, 3200, 134),
(663.7557369999995, 3129, 522.0, 3900, 3200, 135),
(663.8128080000024, 3130, 522.0, 3900, 3200, 136),
(663.8599329999997, 3131, 522.0, 3900, 3200, 137),
(663.9046569999919, 3132, 522.0, 3900, 3200, 138),
(663.9505349999963, 3133, 522.0, 3900, 3200, 139),
(663.9982230000023, 3134, 522.0, 3900, 3200, 140),
(664.0530739999958, 3135, 522.0, 3900, 3200, 141),
(664.0984400000016, 3136, 522.0, 3900, 3200, 142),
(664.1427359999943, 3137, 522.0, 3900, 3200, 143),
(664.1828119999991, 3138, 522.0, 3900, 3200, 144),
(664.232284999991, 3139, 522.0, 3900, 3200, 145),
(664.2770549999987, 3140, 522.0, 3900, 3200, 146),
(664.3211829999927, 3141, 522.0, 3900, 3200, 147),
(664.3619049999979, 3142, 522.0, 3900, 3200, 148),
(664.4090699999942, 3143, 522.0, 3900, 3200, 149),
(664.4551019999926, 3144, 522.0, 3900, 3200, 150),
(664.5020309999964, 3145, 522.0, 3900, 3200, 151),
(664.5466029999952, 3146, 522.0, 3900, 3200, 152),
(664.5925739999948, 3147, 532.0, 3900, 2200, 112),
(664.6402280000038, 3148, 532.0, 3900, 2200, 113),
(664.6880430000019, 3149, 532.0, 3900, 2200, 114),
(664.7314249999908, 3150, 532.0, 3900, 2200, 115),
(664.7767739999981, 3151, 532.0, 3900, 2200, 116),
(664.8227299999999, 3152, 532.0, 3900, 2200, 117),
(664.8645499999984, 3153, 532.0, 3900, 2200, 118),
(664.9198729999916, 3154, 532.0, 3900, 2200, 119),
(664.966425999999, 3155, 532.0, 3900, 2200, 120),
(665.0119180000038, 3156, 532.0, 3900, 2200, 121),
(665.0496409999905, 3157, 532.0, 3900, 2200, 122),
(665.0925489999936, 3158, 532.0, 3900, 2200, 123),
(665.1365369999985, 3159, 532.0, 3900, 2200, 124),
(665.1856269999989, 3160, 532.0, 3900, 2200, 125),
(665.2330629999924, 3161, 532.0, 3900, 2200, 126),
(665.2787240000034, 3162, 532.0, 3900, 2200, 127),
(665.3268669999961, 3163, 532.0, 3900, 2200, 128),
(665.3701069999952, 3164, 532.0, 3900, 2200, 129),
(665.4193599999999, 3165, 532.0, 3900, 2200, 130),
(665.4613339999923, 3166, 532.0, 3900, 2200, 131),
(665.5108319999999, 3167, 532.0, 3900, 2200, 132),
(665.5562039999932, 3168, 532.0, 3900, 2200, 133),
(665.6008259999944, 3169, 532.0, 3900, 2200, 134),
(665.6661179999937, 3170, 532.0, 3900, 2200, 135),
(665.7012370000011, 3171, 532.0, 3900, 2200, 136),
(665.7479069999972, 3172, 532.0, 3900, 2200, 137),
(665.7943319999904, 3173, 532.0, 3900, 2200, 138),
(665.8407069999957, 3174, 532.0, 3900, 2200, 139),
(665.8893919999973, 3175, 532.0, 3900, 2200, 140),
(665.932203999997, 3176, 532.0, 3900, 2200, 141),
(665.9732490000024, 3177, 532.0, 3900, 2200, 142),
(666.0216379999911, 3178, 532.0, 3900, 2200, 143),
(666.0710240000044, 3179, 532.0, 3900, 2200, 144),
(666.1138530000026, 3180, 532.0, 3900, 2200, 145),
(666.1731719999952, 3181, 532.0, 3900, 2200, 146),
(666.2283599999937, 3182, 532.0, 3900, 2200, 147),
(666.2703380000021, 3183, 532.0, 3900, 2200, 148),
(666.3130510000046, 3184, 532.0, 3900, 2200, 149),
(666.3624869999912, 3185, 532.0, 3900, 2200, 150),
(666.4082749999943, 3186, 532.0, 3900, 2200, 151),
(666.4589390000037, 3187, 532.0, 3900, 2200, 152),
(666.5087519999943, 3188, 532.0, 3900, 2200, 113),
(666.5535510000045, 3189, 532.0, 3900, 2200, 114),
(666.5970209999941, 3190, 532.0, 3900, 2200, 115),
(666.6415449999913, 3191, 532.0, 3900, 2200, 116),
(666.6897309999913, 3192, 532.0, 3900, 2200, 117),
(666.7296490000008, 3193, 532.0, 3900, 2200, 118),
(666.7800940000016, 3194, 532.0, 3900, 2200, 119),
(666.825576999996, 3195, 532.0, 3900, 2200, 120),
(666.8673410000047, 3196, 532.0, 3900, 2200, 121),
(666.9088970000012, 3197, 532.0, 3900, 2200, 122),
(666.9571029999934, 3198, 532.0, 3900, 2200, 123),
(667.0037840000005, 3199, 532.0, 3900, 2200, 124),
(667.0481089999957, 3200, 532.0, 3900, 2200, 125),
(667.0970269999962, 3201, 532.0, 3900, 2200, 126),
(667.1411589999916, 3202, 532.0, 3900, 2200, 127),
(667.1817929999961, 3203, 532.0, 3900, 2200, 128),
(667.2375360000005, 3204, 532.0, 3900, 2200, 129),
(667.2829139999958, 3205, 532.0, 3900, 2200, 130),
(667.3225189999939, 3206, 532.0, 3900, 2200, 131),
(667.3649129999976, 3207, 532.0, 3900, 2200, 132),
(667.4055470000021, 3208, 532.0, 3900, 2200, 133),
(667.4487999999983, 3209, 532.0, 3900, 2200, 134),
(667.5009080000018, 3210, 532.0, 3900, 2200, 135),
(667.5507639999996, 3211, 532.0, 3900, 2200, 136),
(667.6025519999966, 3212, 532.0, 3900, 2200, 137),
(667.6444199999969, 3213, 532.0, 3900, 2200, 138),
(667.6952969999984, 3214, 532.0, 3900, 2200, 139),
(667.7386100000003, 3215, 532.0, 3900, 2200, 140),
(667.7925030000042, 3216, 532.0, 3900, 2200, 141),
(667.8495450000046, 3217, 532.0, 3900, 2200, 142),
(667.9064780000044, 3218, 532.0, 3900, 2200, 143),
(667.9445109999942, 3219, 532.0, 3900, 2200, 144),
(667.985600999993, 3220, 532.0, 3900, 2200, 145),
(668.0306449999916, 3221, 532.0, 3900, 2200, 146),
(668.0819899999915, 3222, 532.0, 3900, 2200, 147),
(668.1288029999996, 3223, 532.0, 3900, 2200, 148),
(668.1775420000049, 3224, 532.0, 3900, 2200, 149),
(668.2223709999962, 3225, 532.0, 3900, 2200, 150),
(668.2727149999992, 3226, 532.0, 3900, 2200, 151),
(668.3222379999934, 3227, 532.0, 3900, 2200, 152),
(668.3704580000049, 3228, 532.0, 3900, 2200, 113),
(668.4215540000005, 3229, 532.0, 3900, 2200, 114),
(668.471194999991, 3230, 532.0, 3900, 2200, 115),
(668.5185899999924, 3231, 532.0, 3900, 2200, 116),
(668.5609289999993, 3232, 532.0, 3900, 2200, 117),
(668.6027289999911, 3233, 532.0, 3900, 2200, 118),
(668.6470019999979, 3234, 532.0, 3900, 2200, 119),
(668.6975160000002, 3235, 532.0, 3900, 2200, 120),
(668.7448579999909, 3236, 532.0, 3900, 2200, 121),
(668.7844400000031, 3237, 532.0, 3900, 2200, 122),
(668.8290960000013, 3238, 532.0, 3900, 2200, 123),
(668.8780100000004, 3239, 532.0, 3900, 2200, 124),
(668.9320999999909, 3240, 532.0, 3900, 2200, 125),
(668.9775539999973, 3241, 532.0, 3900, 2200, 126),
(669.0379680000042, 3242, 532.0, 3900, 2200, 127),
(669.0856820000045, 3243, 532.0, 3900, 2200, 128),
(669.1307930000039, 3244, 532.0, 3900, 2200, 129),
(669.1729619999969, 3245, 532.0, 3900, 2200, 130),
(669.2187940000003, 3246, 532.0, 3900, 2200, 131),
(669.2660999999935, 3247, 532.0, 3900, 2200, 132),
(669.3123979999946, 3248, 532.0, 3900, 2200, 133),
(669.3697180000017, 3249, 532.0, 3900, 2200, 134),
(669.411248000004, 3250, 532.0, 3900, 2200, 135),
(669.4639279999974, 3251, 532.0, 3900, 2200, 136),
(669.507237999991, 3252, 532.0, 3900, 2200, 137),
(669.5627379999933, 3253, 532.0, 3900, 2200, 138),
(669.6074589999916, 3254, 532.0, 3900, 2200, 139),
(669.6513689999992, 3255, 532.0, 3900, 2200, 140),
(669.7077370000043, 3256, 532.0, 3900, 2200, 141),
(669.7507990000013, 3257, 532.0, 3900, 2200, 142),
(669.7984250000009, 3258, 532.0, 3900, 2200, 143),
(669.8442950000026, 3259, 532.0, 3900, 2200, 144),
(669.9090189999988, 3260, 532.0, 3900, 2200, 145),
(669.9651119999908, 3261, 532.0, 3900, 2200, 146),
(670.0074539999914, 3262, 532.0, 3900, 2200, 147),
(670.0530250000011, 3263, 532.0, 3900, 2200, 148),
(670.1046059999935, 3264, 532.0, 3900, 2200, 149),
(670.1619970000029, 3265, 532.0, 3900, 2200, 150),
(670.2088019999937, 3266, 532.0, 3900, 2200, 151),
(670.2476939999906, 3267, 532.0, 3900, 2200, 152),
(670.5598329999921, 3272, 519.0, 3900, 2400, 116),
(670.6781879999908, 3274, 519.0, 3900, 2400, 118),
(670.8071400000044, 3276, 584.0, 3900, 2400, 120),
(679.1921199999924, 3278, 584.0, 3900, 2400, 122),
(687.4797680000047, 3280, 581.0, 3900, 2400, 124),
(695.7495389999967, 3282, 581.0, 3900, 2400, 126),
(703.9875499999907, 3284, 581.0, 3900, 2400, 128),
(712.2489789999963, 3286, 587.0, 3900, 2400, 130),
(737.1806169999909, 3312, 519.0, 3900, 2400, 116),
(737.2889710000018, 3314, 519.0, 3900, 2400, 118),
(737.4107959999965, 3316, 584.0, 3900, 2400, 120),
(745.7632670000021, 3318, 584.0, 3900, 2400, 122),
(754.1455750000023, 3320, 581.0, 3900, 2400, 124),
(762.3614200000011, 3322, 581.0, 3900, 2400, 126),
(770.7131519999966, 3324, 581.0, 3900, 2400, 128),
(779.0005680000031, 3326, 587.0, 3900, 2400, 130),
(812.0860939999984, 3352, 519.0, 3900, 2400, 116),
(812.199311999997, 3354, 519.0, 3900, 2400, 118),
(812.3113909999956, 3356, 584.0, 3900, 2400, 120),
(820.5980489999929, 3358, 584.0, 3900, 2400, 122),
(828.8883300000016, 3360, 581.0, 3900, 2400, 124),
(837.1610999999975, 3362, 581.0, 3900, 2400, 126),
(845.4464869999938, 3364, 581.0, 3900, 2400, 128),
(853.7118300000002, 3366, 587.0, 3900, 2400, 130),
(862.8933749999997, 3385, 277.0, 3900, 2400, 149),
(924.6498350000038, 4118, 550.0, 3900, 2300, 115),
(932.1777980000043, 4119, 619.0, 3900, 2300, 116),
(932.2225279999984, 4120, 529.0, 3900, 2300, 117),
(932.2780649999913, 4121, 549.0, 3900, 2300, 118),
(932.7158780000027, 4128, 617.0, 3900, 2300, 125),
(940.3195879999985, 4130, 613.0, 3900, 2300, 127),
(940.5006480000011, 4132, 617.0, 3900, 2300, 129),
(963.1751950000034, 4136, 607.0, 3900, 2300, 133),
(963.2824229999969, 4138, 590.0, 3900, 2300, 135),
(971.4242549999908, 4140, 273.0, 3900, 2300, 137),
(979.0846699999965, 4143, 613.0, 3900, 2300, 140),
(979.1360429999913, 4144, 606.0, 3900, 2300, 141),
(979.3584719999926, 4148, 282.0, 3900, 2300, 145),
(979.5248710000014, 4151, 303.0, 3900, 2300, 148),
(997.4064729999955, 4159, 541.0, 3900, 2300, 116),
(1005.2084969999996, 4162, 613.0, 3900, 2300, 119),
(1012.6957279999915, 4163, 610.0, 3900, 2300, 120),
(1028.0751900000032, 4168, 610.0, 3900, 2300, 125),
(1035.721955000001, 4170, 608.0, 3900, 2300, 127),
(1043.3134710000013, 4172, 612.0, 3900, 2300, 129),
(1050.806132999991, 4173, 533.0, 3900, 2300, 130),
(1050.8517409999913, 4174, 607.0, 3900, 2300, 131),
(1050.900311999998, 4175, 534.0, 3900, 2300, 132),
(1058.5099249999912, 4178, 280.0, 3900, 2300, 135),
(1066.1083760000038, 4180, 612.0, 3900, 2300, 137),
(1066.265367999993, 4183, 284.0, 3900, 2300, 140),
(1066.3096289999958, 4184, 610.0, 3900, 2300, 141),
(1098.435513999997, 4197, 603.0, 3900, 2300, 114),
(1098.5481319999963, 4199, 531.0, 3900, 2300, 116),
(1098.587394999995, 4200, 607.0, 3900, 2300, 117),
(1098.6916800000035, 4202, 549.0, 3900, 2300, 119),
(1099.196100999994, 4210, 552.0, 3900, 2300, 127),
(1106.6955259999959, 4211, 610.0, 3900, 2300, 128),
(1106.7412639999966, 4212, 533.0, 3900, 2300, 129),
(1129.7353969999967, 4218, 282.0, 3900, 2300, 135),
(1137.3266169999988, 4220, 277.0, 3900, 2300, 137),
(1137.4148149999965, 4222, 612.0, 3900, 2300, 139),
(1137.452833000003, 4223, 282.0, 3900, 2300, 140),
(1145.1513609999965, 4227, 611.0, 3900, 2300, 144),
(1168.1960410000029, 4235, 531.0, 3900, 2300, 152),
(1168.4870589999919, 4240, 519.0, 3900, 2400, 116),
(1168.590142000001, 4242, 519.0, 3900, 2400, 118),
(1168.693585000001, 4244, 584.0, 3900, 2400, 120),
(1176.8491059999942, 4246, 584.0, 3900, 2400, 122),
(1184.9904919999972, 4248, 581.0, 3900, 2400, 124),
(1193.136255999998, 4250, 581.0, 3900, 2400, 126),
(1201.2775859999965, 4252, 581.0, 3900, 2400, 128),
(1209.439274000004, 4254, 587.0, 3900, 2400, 130),
(1234.6109980000037, 4280, 519.0, 3900, 2400, 116),
(1234.7079789999989, 4282, 519.0, 3900, 2400, 118),
(1234.813857999994, 4284, 602.0, 3900, 2400, 120),
(1234.9207329999917, 4286, 584.0, 3900, 2400, 122),
(1243.1442050000041, 4288, 581.0, 3900, 2400, 124),
(1251.3590220000042, 4290, 581.0, 3900, 2400, 126),
(1259.5575949999911, 4292, 581.0, 3900, 2400, 128),
(1267.749125000002, 4294, 587.0, 3900, 2400, 130),
(1292.9547779999994, 4320, 519.0, 3900, 2400, 116),
(1293.072749999992, 4322, 519.0, 3900, 2400, 118),
(1293.1798169999965, 4324, 602.0, 3900, 2400, 120),
(1293.285938999994, 4326, 602.0, 3900, 2400, 122),
(1293.3964200000046, 4328, 581.0, 3900, 2400, 124),
(1301.5728660000023, 4330, 581.0, 3900, 2400, 126),
(1309.7731610000046, 4332, 581.0, 3900, 2400, 128),
(1317.9616529999912, 4334, 587.0, 3900, 2400, 130),
(1342.429139999993, 4359, 519.0, 3900, 2500, 114),
(1342.5359279999975, 4361, 519.0, 3900, 2500, 116),
(1342.6318949999986, 4363, 519.0, 3900, 2500, 118),
(1343.2959009999904, 4373, 587.0, 3900, 2500, 128),
(1343.4169019999972, 4375, 587.0, 3900, 2500, 130),
