(0.0, 1, 531.0, 3500, 2000, 112),
(0.0399559999932535, 2, 531.0, 3500, 2000, 113),
(0.08294799999566749, 3, 531.0, 3500, 2000, 114),
(0.12615599999844562, 4, 531.0, 3500, 2000, 115),
(0.1674769999954151, 5, 531.0, 3500, 2000, 116),
(0.21642500000598375, 6, 531.0, 3500, 2000, 117),
(0.271072000003187, 7, 531.0, 3500, 2000, 118),
(0.32576599999447353, 8, 531.0, 3500, 2000, 119),
(0.369963999997708, 9, 531.0, 3500, 2000, 120),
(0.4219719999964582, 10, 531.0, 3500, 2000, 121),
(0.46980700000131037, 11, 531.0, 3500, 2000, 122),
(0.5237190000043483, 12, 531.0, 3500, 2000, 123),
(0.5756300000066403, 13, 531.0, 3500, 2000, 124),
(0.6299239999934798, 14, 531.0, 3500, 2000, 125),
(0.6846660000010161, 15, 531.0, 3500, 2000, 126),
(0.7263050000037765, 16, 531.0, 3500, 2000, 127),
(0.7704329999978654, 17, 531.0, 3500, 2000, 128),
(0.81122800000594, 18, 531.0, 3500, 2000, 129),
(0.8515500000066822, 19, 531.0, 3500, 2000, 130),
(0.8984400000044843, 20, 531.0, 3500, 2000, 131),
(0.9512660000036703, 21, 531.0, 3500, 2000, 132),
(1.002582999994047, 22, 531.0, 3500, 2000, 133),
(1.052389000004041, 23, 531.0, 3500, 2000, 134),
(1.1001430000032997, 24, 531.0, 3500, 2000, 135),
(1.1420610000059241, 25, 531.0, 3500, 2000, 136),
(1.1946239999961108, 26, 531.0, 3500, 2000, 137),
(1.2433989999990445, 27, 531.0, 3500, 2000, 138),
(1.2927630000049248, 28, 531.0, 3500, 2000, 139),
(1.3447199999936856, 29, 531.0, 3500, 2000, 140),
(1.3944369999953778, 30, 531.0, 3500, 2000, 141),
(1.4544579999928828, 31, 531.0, 3500, 2000, 142),
(1.5058200000057695, 32, 531.0, 3500, 2000, 143),
(1.554430999996839, 33, 531.0, 3500, 2000, 144),
(1.6037490000016987, 34, 531.0, 3500, 2000, 145),
(1.6507810000039171, 35, 531.0, 3500, 2000, 146),
(1.7040620000043418, 36, 531.0, 3500, 2000, 147),
(1.7447099999990314, 37, 531.0, 3500, 2000, 148),
(1.801328999994439, 38, 531.0, 3500, 2000, 149),
(1.855091999997967, 39, 531.0, 3500, 2000, 150),
(1.8959869999962393, 40, 531.0, 3500, 2000, 151),
(1.9388380000018515, 41, 531.0, 3500, 2000, 152),
(1.9877050000068266, 42, 531.0, 3500, 2000, 113),
(2.039206000001286, 43, 531.0, 3500, 2000, 114),
(2.0950149999989662, 44, 531.0, 3500, 2000, 115),
(2.1369100000010803, 45, 531.0, 3500, 2000, 116),
(2.1889760000049137, 46, 531.0, 3500, 2000, 117),
(2.2371209999982966, 47, 531.0, 3500, 2000, 118),
(2.286745000004885, 48, 531.0, 3500, 2000, 119),
(2.3301879999926314, 49, 531.0, 3500, 2000, 120),
(2.3758600000001024, 50, 531.0, 3500, 2000, 121),
(2.423110000003362, 51, 531.0, 3500, 2000, 122),
(2.467812999995658, 52, 531.0, 3500, 2000, 123),
(2.502288999996381, 53, 531.0, 3500, 2000, 124),
(2.536892000003718, 54, 531.0, 3500, 2000, 125),
(2.5860519999987446, 55, 531.0, 3500, 2000, 126),
(2.6306279999989783, 56, 531.0, 3500, 2000, 127),
(2.677739999999176, 57, 531.0, 3500, 2000, 128),
(2.718032000004314, 58, 531.0, 3500, 2000, 129),
(2.7574549999990268, 59, 531.0, 3500, 2000, 130),
(2.81058099999791, 60, 531.0, 3500, 2000, 131),
(2.857931999998982, 61, 531.0, 3500, 2000, 132),
(2.9035299999959534, 62, 531.0, 3500, 2000, 133),
(2.9499240000004647, 63, 531.0, 3500, 2000, 134),
(2.9947810000012396, 64, 531.0, 3500, 2000, 135),
(3.0323150000040187, 65, 531.0, 3500, 2000, 136),
(3.083557000005385, 66, 531.0, 3500, 2000, 137),
(3.126923000003444, 67, 531.0, 3500, 2000, 138),
(3.170652999993763, 68, 531.0, 3500, 2000, 139),
(3.221149000004516, 69, 531.0, 3500, 2000, 140),
(3.2708259999926668, 70, 531.0, 3500, 2000, 141),
(3.3116600000066683, 71, 531.0, 3500, 2000, 142),
(3.3630080000002636, 72, 531.0, 3500, 2000, 143),
(3.410944000002928, 73, 531.0, 3500, 2000, 144),
(3.4610629999951925, 74, 531.0, 3500, 2000, 145),
(3.508103999993182, 75, 531.0, 3500, 2000, 146),
(3.5642579999985173, 76, 531.0, 3500, 2000, 147),
(3.615883999998914, 77, 531.0, 3500, 2000, 148),
(3.659815000006347, 78, 531.0, 3500, 2000, 149),
(3.706655000001774, 79, 531.0, 3500, 2000, 150),
(3.749779000005219, 80, 531.0, 3500, 2000, 151),
(3.791349999999511, 81, 531.0, 3500, 2000, 152),
(3.8496089999971446, 82, 531.0, 3500, 2000, 113),
(3.8956290000060108, 83, 531.0, 3500, 2000, 114),
(3.9462800000037532, 84, 531.0, 3500, 2000, 115),
(3.9960299999947893, 85, 531.0, 3500, 2000, 116),
(4.042635999998311, 86, 531.0, 3500, 2000, 117),
(4.087216999992961, 87, 531.0, 3500, 2000, 118),
(4.134319000004325, 88, 531.0, 3500, 2000, 119),
(4.178704999998445, 89, 531.0, 3500, 2000, 120),
(4.22428100000252, 90, 531.0, 3500, 2000, 121),
(4.2730739999969956, 91, 531.0, 3500, 2000, 122),
(4.319262000004528, 92, 531.0, 3500, 2000, 123),
(4.365147999997134, 93, 531.0, 3500, 2000, 124),
(4.4139759999961825, 94, 531.0, 3500, 2000, 125),
(4.464741999996477, 95, 531.0, 3500, 2000, 126),
(4.518374000006588, 96, 531.0, 3500, 2000, 127),
(4.574278000000049, 97, 531.0, 3500, 2000, 128),
(4.619521000000532, 98, 531.0, 3500, 2000, 129),
(4.666402000002563, 99, 531.0, 3500, 2000, 130),
(4.707611999998335, 100, 531.0, 3500, 2000, 131),
(4.756341000000248, 101, 531.0, 3500, 2000, 132),
(4.803457999994862, 102, 531.0, 3500, 2000, 133),
(4.849111999996239, 103, 531.0, 3500, 2000, 134),
(4.889943000001949, 104, 531.0, 3500, 2000, 135),
(4.944090000004508, 105, 531.0, 3500, 2000, 136),
(4.998162000003504, 106, 531.0, 3500, 2000, 137),
(5.046442999999272, 107, 531.0, 3500, 2000, 138),
(5.0938159999932395, 108, 531.0, 3500, 2000, 139),
(5.138682000004337, 109, 531.0, 3500, 2000, 140),
(5.186625999995158, 110, 531.0, 3500, 2000, 141),
(5.23841099999845, 111, 531.0, 3500, 2000, 142),
(5.287502000006498, 112, 531.0, 3500, 2000, 143),
(5.3447980000055395, 113, 531.0, 3500, 2000, 144),
(5.389223000005586, 114, 531.0, 3500, 2000, 145),
(5.438242000003811, 115, 531.0, 3500, 2000, 146),
(5.478805999999167, 116, 531.0, 3500, 2000, 147),
(5.544057000006433, 117, 531.0, 3500, 2000, 148),
(5.583385999998427, 118, 531.0, 3500, 2000, 149),
(5.626724999994622, 119, 531.0, 3500, 2000, 150),
(5.668132000006153, 120, 531.0, 3500, 2000, 151),
(5.713482999999542, 121, 531.0, 3500, 2000, 152),
(5.759439999994356, 122, 531.0, 3500, 2400, 112),
(5.806662000002689, 123, 531.0, 3500, 2400, 113),
(5.85341700000572, 124, 531.0, 3500, 2400, 114),
(5.907273999997415, 125, 531.0, 3500, 2400, 115),
(5.962969000000157, 126, 531.0, 3500, 2400, 116),
(6.0108259999979055, 127, 531.0, 3500, 2400, 117),
(6.0549579999933485, 128, 531.0, 3500, 2400, 118),
(6.107124999994994, 129, 531.0, 3500, 2400, 119),
(6.154013999999734, 130, 531.0, 3500, 2400, 120),
(6.203034999998636, 131, 531.0, 3500, 2400, 121),
(6.245490999994217, 132, 531.0, 3500, 2400, 122),
(6.29081700000097, 133, 531.0, 3500, 2400, 123),
(6.345912999997381, 134, 531.0, 3500, 2400, 124),
(6.393087999997078, 135, 531.0, 3500, 2400, 125),
(6.440050999997766, 136, 531.0, 3500, 2400, 126),
(6.488482999993721, 137, 531.0, 3500, 2400, 127),
(6.540057000005618, 138, 531.0, 3500, 2400, 128),
(6.598350999993272, 139, 531.0, 3500, 2400, 129),
(6.6440440000005765, 140, 531.0, 3500, 2400, 130),
(6.685190000003786, 141, 531.0, 3500, 2400, 131),
(6.750451999992947, 142, 531.0, 3500, 2400, 132),
(6.792883000001893, 143, 531.0, 3500, 2400, 133),
(6.836741999999504, 144, 531.0, 3500, 2400, 134),
(6.882763999994495, 145, 531.0, 3500, 2400, 135),
(6.923378999999841, 146, 531.0, 3500, 2400, 136),
(6.967038000002503, 147, 531.0, 3500, 2400, 137),
(7.006928000002517, 148, 531.0, 3500, 2400, 138),
(7.055101000005379, 149, 531.0, 3500, 2400, 139),
(7.115672999992967, 150, 531.0, 3500, 2400, 140),
(7.177456999997958, 151, 531.0, 3500, 2400, 141),
(7.231117999996059, 152, 531.0, 3500, 2400, 142),
(7.275034999998752, 153, 531.0, 3500, 2400, 143),
(7.326063999993494, 154, 531.0, 3500, 2400, 144),
(7.379170000000158, 155, 531.0, 3500, 2400, 145),
(7.4391040000045905, 156, 531.0, 3500, 2400, 146),
(7.494841000007, 157, 531.0, 3500, 2400, 147),
(7.5396480000054, 158, 531.0, 3500, 2400, 148),
(7.591002000001026, 159, 531.0, 3500, 2400, 149),
(7.6443640000070445, 160, 531.0, 3500, 2400, 150),
(7.704765999995288, 161, 531.0, 3500, 2400, 151),
(7.742016000003787, 162, 531.0, 3500, 2400, 152),
(7.788067999994382, 163, 531.0, 3500, 2400, 113),
(7.8323240000027, 164, 531.0, 3500, 2400, 114),
(7.8795070000051055, 165, 531.0, 3500, 2400, 115),
(7.937200999993365, 166, 531.0, 3500, 2400, 116),
(7.985501999995904, 167, 531.0, 3500, 2400, 117),
(8.03519100000267, 168, 531.0, 3500, 2400, 118),
(8.079112000006717, 169, 531.0, 3500, 2400, 119),
(8.128557000003639, 170, 531.0, 3500, 2400, 120),
(8.177293999993708, 171, 531.0, 3500, 2400, 121),
(8.225558000005549, 172, 531.0, 3500, 2400, 122),
(8.275555000000168, 173, 531.0, 3500, 2400, 123),
(8.331239999999525, 174, 531.0, 3500, 2400, 124),
(8.38220399999409, 175, 531.0, 3500, 2400, 125),
(8.425367999996524, 176, 531.0, 3500, 2400, 126),
(8.469320999996853, 177, 531.0, 3500, 2400, 127),
(8.516615999993519, 178, 531.0, 3500, 2400, 128),
(8.567467000000761, 179, 531.0, 3500, 2400, 129),
(8.617761000001337, 180, 531.0, 3500, 2400, 130),
(8.659788000004482, 181, 531.0, 3500, 2400, 131),
(8.702967000004719, 182, 531.0, 3500, 2400, 132),
(8.742022000005818, 183, 531.0, 3500, 2400, 133),
(8.792507999998634, 184, 531.0, 3500, 2400, 134),
(8.846571000001859, 185, 531.0, 3500, 2400, 135),
(8.888590000002296, 186, 531.0, 3500, 2400, 136),
(8.9331119999988, 187, 531.0, 3500, 2400, 137),
(8.970814999993308, 188, 531.0, 3500, 2400, 138),
(9.014167999994243, 189, 531.0, 3500, 2400, 139),
(9.057547000003979, 190, 531.0, 3500, 2400, 140),
(9.100189999997383, 191, 531.0, 3500, 2400, 141),
(9.148067000001902, 192, 531.0, 3500, 2400, 142),
(9.198955999992904, 193, 531.0, 3500, 2400, 143),
(9.24795799999265, 194, 531.0, 3500, 2400, 144),
(9.294387000001734, 195, 531.0, 3500, 2400, 145),
(9.34313700000348, 196, 531.0, 3500, 2400, 146),
(9.393519000004744, 197, 531.0, 3500, 2400, 147),
(9.446712000004482, 198, 531.0, 3500, 2400, 148),
(9.491152999995393, 199, 531.0, 3500, 2400, 149),
(9.53992599999765, 200, 531.0, 3500, 2400, 150),
(9.577495000005001, 201, 531.0, 3500, 2400, 151),
(9.619244000001345, 202, 531.0, 3500, 2400, 152),
(9.665569999997388, 203, 531.0, 3500, 2400, 113),
(9.709797000003164, 204, 531.0, 3500, 2400, 114),
(9.754398999997647, 205, 531.0, 3500, 2400, 115),
(9.801452999992762, 206, 531.0, 3500, 2400, 116),
(9.84833599999547, 207, 531.0, 3500, 2400, 117),
(9.897205999994185, 208, 531.0, 3500, 2400, 118),
(9.940891999998712, 209, 531.0, 3500, 2400, 119),
(9.989033999998355, 210, 531.0, 3500, 2400, 120),
(10.037511000002269, 211, 531.0, 3500, 2400, 121),
(10.084235000002082, 212, 531.0, 3500, 2400, 122),
(10.13698999999906, 213, 531.0, 3500, 2400, 123),
(10.192930000004708, 214, 531.0, 3500, 2400, 124),
(10.249408999996376, 215, 531.0, 3500, 2400, 125),
(10.303662000005716, 216, 531.0, 3500, 2400, 126),
(10.352366000006441, 217, 531.0, 3500, 2400, 127),
(10.396900000007008, 218, 531.0, 3500, 2400, 128),
(10.438383999993675, 219, 531.0, 3500, 2400, 129),
(10.489732000001823, 220, 531.0, 3500, 2400, 130),
(10.533989999996265, 221, 531.0, 3500, 2400, 131),
(10.576308000003337, 222, 531.0, 3500, 2400, 132),
(10.618541999996523, 223, 531.0, 3500, 2400, 133),
(10.666884000005666, 224, 531.0, 3500, 2400, 134),
(10.712985999998637, 225, 531.0, 3500, 2400, 135),
(10.758333999998285, 226, 531.0, 3500, 2400, 136),
(10.807297000006656, 227, 531.0, 3500, 2400, 137),
(10.85593799999333, 228, 531.0, 3500, 2400, 138),
(10.915357000005315, 229, 531.0, 3500, 2400, 139),
(10.966161999996984, 230, 531.0, 3500, 2400, 140),
(11.01454499999818, 231, 531.0, 3500, 2400, 141),
(11.060842000006232, 232, 531.0, 3500, 2400, 142),
(11.120416000005207, 233, 531.0, 3500, 2400, 143),
(11.183485999994446, 234, 531.0, 3500, 2400, 144),
(11.229435999994166, 235, 531.0, 3500, 2400, 145),
(11.274820999999065, 236, 531.0, 3500, 2400, 146),
(11.323581000004197, 237, 531.0, 3500, 2400, 147),
(11.38459000000148, 238, 531.0, 3500, 2400, 148),
(11.436130000001867, 239, 531.0, 3500, 2400, 149),
(11.490948999999091, 240, 531.0, 3500, 2400, 150),
(11.536584999994375, 241, 531.0, 3500, 2400, 151),
(11.584411000003456, 242, 531.0, 3500, 2400, 152),
(11.633879999993951, 243, 531.0, 3500, 2800, 112),
(11.674385000005714, 244, 531.0, 3500, 2800, 113),
(11.72821099999419, 245, 531.0, 3500, 2800, 114),
(11.774378000001889, 246, 531.0, 3500, 2800, 115),
(11.829217000005883, 247, 531.0, 3500, 2800, 116),
(11.870706000001519, 248, 531.0, 3500, 2800, 117),
(11.91165799999726, 249, 531.0, 3500, 2800, 118),
(11.95048699999461, 250, 531.0, 3500, 2800, 119),
(11.991173999995226, 251, 531.0, 3500, 2800, 120),
(12.030883999992511, 252, 531.0, 3500, 2800, 121),
(12.07054000000062, 253, 531.0, 3500, 2800, 122),
(12.11904200000572, 254, 531.0, 3500, 2800, 123),
(12.163090999994893, 255, 531.0, 3500, 2800, 124),
(12.206397999994806, 256, 531.0, 3500, 2800, 125),
(12.254830000005313, 257, 531.0, 3500, 2800, 126),
(12.304235999996308, 258, 531.0, 3500, 2800, 127),
(12.358215999993263, 259, 531.0, 3500, 2800, 128),
(12.401809999995749, 260, 531.0, 3500, 2800, 129),
(12.445577999998932, 261, 531.0, 3500, 2800, 130),
(12.488530000002356, 262, 531.0, 3500, 2800, 131),
(12.52335299999686, 263, 531.0, 3500, 2800, 132),
(12.55808899999829, 264, 531.0, 3500, 2800, 133),
(12.599751999994623, 265, 531.0, 3500, 2800, 134),
(12.644593999997596, 266, 531.0, 3500, 2800, 135),
(12.69267299999774, 267, 531.0, 3500, 2800, 136),
(12.73530600000231, 268, 531.0, 3500, 2800, 137),
(12.787748999995529, 269, 531.0, 3500, 2800, 138),
(12.839764999996987, 270, 531.0, 3500, 2800, 139),
(12.8875229999976, 271, 531.0, 3500, 2800, 140),
(12.941560999999638, 272, 531.0, 3500, 2800, 141),
(12.991500999996788, 273, 531.0, 3500, 2800, 142),
(13.034375999995973, 274, 531.0, 3500, 2800, 143),
(13.077537000004668, 275, 531.0, 3500, 2800, 144),
(13.12568199999805, 276, 531.0, 3500, 2800, 145),
(13.165854999999283, 277, 531.0, 3500, 2800, 146),
(13.213638000001083, 278, 531.0, 3500, 2800, 147),
(13.25963000000047, 279, 531.0, 3500, 2800, 148),
(13.297867000001133, 280, 531.0, 3500, 2800, 149),
(13.343319999999949, 281, 531.0, 3500, 2800, 150),
(13.388947999992524, 282, 531.0, 3500, 2800, 151),
(13.430363000006764, 283, 531.0, 3500, 2800, 152),
(13.473347999999532, 284, 531.0, 3500, 2800, 113),
(13.512902000002214, 285, 531.0, 3500, 2800, 114),
(13.55775100000028, 286, 531.0, 3500, 2800, 115),
(13.609374000006937, 287, 531.0, 3500, 2800, 116),
(13.652461999998195, 288, 531.0, 3500, 2800, 117),
(13.688905000002705, 289, 531.0, 3500, 2800, 118),
(13.735321000000113, 290, 531.0, 3500, 2800, 119),
(13.781197000003885, 291, 531.0, 3500, 2800, 120),
(13.821763999992982, 292, 531.0, 3500, 2800, 121),
(13.862051999996766, 293, 531.0, 3500, 2800, 122),
(13.912882000004174, 294, 531.0, 3500, 2800, 123),
(13.949405999999726, 295, 531.0, 3500, 2800, 124),
(13.992828999995254, 296, 531.0, 3500, 2800, 125),
(14.036428999999771, 297, 531.0, 3500, 2800, 126),
(14.082162000006065, 298, 531.0, 3500, 2800, 127),
(14.123804999995627, 299, 531.0, 3500, 2800, 128),
(14.16484300000593, 300, 531.0, 3500, 2800, 129),
(14.206955999994534, 301, 531.0, 3500, 2800, 130),
(14.254600999993272, 302, 531.0, 3500, 2800, 131),
(14.298934999998892, 303, 531.0, 3500, 2800, 132),
(14.340779000005568, 304, 531.0, 3500, 2800, 133),
(14.400536999994074, 305, 531.0, 3500, 2800, 134),
(14.440726000000723, 306, 531.0, 3500, 2800, 135),
(14.484068000005209, 307, 531.0, 3500, 2800, 136),
(14.526633000001311, 308, 531.0, 3500, 2800, 137),
(14.5741890000063, 309, 531.0, 3500, 2800, 138),
(14.618128999994951, 310, 531.0, 3500, 2800, 139),
(14.668564000006882, 311, 531.0, 3500, 2800, 140),
(14.721424000003026, 312, 531.0, 3500, 2800, 141),
(14.777130000002217, 313, 531.0, 3500, 2800, 142),
(14.831179999993765, 314, 531.0, 3500, 2800, 143),
(14.886100000003353, 315, 531.0, 3500, 2800, 144),
(14.933923000004143, 316, 531.0, 3500, 2800, 145),
(14.986564999999246, 317, 531.0, 3500, 2800, 146),
(15.04171900000074, 318, 531.0, 3500, 2800, 147),
(15.090691999997944, 319, 531.0, 3500, 2800, 148),
(15.139374999998836, 320, 531.0, 3500, 2800, 149),
(15.182866000002832, 321, 531.0, 3500, 2800, 150),
(15.22991799999727, 322, 531.0, 3500, 2800, 151),
(15.278158999994048, 323, 531.0, 3500, 2800, 152),
(15.3290330000018, 324, 531.0, 3500, 2800, 113),
(15.38536899999599, 325, 531.0, 3500, 2800, 114),
(15.433718000000226, 326, 531.0, 3500, 2800, 115),
(15.475325999999768, 327, 531.0, 3500, 2800, 116),
(15.521284000002197, 328, 531.0, 3500, 2800, 117),
(15.569860000003246, 329, 531.0, 3500, 2800, 118),
(15.61646400000609, 330, 531.0, 3500, 2800, 119),
(15.656558000002406, 331, 531.0, 3500, 2800, 120),
(15.704907999999705, 332, 531.0, 3500, 2800, 121),
(15.752458999995724, 333, 531.0, 3500, 2800, 122),
(15.805833000005805, 334, 531.0, 3500, 2800, 123),
(15.865659000002779, 335, 531.0, 3500, 2800, 124),
(15.907970000000205, 336, 531.0, 3500, 2800, 125),
(15.95408199999656, 337, 531.0, 3500, 2800, 126),
(16.004839999994147, 338, 531.0, 3500, 2800, 127),
(16.052639999994426, 339, 531.0, 3500, 2800, 128),
(16.09800300000643, 340, 531.0, 3500, 2800, 129),
(16.137375000005704, 341, 531.0, 3500, 2800, 130),
(16.178904999993392, 342, 531.0, 3500, 2800, 131),
(16.224960999999894, 343, 531.0, 3500, 2800, 132),
(16.264477000004263, 344, 531.0, 3500, 2800, 133),
(16.305061999999452, 345, 531.0, 3500, 2800, 134),
(16.34746799999266, 346, 531.0, 3500, 2800, 135),
(16.387963000001037, 347, 531.0, 3500, 2800, 136),
(16.4358990000037, 348, 531.0, 3500, 2800, 137),
(16.478161000006367, 349, 531.0, 3500, 2800, 138),
(16.51945199999318, 350, 531.0, 3500, 2800, 139),
(16.56694299999799, 351, 531.0, 3500, 2800, 140),
(16.60979299999599, 352, 531.0, 3500, 2800, 141),
(16.655509999996866, 353, 531.0, 3500, 2800, 142),
(16.69836999999825, 354, 531.0, 3500, 2800, 143),
(16.74160799999663, 355, 531.0, 3500, 2800, 144),
(16.783513999995193, 356, 531.0, 3500, 2800, 145),
(16.823548999993363, 357, 531.0, 3500, 2800, 146),
(16.8621620000049, 358, 531.0, 3500, 2800, 147),
(16.905075000002398, 359, 531.0, 3500, 2800, 148),
(16.953779000003124, 360, 531.0, 3500, 2800, 149),
(17.002303999994183, 361, 531.0, 3500, 2800, 150),
(17.04623599999468, 362, 531.0, 3500, 2800, 151),
(17.09031600000162, 363, 531.0, 3500, 2800, 152),
(17.138609000001452, 364, 531.0, 3500, 3200, 112),
(17.185393000007025, 365, 531.0, 3500, 3200, 113),
(17.231348999994225, 366, 531.0, 3500, 3200, 114),
(17.27939900000638, 367, 531.0, 3500, 3200, 115),
(17.320871000003535, 368, 531.0, 3500, 3200, 116),
(17.36453999999503, 369, 531.0, 3500, 3200, 117),
(17.40627300000051, 370, 531.0, 3500, 3200, 118),
(17.451224000004004, 371, 531.0, 3500, 3200, 119),
(17.49691800000437, 372, 531.0, 3500, 3200, 120),
(17.54644799999369, 373, 531.0, 3500, 3200, 121),
(17.59712700000091, 374, 531.0, 3500, 3200, 122),
(17.635492999994312, 375, 531.0, 3500, 3200, 123),
(17.673695000004955, 376, 531.0, 3500, 3200, 124),
(17.71337699999276, 377, 531.0, 3500, 3200, 125),
(17.75806599999487, 378, 531.0, 3500, 3200, 126),
(17.80045599999721, 379, 531.0, 3500, 3200, 127),
(17.840886999998474, 380, 531.0, 3500, 3200, 128),
(17.88250999999582, 381, 531.0, 3500, 3200, 129),
(17.92081799999869, 382, 531.0, 3500, 3200, 130),
(17.971223999993526, 383, 531.0, 3500, 3200, 131),
(18.017848999996204, 384, 531.0, 3500, 3200, 132),
(18.06973499999731, 385, 531.0, 3500, 3200, 133),
(18.11576200000127, 386, 531.0, 3500, 3200, 134),
(18.159325000000536, 387, 531.0, 3500, 3200, 135),
(18.20125199999893, 388, 531.0, 3500, 3200, 136),
(18.24295400000119, 389, 531.0, 3500, 3200, 137),
(18.282970000000205, 390, 531.0, 3500, 3200, 138),
(18.323424000001978, 391, 531.0, 3500, 3200, 139),
(18.366445000006934, 392, 531.0, 3500, 3200, 140),
(18.40516100000241, 393, 531.0, 3500, 3200, 141),
(18.44519300000684, 394, 531.0, 3500, 3200, 142),
(18.485744999998133, 395, 531.0, 3500, 3200, 143),
(18.522782000000007, 396, 531.0, 3500, 3200, 144),
(18.563584999996237, 397, 531.0, 3500, 3200, 145),
(18.61289200000465, 398, 531.0, 3500, 3200, 146),
(18.659734999993816, 399, 531.0, 3500, 3200, 147),
(18.70472300000256, 400, 531.0, 3500, 3200, 148),
(18.749265999998897, 401, 531.0, 3500, 3200, 149),
(18.79568399999698, 402, 531.0, 3500, 3200, 150),
(18.83530900000187, 403, 531.0, 3500, 3200, 151),
(18.879232999999658, 404, 531.0, 3500, 3200, 152),
(18.922103000004427, 405, 531.0, 3500, 3200, 113),
(18.965184999993653, 406, 531.0, 3500, 3200, 114),
(19.008251000006567, 407, 531.0, 3500, 3200, 115),
(19.05449999999837, 408, 531.0, 3500, 3200, 116),
(19.10415600000124, 409, 531.0, 3500, 3200, 117),
(19.155968000006396, 410, 531.0, 3500, 3200, 118),
(19.198311000000103, 411, 531.0, 3500, 3200, 119),
(19.24076200000127, 412, 531.0, 3500, 3200, 120),
(19.284453999993275, 413, 531.0, 3500, 3200, 121),
(19.332162000006065, 414, 531.0, 3500, 3200, 122),
(19.374496000004, 415, 531.0, 3500, 3200, 123),
(19.422271000003093, 416, 531.0, 3500, 3200, 124),
(19.46168999999645, 417, 531.0, 3500, 3200, 125),
(19.503767999995034, 418, 531.0, 3500, 3200, 126),
(19.551089000000502, 419, 531.0, 3500, 3200, 127),
(19.608057999997982, 420, 531.0, 3500, 3200, 128),
(19.650108000001637, 421, 531.0, 3500, 3200, 129),
(19.693989999999758, 422, 531.0, 3500, 3200, 130),
(19.743056000006618, 423, 531.0, 3500, 3200, 131),
(19.79081999999471, 424, 531.0, 3500, 3200, 132),
(19.83529699999781, 425, 531.0, 3500, 3200, 133),
(19.87364499999967, 426, 531.0, 3500, 3200, 134),
(19.913994000002276, 427, 531.0, 3500, 3200, 135),
(19.96179800000391, 428, 531.0, 3500, 3200, 136),
(20.018500000005588, 429, 531.0, 3500, 3200, 137),
(20.07108999999764, 430, 531.0, 3500, 3200, 138),
(20.118117999998503, 431, 531.0, 3500, 3200, 139),
(20.159478999994462, 432, 531.0, 3500, 3200, 140),
(20.20531000000483, 433, 531.0, 3500, 3200, 141),
(20.257524000000558, 434, 531.0, 3500, 3200, 142),
(20.306660999995074, 435, 531.0, 3500, 3200, 143),
(20.356962000005296, 436, 531.0, 3500, 3200, 144),
(20.40519000000495, 437, 531.0, 3500, 3200, 145),
(20.458473999999114, 438, 531.0, 3500, 3200, 146),
(20.510462000005646, 439, 531.0, 3500, 3200, 147),
(20.548878000001423, 440, 531.0, 3500, 3200, 148),
(20.593684999999823, 441, 531.0, 3500, 3200, 149),
(20.634611000001314, 442, 531.0, 3500, 3200, 150),
(20.673926999996183, 443, 531.0, 3500, 3200, 151),
(20.720111000002362, 444, 531.0, 3500, 3200, 152),
(20.770629999999073, 445, 531.0, 3500, 3200, 113),
(20.82676999999967, 446, 531.0, 3500, 3200, 114),
(20.871994000000996, 447, 531.0, 3500, 3200, 115),
(20.91616399999475, 448, 531.0, 3500, 3200, 116),
(20.9704919999931, 449, 531.0, 3500, 3200, 117),
(21.01267199999711, 450, 531.0, 3500, 3200, 118),
(21.059246999997413, 451, 531.0, 3500, 3200, 119),
(21.1055650000053, 452, 531.0, 3500, 3200, 120),
(21.149703000002773, 453, 531.0, 3500, 3200, 121),
(21.197018999999273, 454, 531.0, 3500, 3200, 122),
(21.240099000002374, 455, 531.0, 3500, 3200, 123),
(21.285659999994095, 456, 531.0, 3500, 3200, 124),
(21.32673899999645, 457, 531.0, 3500, 3200, 125),
(21.373789999997825, 458, 531.0, 3500, 3200, 126),
(21.419607000003452, 459, 531.0, 3500, 3200, 127),
(21.471040999997058, 460, 531.0, 3500, 3200, 128),
(21.51971799999592, 461, 531.0, 3500, 3200, 129),
(21.56241100000625, 462, 531.0, 3500, 3200, 130),
(21.602444999996806, 463, 531.0, 3500, 3200, 131),
(21.640715000001364, 464, 531.0, 3500, 3200, 132),
(21.67971799999941, 465, 531.0, 3500, 3200, 133),
(21.724868999997852, 466, 531.0, 3500, 3200, 134),
(21.77027100000123, 467, 531.0, 3500, 3200, 135),
(21.817530999993323, 468, 531.0, 3500, 3200, 136),
(21.867339999997057, 469, 531.0, 3500, 3200, 137),
(21.910552999994252, 470, 531.0, 3500, 3200, 138),
(21.952676000000793, 471, 531.0, 3500, 3200, 139),
(21.997013999993214, 472, 531.0, 3500, 3200, 140),
(22.035281000004034, 473, 531.0, 3500, 3200, 141),
(22.080329000003985, 474, 531.0, 3500, 3200, 142),
(22.122013000000152, 475, 531.0, 3500, 3200, 143),
(22.16980400000466, 476, 531.0, 3500, 3200, 144),
(22.206256999998004, 477, 531.0, 3500, 3200, 145),
(22.247466000000713, 478, 531.0, 3500, 3200, 146),
(22.292147000000114, 479, 531.0, 3500, 3200, 147),
(22.33568400000513, 480, 531.0, 3500, 3200, 148),
(22.374190999995335, 481, 531.0, 3500, 3200, 149),
(22.411183000003803, 482, 531.0, 3500, 3200, 150),
(22.450068000005558, 483, 531.0, 3500, 3200, 151),
(22.489400999998907, 484, 531.0, 3500, 3200, 152),
(22.533704000001308, 485, 532.0, 3500, 2200, 112),
(22.5687040000048, 486, 532.0, 3500, 2200, 113),
(22.611279000004288, 487, 532.0, 3500, 2200, 114),
(22.659136000002036, 488, 532.0, 3500, 2200, 115),
(22.713128000003053, 489, 532.0, 3500, 2200, 116),
(22.7509080000018, 490, 532.0, 3500, 2200, 117),
(22.799939000004088, 491, 532.0, 3500, 2200, 118),
(22.84933899999305, 492, 532.0, 3500, 2200, 119),
(22.895317999995314, 493, 532.0, 3500, 2200, 120),
(22.939926999999443, 494, 532.0, 3500, 2200, 121),
(22.993109999995795, 495, 532.0, 3500, 2200, 122),
(23.041324999998324, 496, 532.0, 3500, 2200, 123),
(23.08919299999252, 497, 532.0, 3500, 2200, 124),
(23.132752999998047, 498, 532.0, 3500, 2200, 125),
(23.187097000001813, 499, 532.0, 3500, 2200, 126),
(23.24658599999384, 500, 532.0, 3500, 2200, 127),
(23.291754999998375, 501, 532.0, 3500, 2200, 128),
(23.33756299999368, 502, 532.0, 3500, 2200, 129),
(23.388730999999098, 503, 532.0, 3500, 2200, 130),
(23.44575499999337, 504, 532.0, 3500, 2200, 131),
(23.489893999998458, 505, 532.0, 3500, 2200, 132),
(23.537203999992926, 506, 532.0, 3500, 2200, 133),
(23.587784999996074, 507, 532.0, 3500, 2200, 134),
(23.638380000003963, 508, 532.0, 3500, 2200, 135),
(23.68159100000048, 509, 532.0, 3500, 2200, 136),
(23.72784199999296, 510, 532.0, 3500, 2200, 137),
(23.774357000002055, 511, 532.0, 3500, 2200, 138),
(23.82724600000074, 512, 532.0, 3500, 2200, 139),
(23.8744219999935, 513, 532.0, 3500, 2200, 140),
(23.91404699999839, 514, 532.0, 3500, 2200, 141),
(23.957918999993126, 515, 532.0, 3500, 2200, 142),
(24.009627999999793, 516, 532.0, 3500, 2200, 143),
(24.057226000004448, 517, 532.0, 3500, 2200, 144),
(24.10199399999692, 518, 532.0, 3500, 2200, 145),
(24.14647700000205, 519, 532.0, 3500, 2200, 146),
(24.18593900000269, 520, 532.0, 3500, 2200, 147),
(24.23125500000606, 521, 532.0, 3500, 2200, 148),
(24.27882700000191, 522, 532.0, 3500, 2200, 149),
(24.32981799999834, 523, 532.0, 3500, 2200, 150),
(24.3779019999929, 524, 532.0, 3500, 2200, 151),
(24.428006999994977, 525, 532.0, 3500, 2200, 152),
(24.47653800000262, 526, 532.0, 3500, 2200, 113),
(24.523293999998714, 527, 532.0, 3500, 2200, 114),
(24.575844000006327, 528, 532.0, 3500, 2200, 115),
(24.631145000006654, 529, 532.0, 3500, 2200, 116),
(24.687422000002698, 530, 532.0, 3500, 2200, 117),
(24.734567999999854, 531, 532.0, 3500, 2200, 118),
(24.777558999994653, 532, 532.0, 3500, 2200, 119),
(24.818046999993385, 533, 532.0, 3500, 2200, 120),
(24.859660999994958, 534, 532.0, 3500, 2200, 121),
(24.911389999993844, 535, 532.0, 3500, 2200, 122),
(24.960456999993767, 536, 532.0, 3500, 2200, 123),
(25.011662999997498, 537, 532.0, 3500, 2200, 124),
(25.06252599999425, 538, 532.0, 3500, 2200, 125),
(25.112500999995973, 539, 532.0, 3500, 2200, 126),
(25.16305600000487, 540, 532.0, 3500, 2200, 127),
(25.20956400000432, 541, 532.0, 3500, 2200, 128),
(25.26271500000439, 542, 532.0, 3500, 2200, 129),
(25.309447999999975, 543, 532.0, 3500, 2200, 130),
(25.35207999999693, 544, 532.0, 3500, 2200, 131),
(25.403332000001683, 545, 532.0, 3500, 2200, 132),
(25.455660999999964, 546, 532.0, 3500, 2200, 133),
(25.506706999993185, 547, 532.0, 3500, 2200, 134),
(25.55555099999765, 548, 532.0, 3500, 2200, 135),
(25.599663000000874, 549, 532.0, 3500, 2200, 136),
(25.65027800000098, 550, 532.0, 3500, 2200, 137),
(25.692454000003636, 551, 532.0, 3500, 2200, 138),
(25.731505999996443, 552, 532.0, 3500, 2200, 139),
(25.770799000005354, 553, 532.0, 3500, 2200, 140),
(25.815222999997786, 554, 532.0, 3500, 2200, 141),
(25.85763899999438, 555, 532.0, 3500, 2200, 142),
(25.898658999998588, 556, 532.0, 3500, 2200, 143),
(25.94032100000186, 557, 532.0, 3500, 2200, 144),
(25.990162000001874, 558, 532.0, 3500, 2200, 145),
(26.038295000005746, 559, 532.0, 3500, 2200, 146),
(26.083398999995552, 560, 532.0, 3500, 2200, 147),
(26.13029299999471, 561, 532.0, 3500, 2200, 148),
(26.1765779999987, 562, 532.0, 3500, 2200, 149),
(26.22283100000641, 563, 532.0, 3500, 2200, 150),
(26.270185999994283, 564, 532.0, 3500, 2200, 151),
(26.319803000005777, 565, 532.0, 3500, 2200, 152),
(26.3657050000038, 566, 532.0, 3500, 2200, 113),
(26.41801900000428, 567, 532.0, 3500, 2200, 114),
(26.46246599999722, 568, 532.0, 3500, 2200, 115),
(26.50167300000612, 569, 532.0, 3500, 2200, 116),
(26.540748999992502, 570, 532.0, 3500, 2200, 117),
(26.584277000001748, 571, 532.0, 3500, 2200, 118),
(26.625350000002072, 572, 532.0, 3500, 2200, 119),
(26.66609199999948, 573, 532.0, 3500, 2200, 120),
(26.70448299999407, 574, 532.0, 3500, 2200, 121),
(26.74716699999408, 575, 532.0, 3500, 2200, 122),
(26.785701999993762, 576, 532.0, 3500, 2200, 123),
(26.82746099999349, 577, 532.0, 3500, 2200, 124),
(26.875216000000364, 578, 532.0, 3500, 2200, 125),
(26.916115999993053, 579, 532.0, 3500, 2200, 126),
(26.957148999994388, 580, 532.0, 3500, 2200, 127),
(27.025330999997095, 581, 532.0, 3500, 2200, 128),
(27.08049100000062, 582, 532.0, 3500, 2200, 129),
(27.128467999995337, 583, 532.0, 3500, 2200, 130),
(27.176210999998148, 584, 532.0, 3500, 2200, 131),
(27.22163400000136, 585, 532.0, 3500, 2200, 132),
(27.275127000000793, 586, 532.0, 3500, 2200, 133),
(27.32441899999685, 587, 532.0, 3500, 2200, 134),
(27.37226499999815, 588, 532.0, 3500, 2200, 135),
(27.419683000000077, 589, 532.0, 3500, 2200, 136),
(27.47507400000177, 590, 532.0, 3500, 2200, 137),
(27.52541800000472, 591, 532.0, 3500, 2200, 138),
(27.574886999995215, 592, 532.0, 3500, 2200, 139),
(27.622266000005766, 593, 532.0, 3500, 2200, 140),
(27.67367400000512, 594, 532.0, 3500, 2200, 141),
(27.72292000000016, 595, 532.0, 3500, 2200, 142),
(27.774348999999347, 596, 532.0, 3500, 2200, 143),
(27.815142999999807, 597, 532.0, 3500, 2200, 144),
(27.86239999999816, 598, 532.0, 3500, 2200, 145),
(27.904939999993076, 599, 532.0, 3500, 2200, 146),
(27.944828000006964, 600, 532.0, 3500, 2200, 147),
(27.991091000003507, 601, 532.0, 3500, 2200, 148),
(28.04739300000074, 602, 532.0, 3500, 2200, 149),
(28.103805000006105, 603, 532.0, 3500, 2200, 150),
(28.15818699999363, 604, 532.0, 3500, 2200, 151),
(28.201054999997723, 605, 532.0, 3500, 2200, 152),
(28.256341000000248, 606, 531.0, 3500, 2400, 112),
(28.313188000000082, 607, 531.0, 3500, 2400, 113),
(28.371704000004684, 608, 531.0, 3500, 2400, 114),
(28.42398300000059, 609, 531.0, 3500, 2400, 115),
(28.47762099999818, 610, 531.0, 3500, 2400, 116),
(28.519467999998596, 611, 531.0, 3500, 2400, 117),
(28.5685150000063, 612, 531.0, 3500, 2400, 118),
(28.615403000003425, 613, 531.0, 3500, 2400, 119),
(28.666209999995772, 614, 531.0, 3500, 2400, 120),
(28.710407999999006, 615, 531.0, 3500, 2400, 121),
(28.755371999999625, 616, 531.0, 3500, 2400, 122),
(28.81094999999914, 617, 531.0, 3500, 2400, 123),
(28.85508700000355, 618, 531.0, 3500, 2400, 124),
(28.90570800000569, 619, 531.0, 3500, 2400, 125),
(28.9441450000013, 620, 531.0, 3500, 2400, 126),
(28.987819999994827, 621, 531.0, 3500, 2400, 127),
(29.031266000005417, 622, 531.0, 3500, 2400, 128),
(29.07287499999802, 623, 531.0, 3500, 2400, 129),
(29.12139099999331, 624, 531.0, 3500, 2400, 130),
(29.162215000003926, 625, 531.0, 3500, 2400, 131),
(29.207271999999648, 626, 531.0, 3500, 2400, 132),
(29.252561999994214, 627, 531.0, 3500, 2400, 133),
(29.296289999998407, 628, 531.0, 3500, 2400, 134),
(29.33686999999918, 629, 531.0, 3500, 2400, 135),
(29.380864000006113, 630, 531.0, 3500, 2400, 136),
(29.432929000002332, 631, 531.0, 3500, 2400, 137),
(29.479766999997082, 632, 531.0, 3500, 2400, 138),
(29.529670000003534, 633, 531.0, 3500, 2400, 139),
(29.5735480000003, 634, 531.0, 3500, 2400, 140),
(29.615714999992633, 635, 531.0, 3500, 2400, 141),
(29.658634000006714, 636, 531.0, 3500, 2400, 142),
(29.70014299999457, 637, 531.0, 3500, 2400, 143),
(29.74106000000029, 638, 531.0, 3500, 2400, 144),
(29.783379000000423, 639, 531.0, 3500, 2400, 145),
(29.83379600000626, 640, 531.0, 3500, 2400, 146),
(29.876396000006935, 641, 531.0, 3500, 2400, 147),
(29.921845000004396, 642, 531.0, 3500, 2400, 148),
(29.970071999996435, 643, 531.0, 3500, 2400, 149),
(30.018433999997796, 644, 531.0, 3500, 2400, 150),
(30.07842299999902, 645, 531.0, 3500, 2400, 151),
(30.128026000005775, 646, 531.0, 3500, 2400, 152),
(30.178209999998217, 647, 531.0, 3500, 2400, 113),
(30.22589400000288, 648, 531.0, 3500, 2400, 114),
(30.27685599999677, 649, 531.0, 3500, 2400, 115),
(30.329110999999102, 650, 531.0, 3500, 2400, 116),
(30.3766270000051, 651, 531.0, 3500, 2400, 117),
(30.43087700000615, 652, 531.0, 3500, 2400, 118),
(30.479005000001052, 653, 531.0, 3500, 2400, 119),
(30.52601099999447, 654, 531.0, 3500, 2400, 120),
(30.567207000000053, 655, 531.0, 3500, 2400, 121),
(30.614212000000407, 656, 531.0, 3500, 2400, 122),
(30.662343999996665, 657, 531.0, 3500, 2400, 123),
(30.713625000003958, 658, 531.0, 3500, 2400, 124),
(30.75556200000574, 659, 531.0, 3500, 2400, 125),
(30.80485200000112, 660, 531.0, 3500, 2400, 126),
(30.85938399999577, 661, 531.0, 3500, 2400, 127),
(30.916081999996095, 662, 531.0, 3500, 2400, 128),
(30.96543599999859, 663, 531.0, 3500, 2400, 129),
(31.00946099999419, 664, 531.0, 3500, 2400, 130),
(31.066611000002013, 665, 531.0, 3500, 2400, 131),
(31.104628000000957, 666, 531.0, 3500, 2400, 132),
(31.14683800000057, 667, 531.0, 3500, 2400, 133),
(31.186109000002034, 668, 531.0, 3500, 2400, 134),
(31.223601000005146, 669, 531.0, 3500, 2400, 135),
(31.280927999992855, 670, 531.0, 3500, 2400, 136),
(31.330071999997017, 671, 531.0, 3500, 2400, 137),
(31.378639999995357, 672, 531.0, 3500, 2400, 138),
(31.426940999997896, 673, 531.0, 3500, 2400, 139),
(31.476100999992923, 674, 531.0, 3500, 2400, 140),
(31.527673000004143, 675, 531.0, 3500, 2400, 141),
(31.574250000005122, 676, 531.0, 3500, 2400, 142),
(31.617572000002838, 677, 531.0, 3500, 2400, 143),
(31.682094000003417, 678, 531.0, 3500, 2400, 144),
(31.72291500000574, 679, 531.0, 3500, 2400, 145),
(31.763433000000077, 680, 531.0, 3500, 2400, 146),
(31.81016300000192, 681, 531.0, 3500, 2400, 147),
(31.85612399999809, 682, 531.0, 3500, 2400, 148),
(31.896594999998342, 683, 531.0, 3500, 2400, 149),
(31.93711600000097, 684, 531.0, 3500, 2400, 150),
(31.99023599999782, 685, 531.0, 3500, 2400, 151),
(32.031151000002865, 686, 531.0, 3500, 2400, 152),
(32.08321399999841, 687, 531.0, 3500, 2400, 113),
(32.128893999994034, 688, 531.0, 3500, 2400, 114),
(32.17184999999881, 689, 531.0, 3500, 2400, 115),
(32.216923999993014, 690, 531.0, 3500, 2400, 116),
(32.26913400000194, 691, 531.0, 3500, 2400, 117),
(32.32111299999815, 692, 531.0, 3500, 2400, 118),
(32.3726319999987, 693, 531.0, 3500, 2400, 119),
(32.42314699999406, 694, 531.0, 3500, 2400, 120),
(32.46958999999333, 695, 531.0, 3500, 2400, 121),
(32.512151999995694, 696, 531.0, 3500, 2400, 122),
(32.55564299999969, 697, 531.0, 3500, 2400, 123),
(32.59048499999335, 698, 531.0, 3500, 2400, 124),
(32.62519999999495, 699, 531.0, 3500, 2400, 125),
(32.66394100000616, 700, 531.0, 3500, 2400, 126),
(32.70508400000108, 701, 531.0, 3500, 2400, 127),
(32.746165999997174, 702, 531.0, 3500, 2400, 128),
(32.79322599999432, 703, 531.0, 3500, 2400, 129),
(32.84828400000697, 704, 531.0, 3500, 2400, 130),
(32.88926700000593, 705, 531.0, 3500, 2400, 131),
(32.94582100000116, 706, 531.0, 3500, 2400, 132),
(32.99264500000572, 707, 531.0, 3500, 2400, 133),
(33.03293699999631, 708, 531.0, 3500, 2400, 134),
(33.086144000000786, 709, 531.0, 3500, 2400, 135),
(33.13373000000138, 710, 531.0, 3500, 2400, 136),
(33.18707899999572, 711, 531.0, 3500, 2400, 137),
(33.2357090000005, 712, 531.0, 3500, 2400, 138),
(33.28994000000239, 713, 531.0, 3500, 2400, 139),
(33.35128400000394, 714, 531.0, 3500, 2400, 140),
(33.397758000006434, 715, 531.0, 3500, 2400, 141),
(33.445315000004484, 716, 531.0, 3500, 2400, 142),
(33.49637999999686, 717, 531.0, 3500, 2400, 143),
(33.540368999994826, 718, 531.0, 3500, 2400, 144),
(33.58844599999429, 719, 531.0, 3500, 2400, 145),
(33.63781299999391, 720, 531.0, 3500, 2400, 146),
(33.68703099999402, 721, 531.0, 3500, 2400, 147),
(33.72892500000307, 722, 531.0, 3500, 2400, 148),
(33.77521100000013, 723, 531.0, 3500, 2400, 149),
(33.814394999993965, 724, 531.0, 3500, 2400, 150),
(33.85567200000514, 725, 531.0, 3500, 2400, 151),
(33.89633099999628, 726, 531.0, 3500, 2400, 152),
(33.9389269999956, 727, 531.0, 3500, 2600, 112),
(33.985184000004665, 728, 531.0, 3500, 2600, 113),
(34.03452200000174, 729, 531.0, 3500, 2600, 114),
(34.08006399999431, 730, 531.0, 3500, 2600, 115),
(34.12101499999699, 731, 531.0, 3500, 2600, 116),
(34.16380599999684, 732, 531.0, 3500, 2600, 117),
(34.20784499999718, 733, 531.0, 3500, 2600, 118),
(34.253805000000284, 734, 531.0, 3500, 2600, 119),
(34.298641000001226, 735, 531.0, 3500, 2600, 120),
(34.35533700000087, 736, 531.0, 3500, 2600, 121),
(34.41648099999293, 737, 531.0, 3500, 2600, 122),
(34.46826399999554, 738, 531.0, 3500, 2600, 123),
(34.51626299999771, 739, 531.0, 3500, 2600, 124),
(34.565803999998025, 740, 531.0, 3500, 2600, 125),
(34.6070139999938, 741, 531.0, 3500, 2600, 126),
(34.6505610000022, 742, 531.0, 3500, 2600, 127),
(34.70068399999582, 743, 531.0, 3500, 2600, 128),
(34.74265000000014, 744, 531.0, 3500, 2600, 129),
(34.785046999997576, 745, 531.0, 3500, 2600, 130),
(34.83244499999273, 746, 531.0, 3500, 2600, 131),
(34.87448699999368, 747, 531.0, 3500, 2600, 132),
(34.91839599999366, 748, 531.0, 3500, 2600, 133),
(34.95706899999641, 749, 531.0, 3500, 2600, 134),
(35.00150399999984, 750, 531.0, 3500, 2600, 135),
(35.045264000000316, 751, 531.0, 3500, 2600, 136),
(35.08459800000128, 752, 531.0, 3500, 2600, 137),
(35.12644999999611, 753, 531.0, 3500, 2600, 138),
(35.167860999994446, 754, 531.0, 3500, 2600, 139),
(35.21489400000428, 755, 531.0, 3500, 2600, 140),
(35.269499000001815, 756, 531.0, 3500, 2600, 141),
(35.327483999994, 757, 531.0, 3500, 2600, 142),
(35.37159399999655, 758, 531.0, 3500, 2600, 143),
(35.41673899999296, 759, 531.0, 3500, 2600, 144),
(35.460376000002725, 760, 531.0, 3500, 2600, 145),
(35.50303999999596, 761, 531.0, 3500, 2600, 146),
(35.545389999999315, 762, 531.0, 3500, 2600, 147),
(35.58610800000315, 763, 531.0, 3500, 2600, 148),
(35.632557000004454, 764, 531.0, 3500, 2600, 149),
(35.678109000000404, 765, 531.0, 3500, 2600, 150),
(35.7180789999984, 766, 531.0, 3500, 2600, 151),
(35.75880199999665, 767, 531.0, 3500, 2600, 152),
(35.799230999997235, 768, 531.0, 3500, 2600, 113),
(35.8421379999927, 769, 531.0, 3500, 2600, 114),
(35.88196299999254, 770, 531.0, 3500, 2600, 115),
(35.92158900000504, 771, 531.0, 3500, 2600, 116),
(35.96655300000566, 772, 531.0, 3500, 2600, 117),
(36.01246199999878, 773, 531.0, 3500, 2600, 118),
(36.05961799999932, 774, 531.0, 3500, 2600, 119),
(36.1054909999948, 775, 531.0, 3500, 2600, 120),
(36.15546999999788, 776, 531.0, 3500, 2600, 121),
(36.213705999995, 777, 531.0, 3500, 2600, 122),
(36.2567379999964, 778, 531.0, 3500, 2600, 123),
(36.30171800000244, 779, 531.0, 3500, 2600, 124),
(36.34008900000481, 780, 531.0, 3500, 2600, 125),
(36.38004699999874, 781, 531.0, 3500, 2600, 126),
(36.42381999999634, 782, 531.0, 3500, 2600, 127),
(36.467067000005045, 783, 531.0, 3500, 2600, 128),
(36.51003299999866, 784, 531.0, 3500, 2600, 129),
(36.566493999998784, 785, 531.0, 3500, 2600, 130),
(36.618163999999524, 786, 531.0, 3500, 2600, 131),
(36.665265000003274, 787, 531.0, 3500, 2600, 132),
(36.70721799999592, 788, 531.0, 3500, 2600, 133),
(36.749316999994335, 789, 531.0, 3500, 2600, 134),
(36.79925999999978, 790, 531.0, 3500, 2600, 135),
(36.85411699999531, 791, 531.0, 3500, 2600, 136),
(36.89603000000352, 792, 531.0, 3500, 2600, 137),
(36.946460999999545, 793, 531.0, 3500, 2600, 138),
(36.990153999999166, 794, 531.0, 3500, 2600, 139),
(37.03469099999347, 795, 531.0, 3500, 2600, 140),
(37.09121899999445, 796, 531.0, 3500, 2600, 141),
(37.1359220000013, 797, 531.0, 3500, 2600, 142),
(37.18425500000012, 798, 531.0, 3500, 2600, 143),
(37.22883900000306, 799, 531.0, 3500, 2600, 144),
(37.29216599999927, 800, 531.0, 3500, 2600, 145),
(37.342516999997315, 801, 531.0, 3500, 2600, 146),
(37.38609899999574, 802, 531.0, 3500, 2600, 147),
(37.433009999993374, 803, 531.0, 3500, 2600, 148),
(37.480544000005466, 804, 531.0, 3500, 2600, 149),
(37.52821899999981, 805, 531.0, 3500, 2600, 150),
(37.57301599999482, 806, 531.0, 3500, 2600, 151),
(37.622526999999536, 807, 531.0, 3500, 2600, 152),
(37.66830299999856, 808, 531.0, 3500, 2600, 113),
(37.721753000005265, 809, 531.0, 3500, 2600, 114),
(37.765700999996625, 810, 531.0, 3500, 2600, 115),
(37.80400999999256, 811, 531.0, 3500, 2600, 116),
(37.85429899999872, 812, 531.0, 3500, 2600, 117),
(37.90118699999584, 813, 531.0, 3500, 2600, 118),
(37.943293000003905, 814, 531.0, 3500, 2600, 119),
(37.98732000000018, 815, 531.0, 3500, 2600, 120),
(38.026914999994915, 816, 531.0, 3500, 2600, 121),
(38.06973299999663, 817, 531.0, 3500, 2600, 122),
(38.11699999999837, 818, 531.0, 3500, 2600, 123),
(38.15804500000377, 819, 531.0, 3500, 2600, 124),
(38.20407300000079, 820, 531.0, 3500, 2600, 125),
(38.24946200000704, 821, 531.0, 3500, 2600, 126),
(38.28906300000381, 822, 531.0, 3500, 2600, 127),
(38.33013099999516, 823, 531.0, 3500, 2600, 128),
(38.37468599999556, 824, 531.0, 3500, 2600, 129),
(38.414833000002545, 825, 531.0, 3500, 2600, 130),
(38.469058000002406, 826, 531.0, 3500, 2600, 131),
(38.52731600000698, 827, 531.0, 3500, 2600, 132),
(38.57130500000494, 828, 531.0, 3500, 2600, 133),
(38.61479500000132, 829, 531.0, 3500, 2600, 134),
(38.663501000002725, 830, 531.0, 3500, 2600, 135),
(38.70835899999656, 831, 531.0, 3500, 2600, 136),
(38.753121000001556, 832, 531.0, 3500, 2600, 137),
(38.80467199999839, 833, 531.0, 3500, 2600, 138),
(38.861948999998276, 834, 531.0, 3500, 2600, 139),
(38.90633300000627, 835, 531.0, 3500, 2600, 140),
(38.95951499999501, 836, 531.0, 3500, 2600, 141),
(39.01512399999774, 837, 531.0, 3500, 2600, 142),
(39.066519999993034, 838, 531.0, 3500, 2600, 143),
(39.11095899999782, 839, 531.0, 3500, 2600, 144),
(39.15612600000168, 840, 531.0, 3500, 2600, 145),
(39.204131999998935, 841, 531.0, 3500, 2600, 146),
(39.24917199999618, 842, 531.0, 3500, 2600, 147),
(39.3032830000011, 843, 531.0, 3500, 2600, 148),
(39.34849899999972, 844, 531.0, 3500, 2600, 149),
(39.39727099999436, 845, 531.0, 3500, 2600, 150),
(39.450324999997974, 846, 531.0, 3500, 2600, 151),
(39.504753999994136, 847, 531.0, 3500, 2600, 152),
(39.55238500000269, 848, 531.0, 3500, 2800, 112),
(39.61002199999348, 849, 531.0, 3500, 2800, 113),
(39.657288000002154, 850, 531.0, 3500, 2800, 114),
(39.70243400000618, 851, 531.0, 3500, 2800, 115),
(39.73842700000387, 852, 531.0, 3500, 2800, 116),
(39.79241199999524, 853, 531.0, 3500, 2800, 117),
(39.83360800000082, 854, 531.0, 3500, 2800, 118),
(39.87583099999756, 855, 531.0, 3500, 2800, 119),
(39.92413499999384, 856, 531.0, 3500, 2800, 120),
(39.97055800000089, 857, 531.0, 3500, 2800, 121),
(40.01569000000018, 858, 531.0, 3500, 2800, 122),
(40.06352799999877, 859, 531.0, 3500, 2800, 123),
(40.11098199999833, 860, 531.0, 3500, 2800, 124),
(40.14985000000161, 861, 531.0, 3500, 2800, 125),
(40.20060199999716, 862, 531.0, 3500, 2800, 126),
(40.250792000006186, 863, 531.0, 3500, 2800, 127),
(40.30566199999885, 864, 531.0, 3500, 2800, 128),
(40.350311000001966, 865, 531.0, 3500, 2800, 129),
(40.39697800000431, 866, 531.0, 3500, 2800, 130),
(40.44383800000651, 867, 531.0, 3500, 2800, 131),
(40.48519799999485, 868, 531.0, 3500, 2800, 132),
(40.52842800000508, 869, 531.0, 3500, 2800, 133),
(40.57455900000059, 870, 531.0, 3500, 2800, 134),
(40.634648000006564, 871, 531.0, 3500, 2800, 135),
(40.6901130000042, 872, 531.0, 3500, 2800, 136),
(40.7319920000009, 873, 531.0, 3500, 2800, 137),
(40.77835399999458, 874, 531.0, 3500, 2800, 138),
(40.825815000003786, 875, 531.0, 3500, 2800, 139),
(40.868751000001794, 876, 531.0, 3500, 2800, 140),
(40.91807699999481, 877, 531.0, 3500, 2800, 141),
(40.98096699999587, 878, 531.0, 3500, 2800, 142),
(41.028747999996995, 879, 531.0, 3500, 2800, 143),
(41.09644199999457, 880, 531.0, 3500, 2800, 144),
(41.15602300000319, 881, 531.0, 3500, 2800, 145),
(41.20742500000051, 882, 531.0, 3500, 2800, 146),
(41.25923500000499, 883, 531.0, 3500, 2800, 147),
(41.30310400000599, 884, 531.0, 3500, 2800, 148),
(41.35203199999523, 885, 531.0, 3500, 2800, 149),
(41.395415000006324, 886, 531.0, 3500, 2800, 150),
(41.44666600000346, 887, 531.0, 3500, 2800, 151),
(41.491875000006985, 888, 531.0, 3500, 2800, 152),
(41.543760000000475, 889, 531.0, 3500, 2800, 113),
(41.59958500000357, 890, 531.0, 3500, 2800, 114),
(41.655434999993304, 891, 531.0, 3500, 2800, 115),
(41.695158000002266, 892, 531.0, 3500, 2800, 116),
(41.73934200000076, 893, 531.0, 3500, 2800, 117),
(41.786913999996614, 894, 531.0, 3500, 2800, 118),
(41.84343799999624, 895, 531.0, 3500, 2800, 119),
(41.89680400000361, 896, 531.0, 3500, 2800, 120),
(41.93849099999352, 897, 531.0, 3500, 2800, 121),
(41.98323500000697, 898, 531.0, 3500, 2800, 122),
(42.0306680000067, 899, 531.0, 3500, 2800, 123),
(42.075230999995256, 900, 531.0, 3500, 2800, 124),
(42.119260999999824, 901, 531.0, 3500, 2800, 125),
(42.16269199999806, 902, 531.0, 3500, 2800, 126),
(42.20755700000154, 903, 531.0, 3500, 2800, 127),
(42.25628099999449, 904, 531.0, 3500, 2800, 128),
(42.300917999993544, 905, 531.0, 3500, 2800, 129),
(42.34192799999437, 906, 531.0, 3500, 2800, 130),
(42.38617699999304, 907, 531.0, 3500, 2800, 131),
(42.437470000004396, 908, 531.0, 3500, 2800, 132),
(42.49358900000516, 909, 531.0, 3500, 2800, 133),
(42.54222600000503, 910, 531.0, 3500, 2800, 134),
(42.59713799999736, 911, 531.0, 3500, 2800, 135),
(42.63138399999298, 912, 531.0, 3500, 2800, 136),
(42.67363299999852, 913, 531.0, 3500, 2800, 137),
(42.723987000004854, 914, 531.0, 3500, 2800, 138),
(42.76877799999784, 915, 531.0, 3500, 2800, 139),
(42.826027000002796, 916, 531.0, 3500, 2800, 140),
(42.86968099999649, 917, 531.0, 3500, 2800, 141),
(42.914277000003494, 918, 531.0, 3500, 2800, 142),
(42.963034000000334, 919, 531.0, 3500, 2800, 143),
(43.00876799999969, 920, 531.0, 3500, 2800, 144),
(43.05805500000133, 921, 531.0, 3500, 2800, 145),
(43.1087669999979, 922, 531.0, 3500, 2800, 146),
(43.15832299999602, 923, 531.0, 3500, 2800, 147),
(43.209176000003936, 924, 531.0, 3500, 2800, 148),
(43.249377000000095, 925, 531.0, 3500, 2800, 149),
(43.29702199999883, 926, 531.0, 3500, 2800, 150),
(43.35486000000674, 927, 531.0, 3500, 2800, 151),
(43.397031000000425, 928, 531.0, 3500, 2800, 152),
(43.440883999996004, 929, 531.0, 3500, 2800, 113),
(43.49349700000312, 930, 531.0, 3500, 2800, 114),
(43.54410199999984, 931, 531.0, 3500, 2800, 115),
(43.5879200000054, 932, 531.0, 3500, 2800, 116),
(43.63567899999907, 933, 531.0, 3500, 2800, 117),
(43.687380999996094, 934, 531.0, 3500, 2800, 118),
(43.73229600000195, 935, 531.0, 3500, 2800, 119),
(43.773577999992995, 936, 531.0, 3500, 2800, 120),
(43.8265870000032, 937, 531.0, 3500, 2800, 121),
(43.87425199999416, 938, 531.0, 3500, 2800, 122),
(43.91753799999424, 939, 531.0, 3500, 2800, 123),
(43.97009299999627, 940, 531.0, 3500, 2800, 124),
(44.023640999992494, 941, 531.0, 3500, 2800, 125),
(44.07448799999838, 942, 531.0, 3500, 2800, 126),
(44.11813099999563, 943, 531.0, 3500, 2800, 127),
(44.15531899999769, 944, 531.0, 3500, 2800, 128),
(44.19741300000169, 945, 531.0, 3500, 2800, 129),
(44.235952000002726, 946, 531.0, 3500, 2800, 130),
(44.27918699999282, 947, 531.0, 3500, 2800, 131),
(44.33109199999308, 948, 531.0, 3500, 2800, 132),
(44.385903000002145, 949, 531.0, 3500, 2800, 133),
(44.432990000001155, 950, 531.0, 3500, 2800, 134),
(44.486017999995966, 951, 531.0, 3500, 2800, 135),
(44.53850900000543, 952, 531.0, 3500, 2800, 136),
(44.59179599999334, 953, 531.0, 3500, 2800, 137),
(44.63795299999765, 954, 531.0, 3500, 2800, 138),
(44.68927899999835, 955, 531.0, 3500, 2800, 139),
(44.7296309999947, 956, 531.0, 3500, 2800, 140),
(44.77716800000053, 957, 531.0, 3500, 2800, 141),
(44.82719900000666, 958, 531.0, 3500, 2800, 142),
(44.87685800000327, 959, 531.0, 3500, 2800, 143),
(44.927364999995916, 960, 531.0, 3500, 2800, 144),
(44.976851999992505, 961, 531.0, 3500, 2800, 145),
(45.0287149999931, 962, 531.0, 3500, 2800, 146),
(45.07812999999442, 963, 531.0, 3500, 2800, 147),
(45.135057999999844, 964, 531.0, 3500, 2800, 148),
(45.17900600000576, 965, 531.0, 3500, 2800, 149),
(45.225651999993715, 966, 531.0, 3500, 2800, 150),
(45.274883999998565, 967, 531.0, 3500, 2800, 151),
(45.32337300000654, 968, 531.0, 3500, 2800, 152),
(45.37087199999951, 969, 531.0, 3500, 3000, 112),
(45.42036899999948, 970, 531.0, 3500, 3000, 113),
(45.464494999992894, 971, 531.0, 3500, 3000, 114),
(45.513363999998546, 972, 531.0, 3500, 3000, 115),
(45.556557999996585, 973, 531.0, 3500, 3000, 116),
(45.597859000001336, 974, 531.0, 3500, 3000, 117),
(45.646355000004405, 975, 531.0, 3500, 3000, 118),
(45.69871899999271, 976, 531.0, 3500, 3000, 119),
(45.744204000002355, 977, 531.0, 3500, 3000, 120),
(45.78811500000302, 978, 531.0, 3500, 3000, 121),
(45.831468999997014, 979, 531.0, 3500, 3000, 122),
(45.874106999996, 980, 531.0, 3500, 3000, 123),
(45.91480300000694, 981, 531.0, 3500, 3000, 124),
(45.9659779999929, 982, 531.0, 3500, 3000, 125),
(46.02304699999513, 983, 531.0, 3500, 3000, 126),
(46.065537999995286, 984, 531.0, 3500, 3000, 127),
(46.1169280000031, 985, 531.0, 3500, 3000, 128),
(46.16586799999641, 986, 531.0, 3500, 3000, 129),
(46.20967599999858, 987, 531.0, 3500, 3000, 130),
(46.26724299999478, 988, 531.0, 3500, 3000, 131),
(46.312751999998, 989, 531.0, 3500, 3000, 132),
(46.35954000000493, 990, 531.0, 3500, 3000, 133),
(46.39916099999391, 991, 531.0, 3500, 3000, 134),
(46.45513299999584, 992, 531.0, 3500, 3000, 135),
(46.498697999995784, 993, 531.0, 3500, 3000, 136),
(46.541270999994595, 994, 531.0, 3500, 3000, 137),
(46.58824800000002, 995, 531.0, 3500, 3000, 138),
(46.6359369999991, 996, 531.0, 3500, 3000, 139),
(46.678360999998404, 997, 531.0, 3500, 3000, 140),
(46.7245649999968, 998, 531.0, 3500, 3000, 141),
(46.77388100000098, 999, 531.0, 3500, 3000, 142),
(46.82003099999565, 1000, 531.0, 3500, 3000, 143),
(46.868751999994856, 1001, 531.0, 3500, 3000, 144),
(46.91283600000315, 1002, 531.0, 3500, 3000, 145),
(46.95538100000704, 1003, 531.0, 3500, 3000, 146),
(47.00229099999706, 1004, 531.0, 3500, 3000, 147),
(47.047229000003426, 1005, 531.0, 3500, 3000, 148),
(47.09256200000527, 1006, 531.0, 3500, 3000, 149),
(47.13699899999483, 1007, 531.0, 3500, 3000, 150),
(47.17837700000382, 1008, 531.0, 3500, 3000, 151),
(47.22247399999469, 1009, 531.0, 3500, 3000, 152),
(47.26479699999618, 1010, 531.0, 3500, 3000, 113),
(47.31197900000552, 1011, 531.0, 3500, 3000, 114),
(47.35690699999395, 1012, 531.0, 3500, 3000, 115),
(47.414829999994254, 1013, 531.0, 3500, 3000, 116),
(47.46296600000642, 1014, 531.0, 3500, 3000, 117),
(47.51566799999273, 1015, 531.0, 3500, 3000, 118),
(47.56430199999886, 1016, 531.0, 3500, 3000, 119),
(47.604097999996156, 1017, 531.0, 3500, 3000, 120),
(47.64760799999931, 1018, 531.0, 3500, 3000, 121),
(47.69210600000224, 1019, 531.0, 3500, 3000, 122),
(47.740090999999666, 1020, 531.0, 3500, 3000, 123),
(47.78101000000606, 1021, 531.0, 3500, 3000, 124),
(47.82256800000323, 1022, 531.0, 3500, 3000, 125),
(47.86921600000642, 1023, 531.0, 3500, 3000, 126),
(47.91583199999877, 1024, 531.0, 3500, 3000, 127),
(47.96403600000485, 1025, 531.0, 3500, 3000, 128),
(48.007331000000704, 1026, 531.0, 3500, 3000, 129),
(48.05335899999773, 1027, 531.0, 3500, 3000, 130),
(48.097718000004534, 1028, 531.0, 3500, 3000, 131),
(48.14042199999676, 1029, 531.0, 3500, 3000, 132),
(48.1835679999931, 1030, 531.0, 3500, 3000, 133),
(48.22749200000544, 1031, 531.0, 3500, 3000, 134),
(48.27349000000686, 1032, 531.0, 3500, 3000, 135),
(48.31849599999259, 1033, 531.0, 3500, 3000, 136),
(48.357411000004504, 1034, 531.0, 3500, 3000, 137),
(48.39651000000595, 1035, 531.0, 3500, 3000, 138),
(48.44418299999961, 1036, 531.0, 3500, 3000, 139),
(48.49618200000259, 1037, 531.0, 3500, 3000, 140),
(48.54181999999855, 1038, 531.0, 3500, 3000, 141),
(48.5890689999942, 1039, 531.0, 3500, 3000, 142),
(48.64379800000461, 1040, 531.0, 3500, 3000, 143),
(48.69126000000688, 1041, 531.0, 3500, 3000, 144),
(48.73760799999582, 1042, 531.0, 3500, 3000, 145),
(48.779607000004034, 1043, 531.0, 3500, 3000, 146),
(48.82024899999669, 1044, 531.0, 3500, 3000, 147),
(48.865025000006426, 1045, 531.0, 3500, 3000, 148),
(48.9153709999955, 1046, 531.0, 3500, 3000, 149),
(48.962320000006, 1047, 531.0, 3500, 3000, 150),
(49.007314000002225, 1048, 531.0, 3500, 3000, 151),
(49.05555400000594, 1049, 531.0, 3500, 3000, 152),
(49.094547999993665, 1050, 531.0, 3500, 3000, 113),
(49.13633900000423, 1051, 531.0, 3500, 3000, 114),
(49.184829000005266, 1052, 531.0, 3500, 3000, 115),
(49.22670400000061, 1053, 531.0, 3500, 3000, 116),
(49.27580200000375, 1054, 531.0, 3500, 3000, 117),
(49.32299800000328, 1055, 531.0, 3500, 3000, 118),
(49.37947699999495, 1056, 531.0, 3500, 3000, 119),
(49.43324699999357, 1057, 531.0, 3500, 3000, 120),
(49.4871359999961, 1058, 531.0, 3500, 3000, 121),
(49.536290000003646, 1059, 531.0, 3500, 3000, 122),
(49.58242099999916, 1060, 531.0, 3500, 3000, 123),
(49.62349699999322, 1061, 531.0, 3500, 3000, 124),
(49.664317000002484, 1062, 531.0, 3500, 3000, 125),
(49.706927000006544, 1063, 531.0, 3500, 3000, 126),
(49.75352399999974, 1064, 531.0, 3500, 3000, 127),
(49.79991499999596, 1065, 531.0, 3500, 3000, 128),
(49.84189399999741, 1066, 531.0, 3500, 3000, 129),
(49.881701000005705, 1067, 531.0, 3500, 3000, 130),
(49.92098399999668, 1068, 531.0, 3500, 3000, 131),
(49.97334799999953, 1069, 531.0, 3500, 3000, 132),
(50.01984100000118, 1070, 531.0, 3500, 3000, 133),
(50.06404699999257, 1071, 531.0, 3500, 3000, 134),
(50.105358000000706, 1072, 531.0, 3500, 3000, 135),
(50.15431600000011, 1073, 531.0, 3500, 3000, 136),
(50.21067499999481, 1074, 531.0, 3500, 3000, 137),
(50.2575380000053, 1075, 531.0, 3500, 3000, 138),
(50.31116300000576, 1076, 531.0, 3500, 3000, 139),
(50.35758100000385, 1077, 531.0, 3500, 3000, 140),
(50.403948000006494, 1078, 531.0, 3500, 3000, 141),
(50.45369700000447, 1079, 531.0, 3500, 3000, 142),
(50.50849900000321, 1080, 531.0, 3500, 3000, 143),
(50.549098999996204, 1081, 531.0, 3500, 3000, 144),
(50.59911700000521, 1082, 531.0, 3500, 3000, 145),
(50.64469499999541, 1083, 531.0, 3500, 3000, 146),
(50.699173999993945, 1084, 531.0, 3500, 3000, 147),
(50.74335400000564, 1085, 531.0, 3500, 3000, 148),
(50.78196399999433, 1086, 531.0, 3500, 3000, 149),
(50.819539000003715, 1087, 531.0, 3500, 3000, 150),
(50.86200799999642, 1088, 531.0, 3500, 3000, 151),
(50.915219999995315, 1089, 531.0, 3500, 3000, 152),
(50.95853099999658, 1090, 531.0, 3500, 3200, 112),
(50.995943000001716, 1091, 531.0, 3500, 3200, 113),
(51.0476570000028, 1092, 531.0, 3500, 3200, 114),
(51.09147299999313, 1093, 531.0, 3500, 3200, 115),
(51.13720199999807, 1094, 531.0, 3500, 3200, 116),
(51.1803099999961, 1095, 531.0, 3500, 3200, 117),
(51.22029399999883, 1096, 531.0, 3500, 3200, 118),
(51.25916800000414, 1097, 531.0, 3500, 3200, 119),
(51.301365000006626, 1098, 531.0, 3500, 3200, 120),
(51.352992000000086, 1099, 531.0, 3500, 3200, 121),
(51.39614700000675, 1100, 531.0, 3500, 3200, 122),
(51.43965899999603, 1101, 531.0, 3500, 3200, 123),
(51.486980000001495, 1102, 531.0, 3500, 3200, 124),
(51.53771999999299, 1103, 531.0, 3500, 3200, 125),
(51.578754999995, 1104, 531.0, 3500, 3200, 126),
(51.64376799999445, 1105, 531.0, 3500, 3200, 127),
(51.684135999996215, 1106, 531.0, 3500, 3200, 128),
(51.733783999996376, 1107, 531.0, 3500, 3200, 129),
(51.77635699999519, 1108, 531.0, 3500, 3200, 130),
(51.82490300000063, 1109, 531.0, 3500, 3200, 131),
(51.87580100000196, 1110, 531.0, 3500, 3200, 132),
(51.91769699999713, 1111, 531.0, 3500, 3200, 133),
(51.95411700000113, 1112, 531.0, 3500, 3200, 134),
(52.00334199999634, 1113, 531.0, 3500, 3200, 135),
(52.041201, 1114, 531.0, 3500, 3200, 136),
(52.08621900000435, 1115, 531.0, 3500, 3200, 137),
(52.12414600000193, 1116, 531.0, 3500, 3200, 138),
(52.16727400000673, 1117, 531.0, 3500, 3200, 139),
(52.21768400000292, 1118, 531.0, 3500, 3200, 140),
(52.2640090000059, 1119, 531.0, 3500, 3200, 141),
(52.313693000003695, 1120, 531.0, 3500, 3200, 142),
(52.35760499999742, 1121, 531.0, 3500, 3200, 143),
(52.40574800000468, 1122, 531.0, 3500, 3200, 144),
(52.46103700000094, 1123, 531.0, 3500, 3200, 145),
(52.50819100000081, 1124, 531.0, 3500, 3200, 146),
(52.560312999994494, 1125, 531.0, 3500, 3200, 147),
(52.608697999996366, 1126, 531.0, 3500, 3200, 148),
(52.64848499999789, 1127, 531.0, 3500, 3200, 149),
(52.68347800000629, 1128, 531.0, 3500, 3200, 150),
(52.718378999998095, 1129, 531.0, 3500, 3200, 151),
(52.75591500000155, 1130, 531.0, 3500, 3200, 152),
(52.80654299999878, 1131, 531.0, 3500, 3200, 113),
(52.84971100000257, 1132, 531.0, 3500, 3200, 114),
(52.88803499999631, 1133, 531.0, 3500, 3200, 115),
(52.92847699999402, 1134, 531.0, 3500, 3200, 116),
(52.96792300000379, 1135, 531.0, 3500, 3200, 117),
(53.00949199999741, 1136, 531.0, 3500, 3200, 118),
(53.05071900000621, 1137, 531.0, 3500, 3200, 119),
(53.08939999999711, 1138, 531.0, 3500, 3200, 120),
(53.14402799999516, 1139, 531.0, 3500, 3200, 121),
(53.193685000005644, 1140, 531.0, 3500, 3200, 122),
(53.237366999994265, 1141, 531.0, 3500, 3200, 123),
(53.282781000001705, 1142, 531.0, 3500, 3200, 124),
(53.322314999997616, 1143, 531.0, 3500, 3200, 125),
(53.364600999993854, 1144, 531.0, 3500, 3200, 126),
(53.41159800000605, 1145, 531.0, 3500, 3200, 127),
(53.45941599999787, 1146, 531.0, 3500, 3200, 128),
(53.50751500000479, 1147, 531.0, 3500, 3200, 129),
(53.55310400000599, 1148, 531.0, 3500, 3200, 130),
(53.596692999999505, 1149, 531.0, 3500, 3200, 131),
(53.63546299999871, 1150, 531.0, 3500, 3200, 132),
(53.69036799999594, 1151, 531.0, 3500, 3200, 133),
(53.74671700000181, 1152, 531.0, 3500, 3200, 134),
(53.797355000002426, 1153, 531.0, 3500, 3200, 135),
(53.84422499999346, 1154, 531.0, 3500, 3200, 136),
(53.884250000002794, 1155, 531.0, 3500, 3200, 137),
(53.92304599999625, 1156, 531.0, 3500, 3200, 138),
(53.963143000000855, 1157, 531.0, 3500, 3200, 139),
(54.00467999999819, 1158, 531.0, 3500, 3200, 140),
(54.047372000000905, 1159, 531.0, 3500, 3200, 141),
(54.10343499999726, 1160, 531.0, 3500, 3200, 142),
(54.15634800000407, 1161, 531.0, 3500, 3200, 143),
(54.20719299999473, 1162, 531.0, 3500, 3200, 144),
(54.2585720000061, 1163, 531.0, 3500, 3200, 145),
(54.30896199999552, 1164, 531.0, 3500, 3200, 146),
(54.35645599999407, 1165, 531.0, 3500, 3200, 147),
(54.40606199999456, 1166, 531.0, 3500, 3200, 148),
(54.45687900000485, 1167, 531.0, 3500, 3200, 149),
(54.50476300000446, 1168, 531.0, 3500, 3200, 150),
(54.55038000000059, 1169, 531.0, 3500, 3200, 151),
(54.59545199999411, 1170, 531.0, 3500, 3200, 152),
(54.64983199999551, 1171, 531.0, 3500, 3200, 113),
(54.70226200000616, 1172, 531.0, 3500, 3200, 114),
(54.74917599999753, 1173, 531.0, 3500, 3200, 115),
(54.7930059999926, 1174, 531.0, 3500, 3200, 116),
(54.83261699999275, 1175, 531.0, 3500, 3200, 117),
(54.875021999992896, 1176, 531.0, 3500, 3200, 118),
(54.91662800000631, 1177, 531.0, 3500, 3200, 119),
(54.95614599999681, 1178, 531.0, 3500, 3200, 120),
(55.00396600000386, 1179, 531.0, 3500, 3200, 121),
(55.04476900000009, 1180, 531.0, 3500, 3200, 122),
(55.08638900000369, 1181, 531.0, 3500, 3200, 123),
(55.12534400000004, 1182, 531.0, 3500, 3200, 124),
(55.16514599999937, 1183, 531.0, 3500, 3200, 125),
(55.20617600000696, 1184, 531.0, 3500, 3200, 126),
(55.25225499999942, 1185, 531.0, 3500, 3200, 127),
(55.29252499999711, 1186, 531.0, 3500, 3200, 128),
(55.33580099999381, 1187, 531.0, 3500, 3200, 129),
(55.37386900000274, 1188, 531.0, 3500, 3200, 130),
(55.4159970000037, 1189, 531.0, 3500, 3200, 131),
(55.4569499999925, 1190, 531.0, 3500, 3200, 132),
(55.502376000004006, 1191, 531.0, 3500, 3200, 133),
(55.54180000000633, 1192, 531.0, 3500, 3200, 134),
(55.58585800000583, 1193, 531.0, 3500, 3200, 135),
(55.626634000000195, 1194, 531.0, 3500, 3200, 136),
(55.67326100000355, 1195, 531.0, 3500, 3200, 137),
(55.7216480000061, 1196, 531.0, 3500, 3200, 138),
(55.77739499999734, 1197, 531.0, 3500, 3200, 139),
(55.82959900000424, 1198, 531.0, 3500, 3200, 140),
(55.873233999998774, 1199, 531.0, 3500, 3200, 141),
(55.92092499999853, 1200, 531.0, 3500, 3200, 142),
(55.979072000001906, 1201, 531.0, 3500, 3200, 143),
(56.02763599999889, 1202, 531.0, 3500, 3200, 144),
(56.07218800000555, 1203, 531.0, 3500, 3200, 145),
(56.12354499999492, 1204, 531.0, 3500, 3200, 146),
(56.171507000006386, 1205, 531.0, 3500, 3200, 147),
(56.214177000001655, 1206, 531.0, 3500, 3200, 148),
(56.25785700000415, 1207, 531.0, 3500, 3200, 149),
(56.30321600000025, 1208, 531.0, 3500, 3200, 150),
(56.35185700000147, 1209, 531.0, 3500, 3200, 151),
(56.39507699999376, 1210, 531.0, 3500, 3200, 152),
(56.43798499999684, 1211, 531.0, 3500, 2100, 112),
(56.48680400000012, 1212, 531.0, 3500, 2100, 113),
(56.53133300000627, 1213, 531.0, 3500, 2100, 114),
(56.57262900000205, 1214, 531.0, 3500, 2100, 115),
(56.61156699999992, 1215, 531.0, 3500, 2100, 116),
(56.653223999994225, 1216, 531.0, 3500, 2100, 117),
(56.69584699999541, 1217, 531.0, 3500, 2100, 118),
(56.73689299999387, 1218, 531.0, 3500, 2100, 119),
(56.78565499999968, 1219, 531.0, 3500, 2100, 120),
(56.83667299999797, 1220, 531.0, 3500, 2100, 121),
(56.88153100000636, 1221, 531.0, 3500, 2100, 122),
(56.92074000000139, 1222, 531.0, 3500, 2100, 123),
(56.96972300000198, 1223, 531.0, 3500, 2100, 124),
(57.025202000004356, 1224, 531.0, 3500, 2100, 125),
(57.06444400000328, 1225, 531.0, 3500, 2100, 126),
(57.10432300000684, 1226, 531.0, 3500, 2100, 127),
(57.146563999995124, 1227, 531.0, 3500, 2100, 128),
(57.18621699999494, 1228, 531.0, 3500, 2100, 129),
(57.23458200000459, 1229, 531.0, 3500, 2100, 130),
(57.27584800000477, 1230, 531.0, 3500, 2100, 131),
(57.32133299999987, 1231, 531.0, 3500, 2100, 132),
(57.36053700000048, 1232, 531.0, 3500, 2100, 133),
(57.40795799999614, 1233, 531.0, 3500, 2100, 134),
(57.449580000000424, 1234, 531.0, 3500, 2100, 135),
(57.48941999999806, 1235, 531.0, 3500, 2100, 136),
(57.53736600000411, 1236, 531.0, 3500, 2100, 137),
(57.57844899999327, 1237, 531.0, 3500, 2100, 138),
(57.61648799999966, 1238, 531.0, 3500, 2100, 139),
(57.657892999995966, 1239, 531.0, 3500, 2100, 140),
(57.70106599999417, 1240, 531.0, 3500, 2100, 141),
(57.74268199999642, 1241, 531.0, 3500, 2100, 142),
(57.788148999999976, 1242, 531.0, 3500, 2100, 143),
(57.828324000001885, 1243, 531.0, 3500, 2100, 144),
(57.87043900000572, 1244, 531.0, 3500, 2100, 145),
(57.92076399999496, 1245, 531.0, 3500, 2100, 146),
(57.97040000000561, 1246, 531.0, 3500, 2100, 147),
(58.010378999999375, 1247, 531.0, 3500, 2100, 148),
(58.05383299999812, 1248, 531.0, 3500, 2100, 149),
(58.097257000001264, 1249, 531.0, 3500, 2100, 150),
(58.13759199999913, 1250, 531.0, 3500, 2100, 151),
(58.17737400000624, 1251, 531.0, 3500, 2100, 152),
(58.2187649999978, 1252, 531.0, 3500, 2100, 113),
(58.259210000003804, 1253, 531.0, 3500, 2100, 114),
(58.304627000004984, 1254, 531.0, 3500, 2100, 115),
(58.352155000000494, 1255, 531.0, 3500, 2100, 116),
(58.404639000000316, 1256, 531.0, 3500, 2100, 117),
(58.448967000003904, 1257, 531.0, 3500, 2100, 118),
(58.50966700000572, 1258, 531.0, 3500, 2100, 119),
(58.56525899999542, 1259, 531.0, 3500, 2100, 120),
(58.62060100000235, 1260, 531.0, 3500, 2100, 121),
(58.667084000000614, 1261, 531.0, 3500, 2100, 122),
(58.717946000004304, 1262, 531.0, 3500, 2100, 123),
(58.77213800000027, 1263, 531.0, 3500, 2100, 124),
(58.81559699999343, 1264, 531.0, 3500, 2100, 125),
(58.85504199999559, 1265, 531.0, 3500, 2100, 126),
(58.90514800000528, 1266, 531.0, 3500, 2100, 127),
(58.9456199999986, 1267, 531.0, 3500, 2100, 128),
(58.998311000003014, 1268, 531.0, 3500, 2100, 129),
(59.05165900000429, 1269, 531.0, 3500, 2100, 130),
(59.09215500000573, 1270, 531.0, 3500, 2100, 131),
(59.140987000006135, 1271, 531.0, 3500, 2100, 132),
(59.18955399999686, 1272, 531.0, 3500, 2100, 133),
(59.238123000002815, 1273, 531.0, 3500, 2100, 134),
(59.28287300000375, 1274, 531.0, 3500, 2100, 135),
(59.32653000000573, 1275, 531.0, 3500, 2100, 136),
(59.37523400000646, 1276, 531.0, 3500, 2100, 137),
(59.42516800000158, 1277, 531.0, 3500, 2100, 138),
(59.477092999994056, 1278, 531.0, 3500, 2100, 139),
(59.53199400000449, 1279, 531.0, 3500, 2100, 140),
(59.58371599999373, 1280, 531.0, 3500, 2100, 141),
(59.63205400000152, 1281, 531.0, 3500, 2100, 142),
(59.684477000002516, 1282, 531.0, 3500, 2100, 143),
(59.72905500000343, 1283, 531.0, 3500, 2100, 144),
(59.77309299999615, 1284, 531.0, 3500, 2100, 145),
(59.81512699999439, 1285, 531.0, 3500, 2100, 146),
(59.85384599999816, 1286, 531.0, 3500, 2100, 147),
(59.89720099999977, 1287, 531.0, 3500, 2100, 148),
(59.936390000002575, 1288, 531.0, 3500, 2100, 149),
(59.97508999999263, 1289, 531.0, 3500, 2100, 150),
(60.01502700000128, 1290, 531.0, 3500, 2100, 151),
(60.053916999997455, 1291, 531.0, 3500, 2100, 152),
(60.093198999995366, 1292, 531.0, 3500, 2100, 113),
(60.13521900000342, 1293, 531.0, 3500, 2100, 114),
(60.18692399999418, 1294, 531.0, 3500, 2100, 115),
(60.2355979999993, 1295, 531.0, 3500, 2100, 116),
(60.293401999995694, 1296, 531.0, 3500, 2100, 117),
(60.35218000000168, 1297, 531.0, 3500, 2100, 118),
(60.400221999996575, 1298, 531.0, 3500, 2100, 119),
(60.449068000001716, 1299, 531.0, 3500, 2100, 120),
(60.50060400000075, 1300, 531.0, 3500, 2100, 121),
(60.555630000002566, 1301, 531.0, 3500, 2100, 122),
(60.59644199999457, 1302, 531.0, 3500, 2100, 123),
(60.63718200000585, 1303, 531.0, 3500, 2100, 124),
(60.683084999996936, 1304, 531.0, 3500, 2100, 125),
(60.72428599999694, 1305, 531.0, 3500, 2100, 126),
(60.769455999994534, 1306, 531.0, 3500, 2100, 127),
(60.81658400000015, 1307, 531.0, 3500, 2100, 128),
(60.863704999996116, 1308, 531.0, 3500, 2100, 129),
(60.9074580000015, 1309, 531.0, 3500, 2100, 130),
(60.94677399999637, 1310, 531.0, 3500, 2100, 131),
(60.98579900000186, 1311, 531.0, 3500, 2100, 132),
(61.02713099999528, 1312, 531.0, 3500, 2100, 133),
(61.071890999999596, 1313, 531.0, 3500, 2100, 134),
(61.11480599999777, 1314, 531.0, 3500, 2100, 135),
(61.15995699999621, 1315, 531.0, 3500, 2100, 136),
(61.207941999993636, 1316, 531.0, 3500, 2100, 137),
(61.26196099999652, 1317, 531.0, 3500, 2100, 138),
(61.31868700000632, 1318, 531.0, 3500, 2100, 139),
(61.36635900000692, 1319, 531.0, 3500, 2100, 140),
(61.40679199999431, 1320, 531.0, 3500, 2100, 141),
(61.46261499999673, 1321, 531.0, 3500, 2100, 142),
(61.50840399999288, 1322, 531.0, 3500, 2100, 143),
(61.56731199999922, 1323, 531.0, 3500, 2100, 144),
(61.61539599999378, 1324, 531.0, 3500, 2100, 145),
(61.653894000002765, 1325, 531.0, 3500, 2100, 146),
(61.702072000000044, 1326, 531.0, 3500, 2100, 147),
(61.74768600000243, 1327, 531.0, 3500, 2100, 148),
(61.801129999992554, 1328, 531.0, 3500, 2100, 149),
(61.840156999998726, 1329, 531.0, 3500, 2100, 150),
(61.895071999999345, 1330, 531.0, 3500, 2100, 151),
(61.93556499999249, 1331, 531.0, 3500, 2100, 152),
(61.987492999993265, 1332, 532.0, 3500, 2200, 112),
(62.03776399999333, 1333, 532.0, 3500, 2200, 113),
(62.08858599999803, 1334, 532.0, 3500, 2200, 114),
(62.12633800000185, 1335, 532.0, 3500, 2200, 115),
(62.172615000003134, 1336, 532.0, 3500, 2200, 116),
(62.222775000002, 1337, 532.0, 3500, 2200, 117),
(62.26476900000125, 1338, 532.0, 3500, 2200, 118),
(62.30474999999569, 1339, 532.0, 3500, 2200, 119),
(62.34927000000607, 1340, 532.0, 3500, 2200, 120),
(62.405257000005804, 1341, 532.0, 3500, 2200, 121),
(62.45745800000441, 1342, 532.0, 3500, 2200, 122),
(62.5102920000063, 1343, 532.0, 3500, 2200, 123),
(62.56534800000372, 1344, 532.0, 3500, 2200, 124),
(62.608342000006814, 1345, 532.0, 3500, 2200, 125),
(62.65172999999777, 1346, 532.0, 3500, 2200, 126),
(62.68614499999967, 1347, 532.0, 3500, 2200, 127),
(62.7207699999999, 1348, 532.0, 3500, 2200, 128),
(62.76008900000306, 1349, 532.0, 3500, 2200, 129),
(62.804569999992964, 1350, 532.0, 3500, 2200, 130),
(62.8603199999925, 1351, 532.0, 3500, 2200, 131),
(62.90794600000663, 1352, 532.0, 3500, 2200, 132),
(62.96832899999572, 1353, 532.0, 3500, 2200, 133),
(63.01705999999831, 1354, 532.0, 3500, 2200, 134),
(63.05970800000068, 1355, 532.0, 3500, 2200, 135),
(63.10129700000107, 1356, 532.0, 3500, 2200, 136),
(63.145556000003126, 1357, 532.0, 3500, 2200, 137),
(63.1866810000065, 1358, 532.0, 3500, 2200, 138),
(63.22763799999666, 1359, 532.0, 3500, 2200, 139),
(63.26918600000499, 1360, 532.0, 3500, 2200, 140),
(63.30986999999732, 1361, 532.0, 3500, 2200, 141),
(63.35209600000235, 1362, 532.0, 3500, 2200, 142),
(63.39413099999365, 1363, 532.0, 3500, 2200, 143),
(63.43440899999405, 1364, 532.0, 3500, 2200, 144),
(63.471426999996766, 1365, 532.0, 3500, 2200, 145),
(63.51561400000355, 1366, 532.0, 3500, 2200, 146),
(63.56490699999267, 1367, 532.0, 3500, 2200, 147),
(63.61768799999845, 1368, 532.0, 3500, 2200, 148),
(63.6692250000051, 1369, 532.0, 3500, 2200, 149),
(63.71775799999887, 1370, 532.0, 3500, 2200, 150),
(63.75978500000201, 1371, 532.0, 3500, 2200, 151),
(63.81645499999286, 1372, 532.0, 3500, 2200, 152),
(63.866691999995965, 1373, 532.0, 3500, 2200, 113),
(63.91971800000465, 1374, 532.0, 3500, 2200, 114),
(63.97754300000088, 1375, 532.0, 3500, 2200, 115),
(64.0246230000048, 1376, 532.0, 3500, 2200, 116),
(64.08438699999533, 1377, 532.0, 3500, 2200, 117),
(64.13123899999482, 1378, 532.0, 3500, 2200, 118),
(64.18169399999897, 1379, 532.0, 3500, 2200, 119),
(64.22869800000626, 1380, 532.0, 3500, 2200, 120),
(64.26869599999918, 1381, 532.0, 3500, 2200, 121),
(64.31244199999492, 1382, 532.0, 3500, 2200, 122),
(64.35580799999298, 1383, 532.0, 3500, 2200, 123),
(64.40652099999716, 1384, 532.0, 3500, 2200, 124),
(64.4536769999977, 1385, 532.0, 3500, 2200, 125),
(64.49845899999491, 1386, 532.0, 3500, 2200, 126),
(64.54287299999851, 1387, 532.0, 3500, 2200, 127),
(64.58668999999645, 1388, 532.0, 3500, 2200, 128),
(64.63099599999259, 1389, 532.0, 3500, 2200, 129),
(64.66981599999417, 1390, 532.0, 3500, 2200, 130),
(64.7147960000002, 1391, 532.0, 3500, 2200, 131),
(64.75846399999864, 1392, 532.0, 3500, 2200, 132),
(64.80081800000335, 1393, 532.0, 3500, 2200, 133),
(64.84394099999918, 1394, 532.0, 3500, 2200, 134),
(64.88397100000293, 1395, 532.0, 3500, 2200, 135),
(64.93128400000569, 1396, 532.0, 3500, 2200, 136),
(64.97704500000691, 1397, 532.0, 3500, 2200, 137),
(65.02565999999933, 1398, 532.0, 3500, 2200, 138),
(65.08036500000162, 1399, 532.0, 3500, 2200, 139),
(65.12501099999645, 1400, 532.0, 3500, 2200, 140),
(65.17182000000321, 1401, 532.0, 3500, 2200, 141),
(65.22489599999972, 1402, 532.0, 3500, 2200, 142),
(65.27904700000363, 1403, 532.0, 3500, 2200, 143),
(65.32936400000472, 1404, 532.0, 3500, 2200, 144),
(65.38243300000613, 1405, 532.0, 3500, 2200, 145),
(65.42452299999422, 1406, 532.0, 3500, 2200, 146),
(65.47392299999774, 1407, 532.0, 3500, 2200, 147),
(65.51129500000388, 1408, 532.0, 3500, 2200, 148),
(65.5623559999949, 1409, 532.0, 3500, 2200, 149),
(65.61365100000694, 1410, 532.0, 3500, 2200, 150),
(65.66043299999728, 1411, 532.0, 3500, 2200, 151),
(65.70613200000662, 1412, 532.0, 3500, 2200, 152),
(65.74818500000401, 1413, 532.0, 3500, 2200, 113),
(65.78993299999274, 1414, 532.0, 3500, 2200, 114),
(65.84053099999437, 1415, 532.0, 3500, 2200, 115),
(65.89316900000267, 1416, 532.0, 3500, 2200, 116),
(65.93476299999747, 1417, 532.0, 3500, 2200, 117),
(65.98192000000563, 1418, 532.0, 3500, 2200, 118),
(66.03413299999374, 1419, 532.0, 3500, 2200, 119),
(66.08120400000189, 1420, 532.0, 3500, 2200, 120),
(66.13579400000162, 1421, 532.0, 3500, 2200, 121),
(66.18501899999683, 1422, 532.0, 3500, 2200, 122),
(66.22813899999892, 1423, 532.0, 3500, 2200, 123),
(66.2652950000047, 1424, 532.0, 3500, 2200, 124),
(66.31180199999653, 1425, 532.0, 3500, 2200, 125),
(66.35405999999784, 1426, 532.0, 3500, 2200, 126),
(66.40080499999749, 1427, 532.0, 3500, 2200, 127),
(66.43928500000038, 1428, 532.0, 3500, 2200, 128),
(66.48582299999543, 1429, 532.0, 3500, 2200, 129),
(66.53493100000196, 1430, 532.0, 3500, 2200, 130),
(66.5842030000058, 1431, 532.0, 3500, 2200, 131),
(66.62957099999767, 1432, 532.0, 3500, 2200, 132),
(66.67722300000605, 1433, 532.0, 3500, 2200, 133),
(66.71888200000103, 1434, 532.0, 3500, 2200, 134),
(66.76912799999991, 1435, 532.0, 3500, 2200, 135),
(66.81329499999993, 1436, 532.0, 3500, 2200, 136),
(66.85276999999769, 1437, 532.0, 3500, 2200, 137),
(66.9003389999998, 1438, 532.0, 3500, 2200, 138),
(66.9460059999983, 1439, 532.0, 3500, 2200, 139),
(66.9865759999957, 1440, 532.0, 3500, 2200, 140),
(67.03460299999279, 1441, 532.0, 3500, 2200, 141),
(67.0776279999991, 1442, 532.0, 3500, 2200, 142),
(67.11810700000206, 1443, 532.0, 3500, 2200, 143),
(67.17466000000422, 1444, 532.0, 3500, 2200, 144),
(67.22911299999396, 1445, 532.0, 3500, 2200, 145),
(67.26919200000702, 1446, 532.0, 3500, 2200, 146),
(67.31264800000645, 1447, 532.0, 3500, 2200, 147),
(67.36225599999307, 1448, 532.0, 3500, 2200, 148),
(67.41751899999508, 1449, 532.0, 3500, 2200, 149),
(67.46539899999334, 1450, 532.0, 3500, 2200, 150),
(67.51093600000604, 1451, 532.0, 3500, 2200, 151),
(67.56942600000184, 1452, 532.0, 3500, 2200, 152),
(67.61434400000144, 1453, 531.0, 3500, 2300, 112),
(67.65777900000103, 1454, 531.0, 3500, 2300, 113),
(67.70801899999788, 1455, 532.0, 3500, 2300, 114),
(67.75289299999713, 1456, 531.0, 3500, 2300, 115),
(67.87450200000603, 1458, 532.0, 3500, 2300, 117),
(67.92479000000458, 1459, 530.0, 3500, 2300, 118),
(67.97010200000659, 1460, 531.0, 3500, 2300, 119),
(68.01879600000393, 1461, 532.0, 3500, 2300, 120),
(68.06879400000616, 1462, 531.0, 3500, 2300, 121),
(68.11325199999555, 1463, 532.0, 3500, 2300, 122),
(68.15293799999927, 1464, 532.0, 3500, 2300, 123),
(68.20804500000668, 1465, 532.0, 3500, 2300, 124),
(68.33776399999624, 1467, 531.0, 3500, 2300, 126),
(68.38485299999593, 1468, 531.0, 3500, 2300, 127),
(68.43221800000174, 1469, 531.0, 3500, 2300, 128),
(68.47560999999405, 1470, 532.0, 3500, 2300, 129),
(68.51950100000249, 1471, 531.0, 3500, 2300, 130),
(68.56464700000652, 1472, 532.0, 3500, 2300, 131),
(68.6133289999998, 1473, 532.0, 3500, 2300, 132),
(68.66327699999965, 1474, 531.0, 3500, 2300, 133),
(68.71419899999455, 1475, 531.0, 3500, 2300, 134),
(68.75779299999704, 1476, 531.0, 3500, 2300, 135),
(68.80340699999942, 1477, 531.0, 3500, 2300, 136),
(68.85204899999371, 1478, 283.0, 3500, 2300, 137),
(68.90187499999593, 1479, 531.0, 3500, 2300, 138),
(68.95197599999665, 1480, 531.0, 3500, 2300, 139),
(69.00507899999502, 1481, 596.0, 3500, 2300, 140),
(69.04923400000553, 1482, 532.0, 3500, 2300, 141),
(69.09552299999632, 1483, 532.0, 3500, 2300, 142),
(69.13778200000525, 1484, 533.0, 3500, 2300, 143),
(69.17821300000651, 1485, 531.0, 3500, 2300, 144),
(69.22601699999359, 1486, 532.0, 3500, 2300, 145),
(69.2833399999945, 1487, 532.0, 3500, 2300, 146),
(69.33696800000325, 1488, 283.0, 3500, 2300, 147),
(69.38806500000646, 1489, 531.0, 3500, 2300, 148),
(69.43820200000482, 1490, 283.0, 3500, 2300, 149),
(69.48466200000257, 1491, 532.0, 3500, 2300, 150),
(69.52998500000103, 1492, 532.0, 3500, 2300, 151),
(69.5813119999948, 1493, 283.0, 3500, 2300, 152),
(69.6298439999955, 1494, 531.0, 3500, 2300, 113),
(69.67471099999966, 1495, 528.0, 3500, 2300, 114),
(69.84531900000002, 1498, 532.0, 3500, 2300, 117),
(69.90083899999445, 1499, 534.0, 3500, 2300, 118),
(69.94833100000687, 1500, 531.0, 3500, 2300, 119),
(69.99554800000624, 1501, 531.0, 3500, 2300, 120),
(70.04594100000395, 1502, 532.0, 3500, 2300, 121),
(70.17896200000541, 1504, 532.0, 3500, 2300, 123),
(70.22482899999886, 1505, 531.0, 3500, 2300, 124),
(70.26298800000222, 1506, 532.0, 3500, 2300, 125),
(70.29984999999579, 1507, 532.0, 3500, 2300, 126),
(70.34496000000217, 1508, 531.0, 3500, 2300, 127),
(70.38684999999532, 1509, 528.0, 3500, 2300, 128),
(70.43474799999967, 1510, 531.0, 3500, 2300, 129),
(70.51718100000289, 1511, 533.0, 3500, 2300, 130),
(70.5565110000025, 1512, 532.0, 3500, 2300, 131),
(70.59413399999903, 1513, 532.0, 3500, 2300, 132),
(70.63390499999514, 1514, 532.0, 3500, 2300, 133),
(70.67101400000683, 1515, 531.0, 3500, 2300, 134),
(70.71229300000414, 1516, 531.0, 3500, 2300, 135),
(70.75379800000519, 1517, 531.0, 3500, 2300, 136),
(70.79658599999675, 1518, 532.0, 3500, 2300, 137),
(70.85855400000582, 1519, 532.0, 3500, 2300, 138),
(70.90326999999525, 1520, 531.0, 3500, 2300, 139),
(70.96594399999594, 1521, 596.0, 3500, 2300, 140),
(71.01367899999605, 1522, 531.0, 3500, 2300, 141),
(71.05348200000299, 1523, 531.0, 3500, 2300, 142),
(71.09447999999975, 1524, 531.0, 3500, 2300, 143),
(71.13249800000631, 1525, 531.0, 3500, 2300, 144),
(71.16915899999731, 1526, 589.0, 3500, 2300, 145),
(71.20628399999987, 1527, 284.0, 3500, 2300, 146),
(71.24241900000197, 1528, 531.0, 3500, 2300, 147),
(71.28000299999258, 1529, 531.0, 3500, 2300, 148),
(71.31896899999992, 1530, 531.0, 3500, 2300, 149),
(71.36098699999275, 1531, 283.0, 3500, 2300, 150),
(71.402728999994, 1532, 531.0, 3500, 2300, 151),
(71.44659999999567, 1533, 532.0, 3500, 2300, 152),
(71.48614199999429, 1534, 532.0, 3500, 2300, 113),
(71.5277630000055, 1535, 531.0, 3500, 2300, 114),
(71.56797999999253, 1536, 532.0, 3500, 2300, 115),
(71.74274800000421, 1539, 532.0, 3500, 2300, 118),
(71.92892500000016, 1541, 532.0, 3500, 2300, 120),
(79.53378699999303, 1542, 533.0, 3500, 2300, 121),
(79.72375699999975, 1545, 531.0, 3500, 2300, 124),
(79.83446300000651, 1547, 533.0, 3500, 2300, 126),
(79.87664499999664, 1548, 532.0, 3500, 2300, 127),
(79.92828100000042, 1549, 528.0, 3500, 2300, 128),
(79.98967300000368, 1550, 531.0, 3500, 2300, 129),
(80.04770100000314, 1551, 532.0, 3500, 2300, 130),
(80.09114099999715, 1552, 532.0, 3500, 2300, 131),
(80.13732100000198, 1553, 531.0, 3500, 2300, 132),
(80.18484400000307, 1554, 532.0, 3500, 2300, 133),
(80.22883799999545, 1555, 531.0, 3500, 2300, 134),
(80.27057199999399, 1556, 532.0, 3500, 2300, 135),
(80.32497099999455, 1557, 531.0, 3500, 2300, 136),
(80.37609900000098, 1558, 283.0, 3500, 2300, 137),
(80.43475899999612, 1559, 531.0, 3500, 2300, 138),
(80.48262799999793, 1560, 531.0, 3500, 2300, 139),
(80.53739500000665, 1561, 531.0, 3500, 2300, 140),
(80.58757499999774, 1562, 532.0, 3500, 2300, 141),
(80.63322099999641, 1563, 531.0, 3500, 2300, 142),
(80.67458500000066, 1564, 531.0, 3500, 2300, 143),
(80.72184199999901, 1565, 532.0, 3500, 2300, 144),
(80.92094100000395, 1567, 531.0, 3500, 2300, 146),
(88.5977339999954, 1569, 531.0, 3500, 2300, 148),
(88.64684800000396, 1570, 531.0, 3500, 2300, 149),
(88.69728999999643, 1571, 532.0, 3500, 2300, 150),
(88.74268799999845, 1572, 532.0, 3500, 2300, 151),
(88.7827510000061, 1573, 532.0, 3500, 2300, 152),
(88.82163299999957, 1574, 531.0, 3500, 2400, 112),
(88.862884999995, 1575, 531.0, 3500, 2400, 113),
(88.90535099999397, 1576, 531.0, 3500, 2400, 114),
(88.95197700000426, 1577, 531.0, 3500, 2400, 115),
(88.99412499999744, 1578, 531.0, 3500, 2400, 116),
(89.03485700000601, 1579, 531.0, 3500, 2400, 117),
(89.07953899999848, 1580, 531.0, 3500, 2400, 118),
(89.13608599999861, 1581, 531.0, 3500, 2400, 119),
(89.190883999996, 1582, 531.0, 3500, 2400, 120),
(89.2451710000023, 1583, 531.0, 3500, 2400, 121),
(89.29214700000011, 1584, 531.0, 3500, 2400, 122),
(89.35026000000653, 1585, 531.0, 3500, 2400, 123),
(89.40678299999854, 1586, 531.0, 3500, 2400, 124),
(89.44909199999529, 1587, 531.0, 3500, 2400, 125),
(89.50392499999725, 1588, 531.0, 3500, 2400, 126),
(89.55407300000661, 1589, 531.0, 3500, 2400, 127),
(89.60136099999363, 1590, 531.0, 3500, 2400, 128),
(89.64895800000522, 1591, 531.0, 3500, 2400, 129),
(89.69208300000173, 1592, 531.0, 3500, 2400, 130),
(89.73794599999383, 1593, 531.0, 3500, 2400, 131),
(89.79093200000352, 1594, 531.0, 3500, 2400, 132),
(89.83718400000362, 1595, 531.0, 3500, 2400, 133),
(89.88838099999703, 1596, 531.0, 3500, 2400, 134),
(89.93755800000508, 1597, 531.0, 3500, 2400, 135),
(89.98570699999982, 1598, 531.0, 3500, 2400, 136),
(90.03000499999325, 1599, 531.0, 3500, 2400, 137),
(90.08117600000696, 1600, 531.0, 3500, 2400, 138),
(90.12444499999401, 1601, 531.0, 3500, 2400, 139),
(90.1705329999968, 1602, 531.0, 3500, 2400, 140),
(90.22961500000383, 1603, 531.0, 3500, 2400, 141),
(90.28555800000322, 1604, 531.0, 3500, 2400, 142),
(90.33602800000517, 1605, 531.0, 3500, 2400, 143),
(90.38628999999491, 1606, 531.0, 3500, 2400, 144),
(90.44141800000216, 1607, 531.0, 3500, 2400, 145),
(90.48954199999571, 1608, 531.0, 3500, 2400, 146),
(90.5467079999944, 1609, 531.0, 3500, 2400, 147),
(90.59746200000518, 1610, 531.0, 3500, 2400, 148),
(90.64585499999521, 1611, 531.0, 3500, 2400, 149),
(90.69171299999289, 1612, 531.0, 3500, 2400, 150),
(90.73244100000011, 1613, 531.0, 3500, 2400, 151),
(90.77887199999532, 1614, 531.0, 3500, 2400, 152),
(90.84008599999652, 1615, 531.0, 3500, 2400, 113),
(90.8866960000014, 1616, 531.0, 3500, 2400, 114),
(90.93444500000624, 1617, 531.0, 3500, 2400, 115),
(90.97899600000528, 1618, 531.0, 3500, 2400, 116),
(91.02823100000387, 1619, 531.0, 3500, 2400, 117),
(91.07542900000408, 1620, 531.0, 3500, 2400, 118),
(91.12007299999823, 1621, 531.0, 3500, 2400, 119),
(91.16882500000065, 1622, 531.0, 3500, 2400, 120),
(91.21274899999844, 1623, 531.0, 3500, 2400, 121),
(91.25768900000548, 1624, 531.0, 3500, 2400, 122),
(91.30838400000357, 1625, 531.0, 3500, 2400, 123),
(91.36314600000333, 1626, 531.0, 3500, 2400, 124),
(91.4063610000012, 1627, 531.0, 3500, 2400, 125),
(91.44953100000566, 1628, 531.0, 3500, 2400, 126),
(91.49494999999297, 1629, 531.0, 3500, 2400, 127),
(91.53605999999854, 1630, 531.0, 3500, 2400, 128),
(91.58221500000218, 1631, 531.0, 3500, 2400, 129),
(91.62822199999937, 1632, 531.0, 3500, 2400, 130),
(91.67926499999885, 1633, 531.0, 3500, 2400, 131),
(91.7271480000054, 1634, 531.0, 3500, 2400, 132),
(91.77816000000166, 1635, 531.0, 3500, 2400, 133),
(91.82282000000123, 1636, 531.0, 3500, 2400, 134),
(91.86990000000515, 1637, 531.0, 3500, 2400, 135),
(91.91922700000578, 1638, 531.0, 3500, 2400, 136),
(91.96199900000647, 1639, 531.0, 3500, 2400, 137),
(92.00562199999695, 1640, 531.0, 3500, 2400, 138),
(92.05469200000516, 1641, 531.0, 3500, 2400, 139),
(92.10040399999707, 1642, 531.0, 3500, 2400, 140),
(92.1587290000025, 1643, 531.0, 3500, 2400, 141),
(92.19895999999426, 1644, 531.0, 3500, 2400, 142),
(92.23909200000344, 1645, 531.0, 3500, 2400, 143),
(92.28276899999764, 1646, 531.0, 3500, 2400, 144),
(92.32396599999629, 1647, 531.0, 3500, 2400, 145),
(92.36726800000179, 1648, 531.0, 3500, 2400, 146),
(92.41219800000545, 1649, 531.0, 3500, 2400, 147),
(92.45115900000383, 1650, 531.0, 3500, 2400, 148),
(92.49584000000323, 1651, 531.0, 3500, 2400, 149),
(92.5445369999943, 1652, 531.0, 3500, 2400, 150),
(92.59271799999988, 1653, 531.0, 3500, 2400, 151),
(92.64963899999566, 1654, 531.0, 3500, 2400, 152),
(92.70685299999604, 1655, 531.0, 3500, 2400, 113),
(92.75057400000514, 1656, 531.0, 3500, 2400, 114),
(92.78807999999844, 1657, 531.0, 3500, 2400, 115),
(92.82233500000439, 1658, 531.0, 3500, 2400, 116),
(92.85644800000591, 1659, 531.0, 3500, 2400, 117),
(92.9027070000011, 1660, 531.0, 3500, 2400, 118),
(92.94941099999414, 1661, 531.0, 3500, 2400, 119),
(92.99602200000663, 1662, 531.0, 3500, 2400, 120),
(93.03784000000451, 1663, 531.0, 3500, 2400, 121),
(93.08293299999787, 1664, 531.0, 3500, 2400, 122),
(93.12422800000058, 1665, 531.0, 3500, 2400, 123),
(93.17831499999738, 1666, 531.0, 3500, 2400, 124),
(93.2258770000044, 1667, 531.0, 3500, 2400, 125),
(93.27293099999952, 1668, 531.0, 3500, 2400, 126),
(93.32647499999439, 1669, 531.0, 3500, 2400, 127),
(93.37562799999432, 1670, 531.0, 3500, 2400, 128),
(93.42781399999512, 1671, 531.0, 3500, 2400, 129),
(93.47813699999824, 1672, 531.0, 3500, 2400, 130),
(93.52073299999756, 1673, 531.0, 3500, 2400, 131),
(93.5650389999937, 1674, 531.0, 3500, 2400, 132),
(93.60723599999619, 1675, 531.0, 3500, 2400, 133),
(93.65762300000642, 1676, 531.0, 3500, 2400, 134),
(93.70309399999678, 1677, 531.0, 3500, 2400, 135),
(93.74312800000189, 1678, 531.0, 3500, 2400, 136),
(93.79750000000058, 1679, 531.0, 3500, 2400, 137),
(93.85200199999963, 1680, 531.0, 3500, 2400, 138),
(93.90664099999412, 1681, 531.0, 3500, 2400, 139),
(93.9575060000061, 1682, 531.0, 3500, 2400, 140),
(94.00381199999538, 1683, 531.0, 3500, 2400, 141),
(94.04756500000076, 1684, 531.0, 3500, 2400, 142),
(94.09636700000556, 1685, 531.0, 3500, 2400, 143),
(94.15285800000129, 1686, 531.0, 3500, 2400, 144),
(94.19940100000531, 1687, 531.0, 3500, 2400, 145),
(94.25087099999655, 1688, 531.0, 3500, 2400, 146),
(94.29267700000491, 1689, 531.0, 3500, 2400, 147),
(94.33360499999253, 1690, 531.0, 3500, 2400, 148),
(94.38657499999681, 1691, 531.0, 3500, 2400, 149),
(94.44253400000161, 1692, 531.0, 3500, 2400, 150),
(94.49724100000458, 1693, 531.0, 3500, 2400, 151),
(94.54347200000484, 1694, 531.0, 3500, 2400, 152),
(94.59620099999302, 1695, 531.0, 3500, 2500, 112),
(94.64374699999462, 1696, 531.0, 3500, 2500, 113),
(94.69274199999927, 1697, 531.0, 3500, 2500, 114),
(94.73670500000298, 1698, 531.0, 3500, 2500, 115),
(94.79587600000377, 1699, 531.0, 3500, 2500, 116),
(94.84175700000196, 1700, 531.0, 3500, 2500, 117),
(94.88849599999958, 1701, 531.0, 3500, 2500, 118),
(94.93867400000454, 1702, 531.0, 3500, 2500, 119),
(94.98545599999488, 1703, 531.0, 3500, 2500, 120),
(95.03500200000417, 1704, 531.0, 3500, 2500, 121),
(95.08187300000282, 1705, 531.0, 3500, 2500, 122),
(95.1268859999982, 1706, 531.0, 3500, 2500, 123),
(95.17412799999875, 1707, 531.0, 3500, 2500, 124),
(95.22771599999396, 1708, 531.0, 3500, 2500, 125),
(95.27959999999439, 1709, 531.0, 3500, 2500, 126),
(95.32283799999277, 1710, 531.0, 3500, 2500, 127),
(95.3657200000016, 1711, 531.0, 3500, 2500, 128),
(95.41341799999645, 1712, 531.0, 3500, 2500, 129),
(95.4677159999992, 1713, 531.0, 3500, 2500, 130),
(95.51800300000468, 1714, 531.0, 3500, 2500, 131),
(95.56287399999565, 1715, 531.0, 3500, 2500, 132),
(95.61121800000547, 1716, 531.0, 3500, 2500, 133),
(95.66213899999275, 1717, 531.0, 3500, 2500, 134),
(95.71051299999817, 1718, 531.0, 3500, 2500, 135),
(95.75484199999482, 1719, 531.0, 3500, 2500, 136),
(95.8070849999931, 1720, 531.0, 3500, 2500, 137),
(95.85065700000268, 1721, 531.0, 3500, 2500, 138),
(95.89240300000529, 1722, 531.0, 3500, 2500, 139),
(95.93501699999615, 1723, 531.0, 3500, 2500, 140),
(95.98844299999473, 1724, 531.0, 3500, 2500, 141),
(96.031765000007, 1725, 531.0, 3500, 2500, 142),
(96.07643899999675, 1726, 531.0, 3500, 2500, 143),
(96.12388400000054, 1727, 531.0, 3500, 2500, 144),
(96.17905900000187, 1728, 531.0, 3500, 2500, 145),
(96.2384369999927, 1729, 531.0, 3500, 2500, 146),
(96.28464699999313, 1730, 531.0, 3500, 2500, 147),
(96.32529900000372, 1731, 531.0, 3500, 2500, 148),
(96.36677300000156, 1732, 531.0, 3500, 2500, 149),
(96.42183900000236, 1733, 531.0, 3500, 2500, 150),
(96.4630460000044, 1734, 531.0, 3500, 2500, 151),
(96.5150730000023, 1735, 531.0, 3500, 2500, 152),
(96.55679699999746, 1736, 531.0, 3500, 2500, 113),
(96.6049650000059, 1737, 531.0, 3500, 2500, 114),
(96.64827700000023, 1738, 531.0, 3500, 2500, 115),
(96.69268399999419, 1739, 531.0, 3500, 2500, 116),
(96.73733099999663, 1740, 531.0, 3500, 2500, 117),
(96.79722199999378, 1741, 531.0, 3500, 2500, 118),
(96.84696500000427, 1742, 531.0, 3500, 2500, 119),
(96.90052300000389, 1743, 531.0, 3500, 2500, 120),
(96.95200099999784, 1744, 531.0, 3500, 2500, 121),
(97.00707999999577, 1745, 531.0, 3500, 2500, 122),
(97.05611200000567, 1746, 531.0, 3500, 2500, 123),
(97.0991389999981, 1747, 531.0, 3500, 2500, 124),
(97.14928300000611, 1748, 531.0, 3500, 2500, 125),
(97.19569399999455, 1749, 531.0, 3500, 2500, 126),
(97.24206200000481, 1750, 531.0, 3500, 2500, 127),
(97.29294400000072, 1751, 531.0, 3500, 2500, 128),
(97.32983200000308, 1752, 531.0, 3500, 2500, 129),
(97.37248599999293, 1753, 531.0, 3500, 2500, 130),
(97.42406400000618, 1754, 531.0, 3500, 2500, 131),
(97.47173400000611, 1755, 531.0, 3500, 2500, 132),
(97.51893900000141, 1756, 531.0, 3500, 2500, 133),
(97.56686000000627, 1757, 531.0, 3500, 2500, 134),
(97.61779299999762, 1758, 531.0, 3500, 2500, 135),
(97.66552399999637, 1759, 531.0, 3500, 2500, 136),
(97.70940500000142, 1760, 531.0, 3500, 2500, 137),
(97.7478620000038, 1761, 531.0, 3500, 2500, 138),
(97.79591600000276, 1762, 531.0, 3500, 2500, 139),
(97.83900799999537, 1763, 531.0, 3500, 2500, 140),
(97.89188700000523, 1764, 531.0, 3500, 2500, 141),
(97.93866200000048, 1765, 531.0, 3500, 2500, 142),
(97.9840899999981, 1766, 531.0, 3500, 2500, 143),
(98.03768100000161, 1767, 531.0, 3500, 2500, 144),
(98.08630399999674, 1768, 531.0, 3500, 2500, 145),
(98.1381090000068, 1769, 531.0, 3500, 2500, 146),
(98.1856209999969, 1770, 531.0, 3500, 2500, 147),
(98.24252699999488, 1771, 531.0, 3500, 2500, 148),
(98.2895669999998, 1772, 531.0, 3500, 2500, 149),
(98.33174100000178, 1773, 531.0, 3500, 2500, 150),
(98.37802200000442, 1774, 531.0, 3500, 2500, 151),
(98.42675699999381, 1775, 531.0, 3500, 2500, 152),
(98.47415500000352, 1776, 531.0, 3500, 2500, 113),
(98.52435500000138, 1777, 531.0, 3500, 2500, 114),
(98.57347899999877, 1778, 531.0, 3500, 2500, 115),
(98.62037099999725, 1779, 531.0, 3500, 2500, 116),
(98.66543900000397, 1780, 531.0, 3500, 2500, 117),
(98.71686099999351, 1781, 531.0, 3500, 2500, 118),
(98.76238099999318, 1782, 531.0, 3500, 2500, 119),
(98.81891899999755, 1783, 531.0, 3500, 2500, 120),
(98.86928199999966, 1784, 531.0, 3500, 2500, 121),
(98.91230500000529, 1785, 531.0, 3500, 2500, 122),
(98.96468299999833, 1786, 531.0, 3500, 2500, 123),
(99.01867499999935, 1787, 531.0, 3500, 2500, 124),
(99.06515500000387, 1788, 531.0, 3500, 2500, 125),
(99.11536599999818, 1789, 531.0, 3500, 2500, 126),
(99.16922700000578, 1790, 531.0, 3500, 2500, 127),
(99.21851200000674, 1791, 531.0, 3500, 2500, 128),
(99.26812100000097, 1792, 531.0, 3500, 2500, 129),
(99.32517999999982, 1793, 531.0, 3500, 2500, 130),
(99.37073399999645, 1794, 531.0, 3500, 2500, 131),
(99.4289609999978, 1795, 531.0, 3500, 2500, 132),
(99.48414400000183, 1796, 531.0, 3500, 2500, 133),
(99.52873099999852, 1797, 531.0, 3500, 2500, 134),
(99.57424400000309, 1798, 531.0, 3500, 2500, 135),
(99.6182140000019, 1799, 531.0, 3500, 2500, 136),
(99.67465200000152, 1800, 531.0, 3500, 2500, 137),
(99.72233000000415, 1801, 531.0, 3500, 2500, 138),
(99.7748900000006, 1802, 531.0, 3500, 2500, 139),
(99.82976399999461, 1803, 531.0, 3500, 2500, 140),
(99.87464100000216, 1804, 531.0, 3500, 2500, 141),
(99.91690900000685, 1805, 531.0, 3500, 2500, 142),
(99.96393699999317, 1806, 531.0, 3500, 2500, 143),
(100.00877499999478, 1807, 531.0, 3500, 2500, 144),
(100.05628699999943, 1808, 531.0, 3500, 2500, 145),
(100.10280900000362, 1809, 531.0, 3500, 2500, 146),
(100.14803599999868, 1810, 531.0, 3500, 2500, 147),
(100.19430899999861, 1811, 531.0, 3500, 2500, 148),
(100.24444599999697, 1812, 531.0, 3500, 2500, 149),
(100.28953900000488, 1813, 531.0, 3500, 2500, 150),
(100.33586999999534, 1814, 531.0, 3500, 2500, 151),
(100.38521599999513, 1815, 531.0, 3500, 2500, 152),
(100.42885799999931, 1816, 531.0, 3500, 2600, 112),
(100.46829699999944, 1817, 531.0, 3500, 2600, 113),
(100.50787899999705, 1818, 531.0, 3500, 2600, 114),
(100.55341500000213, 1819, 531.0, 3500, 2600, 115),
(100.59940000000643, 1820, 531.0, 3500, 2600, 116),
(100.63897299999371, 1821, 531.0, 3500, 2600, 117),
(100.6919729999936, 1822, 531.0, 3500, 2600, 118),
(100.74214499999653, 1823, 531.0, 3500, 2600, 119),
(100.79874699999345, 1824, 531.0, 3500, 2600, 120),
(100.83941200000118, 1825, 531.0, 3500, 2600, 121),
(100.88878799999657, 1826, 531.0, 3500, 2600, 122),
(100.92555600000196, 1827, 531.0, 3500, 2600, 123),
(100.97604900000442, 1828, 531.0, 3500, 2600, 124),
(101.02811600000132, 1829, 531.0, 3500, 2600, 125),
(101.09478800000215, 1830, 531.0, 3500, 2600, 126),
(101.1555789999984, 1831, 531.0, 3500, 2600, 127),
(101.20854599999439, 1832, 531.0, 3500, 2600, 128),
(101.24977700000454, 1833, 531.0, 3500, 2600, 129),
(101.29194799999823, 1834, 531.0, 3500, 2600, 130),
(101.33621700000367, 1835, 531.0, 3500, 2600, 131),
(101.37881599999673, 1836, 531.0, 3500, 2600, 132),
(101.42166999999608, 1837, 531.0, 3500, 2600, 133),
(101.46201600000495, 1838, 531.0, 3500, 2600, 134),
(101.50413499999559, 1839, 531.0, 3500, 2600, 135),
(101.55169599999499, 1840, 531.0, 3500, 2600, 136),
(101.59729400000651, 1841, 531.0, 3500, 2600, 137),
(101.63826900000277, 1842, 531.0, 3500, 2600, 138),
(101.68202599999495, 1843, 531.0, 3500, 2600, 139),
(101.72742700000526, 1844, 531.0, 3500, 2600, 140),
(101.7689459999965, 1845, 531.0, 3500, 2600, 141),
(101.80941899999743, 1846, 531.0, 3500, 2600, 142),
(101.85150900000008, 1847, 531.0, 3500, 2600, 143),
(101.89131599999382, 1848, 531.0, 3500, 2600, 144),
(101.9344240000064, 1849, 531.0, 3500, 2600, 145),
(101.97523199999705, 1850, 531.0, 3500, 2600, 146),
(102.0157060000056, 1851, 531.0, 3500, 2600, 147),
(102.0758230000065, 1852, 531.0, 3500, 2600, 148),
(102.12446399999317, 1853, 531.0, 3500, 2600, 149),
(102.17852499999572, 1854, 531.0, 3500, 2600, 150),
(102.23556699999608, 1855, 531.0, 3500, 2600, 151),
(102.28398999999627, 1856, 531.0, 3500, 2600, 152),
(102.33798599999864, 1857, 531.0, 3500, 2600, 113),
(102.38658799999394, 1858, 531.0, 3500, 2600, 114),
(102.44391800000449, 1859, 531.0, 3500, 2600, 115),
(102.49234799999977, 1860, 531.0, 3500, 2600, 116),
(102.53337699999975, 1861, 531.0, 3500, 2600, 117),
(102.5776990000013, 1862, 531.0, 3500, 2600, 118),
(102.62497799999255, 1863, 531.0, 3500, 2600, 119),
(102.66872200000216, 1864, 531.0, 3500, 2600, 120),
(102.72060400000191, 1865, 531.0, 3500, 2600, 121),
(102.76497699999891, 1866, 531.0, 3500, 2600, 122),
(102.80295199999819, 1867, 531.0, 3500, 2600, 123),
(102.83760400000028, 1868, 531.0, 3500, 2600, 124),
(102.87477199999557, 1869, 531.0, 3500, 2600, 125),
(102.91282300000603, 1870, 531.0, 3500, 2600, 126),
(102.95923900000344, 1871, 531.0, 3500, 2600, 127),
(103.02591500000563, 1872, 531.0, 3500, 2600, 128),
(103.0708239999949, 1873, 531.0, 3500, 2600, 129),
(103.11566900000616, 1874, 531.0, 3500, 2600, 130),
(103.16964300000109, 1875, 531.0, 3500, 2600, 131),
(103.2224450000067, 1876, 531.0, 3500, 2600, 132),
(103.28172199999972, 1877, 531.0, 3500, 2600, 133),
(103.33604300000297, 1878, 531.0, 3500, 2600, 134),
(103.38874300000316, 1879, 531.0, 3500, 2600, 135),
(103.4372299999959, 1880, 531.0, 3500, 2600, 136),
(103.48784899999737, 1881, 531.0, 3500, 2600, 137),
(103.54385899999761, 1882, 531.0, 3500, 2600, 138),
(103.5977339999954, 1883, 531.0, 3500, 2600, 139),
(103.65245399999549, 1884, 531.0, 3500, 2600, 140),
(103.6932369999995, 1885, 531.0, 3500, 2600, 141),
(103.74182700000529, 1886, 531.0, 3500, 2600, 142),
(103.78683899999305, 1887, 531.0, 3500, 2600, 143),
(103.84209599999303, 1888, 531.0, 3500, 2600, 144),
(103.88679299999785, 1889, 531.0, 3500, 2600, 145),
(103.92988900000637, 1890, 531.0, 3500, 2600, 146),
(103.97921400000632, 1891, 531.0, 3500, 2600, 147),
(104.02955500000098, 1892, 531.0, 3500, 2600, 148),
(104.07300899999973, 1893, 531.0, 3500, 2600, 149),
(104.11702900000091, 1894, 531.0, 3500, 2600, 150),
(104.15769100000034, 1895, 531.0, 3500, 2600, 151),
(104.19647199999599, 1896, 531.0, 3500, 2600, 152),
(104.23645199999737, 1897, 531.0, 3500, 2600, 113),
(104.27685300000303, 1898, 531.0, 3500, 2600, 114),
(104.32180599999265, 1899, 531.0, 3500, 2600, 115),
(104.36602400000265, 1900, 531.0, 3500, 2600, 116),
(104.40541000000667, 1901, 531.0, 3500, 2600, 117),
(104.4540890000062, 1902, 531.0, 3500, 2600, 118),
(104.4938739999925, 1903, 531.0, 3500, 2600, 119),
(104.53624800000398, 1904, 531.0, 3500, 2600, 120),
(104.57452900000499, 1905, 531.0, 3500, 2600, 121),
(104.62051300000167, 1906, 531.0, 3500, 2600, 122),
(104.65871200000402, 1907, 531.0, 3500, 2600, 123),
(104.69708899999387, 1908, 531.0, 3500, 2600, 124),
(104.73620100000699, 1909, 531.0, 3500, 2600, 125),
(104.77707300000475, 1910, 531.0, 3500, 2600, 126),
(104.81692800000019, 1911, 531.0, 3500, 2600, 127),
(104.8537570000044, 1912, 531.0, 3500, 2600, 128),
(104.8902620000008, 1913, 531.0, 3500, 2600, 129),
(104.92861200000334, 1914, 531.0, 3500, 2600, 130),
(104.96983299999556, 1915, 531.0, 3500, 2600, 131),
(105.0138869999937, 1916, 531.0, 3500, 2600, 132),
(105.05659999999625, 1917, 531.0, 3500, 2600, 133),
(105.0976159999991, 1918, 531.0, 3500, 2600, 134),
(105.13566299999366, 1919, 531.0, 3500, 2600, 135),
(105.17505200000596, 1920, 531.0, 3500, 2600, 136),
(105.21181399999477, 1921, 531.0, 3500, 2600, 137),
(105.24957600000198, 1922, 531.0, 3500, 2600, 138),
(105.28702200000407, 1923, 531.0, 3500, 2600, 139),
(105.326012000005, 1924, 531.0, 3500, 2600, 140),
(105.36465899999894, 1925, 531.0, 3500, 2600, 141),
(105.4012870000006, 1926, 531.0, 3500, 2600, 142),
(105.43932700000005, 1927, 531.0, 3500, 2600, 143),
(105.4870809999993, 1928, 531.0, 3500, 2600, 144),
(105.53080599999521, 1929, 531.0, 3500, 2600, 145),
(105.5680549999961, 1930, 531.0, 3500, 2600, 146),
(105.60783500000252, 1931, 531.0, 3500, 2600, 147),
(105.66665600000124, 1932, 531.0, 3500, 2600, 148),
(105.72425600000133, 1933, 531.0, 3500, 2600, 149),
(105.77518599999894, 1934, 531.0, 3500, 2600, 150),
(105.82836400000087, 1935, 531.0, 3500, 2600, 151),
(105.87243299999682, 1936, 531.0, 3500, 2600, 152),
(105.92323000000033, 1937, 531.0, 3500, 2700, 112),
(105.97375200000533, 1938, 531.0, 3500, 2700, 113),
(106.01662100000249, 1939, 531.0, 3500, 2700, 114),
(106.05835900000238, 1940, 531.0, 3500, 2700, 115),
(106.10536400000274, 1941, 531.0, 3500, 2700, 116),
(106.1519810000027, 1942, 531.0, 3500, 2700, 117),
(106.20196999999462, 1943, 531.0, 3500, 2700, 118),
(106.24503900000127, 1944, 531.0, 3500, 2700, 119),
(106.28940599999623, 1945, 531.0, 3500, 2700, 120),
(106.3358969999972, 1946, 531.0, 3500, 2700, 121),
(106.37991499999771, 1947, 531.0, 3500, 2700, 122),
(106.42725700000301, 1948, 531.0, 3500, 2700, 123),
(106.47561300000234, 1949, 531.0, 3500, 2700, 124),
(106.52552900000592, 1950, 531.0, 3500, 2700, 125),
(106.57169399999839, 1951, 531.0, 3500, 2700, 126),
(106.61545199999819, 1952, 531.0, 3500, 2700, 127),
(106.65829900000244, 1953, 531.0, 3500, 2700, 128),
(106.70268099999521, 1954, 531.0, 3500, 2700, 129),
(106.74473599999328, 1955, 531.0, 3500, 2700, 130),
(106.78846500000509, 1956, 531.0, 3500, 2700, 131),
(106.83494000000064, 1957, 531.0, 3500, 2700, 132),
(106.88104100000055, 1958, 531.0, 3500, 2700, 133),
(106.9201480000047, 1959, 531.0, 3500, 2700, 134),
(106.96338800000376, 1960, 531.0, 3500, 2700, 135),
(107.00877000000037, 1961, 531.0, 3500, 2700, 136),
(107.0551509999932, 1962, 531.0, 3500, 2700, 137),
(107.10901400000148, 1963, 531.0, 3500, 2700, 138),
(107.15734999999404, 1964, 531.0, 3500, 2700, 139),
(107.20378900000651, 1965, 531.0, 3500, 2700, 140),
(107.25190200000361, 1966, 531.0, 3500, 2700, 141),
(107.30047800000466, 1967, 531.0, 3500, 2700, 142),
(107.33487299999979, 1968, 531.0, 3500, 2700, 143),
(107.36925099999644, 1969, 531.0, 3500, 2700, 144),
(107.40398200000345, 1970, 531.0, 3500, 2700, 145),
(107.43863600000623, 1971, 531.0, 3500, 2700, 146),
(107.48217600000498, 1972, 531.0, 3500, 2700, 147),
(107.52544500000658, 1973, 531.0, 3500, 2700, 148),
(107.57319100000313, 1974, 531.0, 3500, 2700, 149),
(107.61803399999917, 1975, 531.0, 3500, 2700, 150),
(107.66228200000478, 1976, 531.0, 3500, 2700, 151),
(107.70187699999951, 1977, 531.0, 3500, 2700, 152),
(107.73924199999601, 1978, 531.0, 3500, 2700, 113),
(107.78235799999675, 1979, 531.0, 3500, 2700, 114),
(107.82782799999404, 1980, 531.0, 3500, 2700, 115),
(107.87287199999264, 1981, 531.0, 3500, 2700, 116),
(107.91536100000667, 1982, 531.0, 3500, 2700, 117),
(107.95717599999625, 1983, 531.0, 3500, 2700, 118),
(108.00433599999815, 1984, 531.0, 3500, 2700, 119),
(108.05593899999803, 1985, 531.0, 3500, 2700, 120),
(108.09577499999432, 1986, 531.0, 3500, 2700, 121),
(108.14422499999637, 1987, 531.0, 3500, 2700, 122),
(108.19363399999565, 1988, 531.0, 3500, 2700, 123),
(108.23666300000332, 1989, 531.0, 3500, 2700, 124),
(108.28435000000172, 1990, 531.0, 3500, 2700, 125),
(108.3320459999959, 1991, 531.0, 3500, 2700, 126),
(108.37723300000653, 1992, 531.0, 3500, 2700, 127),
(108.43444300000556, 1993, 531.0, 3500, 2700, 128),
(108.4895969999925, 1994, 531.0, 3500, 2700, 129),
(108.53339399999822, 1995, 531.0, 3500, 2700, 130),
(108.58552799999597, 1996, 531.0, 3500, 2700, 131),
(108.63283699999738, 1997, 531.0, 3500, 2700, 132),
(108.67936700000428, 1998, 531.0, 3500, 2700, 133),
(108.73089999999502, 1999, 531.0, 3500, 2700, 134),
(108.784685000006, 2000, 531.0, 3500, 2700, 135),
(108.83824899999308, 2001, 531.0, 3500, 2700, 136),
(108.89130600000499, 2002, 531.0, 3500, 2700, 137),
(108.93756599999324, 2003, 531.0, 3500, 2700, 138),
(108.98732099999324, 2004, 531.0, 3500, 2700, 139),
(109.03539099999762, 2005, 531.0, 3500, 2700, 140),
(109.08279200000106, 2006, 531.0, 3500, 2700, 141),
(109.12635999999475, 2007, 531.0, 3500, 2700, 142),
(109.16948100000445, 2008, 531.0, 3500, 2700, 143),
(109.21841400000267, 2009, 531.0, 3500, 2700, 144),
(109.25771299999906, 2010, 531.0, 3500, 2700, 145),
(109.29736500000581, 2011, 531.0, 3500, 2700, 146),
(109.34475499999826, 2012, 531.0, 3500, 2700, 147),
(109.39774499999476, 2013, 531.0, 3500, 2700, 148),
(109.44783099999768, 2014, 531.0, 3500, 2700, 149),
(109.49835700000403, 2015, 531.0, 3500, 2700, 150),
(109.54843999999866, 2016, 531.0, 3500, 2700, 151),
(109.59693400000106, 2017, 531.0, 3500, 2700, 152),
(109.64669599999615, 2018, 531.0, 3500, 2700, 113),
(109.69608900000458, 2019, 531.0, 3500, 2700, 114),
(109.73592399999325, 2020, 531.0, 3500, 2700, 115),
(109.78949700000521, 2021, 531.0, 3500, 2700, 116),
(109.83712900000683, 2022, 531.0, 3500, 2700, 117),
(109.88481400000455, 2023, 531.0, 3500, 2700, 118),
(109.93005700000504, 2024, 531.0, 3500, 2700, 119),
(109.97709099999338, 2025, 531.0, 3500, 2700, 120),
(110.02134300000034, 2026, 531.0, 3500, 2700, 121),
(110.06957300000067, 2027, 531.0, 3500, 2700, 122),
(110.11011700000381, 2028, 531.0, 3500, 2700, 123),
(110.15337299999373, 2029, 531.0, 3500, 2700, 124),
(110.19338100000459, 2030, 531.0, 3500, 2700, 125),
(110.24302799999714, 2031, 531.0, 3500, 2700, 126),
(110.29237100000319, 2032, 531.0, 3500, 2700, 127),
(110.33879300000262, 2033, 531.0, 3500, 2700, 128),
(110.38254200000665, 2034, 531.0, 3500, 2700, 129),
(110.4201780000003, 2035, 531.0, 3500, 2700, 130),
(110.45990099999472, 2036, 531.0, 3500, 2700, 131),
(110.50504800000635, 2037, 531.0, 3500, 2700, 132),
(110.55626199999824, 2038, 531.0, 3500, 2700, 133),
(110.6215830000001, 2039, 531.0, 3500, 2700, 134),
(110.67586000000301, 2040, 531.0, 3500, 2700, 135),
(110.720484999998, 2041, 531.0, 3500, 2700, 136),
(110.77403400000185, 2042, 531.0, 3500, 2700, 137),
(110.8229069999943, 2043, 531.0, 3500, 2700, 138),
(110.87154100000043, 2044, 531.0, 3500, 2700, 139),
(110.92545599999721, 2045, 531.0, 3500, 2700, 140),
(110.98435800000152, 2046, 531.0, 3500, 2700, 141),
(111.04166899999836, 2047, 531.0, 3500, 2700, 142),
(111.09330500000215, 2048, 531.0, 3500, 2700, 143),
(111.13811200000055, 2049, 531.0, 3500, 2700, 144),
(111.18795999999566, 2050, 531.0, 3500, 2700, 145),
(111.241657999999, 2051, 531.0, 3500, 2700, 146),
(111.29872900000191, 2052, 531.0, 3500, 2700, 147),
(111.34866400000465, 2053, 531.0, 3500, 2700, 148),
(111.39130400000431, 2054, 531.0, 3500, 2700, 149),
(111.43634800000291, 2055, 531.0, 3500, 2700, 150),
(111.48876399999426, 2056, 531.0, 3500, 2700, 151),
(111.53039099999296, 2057, 531.0, 3500, 2700, 152),
(111.5731999999989, 2058, 531.0, 3500, 2800, 112),
(111.62172900000587, 2059, 531.0, 3500, 2800, 113),
(111.6709370000026, 2060, 531.0, 3500, 2800, 114),
(111.7142029999959, 2061, 531.0, 3500, 2800, 115),
(111.7559820000024, 2062, 531.0, 3500, 2800, 116),
(111.81710400000156, 2063, 531.0, 3500, 2800, 117),
(111.85809300000255, 2064, 531.0, 3500, 2800, 118),
(111.90640100000019, 2065, 531.0, 3500, 2800, 119),
(111.95029500000237, 2066, 531.0, 3500, 2800, 120),
(111.99317200000223, 2067, 531.0, 3500, 2800, 121),
(112.04701799999748, 2068, 531.0, 3500, 2800, 122),
(112.10245700000087, 2069, 531.0, 3500, 2800, 123),
(112.15335399999458, 2070, 531.0, 3500, 2800, 124),
(112.20030300000508, 2071, 531.0, 3500, 2800, 125),
(112.24059200000193, 2072, 531.0, 3500, 2800, 126),
(112.28314099999261, 2073, 531.0, 3500, 2800, 127),
(112.3214799999987, 2074, 531.0, 3500, 2800, 128),
(112.36262299999362, 2075, 531.0, 3500, 2800, 129),
(112.40766100000474, 2076, 531.0, 3500, 2800, 130),
(112.45172399999865, 2077, 531.0, 3500, 2800, 131),
(112.49441800000204, 2078, 531.0, 3500, 2800, 132),
(112.53657399999793, 2079, 531.0, 3500, 2800, 133),
(112.58235899999272, 2080, 531.0, 3500, 2800, 134),
(112.63321899999573, 2081, 531.0, 3500, 2800, 135),
(112.69678600000043, 2082, 531.0, 3500, 2800, 136),
(112.74539599999844, 2083, 531.0, 3500, 2800, 137),
(112.78564200000255, 2084, 531.0, 3500, 2800, 138),
(112.83181899999909, 2085, 531.0, 3500, 2800, 139),
(112.8719049999927, 2086, 531.0, 3500, 2800, 140),
(112.91745100000117, 2087, 531.0, 3500, 2800, 141),
(112.96115899999859, 2088, 531.0, 3500, 2800, 142),
(113.00180699999328, 2089, 531.0, 3500, 2800, 143),
(113.04007899999851, 2090, 531.0, 3500, 2800, 144),
(113.08600199999637, 2091, 531.0, 3500, 2800, 145),
(113.13640899999882, 2092, 531.0, 3500, 2800, 146),
(113.1935599999997, 2093, 531.0, 3500, 2800, 147),
(113.2457160000049, 2094, 531.0, 3500, 2800, 148),
(113.29169499999261, 2095, 531.0, 3500, 2800, 149),
(113.33522100000118, 2096, 531.0, 3500, 2800, 150),
(113.3783540000004, 2097, 531.0, 3500, 2800, 151),
(113.43248099999619, 2098, 531.0, 3500, 2800, 152),
(113.48251200000232, 2099, 531.0, 3500, 2800, 113),
(113.53254099999322, 2100, 531.0, 3500, 2800, 114),
(113.58225700000185, 2101, 531.0, 3500, 2800, 115),
(113.63514899999427, 2102, 531.0, 3500, 2800, 116),
(113.6822819999943, 2103, 531.0, 3500, 2800, 117),
(113.72766600000614, 2104, 531.0, 3500, 2800, 118),
(113.77774200000567, 2105, 531.0, 3500, 2800, 119),
(113.83610699999554, 2106, 531.0, 3500, 2800, 120),
(113.893253000002, 2107, 531.0, 3500, 2800, 121),
(113.94589400000405, 2108, 531.0, 3500, 2800, 122),
(113.99314799999411, 2109, 531.0, 3500, 2800, 123),
(114.04105499999423, 2110, 531.0, 3500, 2800, 124),
(114.08713400000124, 2111, 531.0, 3500, 2800, 125),
(114.12845099999686, 2112, 531.0, 3500, 2800, 126),
(114.17761699999392, 2113, 531.0, 3500, 2800, 127),
(114.22375400000601, 2114, 531.0, 3500, 2800, 128),
(114.27266899999813, 2115, 531.0, 3500, 2800, 129),
(114.31621900000027, 2116, 531.0, 3500, 2800, 130),
(114.36626300000353, 2117, 531.0, 3500, 2800, 131),
(114.41771300000255, 2118, 531.0, 3500, 2800, 132),
(114.46250700000382, 2119, 531.0, 3500, 2800, 133),
(114.5165330000018, 2120, 531.0, 3500, 2800, 134),
(114.5699009999953, 2121, 531.0, 3500, 2800, 135),
(114.62529500000528, 2122, 531.0, 3500, 2800, 136),
(114.6670790000062, 2123, 531.0, 3500, 2800, 137),
(114.70463799999561, 2124, 531.0, 3500, 2800, 138),
(114.74318200000562, 2125, 531.0, 3500, 2800, 139),
(114.78803900000639, 2126, 531.0, 3500, 2800, 140),
(114.83973900000274, 2127, 531.0, 3500, 2800, 141),
(114.88807800000359, 2128, 531.0, 3500, 2800, 142),
(114.94154800000251, 2129, 531.0, 3500, 2800, 143),
(114.98957200000586, 2130, 531.0, 3500, 2800, 144),
(115.03187000000617, 2131, 531.0, 3500, 2800, 145),
(115.08242099999916, 2132, 531.0, 3500, 2800, 146),
(115.13200699999288, 2133, 531.0, 3500, 2800, 147),
(115.17619399999967, 2134, 531.0, 3500, 2800, 148),
(115.2291680000053, 2135, 531.0, 3500, 2800, 149),
(115.2727409999934, 2136, 531.0, 3500, 2800, 150),
(115.31983599999512, 2137, 531.0, 3500, 2800, 151),
(115.36056899999676, 2138, 531.0, 3500, 2800, 152),
(115.40395599999465, 2139, 531.0, 3500, 2800, 113),
(115.45171599999594, 2140, 531.0, 3500, 2800, 114),
(115.49936000000162, 2141, 531.0, 3500, 2800, 115),
(115.54543199999898, 2142, 531.0, 3500, 2800, 116),
(115.60276199999498, 2143, 531.0, 3500, 2800, 117),
(115.65016900000046, 2144, 531.0, 3500, 2800, 118),
(115.70262500000536, 2145, 531.0, 3500, 2800, 119),
(115.75151499999629, 2146, 531.0, 3500, 2800, 120),
(115.79638099999283, 2147, 531.0, 3500, 2800, 121),
(115.85309200000484, 2148, 531.0, 3500, 2800, 122),
(115.90243499999633, 2149, 531.0, 3500, 2800, 123),
(115.9512309999991, 2150, 531.0, 3500, 2800, 124),
(115.99651199999789, 2151, 531.0, 3500, 2800, 125),
(116.0434729999979, 2152, 531.0, 3500, 2800, 126),
(116.09711000000243, 2153, 531.0, 3500, 2800, 127),
(116.14196300000185, 2154, 531.0, 3500, 2800, 128),
(116.18912300000375, 2155, 531.0, 3500, 2800, 129),
(116.23235700000077, 2156, 531.0, 3500, 2800, 130),
(116.2818100000004, 2157, 531.0, 3500, 2800, 131),
(116.3342030000058, 2158, 531.0, 3500, 2800, 132),
(116.3854810000048, 2159, 531.0, 3500, 2800, 133),
(116.4351619999943, 2160, 531.0, 3500, 2800, 134),
(116.47451499999443, 2161, 531.0, 3500, 2800, 135),
(116.52420600000187, 2162, 531.0, 3500, 2800, 136),
(116.56748899999366, 2163, 531.0, 3500, 2800, 137),
(116.61648500000592, 2164, 531.0, 3500, 2800, 138),
(116.66991500000586, 2165, 531.0, 3500, 2800, 139),
(116.71403099999588, 2166, 531.0, 3500, 2800, 140),
(116.75608700000157, 2167, 531.0, 3500, 2800, 141),
(116.80768899999384, 2168, 531.0, 3500, 2800, 142),
(116.84678999999596, 2169, 531.0, 3500, 2800, 143),
(116.88891199999489, 2170, 531.0, 3500, 2800, 144),
(116.93878700000641, 2171, 531.0, 3500, 2800, 145),
(116.98527999999351, 2172, 531.0, 3500, 2800, 146),
(117.03570900000341, 2173, 531.0, 3500, 2800, 147),
(117.07438000000548, 2174, 531.0, 3500, 2800, 148),
(117.11860600000364, 2175, 531.0, 3500, 2800, 149),
(117.16594299999997, 2176, 531.0, 3500, 2800, 150),
(117.21523299999535, 2177, 531.0, 3500, 2800, 151),
(117.25856699999713, 2178, 531.0, 3500, 2800, 152),
(117.30622199999925, 2179, 531.0, 3500, 2900, 112),
(117.35526399999799, 2180, 531.0, 3500, 2900, 113),
(117.38984600000549, 2181, 531.0, 3500, 2900, 114),
(117.42853600000672, 2182, 531.0, 3500, 2900, 115),
(117.46835300000384, 2183, 531.0, 3500, 2900, 116),
(117.51334700000007, 2184, 531.0, 3500, 2900, 117),
(117.55676700000186, 2185, 531.0, 3500, 2900, 118),
(117.60361400000693, 2186, 531.0, 3500, 2900, 119),
(117.64724299999943, 2187, 531.0, 3500, 2900, 120),
(117.68787399999565, 2188, 531.0, 3500, 2900, 121),
(117.73408700000437, 2189, 531.0, 3500, 2900, 122),
(117.77727999999479, 2190, 531.0, 3500, 2900, 123),
(117.83373199999915, 2191, 531.0, 3500, 2900, 124),
(117.88326400000369, 2192, 531.0, 3500, 2900, 125),
(117.93502600000647, 2193, 531.0, 3500, 2900, 126),
(117.97666800000297, 2194, 531.0, 3500, 2900, 127),
(118.0259689999948, 2195, 531.0, 3500, 2900, 128),
(118.06675399999949, 2196, 531.0, 3500, 2900, 129),
(118.11560200000531, 2197, 531.0, 3500, 2900, 130),
(118.15676399999938, 2198, 531.0, 3500, 2900, 131),
(118.20619100000476, 2199, 531.0, 3500, 2900, 132),
(118.255548000001, 2200, 531.0, 3500, 2900, 133),
(118.30270699999528, 2201, 531.0, 3500, 2900, 134),
(118.35491100000218, 2202, 531.0, 3500, 2900, 135),
(118.39952999999514, 2203, 531.0, 3500, 2900, 136),
(118.44622500000696, 2204, 531.0, 3500, 2900, 137),
(118.49262499999895, 2205, 531.0, 3500, 2900, 138),
(118.5548989999952, 2206, 531.0, 3500, 2900, 139),
(118.60420200000226, 2207, 531.0, 3500, 2900, 140),
(118.65147899999283, 2208, 531.0, 3500, 2900, 141),
(118.69495900000038, 2209, 531.0, 3500, 2900, 142),
(118.7408460000006, 2210, 531.0, 3500, 2900, 143),
(118.7835519999935, 2211, 531.0, 3500, 2900, 144),
(118.83737300000212, 2212, 531.0, 3500, 2900, 145),
(118.88364000000001, 2213, 531.0, 3500, 2900, 146),
(118.93319700000575, 2214, 531.0, 3500, 2900, 147),
(118.97920000000158, 2215, 531.0, 3500, 2900, 148),
(119.02274600000237, 2216, 531.0, 3500, 2900, 149),
(119.06780000000435, 2217, 531.0, 3500, 2900, 150),
(119.11807199999748, 2218, 531.0, 3500, 2900, 151),
(119.16328700000304, 2219, 531.0, 3500, 2900, 152),
(119.19953300000634, 2220, 531.0, 3500, 2900, 113),
(119.24464299999818, 2221, 531.0, 3500, 2900, 114),
(119.2832550000021, 2222, 531.0, 3500, 2900, 115),
(119.3231919999962, 2223, 531.0, 3500, 2900, 116),
(119.3683100000053, 2224, 531.0, 3500, 2900, 117),
(119.40667100000428, 2225, 531.0, 3500, 2900, 118),
(119.44637499999953, 2226, 531.0, 3500, 2900, 119),
(119.48427699999593, 2227, 531.0, 3500, 2900, 120),
(119.52689300000202, 2228, 531.0, 3500, 2900, 121),
(119.5688450000016, 2229, 531.0, 3500, 2900, 122),
(119.62292300000263, 2230, 531.0, 3500, 2900, 123),
(119.66844799999672, 2231, 531.0, 3500, 2900, 124),
(119.70800499999314, 2232, 531.0, 3500, 2900, 125),
(119.74812200000451, 2233, 531.0, 3500, 2900, 126),
(119.78858300000138, 2234, 531.0, 3500, 2900, 127),
(119.82826799999748, 2235, 531.0, 3500, 2900, 128),
(119.86631599999964, 2236, 531.0, 3500, 2900, 129),
(119.9155780000001, 2237, 531.0, 3500, 2900, 130),
(119.97252799999842, 2238, 531.0, 3500, 2900, 131),
(120.02027599999565, 2239, 531.0, 3500, 2900, 132),
(120.07070599999861, 2240, 531.0, 3500, 2900, 133),
(120.11353699999745, 2241, 531.0, 3500, 2900, 134),
(120.15623100000084, 2242, 531.0, 3500, 2900, 135),
(120.20323699999426, 2243, 531.0, 3500, 2900, 136),
(120.25364399999671, 2244, 531.0, 3500, 2900, 137),
(120.29784199999995, 2245, 531.0, 3500, 2900, 138),
(120.34144400000514, 2246, 531.0, 3500, 2900, 139),
(120.39124100000481, 2247, 531.0, 3500, 2900, 140),
(120.436228999999, 2248, 531.0, 3500, 2900, 141),
(120.4856049999944, 2249, 531.0, 3500, 2900, 142),
(120.55320799999754, 2250, 531.0, 3500, 2900, 143),
(120.60223499999847, 2251, 531.0, 3500, 2900, 144),
(120.64630100000068, 2252, 531.0, 3500, 2900, 145),
(120.69129699999758, 2253, 531.0, 3500, 2900, 146),
(120.73625099999481, 2254, 531.0, 3500, 2900, 147),
(120.78106199999456, 2255, 531.0, 3500, 2900, 148),
(120.83212099999946, 2256, 531.0, 3500, 2900, 149),
(120.88188499999524, 2257, 531.0, 3500, 2900, 150),
(120.92752300000575, 2258, 531.0, 3500, 2900, 151),
(120.972511999993, 2259, 531.0, 3500, 2900, 152),
(121.01594800000021, 2260, 531.0, 3500, 2900, 113),
(121.0581189999939, 2261, 531.0, 3500, 2900, 114),
(121.10388599999715, 2262, 531.0, 3500, 2900, 115),
(121.15710599999875, 2263, 531.0, 3500, 2900, 116),
(121.20471299999917, 2264, 531.0, 3500, 2900, 117),
(121.25504499999806, 2265, 531.0, 3500, 2900, 118),
(121.29997100000037, 2266, 531.0, 3500, 2900, 119),
(121.34865600000194, 2267, 531.0, 3500, 2900, 120),
(121.39831800000684, 2268, 531.0, 3500, 2900, 121),
(121.46173300000373, 2269, 531.0, 3500, 2900, 122),
(121.51269400000456, 2270, 531.0, 3500, 2900, 123),
(121.57542100000137, 2271, 531.0, 3500, 2900, 124),
(121.62059599999338, 2272, 531.0, 3500, 2900, 125),
(121.67245199999888, 2273, 531.0, 3500, 2900, 126),
(121.71922499999346, 2274, 531.0, 3500, 2900, 127),
(121.76234600000316, 2275, 531.0, 3500, 2900, 128),
(121.81431800000428, 2276, 531.0, 3500, 2900, 129),
(121.85844599999837, 2277, 531.0, 3500, 2900, 130),
(121.90429799999401, 2278, 531.0, 3500, 2900, 131),
(121.94868600000336, 2279, 531.0, 3500, 2900, 132),
(121.99400700000115, 2280, 531.0, 3500, 2900, 133),
(122.03635599999689, 2281, 531.0, 3500, 2900, 134),
(122.08480399999826, 2282, 531.0, 3500, 2900, 135),
(122.12891800000216, 2283, 531.0, 3500, 2900, 136),
(122.17783699999563, 2284, 531.0, 3500, 2900, 137),
(122.23382199999469, 2285, 531.0, 3500, 2900, 138),
(122.28332699999737, 2286, 531.0, 3500, 2900, 139),
(122.3249300000025, 2287, 531.0, 3500, 2900, 140),
(122.36756899999455, 2288, 531.0, 3500, 2900, 141),
(122.42241899999499, 2289, 531.0, 3500, 2900, 142),
(122.47532399999909, 2290, 531.0, 3500, 2900, 143),
(122.52454600000056, 2291, 531.0, 3500, 2900, 144),
(122.57575800000632, 2292, 531.0, 3500, 2900, 145),
(122.62394499999937, 2293, 531.0, 3500, 2900, 146),
(122.66731799999252, 2294, 531.0, 3500, 2900, 147),
(122.70712599999388, 2295, 531.0, 3500, 2900, 148),
(122.752038000006, 2296, 531.0, 3500, 2900, 149),
(122.78977899999882, 2297, 531.0, 3500, 2900, 150),
(122.83441100000346, 2298, 531.0, 3500, 2900, 151),
(122.88035300000047, 2299, 531.0, 3500, 2900, 152),
(122.93304299999727, 2300, 531.0, 3500, 3000, 112),
(122.98791399999755, 2301, 531.0, 3500, 3000, 113),
(123.04809500000556, 2302, 531.0, 3500, 3000, 114),
(123.09977699999581, 2303, 531.0, 3500, 3000, 115),
(123.15086399999564, 2304, 531.0, 3500, 3000, 116),
(123.20853600000555, 2305, 531.0, 3500, 3000, 117),
(123.25748600000225, 2306, 531.0, 3500, 3000, 118),
(123.31581800000276, 2307, 531.0, 3500, 3000, 119),
(123.3696889999992, 2308, 531.0, 3500, 3000, 120),
(123.41803499999514, 2309, 531.0, 3500, 3000, 121),
(123.47190600000613, 2310, 531.0, 3500, 3000, 122),
(123.51975999999559, 2311, 531.0, 3500, 3000, 123),
(123.56715200000326, 2312, 531.0, 3500, 3000, 124),
(123.614167000007, 2313, 531.0, 3500, 3000, 125),
(123.66221900000528, 2314, 531.0, 3500, 3000, 126),
(123.71441699999559, 2315, 531.0, 3500, 3000, 127),
(123.76990699999442, 2316, 531.0, 3500, 3000, 128),
(123.83136999999988, 2317, 531.0, 3500, 3000, 129),
(123.88583400000061, 2318, 531.0, 3500, 3000, 130),
(123.92761699999392, 2319, 531.0, 3500, 3000, 131),
(123.97101100000145, 2320, 531.0, 3500, 3000, 132),
(124.01734799999394, 2321, 531.0, 3500, 3000, 133),
(124.06344699999318, 2322, 531.0, 3500, 3000, 134),
(124.11250899999868, 2323, 531.0, 3500, 3000, 135),
(124.16103299999668, 2324, 531.0, 3500, 3000, 136),
(124.20161400000507, 2325, 531.0, 3500, 3000, 137),
(124.23889300000155, 2326, 531.0, 3500, 3000, 138),
(124.28378599999996, 2327, 531.0, 3500, 3000, 139),
(124.33537299999443, 2328, 531.0, 3500, 3000, 140),
(124.38537299999734, 2329, 531.0, 3500, 3000, 141),
(124.43661699999939, 2330, 531.0, 3500, 3000, 142),
(124.48979900000268, 2331, 531.0, 3500, 3000, 143),
(124.53679699999338, 2332, 531.0, 3500, 3000, 144),
(124.58500300000014, 2333, 531.0, 3500, 3000, 145),
(124.63485600000422, 2334, 531.0, 3500, 3000, 146),
(124.68234699999448, 2335, 531.0, 3500, 3000, 147),
(124.72584699999425, 2336, 531.0, 3500, 3000, 148),
(124.76892499999667, 2337, 531.0, 3500, 3000, 149),
(124.8277620000008, 2338, 531.0, 3500, 3000, 150),
(124.87573499999417, 2339, 531.0, 3500, 3000, 151),
(124.9233649999951, 2340, 531.0, 3500, 3000, 152),
(124.97600799999782, 2341, 531.0, 3500, 3000, 113),
(125.01709700000356, 2342, 531.0, 3500, 3000, 114),
(125.06664400000591, 2343, 531.0, 3500, 3000, 115),
(125.11659799999325, 2344, 531.0, 3500, 3000, 116),
(125.18237999999837, 2345, 531.0, 3500, 3000, 117),
(125.22291399999813, 2346, 531.0, 3500, 3000, 118),
(125.26693300000625, 2347, 531.0, 3500, 3000, 119),
(125.31562700000359, 2348, 531.0, 3500, 3000, 120),
(125.37654599999951, 2349, 531.0, 3500, 3000, 121),
(125.42690200000652, 2350, 531.0, 3500, 3000, 122),
(125.46936000000278, 2351, 531.0, 3500, 3000, 123),
(125.51199400000041, 2352, 531.0, 3500, 3000, 124),
(125.5559879999928, 2353, 531.0, 3500, 3000, 125),
(125.60767500000657, 2354, 531.0, 3500, 3000, 126),
(125.65550700000313, 2355, 531.0, 3500, 3000, 127),
(125.7009010000038, 2356, 531.0, 3500, 3000, 128),
(125.7410830000008, 2357, 531.0, 3500, 3000, 129),
(125.78488099999959, 2358, 531.0, 3500, 3000, 130),
(125.84344100000453, 2359, 531.0, 3500, 3000, 131),
(125.88881600000605, 2360, 531.0, 3500, 3000, 132),
(125.93357399999513, 2361, 531.0, 3500, 3000, 133),
(125.98571199999424, 2362, 531.0, 3500, 3000, 134),
(126.04371800000081, 2363, 531.0, 3500, 3000, 135),
(126.09297399999923, 2364, 531.0, 3500, 3000, 136),
(126.1463209999929, 2365, 531.0, 3500, 3000, 137),
(126.1864029999997, 2366, 531.0, 3500, 3000, 138),
(126.2329299999983, 2367, 531.0, 3500, 3000, 139),
(126.28307200000563, 2368, 531.0, 3500, 3000, 140),
(126.33807100000558, 2369, 531.0, 3500, 3000, 141),
(126.3871669999935, 2370, 531.0, 3500, 3000, 142),
(126.43370199999481, 2371, 531.0, 3500, 3000, 143),
(126.48216800000228, 2372, 531.0, 3500, 3000, 144),
(126.52632299999823, 2373, 531.0, 3500, 3000, 145),
(126.5750529999932, 2374, 531.0, 3500, 3000, 146),
(126.62823800000479, 2375, 531.0, 3500, 3000, 147),
(126.67586400000437, 2376, 531.0, 3500, 3000, 148),
(126.72301299999526, 2377, 531.0, 3500, 3000, 149),
(126.7699830000056, 2378, 531.0, 3500, 3000, 150),
(126.82578899999498, 2379, 531.0, 3500, 3000, 151),
(126.87777099999948, 2380, 531.0, 3500, 3000, 152),
(126.92903499999375, 2381, 531.0, 3500, 3000, 113),
(126.97187900000426, 2382, 531.0, 3500, 3000, 114),
(127.01164599999902, 2383, 531.0, 3500, 3000, 115),
(127.0582710000017, 2384, 531.0, 3500, 3000, 116),
(127.11434200000076, 2385, 531.0, 3500, 3000, 117),
(127.15969200000109, 2386, 531.0, 3500, 3000, 118),
(127.20507599999837, 2387, 531.0, 3500, 3000, 119),
(127.25370800000383, 2388, 531.0, 3500, 3000, 120),
(127.2931799999933, 2389, 531.0, 3500, 3000, 121),
(127.34947899999679, 2390, 531.0, 3500, 3000, 122),
(127.38756299999659, 2391, 531.0, 3500, 3000, 123),
(127.42190000000119, 2392, 531.0, 3500, 3000, 124),
(127.46198799999547, 2393, 531.0, 3500, 3000, 125),
(127.50260799999523, 2394, 531.0, 3500, 3000, 126),
(127.54447999999684, 2395, 531.0, 3500, 3000, 127),
(127.59553599999344, 2396, 531.0, 3500, 3000, 128),
(127.64116100000683, 2397, 531.0, 3500, 3000, 129),
(127.68588900000032, 2398, 531.0, 3500, 3000, 130),
(127.72588199999882, 2399, 531.0, 3500, 3000, 131),
(127.7726149999944, 2400, 531.0, 3500, 3000, 132),
(127.81168699999398, 2401, 531.0, 3500, 3000, 133),
(127.85081299999729, 2402, 531.0, 3500, 3000, 134),
(127.89456800000335, 2403, 531.0, 3500, 3000, 135),
(127.93349100000341, 2404, 531.0, 3500, 3000, 136),
(127.97624200000428, 2405, 531.0, 3500, 3000, 137),
(128.0278580000013, 2406, 531.0, 3500, 3000, 138),
(128.0693789999932, 2407, 531.0, 3500, 3000, 139),
(128.11023000000569, 2408, 531.0, 3500, 3000, 140),
(128.1487380000035, 2409, 531.0, 3500, 3000, 141),
(128.1891969999997, 2410, 531.0, 3500, 3000, 142),
(128.23271599999862, 2411, 531.0, 3500, 3000, 143),
(128.27641700000095, 2412, 531.0, 3500, 3000, 144),
(128.31781300000148, 2413, 531.0, 3500, 3000, 145),
(128.35951199999545, 2414, 531.0, 3500, 3000, 146),
(128.41345999999612, 2415, 531.0, 3500, 3000, 147),
(128.4578360000014, 2416, 531.0, 3500, 3000, 148),
(128.52315799999633, 2417, 531.0, 3500, 3000, 149),
(128.5644969999994, 2418, 531.0, 3500, 3000, 150),
(128.6343440000055, 2419, 531.0, 3500, 3000, 151),
(128.6897719999979, 2420, 531.0, 3500, 3000, 152),
(128.73527400000603, 2421, 531.0, 3500, 3100, 112),
(128.78231199999573, 2422, 531.0, 3500, 3100, 113),
(128.83337399999436, 2423, 531.0, 3500, 3100, 114),
(128.89551099999517, 2424, 531.0, 3500, 3100, 115),
(128.94566599999962, 2425, 531.0, 3500, 3100, 116),
(128.9860420000041, 2426, 531.0, 3500, 3100, 117),
(129.04426900000544, 2427, 531.0, 3500, 3100, 118),
(129.0913920000021, 2428, 531.0, 3500, 3100, 119),
(129.12928999999713, 2429, 531.0, 3500, 3100, 120),
(129.17822600000363, 2430, 531.0, 3500, 3100, 121),
(129.2288750000007, 2431, 531.0, 3500, 3100, 122),
(129.28771800000686, 2432, 531.0, 3500, 3100, 123),
(129.33710200000496, 2433, 531.0, 3500, 3100, 124),
(129.38158400000248, 2434, 531.0, 3500, 3100, 125),
(129.4188770000037, 2435, 531.0, 3500, 3100, 126),
(129.460963000005, 2436, 531.0, 3500, 3100, 127),
(129.50763199999346, 2437, 531.0, 3500, 3100, 128),
(129.55376700000488, 2438, 531.0, 3500, 3100, 129),
(129.6060589999979, 2439, 531.0, 3500, 3100, 130),
(129.65767099999357, 2440, 531.0, 3500, 3100, 131),
(129.70286000000488, 2441, 531.0, 3500, 3100, 132),
(129.749570999993, 2442, 531.0, 3500, 3100, 133),
(129.7943629999936, 2443, 531.0, 3500, 3100, 134),
(129.8462370000052, 2444, 531.0, 3500, 3100, 135),
(129.89394399999583, 2445, 531.0, 3500, 3100, 136),
(129.93815200000245, 2446, 531.0, 3500, 3100, 137),
(129.98562199999287, 2447, 531.0, 3500, 3100, 138),
(130.03087400000368, 2448, 531.0, 3500, 3100, 139),
(130.07998799999768, 2449, 531.0, 3500, 3100, 140),
(130.13392900000326, 2450, 531.0, 3500, 3100, 141),
(130.1852879999933, 2451, 531.0, 3500, 3100, 142),
(130.23234400000365, 2452, 531.0, 3500, 3100, 143),
(130.2700840000034, 2453, 531.0, 3500, 3100, 144),
(130.31084700000065, 2454, 531.0, 3500, 3100, 145),
(130.35521999999764, 2455, 531.0, 3500, 3100, 146),
(130.3972070000018, 2456, 531.0, 3500, 3100, 147),
(130.44413200000417, 2457, 531.0, 3500, 3100, 148),
(130.49122500000522, 2458, 531.0, 3500, 3100, 149),
(130.53740000000107, 2459, 531.0, 3500, 3100, 150),
(130.58189899999707, 2460, 531.0, 3500, 3100, 151),
(130.62329099999624, 2461, 531.0, 3500, 3100, 152),
(130.66917199999443, 2462, 531.0, 3500, 3100, 113),
(130.72079599999415, 2463, 531.0, 3500, 3100, 114),
(130.76540899999964, 2464, 531.0, 3500, 3100, 115),
(130.81379699999525, 2465, 531.0, 3500, 3100, 116),
(130.85840199999802, 2466, 531.0, 3500, 3100, 117),
(130.89798799999699, 2467, 531.0, 3500, 3100, 118),
(130.93871099999524, 2468, 531.0, 3500, 3100, 119),
(130.9765550000011, 2469, 531.0, 3500, 3100, 120),
(131.0171299999929, 2470, 531.0, 3500, 3100, 121),
(131.0643940000009, 2471, 531.0, 3500, 3100, 122),
(131.12904200000048, 2472, 531.0, 3500, 3100, 123),
(131.19234100000176, 2473, 531.0, 3500, 3100, 124),
(131.23602100000426, 2474, 531.0, 3500, 3100, 125),
(131.28035800000362, 2475, 531.0, 3500, 3100, 126),
(131.3200039999938, 2476, 531.0, 3500, 3100, 127),
(131.35973300000478, 2477, 531.0, 3500, 3100, 128),
(131.3991640000022, 2478, 531.0, 3500, 3100, 129),
(131.44259500000044, 2479, 531.0, 3500, 3100, 130),
(131.48142599999846, 2480, 531.0, 3500, 3100, 131),
(131.52086899999995, 2481, 531.0, 3500, 3100, 132),
(131.566611000002, 2482, 531.0, 3500, 3100, 133),
(131.60934100000304, 2483, 531.0, 3500, 3100, 134),
(131.64835600000515, 2484, 531.0, 3500, 3100, 135),
(131.68708499999775, 2485, 531.0, 3500, 3100, 136),
(131.73728600000322, 2486, 531.0, 3500, 3100, 137),
(131.77647799999977, 2487, 531.0, 3500, 3100, 138),
(131.81608699999924, 2488, 531.0, 3500, 3100, 139),
(131.8625150000007, 2489, 531.0, 3500, 3100, 140),
(131.90228999999817, 2490, 531.0, 3500, 3100, 141),
(131.94424399999843, 2491, 531.0, 3500, 3100, 142),
(131.98419000000285, 2492, 531.0, 3500, 3100, 143),
(132.02399299999524, 2493, 531.0, 3500, 3100, 144),
(132.0698129999946, 2494, 531.0, 3500, 3100, 145),
(132.11839699999837, 2495, 531.0, 3500, 3100, 146),
(132.1659870000003, 2496, 531.0, 3500, 3100, 147),
(132.20916499999294, 2497, 531.0, 3500, 3100, 148),
(132.25538299999607, 2498, 531.0, 3500, 3100, 149),
(132.30521900000167, 2499, 531.0, 3500, 3100, 150),
(132.34732099999383, 2500, 531.0, 3500, 3100, 151),
(132.39102999999886, 2501, 531.0, 3500, 3100, 152),
(132.4334019999951, 2502, 531.0, 3500, 3100, 113),
(132.47236699999485, 2503, 531.0, 3500, 3100, 114),
(132.51339900000312, 2504, 531.0, 3500, 3100, 115),
(132.56565200000477, 2505, 531.0, 3500, 3100, 116),
(132.62128799999482, 2506, 531.0, 3500, 3100, 117),
(132.6658610000013, 2507, 531.0, 3500, 3100, 118),
(132.7169819999981, 2508, 531.0, 3500, 3100, 119),
(132.76334099999804, 2509, 531.0, 3500, 3100, 120),
(132.813393000004, 2510, 531.0, 3500, 3100, 121),
(132.86064199999964, 2511, 531.0, 3500, 3100, 122),
(132.91356800000358, 2512, 531.0, 3500, 3100, 123),
(132.96255799999926, 2513, 531.0, 3500, 3100, 124),
(133.01746499999717, 2514, 531.0, 3500, 3100, 125),
(133.05880400000024, 2515, 531.0, 3500, 3100, 126),
(133.1013629999943, 2516, 531.0, 3500, 3100, 127),
(133.14558199999738, 2517, 531.0, 3500, 3100, 128),
(133.2028480000008, 2518, 531.0, 3500, 3100, 129),
(133.2490620000026, 2519, 531.0, 3500, 3100, 130),
(133.30448999999498, 2520, 531.0, 3500, 3100, 131),
(133.35146099999838, 2521, 531.0, 3500, 3100, 132),
(133.39377900000545, 2522, 531.0, 3500, 3100, 133),
(133.4499219999998, 2523, 531.0, 3500, 3100, 134),
(133.4972540000017, 2524, 531.0, 3500, 3100, 135),
(133.54384100000607, 2525, 531.0, 3500, 3100, 136),
(133.58716399999685, 2526, 531.0, 3500, 3100, 137),
(133.63330400000268, 2527, 531.0, 3500, 3100, 138),
(133.67553100000077, 2528, 531.0, 3500, 3100, 139),
(133.71517300000414, 2529, 531.0, 3500, 3100, 140),
(133.75234900000214, 2530, 531.0, 3500, 3100, 141),
(133.78977000000305, 2531, 531.0, 3500, 3100, 142),
(133.82915299999877, 2532, 531.0, 3500, 3100, 143),
(133.8765529999946, 2533, 531.0, 3500, 3100, 144),
(133.91488599999866, 2534, 531.0, 3500, 3100, 145),
(133.95460199999798, 2535, 531.0, 3500, 3100, 146),
(133.99448100000154, 2536, 531.0, 3500, 3100, 147),
(134.03626399999484, 2537, 531.0, 3500, 3100, 148),
(134.0831990000006, 2538, 531.0, 3500, 3100, 149),
(134.13217599999916, 2539, 531.0, 3500, 3100, 150),
(134.18632100000104, 2540, 531.0, 3500, 3100, 151),
(134.23321399999259, 2541, 531.0, 3500, 3100, 152),
(134.28505200000654, 2542, 531.0, 3500, 3200, 112),
(134.3375090000045, 2543, 531.0, 3500, 3200, 113),
(134.38467099999252, 2544, 531.0, 3500, 3200, 114),
(134.43308000000252, 2545, 531.0, 3500, 3200, 115),
(134.48445400000492, 2546, 531.0, 3500, 3200, 116),
(134.52489099999366, 2547, 531.0, 3500, 3200, 117),
(134.5731689999957, 2548, 531.0, 3500, 3200, 118),
(134.62047500000335, 2549, 531.0, 3500, 3200, 119),
(134.67497500000172, 2550, 531.0, 3500, 3200, 120),
(134.71464299999934, 2551, 531.0, 3500, 3200, 121),
(134.75964099999692, 2552, 531.0, 3500, 3200, 122),
(134.7994619999954, 2553, 531.0, 3500, 3200, 123),
(134.84186200000113, 2554, 531.0, 3500, 3200, 124),
(134.88355300000694, 2555, 531.0, 3500, 3200, 125),
(134.92244700000447, 2556, 531.0, 3500, 3200, 126),
(134.96291899999778, 2557, 531.0, 3500, 3200, 127),
(135.006441000005, 2558, 531.0, 3500, 3200, 128),
(135.0430469999992, 2559, 531.0, 3500, 3200, 129),
(135.081984000004, 2560, 531.0, 3500, 3200, 130),
(135.12556099999347, 2561, 531.0, 3500, 3200, 131),
(135.1745019999944, 2562, 531.0, 3500, 3200, 132),
(135.2136829999945, 2563, 531.0, 3500, 3200, 133),
(135.2530720000068, 2564, 531.0, 3500, 3200, 134),
(135.29097600000387, 2565, 531.0, 3500, 3200, 135),
(135.3305529999925, 2566, 531.0, 3500, 3200, 136),
(135.3713710000011, 2567, 531.0, 3500, 3200, 137),
(135.42004799999995, 2568, 531.0, 3500, 3200, 138),
(135.47253899999487, 2569, 531.0, 3500, 3200, 139),
(135.51785800000653, 2570, 531.0, 3500, 3200, 140),
(135.57611399999587, 2571, 531.0, 3500, 3200, 141),
(135.64191000000574, 2572, 531.0, 3500, 3200, 142),
(135.69436599999608, 2573, 531.0, 3500, 3200, 143),
(135.73744199999783, 2574, 531.0, 3500, 3200, 144),
(135.78429300000425, 2575, 531.0, 3500, 3200, 145),
(135.83869000000414, 2576, 531.0, 3500, 3200, 146),
(135.88853799999924, 2577, 531.0, 3500, 3200, 147),
(135.93451399999321, 2578, 531.0, 3500, 3200, 148),
(135.976840000003, 2579, 531.0, 3500, 3200, 149),
(136.02886999999464, 2580, 531.0, 3500, 3200, 150),
(136.07617200000095, 2581, 531.0, 3500, 3200, 151),
(136.1236499999941, 2582, 531.0, 3500, 3200, 152),
(136.16736000000674, 2583, 531.0, 3500, 3200, 113),
(136.2241340000037, 2584, 531.0, 3500, 3200, 114),
(136.27466399999685, 2585, 531.0, 3500, 3200, 115),
(136.3273829999962, 2586, 531.0, 3500, 3200, 116),
(136.36824599999818, 2587, 531.0, 3500, 3200, 117),
(136.42378800000006, 2588, 531.0, 3500, 3200, 118),
(136.469809000002, 2589, 531.0, 3500, 3200, 119),
(136.52275999999256, 2590, 531.0, 3500, 3200, 120),
(136.5680810000049, 2591, 531.0, 3500, 3200, 121),
(136.61412399999972, 2592, 531.0, 3500, 3200, 122),
(136.66783599999326, 2593, 531.0, 3500, 3200, 123),
(136.72309299999324, 2594, 531.0, 3500, 3200, 124),
(136.7682610000047, 2595, 531.0, 3500, 3200, 125),
(136.81052400000044, 2596, 531.0, 3500, 3200, 126),
(136.85682299999462, 2597, 531.0, 3500, 3200, 127),
(136.90813100000378, 2598, 531.0, 3500, 3200, 128),
(136.95358299999498, 2599, 531.0, 3500, 3200, 129),
(136.9960909999936, 2600, 531.0, 3500, 3200, 130),
(137.034673999995, 2601, 531.0, 3500, 3200, 131),
(137.07394200000272, 2602, 531.0, 3500, 3200, 132),
(137.11383200000273, 2603, 531.0, 3500, 3200, 133),
(137.15682699999888, 2604, 531.0, 3500, 3200, 134),
(137.20436000000336, 2605, 531.0, 3500, 3200, 135),
(137.24469900000258, 2606, 531.0, 3500, 3200, 136),
(137.28453000000445, 2607, 531.0, 3500, 3200, 137),
(137.3250609999959, 2608, 531.0, 3500, 3200, 138),
(137.3900500000018, 2609, 531.0, 3500, 3200, 139),
(137.4254430000001, 2610, 531.0, 3500, 3200, 140),
(137.46003099999507, 2611, 531.0, 3500, 3200, 141),
(137.50704700000642, 2612, 531.0, 3500, 3200, 142),
(137.5474499999982, 2613, 531.0, 3500, 3200, 143),
(137.59444200000144, 2614, 531.0, 3500, 3200, 144),
(137.64508699999715, 2615, 531.0, 3500, 3200, 145),
(137.69235800000024, 2616, 531.0, 3500, 3200, 146),
(137.73659000000043, 2617, 531.0, 3500, 3200, 147),
(137.78309399999853, 2618, 531.0, 3500, 3200, 148),
(137.82745799999975, 2619, 531.0, 3500, 3200, 149),
(137.871954000002, 2620, 531.0, 3500, 3200, 150),
(137.9230649999954, 2621, 531.0, 3500, 3200, 151),
(137.97194200000376, 2622, 531.0, 3500, 3200, 152),
(138.01891899999464, 2623, 531.0, 3500, 3200, 113),
(138.0743669999938, 2624, 531.0, 3500, 3200, 114),
(138.12592900000163, 2625, 531.0, 3500, 3200, 115),
(138.16623200000322, 2626, 531.0, 3500, 3200, 116),
(138.20607000000018, 2627, 531.0, 3500, 3200, 117),
(138.24786499999755, 2628, 531.0, 3500, 3200, 118),
(138.2886839999992, 2629, 531.0, 3500, 3200, 119),
(138.33149899999262, 2630, 531.0, 3500, 3200, 120),
(138.38349500000186, 2631, 531.0, 3500, 3200, 121),
(138.4333190000034, 2632, 531.0, 3500, 3200, 122),
(138.4766990000062, 2633, 531.0, 3500, 3200, 123),
(138.52317600000242, 2634, 531.0, 3500, 3200, 124),
(138.57406499999342, 2635, 531.0, 3500, 3200, 125),
(138.6325899999938, 2636, 531.0, 3500, 3200, 126),
(138.68503700000292, 2637, 531.0, 3500, 3200, 127),
(138.72680499999842, 2638, 531.0, 3500, 3200, 128),
(138.76600800000597, 2639, 531.0, 3500, 3200, 129),
(138.80755100000533, 2640, 531.0, 3500, 3200, 130),
(138.84807399999409, 2641, 531.0, 3500, 3200, 131),
(138.89007399999537, 2642, 531.0, 3500, 3200, 132),
(138.9299400000018, 2643, 531.0, 3500, 3200, 133),
(138.96819299999333, 2644, 531.0, 3500, 3200, 134),
(139.02912900000229, 2645, 531.0, 3500, 3200, 135),
(139.08720300000277, 2646, 531.0, 3500, 3200, 136),
(139.13047400000505, 2647, 531.0, 3500, 3200, 137),
(139.17311099999642, 2648, 531.0, 3500, 3200, 138),
(139.22961100000248, 2649, 531.0, 3500, 3200, 139),
(139.27683000000252, 2650, 531.0, 3500, 3200, 140),
(139.33095299999695, 2651, 531.0, 3500, 3200, 141),
(139.387619000001, 2652, 531.0, 3500, 3200, 142),
(139.44683099999384, 2653, 531.0, 3500, 3200, 143),
(139.50598600000376, 2654, 531.0, 3500, 3200, 144),
(139.56223199999658, 2655, 531.0, 3500, 3200, 145),
(139.61168299999554, 2656, 531.0, 3500, 3200, 146),
(139.6542049999989, 2657, 531.0, 3500, 3200, 147),
(139.69781699999294, 2658, 531.0, 3500, 3200, 148),
(139.7420920000004, 2659, 531.0, 3500, 3200, 149),
(139.79122699999425, 2660, 531.0, 3500, 3200, 150),
(139.83812299999408, 2661, 531.0, 3500, 3200, 151),
(139.88222800000221, 2662, 531.0, 3500, 3200, 152),
(139.9295620000048, 2663, 531.0, 3900, 2000, 112),
(139.97713800000201, 2664, 531.0, 3900, 2000, 113),
(140.02669899999455, 2665, 531.0, 3900, 2000, 114),
(140.07186500000535, 2666, 531.0, 3900, 2000, 115),
(140.11984299999312, 2667, 531.0, 3900, 2000, 116),
(140.1636540000036, 2668, 531.0, 3900, 2000, 117),
(140.20300799999677, 2669, 531.0, 3900, 2000, 118),
(140.2480840000062, 2670, 531.0, 3900, 2000, 119),
(140.28619199999957, 2671, 531.0, 3900, 2000, 120),
(140.32726999999431, 2672, 531.0, 3900, 2000, 121),
(140.36641499999678, 2673, 531.0, 3900, 2000, 122),
(140.40638099999342, 2674, 531.0, 3900, 2000, 123),
(140.44578300000285, 2675, 531.0, 3900, 2000, 124),
(140.48454400000628, 2676, 531.0, 3900, 2000, 125),
(140.52682800000184, 2677, 531.0, 3900, 2000, 126),
(140.56965299999865, 2678, 531.0, 3900, 2000, 127),
(140.60858899999585, 2679, 531.0, 3900, 2000, 128),
(140.6511029999965, 2680, 531.0, 3900, 2000, 129),
(140.69429699999455, 2681, 531.0, 3900, 2000, 130),
(140.73699299999862, 2682, 531.0, 3900, 2000, 131),
(140.78134800000407, 2683, 531.0, 3900, 2000, 132),
(140.81935999999405, 2684, 531.0, 3900, 2000, 133),
(140.85995899999398, 2685, 531.0, 3900, 2000, 134),
(140.90268600000127, 2686, 531.0, 3900, 2000, 135),
(140.95201799999631, 2687, 531.0, 3900, 2000, 136),
(141.00032000000647, 2688, 531.0, 3900, 2000, 137),
(141.0548689999996, 2689, 531.0, 3900, 2000, 138),
(141.10979000000225, 2690, 531.0, 3900, 2000, 139),
(141.16494099999545, 2691, 531.0, 3900, 2000, 140),
(141.2156549999927, 2692, 531.0, 3900, 2000, 141),
(141.27388399999472, 2693, 531.0, 3900, 2000, 142),
(141.3319909999991, 2694, 531.0, 3900, 2000, 143),
(141.38699899999483, 2695, 531.0, 3900, 2000, 144),
(141.42806000000564, 2696, 531.0, 3900, 2000, 145),
(141.47151000000304, 2697, 531.0, 3900, 2000, 146),
(141.51565099999425, 2698, 531.0, 3900, 2000, 147),
(141.55840799999714, 2699, 531.0, 3900, 2000, 148),
(141.6026850000053, 2700, 531.0, 3900, 2000, 149),
(141.64866999999504, 2701, 531.0, 3900, 2000, 150),
(141.7055859999964, 2702, 531.0, 3900, 2000, 151),
(141.7530640000041, 2703, 531.0, 3900, 2000, 152),
(141.80521299999964, 2704, 531.0, 3900, 2000, 113),
(141.85806899999443, 2705, 531.0, 3900, 2000, 114),
(141.9143320000003, 2706, 531.0, 3900, 2000, 115),
(141.97319499999867, 2707, 531.0, 3900, 2000, 116),
(142.02445199999784, 2708, 531.0, 3900, 2000, 117),
(142.06740400000126, 2709, 531.0, 3900, 2000, 118),
(142.11350700000185, 2710, 531.0, 3900, 2000, 119),
(142.17396200000076, 2711, 531.0, 3900, 2000, 120),
(142.2280630000023, 2712, 531.0, 3900, 2000, 121),
(142.26481900000363, 2713, 531.0, 3900, 2000, 122),
(142.31663400000252, 2714, 531.0, 3900, 2000, 123),
(142.36823100000038, 2715, 531.0, 3900, 2000, 124),
(142.42115999999805, 2716, 531.0, 3900, 2000, 125),
(142.4623239999928, 2717, 531.0, 3900, 2000, 126),
(142.50426299999526, 2718, 531.0, 3900, 2000, 127),
(142.5494139999937, 2719, 531.0, 3900, 2000, 128),
(142.59753899999487, 2720, 531.0, 3900, 2000, 129),
(142.6464260000066, 2721, 531.0, 3900, 2000, 130),
(142.69610499999544, 2722, 531.0, 3900, 2000, 131),
(142.74387299999944, 2723, 531.0, 3900, 2000, 132),
(142.79300999999396, 2724, 531.0, 3900, 2000, 133),
(142.84611300000688, 2725, 531.0, 3900, 2000, 134),
(142.90251299999363, 2726, 531.0, 3900, 2000, 135),
(142.971544, 2727, 531.0, 3900, 2000, 136),
(143.03204299999925, 2728, 531.0, 3900, 2000, 137),
(143.07266599999275, 2729, 531.0, 3900, 2000, 138),
(143.12257399999362, 2730, 531.0, 3900, 2000, 139),
(143.16206600000442, 2731, 531.0, 3900, 2000, 140),
(143.2006640000036, 2732, 531.0, 3900, 2000, 141),
(143.24427199999627, 2733, 531.0, 3900, 2000, 142),
(143.28528399999777, 2734, 531.0, 3900, 2000, 143),
(143.33035600000585, 2735, 531.0, 3900, 2000, 144),
(143.37222999999358, 2736, 531.0, 3900, 2000, 145),
(143.41252699999313, 2737, 531.0, 3900, 2000, 146),
(143.45738900000288, 2738, 531.0, 3900, 2000, 147),
(143.50489599999855, 2739, 531.0, 3900, 2000, 148),
(143.55202600000484, 2740, 531.0, 3900, 2000, 149),
(143.59197999999742, 2741, 531.0, 3900, 2000, 150),
(143.63467800000217, 2742, 531.0, 3900, 2000, 151),
(143.67336200000136, 2743, 531.0, 3900, 2000, 152),
(143.71275399999286, 2744, 531.0, 3900, 2000, 113),
(143.75814000000537, 2745, 531.0, 3900, 2000, 114),
(143.7969710000034, 2746, 531.0, 3900, 2000, 115),
(143.83496399999422, 2747, 531.0, 3900, 2000, 116),
(143.8739210000058, 2748, 531.0, 3900, 2000, 117),
(143.91461799999524, 2749, 531.0, 3900, 2000, 118),
(143.958295000004, 2750, 531.0, 3900, 2000, 119),
(143.9969390000042, 2751, 531.0, 3900, 2000, 120),
(144.0329219999985, 2752, 531.0, 3900, 2000, 121),
(144.0721690000064, 2753, 531.0, 3900, 2000, 122),
(144.1115690000006, 2754, 531.0, 3900, 2000, 123),
(144.1495649999997, 2755, 531.0, 3900, 2000, 124),
(144.19160000000556, 2756, 531.0, 3900, 2000, 125),
(144.23165800000424, 2757, 531.0, 3900, 2000, 126),
(144.27231400000164, 2758, 531.0, 3900, 2000, 127),
(144.3139150000061, 2759, 531.0, 3900, 2000, 128),
(144.35752999999386, 2760, 531.0, 3900, 2000, 129),
(144.39972000000125, 2761, 531.0, 3900, 2000, 130),
(144.44200300000375, 2762, 531.0, 3900, 2000, 131),
(144.482376999993, 2763, 531.0, 3900, 2000, 132),
(144.52147100000002, 2764, 531.0, 3900, 2000, 133),
(144.56237899999542, 2765, 531.0, 3900, 2000, 134),
(144.60209299999406, 2766, 531.0, 3900, 2000, 135),
(144.64281299999857, 2767, 531.0, 3900, 2000, 136),
(144.68277499999385, 2768, 531.0, 3900, 2000, 137),
(144.72676799999317, 2769, 531.0, 3900, 2000, 138),
(144.77376500000537, 2770, 531.0, 3900, 2000, 139),
(144.83732099999906, 2771, 531.0, 3900, 2000, 140),
(144.88085699999647, 2772, 531.0, 3900, 2000, 141),
(144.91857999999775, 2773, 531.0, 3900, 2000, 142),
(144.96039399999427, 2774, 531.0, 3900, 2000, 143),
(144.99764499999583, 2775, 531.0, 3900, 2000, 144),
(145.03918199999316, 2776, 531.0, 3900, 2000, 145),
(145.08694999999716, 2777, 531.0, 3900, 2000, 146),
(145.13097199999902, 2778, 531.0, 3900, 2000, 147),
(145.1762219999946, 2779, 531.0, 3900, 2000, 148),
(145.2311020000052, 2780, 531.0, 3900, 2000, 149),
(145.27162600000156, 2781, 531.0, 3900, 2000, 150),
(145.31794999999693, 2782, 531.0, 3900, 2000, 151),
(145.36704100000497, 2783, 531.0, 3900, 2000, 152),
(145.40223100000003, 2784, 531.0, 3900, 2400, 112),
(145.4389530000044, 2785, 531.0, 3900, 2400, 113),
(145.4796239999996, 2786, 528.0, 3900, 2400, 114),
(145.58426400000462, 2788, 531.0, 3900, 2400, 116),
(145.68983000000298, 2790, 531.0, 3900, 2400, 118),
(145.72792999999365, 2791, 530.0, 3900, 2400, 119),
(145.77269300000626, 2792, 531.0, 3900, 2400, 120),
(145.81585899999482, 2793, 531.0, 3900, 2400, 121),
(145.86708500000532, 2794, 531.0, 3900, 2400, 122),
(145.9846499999985, 2796, 531.0, 3900, 2400, 124),
(146.09286900000006, 2798, 531.0, 3900, 2400, 126),
(146.13457900000503, 2799, 531.0, 3900, 2400, 127),
(146.18951900000684, 2800, 528.0, 3900, 2400, 128),
(146.30952900000557, 2802, 531.0, 3900, 2400, 130),
(146.41077800000494, 2804, 531.0, 3900, 2400, 132),
(146.52434400000493, 2806, 531.0, 3900, 2400, 134),
(146.57315300000482, 2807, 531.0, 3900, 2400, 135),
(146.61819300000207, 2808, 531.0, 3900, 2400, 136),
(146.66438400000334, 2809, 283.0, 3900, 2400, 137),
(146.74091199999384, 2810, 531.0, 3900, 2400, 138),
(146.78493900000467, 2811, 531.0, 3900, 2400, 139),
(146.83694999999716, 2812, 596.0, 3900, 2400, 140),
(146.9655070000008, 2814, 531.0, 3900, 2400, 142),
(147.0150469999935, 2815, 531.0, 3900, 2400, 143),
(147.06380600000557, 2816, 531.0, 3900, 2400, 144),
(147.11371900000086, 2817, 590.0, 3900, 2400, 145),
(147.16422000000603, 2818, 531.0, 3900, 2400, 146),
(147.20997100000386, 2819, 283.0, 3900, 2400, 147),
(147.2467900000047, 2820, 531.0, 3900, 2400, 148),
(147.2925569999934, 2821, 531.0, 3900, 2400, 149),
(147.33397399999376, 2822, 283.0, 3900, 2400, 150),
(147.44990700000199, 2824, 531.0, 3900, 2400, 152),
(147.48462499999732, 2825, 531.0, 3900, 2400, 113),
(147.53136199999426, 2826, 528.0, 3900, 2400, 114),
(147.66350500000408, 2828, 531.0, 3900, 2400, 116),
(147.79648600000655, 2830, 531.0, 3900, 2400, 118),
(147.84254399999918, 2831, 530.0, 3900, 2400, 119),
(147.89940599999682, 2832, 531.0, 3900, 2400, 120),
(147.95396400000027, 2833, 531.0, 3900, 2400, 121),
(147.9962349999987, 2834, 531.0, 3900, 2400, 122),
(148.14128300000448, 2836, 531.0, 3900, 2400, 124),
(148.2856449999963, 2838, 531.0, 3900, 2400, 126),
(148.35688399999344, 2839, 531.0, 3900, 2400, 127),
(148.4322530000063, 2840, 528.0, 3900, 2400, 128),
(148.56376600000658, 2842, 531.0, 3900, 2400, 130),
(148.69044500000018, 2844, 531.0, 3900, 2400, 132),
(148.80875599999854, 2846, 531.0, 3900, 2400, 134),
(148.85886399999436, 2847, 531.0, 3900, 2400, 135),
(148.91540800000075, 2848, 531.0, 3900, 2400, 136),
(148.96859299999778, 2849, 283.0, 3900, 2400, 137),
(149.03497999999672, 2850, 531.0, 3900, 2400, 138),
(149.09846900000412, 2851, 531.0, 3900, 2400, 139),
(149.145709000004, 2852, 596.0, 3900, 2400, 140),
(149.2684040000022, 2854, 531.0, 3900, 2400, 142),
(149.31846199999563, 2855, 531.0, 3900, 2400, 143),
(149.3912890000065, 2856, 531.0, 3900, 2400, 144),
(149.44131399999605, 2857, 590.0, 3900, 2400, 145),
(149.48874099999375, 2858, 531.0, 3900, 2400, 146),
(149.5393469999981, 2859, 283.0, 3900, 2400, 147),
(149.5933059999952, 2860, 531.0, 3900, 2400, 148),
(149.6491110000061, 2861, 531.0, 3900, 2400, 149),
(149.70072199999413, 2862, 283.0, 3900, 2400, 150),
(149.74546700000064, 2863, 531.0, 3900, 2400, 151),
(149.7970559999958, 2864, 531.0, 3900, 2400, 152),
(149.83395299999393, 2865, 531.0, 3900, 2400, 113),
(149.87260299999616, 2866, 528.0, 3900, 2400, 114),
(149.99769600000582, 2868, 531.0, 3900, 2400, 116),
(150.11703500000294, 2870, 531.0, 3900, 2400, 118),
(150.16030400000454, 2871, 530.0, 3900, 2400, 119),
(150.21667100000195, 2872, 531.0, 3900, 2400, 120),
(150.26166000000376, 2873, 531.0, 3900, 2400, 121),
(150.32139300000563, 2874, 531.0, 3900, 2400, 122),
(150.44188699999359, 2876, 531.0, 3900, 2400, 124),
(150.56752799999958, 2878, 531.0, 3900, 2400, 126),
(150.6212530000048, 2879, 531.0, 3900, 2400, 127),
(150.68563399999402, 2880, 528.0, 3900, 2400, 128),
(150.8163910000003, 2882, 531.0, 3900, 2400, 130),
(150.97805499999959, 2884, 531.0, 3900, 2400, 132),
(151.12741400000232, 2886, 531.0, 3900, 2400, 134),
(151.17800699999498, 2887, 531.0, 3900, 2400, 135),
(151.23596499999985, 2888, 531.0, 3900, 2400, 136),
(151.297390000007, 2889, 283.0, 3900, 2400, 137),
(151.3555550000019, 2890, 531.0, 3900, 2400, 138),
(151.4163200000039, 2891, 531.0, 3900, 2400, 139),
(151.46657600000617, 2892, 596.0, 3900, 2400, 140),
(151.58820100000594, 2894, 531.0, 3900, 2400, 142),
(151.6339250000019, 2895, 531.0, 3900, 2400, 143),
(151.68788199999835, 2896, 531.0, 3900, 2400, 144),
(151.73818899999605, 2897, 590.0, 3900, 2400, 145),
(151.78351799999655, 2898, 531.0, 3900, 2400, 146),
(151.84448600000178, 2899, 283.0, 3900, 2400, 147),
(151.89998499999638, 2900, 531.0, 3900, 2400, 148),
(151.94863499999337, 2901, 531.0, 3900, 2400, 149),
(151.98720899999898, 2902, 283.0, 3900, 2400, 150),
(152.11475399999472, 2904, 531.0, 3900, 2400, 152),
(152.15650800000003, 2905, 531.0, 3900, 2800, 112),
(152.20133799999894, 2906, 531.0, 3900, 2800, 113),
(152.24609800000326, 2907, 528.0, 3900, 2800, 114),
(152.3587569999945, 2909, 531.0, 3900, 2800, 116),
(152.45657300000312, 2911, 531.0, 3900, 2800, 118),
(152.4934429999994, 2912, 530.0, 3900, 2800, 119),
(152.53727000000072, 2913, 531.0, 3900, 2800, 120),
(152.57989500000258, 2914, 531.0, 3900, 2800, 121),
(152.62800199999765, 2915, 531.0, 3900, 2800, 122),
(152.76347400000668, 2917, 531.0, 3900, 2800, 124),
(152.85763199999928, 2919, 531.0, 3900, 2800, 126),
(152.90046200000506, 2920, 531.0, 3900, 2800, 127),
(152.94603999999526, 2921, 528.0, 3900, 2800, 128),
(153.095748000007, 2923, 531.0, 3900, 2800, 130),
(153.22575199999847, 2925, 531.0, 3900, 2800, 132),
(153.34045600000536, 2927, 531.0, 3900, 2800, 134),
(153.3860629999981, 2928, 531.0, 3900, 2800, 135),
(153.43059400000493, 2929, 531.0, 3900, 2800, 136),
(153.485858, 2930, 283.0, 3900, 2800, 137),
(153.53128500000457, 2931, 531.0, 3900, 2800, 138),
(153.58613100000366, 2932, 531.0, 3900, 2800, 139),
(153.64245699999447, 2933, 596.0, 3900, 2800, 140),
(153.7599920000066, 2935, 531.0, 3900, 2800, 142),
(153.81702299999597, 2936, 531.0, 3900, 2800, 143),
(153.87816799999564, 2937, 531.0, 3900, 2800, 144),
(153.92305399999896, 2938, 590.0, 3900, 2800, 145),
(153.97520800000348, 2939, 531.0, 3900, 2800, 146),
(154.0264920000045, 2940, 283.0, 3900, 2800, 147),
(154.0665949999966, 2941, 531.0, 3900, 2800, 148),
(154.12970499999938, 2942, 531.0, 3900, 2800, 149),
(154.17495600000257, 2943, 283.0, 3900, 2800, 150),
(154.2809910000069, 2945, 531.0, 3900, 2800, 152),
(154.3323640000017, 2946, 531.0, 3900, 2800, 113),
(154.37716800000635, 2947, 528.0, 3900, 2800, 114),
(154.48769300000276, 2949, 531.0, 3900, 2800, 116),
(154.59934699999576, 2951, 531.0, 3900, 2800, 118),
(154.6394239999936, 2952, 530.0, 3900, 2800, 119),
(154.6824329999945, 2953, 531.0, 3900, 2800, 120),
(154.7244769999961, 2954, 531.0, 3900, 2800, 121),
(154.7655240000022, 2955, 531.0, 3900, 2800, 122),
(154.88404200000514, 2957, 531.0, 3900, 2800, 124),
(155.0116229999985, 2959, 531.0, 3900, 2800, 126),
(155.05704899999546, 2960, 531.0, 3900, 2800, 127),
(155.10576000000583, 2961, 528.0, 3900, 2800, 128),
(155.2372880000039, 2963, 531.0, 3900, 2800, 130),
(155.35797700000694, 2965, 531.0, 3900, 2800, 132),
(155.48667100000603, 2967, 531.0, 3900, 2800, 134),
(155.545048999993, 2968, 531.0, 3900, 2800, 135),
(155.58797799999593, 2969, 531.0, 3900, 2800, 136),
(155.63336700000218, 2970, 283.0, 3900, 2800, 137),
(155.67318899999373, 2971, 531.0, 3900, 2800, 138),
(155.7099770000059, 2972, 531.0, 3900, 2800, 139),
(155.75833399999829, 2973, 596.0, 3900, 2800, 140),
(155.92404899999383, 2975, 531.0, 3900, 2800, 142),
(155.96727799999644, 2976, 531.0, 3900, 2800, 143),
(156.01236100000096, 2977, 531.0, 3900, 2800, 144),
(156.06032299999788, 2978, 590.0, 3900, 2800, 145),
(156.10806100000627, 2979, 531.0, 3900, 2800, 146),
(156.16353200000594, 2980, 283.0, 3900, 2800, 147),
(156.20807100000093, 2981, 531.0, 3900, 2800, 148),
(156.26728600000206, 2982, 531.0, 3900, 2800, 149),
(156.31151299999328, 2983, 283.0, 3900, 2800, 150),
(156.40899999999965, 2985, 531.0, 3900, 2800, 152),
(156.4507799999992, 2986, 531.0, 3900, 2800, 113),
(156.49424099999305, 2987, 528.0, 3900, 2800, 114),
(156.61671099999512, 2989, 531.0, 3900, 2800, 116),
(156.73617099999683, 2991, 531.0, 3900, 2800, 118),
(156.78294499999902, 2992, 530.0, 3900, 2800, 119),
(156.8366459999961, 2993, 531.0, 3900, 2800, 120),
(156.88395899999887, 2994, 531.0, 3900, 2800, 121),
(156.93112399999518, 2995, 531.0, 3900, 2800, 122),
(157.03869699999632, 2997, 531.0, 3900, 2800, 124),
(157.17644799999835, 2999, 531.0, 3900, 2800, 126),
(157.22269799999776, 3000, 531.0, 3900, 2800, 127),
(157.2689970000065, 3001, 528.0, 3900, 2800, 128),
(157.37676400000055, 3003, 531.0, 3900, 2800, 130),
(157.491108000002, 3005, 531.0, 3900, 2800, 132),
(157.5851479999983, 3007, 531.0, 3900, 2800, 134),
(157.64252500000293, 3008, 531.0, 3900, 2800, 135),
(157.68874899999355, 3009, 531.0, 3900, 2800, 136),
(157.73505200000363, 3010, 283.0, 3900, 2800, 137),
(157.7787640000024, 3011, 531.0, 3900, 2800, 138),
(157.8245040000038, 3012, 531.0, 3900, 2800, 139),
(157.87532700000156, 3013, 596.0, 3900, 2800, 140),
(157.99970600000233, 3015, 531.0, 3900, 2800, 142),
(158.0466860000015, 3016, 531.0, 3900, 2800, 143),
(158.08887599999434, 3017, 531.0, 3900, 2800, 144),
(158.13303100000485, 3018, 590.0, 3900, 2800, 145),
(158.17680099999416, 3019, 531.0, 3900, 2800, 146),
(158.2260740000056, 3020, 283.0, 3900, 2800, 147),
(158.2799870000017, 3021, 531.0, 3900, 2800, 148),
(158.3411300000007, 3022, 531.0, 3900, 2800, 149),
(158.3928739999974, 3023, 283.0, 3900, 2800, 150),
(158.51152099999308, 3025, 531.0, 3900, 2800, 152),
(158.55452299999888, 3026, 531.0, 3900, 3200, 112),
(158.5981080000056, 3027, 531.0, 3900, 3200, 113),
(158.6474409999937, 3028, 531.0, 3900, 3200, 114),
(158.69657899999584, 3029, 531.0, 3900, 3200, 115),
(158.73939000000246, 3030, 531.0, 3900, 3200, 116),
(158.78564099999494, 3031, 531.0, 3900, 3200, 117),
(158.8285279999982, 3032, 531.0, 3900, 3200, 118),
(158.88202099999762, 3033, 531.0, 3900, 3200, 119),
(158.9423300000053, 3034, 531.0, 3900, 3200, 120),
(158.98583799999324, 3035, 531.0, 3900, 3200, 121),
(159.02865399999428, 3036, 531.0, 3900, 3200, 122),
(159.08115399999951, 3037, 531.0, 3900, 3200, 123),
(159.12975700000243, 3038, 531.0, 3900, 3200, 124),
(159.18041699999594, 3039, 531.0, 3900, 3200, 125),
(159.23573299999407, 3040, 531.0, 3900, 3200, 126),
(159.2799859999941, 3041, 531.0, 3900, 3200, 127),
(159.31937300000573, 3042, 531.0, 3900, 3200, 128),
(159.37400500000513, 3043, 531.0, 3900, 3200, 129),
(159.41788100000122, 3044, 531.0, 3900, 3200, 130),
(159.47428500000387, 3045, 531.0, 3900, 3200, 131),
(159.52731000000495, 3046, 531.0, 3900, 3200, 132),
(159.57594700000482, 3047, 531.0, 3900, 3200, 133),
(159.62098799999512, 3048, 531.0, 3900, 3200, 134),
(159.6681399999943, 3049, 531.0, 3900, 3200, 135),
(159.7188540000061, 3050, 531.0, 3900, 3200, 136),
(159.7579540000006, 3051, 531.0, 3900, 3200, 137),
(159.80006599999615, 3052, 531.0, 3900, 3200, 138),
(159.85347600000387, 3053, 531.0, 3900, 3200, 139),
(159.8978269999934, 3054, 531.0, 3900, 3200, 140),
(159.95073100000445, 3055, 531.0, 3900, 3200, 141),
(160.00606899999548, 3056, 531.0, 3900, 3200, 142),
(160.0474499999982, 3057, 531.0, 3900, 3200, 143),
(160.09815799999342, 3058, 531.0, 3900, 3200, 144),
(160.15686899999855, 3059, 531.0, 3900, 3200, 145),
(160.20728200000303, 3060, 531.0, 3900, 3200, 146),
(160.25409400000353, 3061, 531.0, 3900, 3200, 147),
(160.29497800000536, 3062, 531.0, 3900, 3200, 148),
(160.34392299999308, 3063, 531.0, 3900, 3200, 149),
(160.3889499999932, 3064, 531.0, 3900, 3200, 150),
(160.43709000000672, 3065, 531.0, 3900, 3200, 151),
(160.49237199999334, 3066, 531.0, 3900, 3200, 152),
(160.5367799999949, 3067, 531.0, 3900, 3200, 113),
(160.58903099999588, 3068, 531.0, 3900, 3200, 114),
(160.63743899999827, 3069, 531.0, 3900, 3200, 115),
(160.68870600000082, 3070, 531.0, 3900, 3200, 116),
(160.73203800000192, 3071, 531.0, 3900, 3200, 117),
(160.7739969999966, 3072, 531.0, 3900, 3200, 118),
(160.8231999999989, 3073, 531.0, 3900, 3200, 119),
(160.86390100000426, 3074, 531.0, 3900, 3200, 120),
(160.90956699999515, 3075, 531.0, 3900, 3200, 121),
(160.96420899999794, 3076, 531.0, 3900, 3200, 122),
(161.01149999999325, 3077, 531.0, 3900, 3200, 123),
(161.06723899999633, 3078, 531.0, 3900, 3200, 124),
(161.11731600000348, 3079, 531.0, 3900, 3200, 125),
(161.16287400000147, 3080, 531.0, 3900, 3200, 126),
(161.2083019999991, 3081, 531.0, 3900, 3200, 127),
(161.2490689999977, 3082, 531.0, 3900, 3200, 128),
(161.29643899999792, 3083, 531.0, 3900, 3200, 129),
(161.34614599999622, 3084, 531.0, 3900, 3200, 130),
(161.3979660000041, 3085, 531.0, 3900, 3200, 131),
(161.45465699999477, 3086, 531.0, 3900, 3200, 132),
(161.50310699999682, 3087, 531.0, 3900, 3200, 133),
(161.56431899999734, 3088, 531.0, 3900, 3200, 134),
(161.60541099999682, 3089, 531.0, 3900, 3200, 135),
(161.65975700000126, 3090, 531.0, 3900, 3200, 136),
(161.70347199999378, 3091, 531.0, 3900, 3200, 137),
(161.7527209999971, 3092, 531.0, 3900, 3200, 138),
(161.797212999998, 3093, 531.0, 3900, 3200, 139),
(161.844213999997, 3094, 531.0, 3900, 3200, 140),
(161.88942099999986, 3095, 531.0, 3900, 3200, 141),
(161.94272300000011, 3096, 531.0, 3900, 3200, 142),
(161.99083199999586, 3097, 531.0, 3900, 3200, 143),
(162.0372769999958, 3098, 531.0, 3900, 3200, 144),
(162.08558100000664, 3099, 531.0, 3900, 3200, 145),
(162.1359320000047, 3100, 531.0, 3900, 3200, 146),
(162.18601499999932, 3101, 531.0, 3900, 3200, 147),
(162.24373699999705, 3102, 531.0, 3900, 3200, 148),
(162.2822610000003, 3103, 531.0, 3900, 3200, 149),
(162.32800900000439, 3104, 531.0, 3900, 3200, 150),
(162.3749550000066, 3105, 531.0, 3900, 3200, 151),
(162.41671400000632, 3106, 531.0, 3900, 3200, 152),
(162.46113500000502, 3107, 531.0, 3900, 3200, 113),
(162.51119099999778, 3108, 531.0, 3900, 3200, 114),
(162.55441700000665, 3109, 531.0, 3900, 3200, 115),
(162.59762200000114, 3110, 531.0, 3900, 3200, 116),
(162.65253700000176, 3111, 531.0, 3900, 3200, 117),
(162.69332399999257, 3112, 531.0, 3900, 3200, 118),
(162.74232999999367, 3113, 531.0, 3900, 3200, 119),
(162.77959700000065, 3114, 531.0, 3900, 3200, 120),
(162.82329400000162, 3115, 531.0, 3900, 3200, 121),
(162.87472700000217, 3116, 531.0, 3900, 3200, 122),
(162.92011599999387, 3117, 531.0, 3900, 3200, 123),
(162.9743210000015, 3118, 531.0, 3900, 3200, 124),
(163.01971399999456, 3119, 531.0, 3900, 3200, 125),
(163.06531799999357, 3120, 531.0, 3900, 3200, 126),
(163.11586299999908, 3121, 531.0, 3900, 3200, 127),
(163.16162600000098, 3122, 531.0, 3900, 3200, 128),
(163.20437199999287, 3123, 531.0, 3900, 3200, 129),
(163.24575200000254, 3124, 531.0, 3900, 3200, 130),
(163.29537199999322, 3125, 531.0, 3900, 3200, 131),
(163.33183799999824, 3126, 531.0, 3900, 3200, 132),
(163.38114500000665, 3127, 531.0, 3900, 3200, 133),
(163.42767999999342, 3128, 531.0, 3900, 3200, 134),
(163.46682800000417, 3129, 531.0, 3900, 3200, 135),
(163.51485599999432, 3130, 531.0, 3900, 3200, 136),
(163.56208499999775, 3131, 531.0, 3900, 3200, 137),
(163.60771700000623, 3132, 531.0, 3900, 3200, 138),
(163.65154099999927, 3133, 531.0, 3900, 3200, 139),
(163.6922440000053, 3134, 531.0, 3900, 3200, 140),
(163.73361700000532, 3135, 531.0, 3900, 3200, 141),
(163.77474199999415, 3136, 531.0, 3900, 3200, 142),
(163.8216459999967, 3137, 531.0, 3900, 3200, 143),
(163.86682900000596, 3138, 531.0, 3900, 3200, 144),
(163.9215220000042, 3139, 531.0, 3900, 3200, 145),
(163.96819299999333, 3140, 531.0, 3900, 3200, 146),
(164.00984600000083, 3141, 531.0, 3900, 3200, 147),
(164.05063100000552, 3142, 531.0, 3900, 3200, 148),
(164.08800200000405, 3143, 531.0, 3900, 3200, 149),
(164.1276840000064, 3144, 531.0, 3900, 3200, 150),
(164.16825299999618, 3145, 531.0, 3900, 3200, 151),
(164.21393500000704, 3146, 531.0, 3900, 3200, 152),
(164.25406099999964, 3147, 532.0, 3900, 2200, 112),
(164.29488400000264, 3148, 532.0, 3900, 2200, 113),
(164.34472199999436, 3149, 532.0, 3900, 2200, 114),
(164.39435600000434, 3150, 532.0, 3900, 2200, 115),
(164.44199399999343, 3151, 532.0, 3900, 2200, 116),
(164.48638099999516, 3152, 532.0, 3900, 2200, 117),
(164.537891999993, 3153, 532.0, 3900, 2200, 118),
(164.58404499999597, 3154, 532.0, 3900, 2200, 119),
(164.62888499999826, 3155, 532.0, 3900, 2200, 120),
(164.68187600000238, 3156, 532.0, 3900, 2200, 121),
(164.73107300000265, 3157, 532.0, 3900, 2200, 122),
(164.77285700000357, 3158, 532.0, 3900, 2200, 123),
(164.81824900000356, 3159, 532.0, 3900, 2200, 124),
(164.87419699999737, 3160, 532.0, 3900, 2200, 125),
(164.92754400000558, 3161, 532.0, 3900, 2200, 126),
(164.98599800000375, 3162, 532.0, 3900, 2200, 127),
(165.0493509999942, 3163, 532.0, 3900, 2200, 128),
(165.09682799999428, 3164, 532.0, 3900, 2200, 129),
(165.14725700000417, 3165, 532.0, 3900, 2200, 130),
(165.2064010000031, 3166, 532.0, 3900, 2200, 131),
(165.2556959999929, 3167, 532.0, 3900, 2200, 132),
(165.30866199999582, 3168, 532.0, 3900, 2200, 133),
(165.36542099999497, 3169, 532.0, 3900, 2200, 134),
(165.4086340000067, 3170, 532.0, 3900, 2200, 135),
(165.4512090000062, 3171, 532.0, 3900, 2200, 136),
(165.491657999999, 3172, 532.0, 3900, 2200, 137),
(165.54085799999302, 3173, 532.0, 3900, 2200, 138),
(165.5809670000017, 3174, 532.0, 3900, 2200, 139),
(165.62377400000696, 3175, 532.0, 3900, 2200, 140),
(165.6674570000032, 3176, 532.0, 3900, 2200, 141),
(165.72685599999386, 3177, 532.0, 3900, 2200, 142),
(165.77982900000643, 3178, 532.0, 3900, 2200, 143),
(165.8261599999969, 3179, 532.0, 3900, 2200, 144),
(165.87109200000123, 3180, 532.0, 3900, 2200, 145),
(165.91692899999907, 3181, 532.0, 3900, 2200, 146),
(165.95635799999582, 3182, 532.0, 3900, 2200, 147),
(165.99786800000584, 3183, 532.0, 3900, 2200, 148),
(166.0458820000058, 3184, 532.0, 3900, 2200, 149),
(166.10529300000053, 3185, 532.0, 3900, 2200, 150),
(166.15718399999605, 3186, 532.0, 3900, 2200, 151),
(166.21766599999683, 3187, 532.0, 3900, 2200, 152),
(166.26817999999912, 3188, 532.0, 3900, 2200, 113),
(166.31793499999912, 3189, 532.0, 3900, 2200, 114),
(166.37372800000594, 3190, 532.0, 3900, 2200, 115),
(166.42292199999793, 3191, 532.0, 3900, 2200, 116),
(166.46682699999656, 3192, 532.0, 3900, 2200, 117),
(166.51266799999576, 3193, 532.0, 3900, 2200, 118),
(166.56025300000329, 3194, 532.0, 3900, 2200, 119),
(166.60376800000085, 3195, 532.0, 3900, 2200, 120),
(166.64531399999396, 3196, 532.0, 3900, 2200, 121),
(166.68606599999475, 3197, 532.0, 3900, 2200, 122),
(166.7282569999952, 3198, 532.0, 3900, 2200, 123),
(166.77064200000314, 3199, 532.0, 3900, 2200, 124),
(166.82026199999382, 3200, 532.0, 3900, 2200, 125),
(166.86741500000062, 3201, 532.0, 3900, 2200, 126),
(166.91781199999969, 3202, 532.0, 3900, 2200, 127),
(166.96720800000185, 3203, 532.0, 3900, 2200, 128),
(167.02233900000283, 3204, 532.0, 3900, 2200, 129),
(167.0599130000046, 3205, 532.0, 3900, 2200, 130),
(167.0975349999935, 3206, 532.0, 3900, 2200, 131),
(167.13963999999396, 3207, 532.0, 3900, 2200, 132),
(167.1833570000017, 3208, 532.0, 3900, 2200, 133),
(167.22643199999584, 3209, 532.0, 3900, 2200, 134),
(167.28651599999284, 3210, 532.0, 3900, 2200, 135),
(167.34372200000507, 3211, 532.0, 3900, 2200, 136),
(167.39255800000683, 3212, 532.0, 3900, 2200, 137),
(167.44022800000675, 3213, 532.0, 3900, 2200, 138),
(167.48780299999635, 3214, 532.0, 3900, 2200, 139),
(167.52346500000567, 3215, 532.0, 3900, 2200, 140),
(167.55830000000424, 3216, 532.0, 3900, 2200, 141),
(167.59768999999505, 3217, 532.0, 3900, 2200, 142),
(167.6409469999926, 3218, 532.0, 3900, 2200, 143),
(167.68372299999464, 3219, 532.0, 3900, 2200, 144),
(167.72464000000036, 3220, 532.0, 3900, 2200, 145),
(167.763890000002, 3221, 532.0, 3900, 2200, 146),
(167.80103699999745, 3222, 532.0, 3900, 2200, 147),
(167.84075299999677, 3223, 532.0, 3900, 2200, 148),
(167.88191399999778, 3224, 532.0, 3900, 2200, 149),
(167.92779699999664, 3225, 532.0, 3900, 2200, 150),
(167.9764920000016, 3226, 532.0, 3900, 2200, 151),
(168.0350150000013, 3227, 532.0, 3900, 2200, 152),
(168.0861339999974, 3228, 532.0, 3900, 2200, 113),
(168.13089000000036, 3229, 532.0, 3900, 2200, 114),
(168.1737989999965, 3230, 532.0, 3900, 2200, 115),
(168.22595100000035, 3231, 532.0, 3900, 2200, 116),
(168.2806899999996, 3232, 532.0, 3900, 2200, 117),
(168.3302229999972, 3233, 532.0, 3900, 2200, 118),
(168.38464899999963, 3234, 532.0, 3900, 2200, 119),
(168.42770099999325, 3235, 532.0, 3900, 2200, 120),
(168.48223799999687, 3236, 532.0, 3900, 2200, 121),
(168.5361189999967, 3237, 532.0, 3900, 2200, 122),
(168.58026699999755, 3238, 532.0, 3900, 2200, 123),
(168.62588599999435, 3239, 532.0, 3900, 2200, 124),
(168.68133999999554, 3240, 532.0, 3900, 2200, 125),
(168.7426839999971, 3241, 532.0, 3900, 2200, 126),
(168.78971899999306, 3242, 532.0, 3900, 2200, 127),
(168.84169499999552, 3243, 532.0, 3900, 2200, 128),
(168.88782800000627, 3244, 532.0, 3900, 2200, 129),
(168.92949399999634, 3245, 532.0, 3900, 2200, 130),
(168.9731449999963, 3246, 532.0, 3900, 2200, 131),
(169.01497499999823, 3247, 532.0, 3900, 2200, 132),
(169.0620340000023, 3248, 532.0, 3900, 2200, 133),
(169.11136700000498, 3249, 532.0, 3900, 2200, 134),
(169.16813700000057, 3250, 532.0, 3900, 2200, 135),
(169.22425100000692, 3251, 532.0, 3900, 2200, 136),
(169.27500300000247, 3252, 532.0, 3900, 2200, 137),
(169.32890900000348, 3253, 532.0, 3900, 2200, 138),
(169.36856099999568, 3254, 532.0, 3900, 2200, 139),
(169.42182499999763, 3255, 532.0, 3900, 2200, 140),
(169.46267799999623, 3256, 532.0, 3900, 2200, 141),
(169.49930100000347, 3257, 532.0, 3900, 2200, 142),
(169.54682400000456, 3258, 532.0, 3900, 2200, 143),
(169.6187579999969, 3259, 532.0, 3900, 2200, 144),
(169.65604000000167, 3260, 532.0, 3900, 2200, 145),
(169.69331699999748, 3261, 532.0, 3900, 2200, 146),
(169.7347679999948, 3262, 532.0, 3900, 2200, 147),
(169.77511000000231, 3263, 532.0, 3900, 2200, 148),
(169.81886899999517, 3264, 532.0, 3900, 2200, 149),
(169.86928400000033, 3265, 532.0, 3900, 2200, 150),
(169.9160499999998, 3266, 532.0, 3900, 2200, 151),
(169.970914000005, 3267, 532.0, 3900, 2200, 152),
(170.01706899999408, 3268, 531.0, 3900, 2400, 112),
(170.06190099999367, 3269, 531.0, 3900, 2400, 113),
(170.10266299999785, 3270, 528.0, 3900, 2400, 114),
(170.21530500000517, 3272, 531.0, 3900, 2400, 116),
(170.3170950000058, 3274, 531.0, 3900, 2400, 118),
(170.35882799999672, 3275, 530.0, 3900, 2400, 119),
(170.3995009999926, 3276, 531.0, 3900, 2400, 120),
(170.4448299999931, 3277, 531.0, 3900, 2400, 121),
(170.49051000000327, 3278, 531.0, 3900, 2400, 122),
(170.59190499999386, 3280, 531.0, 3900, 2400, 124),
(170.7022869999928, 3282, 531.0, 3900, 2400, 126),
(170.74524499999825, 3283, 531.0, 3900, 2400, 127),
(170.78741699999955, 3284, 528.0, 3900, 2400, 128),
(170.90208600000187, 3286, 531.0, 3900, 2400, 130),
(171.01123400000506, 3288, 531.0, 3900, 2400, 132),
(171.14339199999813, 3290, 531.0, 3900, 2400, 134),
(171.19731499999762, 3291, 531.0, 3900, 2400, 135),
(171.24437600000238, 3292, 531.0, 3900, 2400, 136),
(171.28968299999542, 3293, 283.0, 3900, 2400, 137),
(171.33193299999402, 3294, 531.0, 3900, 2400, 138),
(171.37803399999393, 3295, 531.0, 3900, 2400, 139),
(171.42750299999898, 3296, 596.0, 3900, 2400, 140),
(171.54425799999444, 3298, 531.0, 3900, 2400, 142),
(171.59386700000323, 3299, 531.0, 3900, 2400, 143),
(171.63721200000145, 3300, 531.0, 3900, 2400, 144),
(171.6857330000057, 3301, 590.0, 3900, 2400, 145),
(171.72824700000638, 3302, 531.0, 3900, 2400, 146),
(171.7784379999939, 3303, 283.0, 3900, 2400, 147),
(171.83216299999913, 3304, 531.0, 3900, 2400, 148),
(171.87408999999752, 3305, 531.0, 3900, 2400, 149),
(171.91812600000412, 3306, 283.0, 3900, 2400, 150),
(172.02458800000022, 3308, 531.0, 3900, 2400, 152),
(172.07299000000057, 3309, 531.0, 3900, 2400, 113),
(172.11979899999278, 3310, 528.0, 3900, 2400, 114),
(172.24350500000583, 3312, 531.0, 3900, 2400, 116),
(172.36195900000166, 3314, 531.0, 3900, 2400, 118),
(172.39899400000286, 3315, 530.0, 3900, 2400, 119),
(172.44579699999304, 3316, 531.0, 3900, 2400, 120),
(172.48826300000655, 3317, 531.0, 3900, 2400, 121),
(172.53092799999285, 3318, 531.0, 3900, 2400, 122),
(172.637327000004, 3320, 531.0, 3900, 2400, 124),
(172.74758599999768, 3322, 531.0, 3900, 2400, 126),
(172.79078100000334, 3323, 531.0, 3900, 2400, 127),
(172.83843499999784, 3324, 528.0, 3900, 2400, 128),
(172.94659399999364, 3326, 531.0, 3900, 2400, 130),
(173.07877500000177, 3328, 531.0, 3900, 2400, 132),
(173.2022200000065, 3330, 531.0, 3900, 2400, 134),
(173.24030600000697, 3331, 531.0, 3900, 2400, 135),
(173.28210799999943, 3332, 531.0, 3900, 2400, 136),
(173.3225870000024, 3333, 283.0, 3900, 2400, 137),
(173.36788000000524, 3334, 531.0, 3900, 2400, 138),
(173.42577499999607, 3335, 531.0, 3900, 2400, 139),
(173.47420100000454, 3336, 596.0, 3900, 2400, 140),
(173.58868499999517, 3338, 531.0, 3900, 2400, 142),
(173.63681999999972, 3339, 531.0, 3900, 2400, 143),
(173.691777, 3340, 531.0, 3900, 2400, 144),
(173.7348570000031, 3341, 590.0, 3900, 2400, 145),
(173.77468200000294, 3342, 531.0, 3900, 2400, 146),
(173.83186200000637, 3343, 283.0, 3900, 2400, 147),
(173.88531599999988, 3344, 531.0, 3900, 2400, 148),
(173.92549100000178, 3345, 531.0, 3900, 2400, 149),
(173.98004500000388, 3346, 283.0, 3900, 2400, 150),
(174.0953840000002, 3348, 531.0, 3900, 2400, 152),
(174.15475400000287, 3349, 531.0, 3900, 2400, 113),
(174.21200699999463, 3350, 528.0, 3900, 2400, 114),
(174.3117820000043, 3352, 531.0, 3900, 2400, 116),
(174.42595200000505, 3354, 531.0, 3900, 2400, 118),
(174.47111399999994, 3355, 530.0, 3900, 2400, 119),
(174.51712099999713, 3356, 531.0, 3900, 2400, 120),
(174.57325899999705, 3357, 531.0, 3900, 2400, 121),
(174.6228770000016, 3358, 531.0, 3900, 2400, 122),
(174.75796200000332, 3360, 531.0, 3900, 2400, 124),
(174.8642700000055, 3362, 531.0, 3900, 2400, 126),
(174.91175499999372, 3363, 531.0, 3900, 2400, 127),
(174.95472500000324, 3364, 528.0, 3900, 2400, 128),
(175.07332500000484, 3366, 531.0, 3900, 2400, 130),
(175.1870729999937, 3368, 531.0, 3900, 2400, 132),
(175.32137799999327, 3370, 531.0, 3900, 2400, 134),
(175.3700189999945, 3371, 531.0, 3900, 2400, 135),
(175.42160400000284, 3372, 531.0, 3900, 2400, 136),
(175.47101300000213, 3373, 283.0, 3900, 2400, 137),
(175.52169300000241, 3374, 531.0, 3900, 2400, 138),
(175.57196800000384, 3375, 531.0, 3900, 2400, 139),
(175.62654800000018, 3376, 596.0, 3900, 2400, 140),
(175.7351340000023, 3378, 531.0, 3900, 2400, 142),
(175.77962499999558, 3379, 531.0, 3900, 2400, 143),
(175.8243450000009, 3380, 531.0, 3900, 2400, 144),
(175.884487000003, 3381, 590.0, 3900, 2400, 145),
(175.93209899999783, 3382, 531.0, 3900, 2400, 146),
(175.99162099999376, 3383, 283.0, 3900, 2400, 147),
(176.03355399999418, 3384, 531.0, 3900, 2400, 148),
(176.08848599999328, 3385, 531.0, 3900, 2400, 149),
(176.1464910000068, 3386, 283.0, 3900, 2400, 150),
(176.2558929999941, 3388, 531.0, 3900, 2400, 152),
(176.31689699999697, 3389, 531.0, 3900, 2600, 112),
(176.3580559999973, 3390, 531.0, 3900, 2600, 113),
(176.4092260000034, 3391, 528.0, 3900, 2600, 114),
(176.51563700000406, 3393, 531.0, 3900, 2600, 116),
(176.62179900000046, 3395, 531.0, 3900, 2600, 118),
(176.66347600000154, 3396, 530.0, 3900, 2600, 119),
(176.7057380000042, 3397, 531.0, 3900, 2600, 120),
(176.75468199999887, 3398, 531.0, 3900, 2600, 121),
(176.8022079999937, 3399, 531.0, 3900, 2600, 122),
(176.90956099999312, 3401, 531.0, 3900, 2600, 124),
(177.0240749999939, 3403, 531.0, 3900, 2600, 126),
(177.067618999994, 3404, 531.0, 3900, 2600, 127),
(177.10881900000095, 3405, 528.0, 3900, 2600, 128),
(177.2194129999989, 3407, 531.0, 3900, 2600, 130),
(177.31665500000236, 3409, 531.0, 3900, 2600, 132),
(177.44807600000058, 3411, 531.0, 3900, 2600, 134),
(177.50309699999343, 3412, 531.0, 3900, 2600, 135),
(177.5440019999951, 3413, 531.0, 3900, 2600, 136),
(177.5784249999997, 3414, 283.0, 3900, 2600, 137),
(177.62099100000341, 3415, 531.0, 3900, 2600, 138),
(177.6764589999948, 3416, 531.0, 3900, 2600, 139),
(177.73276899999473, 3417, 596.0, 3900, 2600, 140),
(177.8707859999995, 3419, 531.0, 3900, 2600, 142),
(177.9186219999974, 3420, 531.0, 3900, 2600, 143),
(177.96891799999867, 3421, 531.0, 3900, 2600, 144),
(178.02288099999714, 3422, 590.0, 3900, 2600, 145),
(178.0750640000042, 3423, 531.0, 3900, 2600, 146),
(178.12400300000445, 3424, 283.0, 3900, 2600, 147),
(178.1725279999955, 3425, 531.0, 3900, 2600, 148),
(178.23443199999747, 3426, 531.0, 3900, 2600, 149),
(178.3078589999932, 3427, 283.0, 3900, 2600, 150),
(178.46782799999346, 3429, 531.0, 3900, 2600, 152),
(178.51049200000125, 3430, 531.0, 3900, 2600, 113),
(178.5721659999981, 3431, 528.0, 3900, 2600, 114),
(178.70266700000502, 3433, 531.0, 3900, 2600, 116),
(178.82356400000572, 3435, 531.0, 3900, 2600, 118),
(178.87201300000015, 3436, 530.0, 3900, 2600, 119),
(178.92612299999746, 3437, 531.0, 3900, 2600, 120),
(178.9750059999933, 3438, 531.0, 3900, 2600, 121),
(179.04110899999796, 3439, 531.0, 3900, 2600, 122),
(179.16606299999694, 3441, 531.0, 3900, 2600, 124),
(179.28410099999746, 3443, 531.0, 3900, 2600, 126),
(179.3266489999951, 3444, 531.0, 3900, 2600, 127),
(179.37296799999604, 3445, 528.0, 3900, 2600, 128),
(179.48299899999984, 3447, 531.0, 3900, 2600, 130),
(179.61989499999618, 3449, 531.0, 3900, 2600, 132),
(179.75854500000423, 3451, 531.0, 3900, 2600, 134),
(179.81160800000362, 3452, 531.0, 3900, 2600, 135),
(179.8608419999946, 3453, 531.0, 3900, 2600, 136),
(179.90689699999348, 3454, 283.0, 3900, 2600, 137),
(179.95173099999374, 3455, 531.0, 3900, 2600, 138),
(179.99245200000587, 3456, 531.0, 3900, 2600, 139),
(180.053064000007, 3457, 596.0, 3900, 2600, 140),
(180.15533199999481, 3459, 531.0, 3900, 2600, 142),
(180.19646000000648, 3460, 531.0, 3900, 2600, 143),
(180.2532210000063, 3461, 531.0, 3900, 2600, 144),
(180.30330299999332, 3462, 590.0, 3900, 2600, 145),
(180.34630099999777, 3463, 531.0, 3900, 2600, 146),
(180.39177899999777, 3464, 283.0, 3900, 2600, 147),
(180.43987899999775, 3465, 531.0, 3900, 2600, 148),
(180.48773199999414, 3466, 531.0, 3900, 2600, 149),
(180.5391249999957, 3467, 283.0, 3900, 2600, 150),
(180.64335300000675, 3469, 531.0, 3900, 2600, 152),
(180.6825039999967, 3470, 531.0, 3900, 2600, 113),
(180.72661699999298, 3471, 528.0, 3900, 2600, 114),
(180.83439800000633, 3473, 531.0, 3900, 2600, 116),
(180.9561229999963, 3475, 531.0, 3900, 2600, 118),
(181.02556999999797, 3476, 530.0, 3900, 2600, 119),
(181.06775200000266, 3477, 531.0, 3900, 2600, 120),
(181.1235960000049, 3478, 531.0, 3900, 2600, 121),
(181.18941099999938, 3479, 531.0, 3900, 2600, 122),
(181.30274899999495, 3481, 531.0, 3900, 2600, 124),
(181.43239499999618, 3483, 531.0, 3900, 2600, 126),
(181.48448100000678, 3484, 531.0, 3900, 2600, 127),
(181.53827900000033, 3485, 528.0, 3900, 2600, 128),
(181.6848639999953, 3487, 531.0, 3900, 2600, 130),
(181.81965400000627, 3489, 531.0, 3900, 2600, 132),
(181.96209299999464, 3491, 531.0, 3900, 2600, 134),
(182.0092500000028, 3492, 531.0, 3900, 2600, 135),
(182.06088299999828, 3493, 531.0, 3900, 2600, 136),
(182.1254309999931, 3494, 283.0, 3900, 2600, 137),
(182.16665600000124, 3495, 531.0, 3900, 2600, 138),
(182.21510099999432, 3496, 531.0, 3900, 2600, 139),
(182.29273299999477, 3497, 596.0, 3900, 2600, 140),
(182.40378500000224, 3499, 531.0, 3900, 2600, 142),
(182.4466769999999, 3500, 531.0, 3900, 2600, 143),
(182.4868759999954, 3501, 531.0, 3900, 2600, 144),
(182.5379019999964, 3502, 590.0, 3900, 2600, 145),
(182.58238199999323, 3503, 531.0, 3900, 2600, 146),
(182.6291809999966, 3504, 283.0, 3900, 2600, 147),
(182.69201499999326, 3505, 531.0, 3900, 2600, 148),
(182.7325290000008, 3506, 531.0, 3900, 2600, 149),
(182.78128900000593, 3507, 283.0, 3900, 2600, 150),
(182.90503300000273, 3509, 531.0, 3900, 2600, 152),
(182.97632400000293, 3510, 531.0, 3900, 2800, 112),
(183.0275549999933, 3511, 531.0, 3900, 2800, 113),
(183.07191800000146, 3512, 528.0, 3900, 2800, 114),
(183.18489400000544, 3514, 531.0, 3900, 2800, 116),
(183.30510699999286, 3516, 531.0, 3900, 2800, 118),
(183.34568199999921, 3517, 530.0, 3900, 2800, 119),
(183.4040559999994, 3518, 531.0, 3900, 2800, 120),
(183.4673999999941, 3519, 531.0, 3900, 2800, 121),
(183.5177149999945, 3520, 531.0, 3900, 2800, 122),
(183.63945400000375, 3522, 531.0, 3900, 2800, 124),
(183.76827600000252, 3524, 531.0, 3900, 2800, 126),
(183.82434700000158, 3525, 531.0, 3900, 2800, 127),
(183.863314000002, 3526, 528.0, 3900, 2800, 128),
(183.9837669999979, 3528, 531.0, 3900, 2800, 130),
(184.12286800000584, 3530, 531.0, 3900, 2800, 132),
(184.2546250000014, 3532, 531.0, 3900, 2800, 134),
(184.31910999999673, 3533, 531.0, 3900, 2800, 135),
(184.36693800000648, 3534, 531.0, 3900, 2800, 136),
(184.4225460000016, 3535, 283.0, 3900, 2800, 137),
(184.46098400000483, 3536, 531.0, 3900, 2800, 138),
(184.50789399999485, 3537, 531.0, 3900, 2800, 139),
(184.55680200000643, 3538, 596.0, 3900, 2800, 140),
(184.65583800000604, 3540, 531.0, 3900, 2800, 142),
(184.70388299999468, 3541, 531.0, 3900, 2800, 143),
(184.76102799999353, 3542, 531.0, 3900, 2800, 144),
(184.80991700000595, 3543, 590.0, 3900, 2800, 145),
(184.8568990000058, 3544, 531.0, 3900, 2800, 146),
(184.9063540000061, 3545, 283.0, 3900, 2800, 147),
(184.9598510000069, 3546, 531.0, 3900, 2800, 148),
(185.02829299999576, 3547, 531.0, 3900, 2800, 149),
(185.09067599999253, 3548, 283.0, 3900, 2800, 150),
(185.22555000000284, 3550, 531.0, 3900, 2800, 152),
(185.28327200000058, 3551, 531.0, 3900, 2800, 113),
(185.32978299999377, 3552, 528.0, 3900, 2800, 114),
(185.44214499999362, 3554, 531.0, 3900, 2800, 116),
(185.5685189999931, 3556, 531.0, 3900, 2800, 118),
(185.6243919999979, 3557, 530.0, 3900, 2800, 119),
(185.67744899999525, 3558, 531.0, 3900, 2800, 120),
(185.72612700000172, 3559, 531.0, 3900, 2800, 121),
(185.7739120000042, 3560, 531.0, 3900, 2800, 122),
(185.88417499999923, 3562, 531.0, 3900, 2800, 124),
(186.01373700000113, 3564, 531.0, 3900, 2800, 126),
(186.0643390000041, 3565, 531.0, 3900, 2800, 127),
(186.12007999999332, 3566, 528.0, 3900, 2800, 128),
(186.23574600000575, 3568, 531.0, 3900, 2800, 130),
(186.3438429999951, 3570, 531.0, 3900, 2800, 132),
(186.46488299999328, 3572, 531.0, 3900, 2800, 134),
(186.51750699999684, 3573, 531.0, 3900, 2800, 135),
(186.56174499999906, 3574, 531.0, 3900, 2800, 136),
(186.61618199999793, 3575, 283.0, 3900, 2800, 137),
(186.66551200000686, 3576, 531.0, 3900, 2800, 138),
(186.71036500000628, 3577, 531.0, 3900, 2800, 139),
(186.76157400000375, 3578, 596.0, 3900, 2800, 140),
(186.86613399999624, 3580, 531.0, 3900, 2800, 142),
(186.91876800000318, 3581, 531.0, 3900, 2800, 143),
(186.968068999995, 3582, 531.0, 3900, 2800, 144),
(187.02516799999285, 3583, 590.0, 3900, 2800, 145),
(187.07904700000654, 3584, 531.0, 3900, 2800, 146),
(187.13344499999948, 3585, 283.0, 3900, 2800, 147),
(187.17412999999942, 3586, 531.0, 3900, 2800, 148),
(187.2346499999985, 3587, 531.0, 3900, 2800, 149),
(187.27814700000454, 3588, 283.0, 3900, 2800, 150),
(187.3875939999998, 3590, 531.0, 3900, 2800, 152),
(187.43179099999543, 3591, 531.0, 3900, 2800, 113),
(187.48705399999744, 3592, 528.0, 3900, 2800, 114),
(187.59127999999328, 3594, 531.0, 3900, 2800, 116),
(187.69890800000576, 3596, 531.0, 3900, 2800, 118),
(187.74391999999352, 3597, 530.0, 3900, 2800, 119),
(187.78805800000555, 3598, 531.0, 3900, 2800, 120),
(187.83921599999303, 3599, 531.0, 3900, 2800, 121),
(187.89107800000056, 3600, 531.0, 3900, 2800, 122),
(188.0112300000037, 3602, 531.0, 3900, 2800, 124),
(188.1495750000031, 3604, 531.0, 3900, 2800, 126),
(188.2066909999994, 3605, 531.0, 3900, 2800, 127),
(188.26113699999405, 3606, 528.0, 3900, 2800, 128),
(188.3988740000059, 3608, 531.0, 3900, 2800, 130),
(188.54424600000493, 3610, 531.0, 3900, 2800, 132),
(188.6739180000004, 3612, 531.0, 3900, 2800, 134),
(188.7234380000009, 3613, 531.0, 3900, 2800, 135),
(188.7679669999925, 3614, 531.0, 3900, 2800, 136),
(188.8225550000061, 3615, 283.0, 3900, 2800, 137),
(188.8666879999946, 3616, 531.0, 3900, 2800, 138),
(188.9170460000023, 3617, 531.0, 3900, 2800, 139),
(188.96084299999347, 3618, 596.0, 3900, 2800, 140),
(189.07556899999327, 3620, 531.0, 3900, 2800, 142),
(189.11751900000672, 3621, 531.0, 3900, 2800, 143),
(189.17351900000358, 3622, 531.0, 3900, 2800, 144),
(189.21154400000523, 3623, 590.0, 3900, 2800, 145),
(189.2677810000023, 3624, 531.0, 3900, 2800, 146),
(189.31328699999722, 3625, 283.0, 3900, 2800, 147),
(189.35472499999742, 3626, 531.0, 3900, 2800, 148),
(189.3996049999987, 3627, 531.0, 3900, 2800, 149),
(189.44148199999472, 3628, 283.0, 3900, 2800, 150),
(189.54882900000666, 3630, 531.0, 3900, 2800, 152),
(189.61396600000444, 3631, 531.0, 3900, 3000, 112),
(189.68133799999487, 3632, 531.0, 3900, 3000, 113),
(189.72692200000165, 3633, 531.0, 3900, 3000, 114),
(189.84216000000015, 3635, 531.0, 3900, 3000, 116),
(189.88690899999347, 3636, 531.0, 3900, 3000, 117),
(189.93725299999642, 3637, 531.0, 3900, 3000, 118),
(189.99459499999648, 3638, 531.0, 3900, 3000, 119),
(190.05995399999665, 3639, 531.0, 3900, 3000, 120),
(190.1048989999981, 3640, 531.0, 3900, 3000, 121),
(190.14579999999842, 3641, 531.0, 3900, 3000, 122),
(190.1921180000063, 3642, 531.0, 3900, 3000, 123),
(190.24157600000035, 3643, 531.0, 3900, 3000, 124),
(190.2805010000011, 3644, 531.0, 3900, 3000, 125),
(190.32675199999358, 3645, 531.0, 3900, 3000, 126),
(190.3790480000025, 3646, 531.0, 3900, 3000, 127),
(190.43058600000222, 3647, 531.0, 3900, 3000, 128),
(190.5411230000027, 3649, 531.0, 3900, 3000, 130),
(190.5890459999937, 3650, 531.0, 3900, 3000, 131),
(190.636182000002, 3651, 531.0, 3900, 3000, 132),
(190.67763400000695, 3652, 531.0, 3900, 3000, 133),
(190.7333490000019, 3653, 531.0, 3900, 3000, 134),
(190.77952599999844, 3654, 531.0, 3900, 3000, 135),
(190.84155899999314, 3655, 531.0, 3900, 3000, 136),
(190.8914220000006, 3656, 531.0, 3900, 3000, 137),
(190.94513399999414, 3657, 531.0, 3900, 3000, 138),
(190.99488800000108, 3658, 531.0, 3900, 3000, 139),
(191.04254599999695, 3659, 531.0, 3900, 3000, 140),
(191.0815339999972, 3660, 531.0, 3900, 3000, 141),
(191.12433099999907, 3661, 531.0, 3900, 3000, 142),
(191.16139599999588, 3662, 531.0, 3900, 3000, 143),
(191.20870400000422, 3663, 531.0, 3900, 3000, 144),
(191.26993700000457, 3664, 531.0, 3900, 3000, 145),
(191.31519599999592, 3665, 531.0, 3900, 3000, 146),
(191.35795200000575, 3666, 531.0, 3900, 3000, 147),
(191.40366399999766, 3667, 531.0, 3900, 3000, 148),
(191.44735600000422, 3668, 531.0, 3900, 3000, 149),
(191.49117700000352, 3669, 531.0, 3900, 3000, 150),
(191.54755800000567, 3670, 531.0, 3900, 3000, 151),
(191.59401899999648, 3671, 531.0, 3900, 3000, 152),
(191.64348400000017, 3672, 531.0, 3900, 3000, 113),
(191.6997310000006, 3673, 531.0, 3900, 3000, 114),
(191.84004999999888, 3675, 531.0, 3900, 3000, 116),
(191.89301200000045, 3676, 531.0, 3900, 3000, 117),
(191.94553799999994, 3677, 531.0, 3900, 3000, 118),
(192.0173630000063, 3678, 531.0, 3900, 3000, 119),
(192.06467000000703, 3679, 531.0, 3900, 3000, 120),
(192.1134630000015, 3680, 531.0, 3900, 3000, 121),
(192.1638410000014, 3681, 531.0, 3900, 3000, 122),
(192.21771300000546, 3682, 531.0, 3900, 3000, 123),
(192.274179, 3683, 531.0, 3900, 3000, 124),
(192.3437730000005, 3684, 531.0, 3900, 3000, 125),
(192.394272000005, 3685, 531.0, 3900, 3000, 126),
(192.44181099999696, 3686, 531.0, 3900, 3000, 127),
(192.49234500000603, 3687, 531.0, 3900, 3000, 128),
(192.60432600000058, 3689, 531.0, 3900, 3000, 130),
(192.65944899999886, 3690, 531.0, 3900, 3000, 131),
(192.71503000000666, 3691, 531.0, 3900, 3000, 132),
(192.7566680000018, 3692, 531.0, 3900, 3000, 133),
(192.8024449999939, 3693, 531.0, 3900, 3000, 134),
(192.84443700000702, 3694, 531.0, 3900, 3000, 135),
(192.89277700000093, 3695, 531.0, 3900, 3000, 136),
(192.93837299999723, 3696, 531.0, 3900, 3000, 137),
(192.98814600000333, 3697, 531.0, 3900, 3000, 138),
(193.03318300000683, 3698, 531.0, 3900, 3000, 139),
(193.0753890000051, 3699, 531.0, 3900, 3000, 140),
(193.1231609999959, 3700, 531.0, 3900, 3000, 141),
(193.17175399999542, 3701, 531.0, 3900, 3000, 142),
(193.22599399999308, 3702, 531.0, 3900, 3000, 143),
(193.26524300000165, 3703, 531.0, 3900, 3000, 144),
(193.3119330000045, 3704, 531.0, 3900, 3000, 145),
(193.3781569999992, 3705, 531.0, 3900, 3000, 146),
(193.4154370000033, 3706, 531.0, 3900, 3000, 147),
(193.48417300000438, 3707, 531.0, 3900, 3000, 148),
(193.55071599999792, 3708, 531.0, 3900, 3000, 149),
(193.59519900000305, 3709, 531.0, 3900, 3000, 150),
(193.6365850000002, 3710, 531.0, 3900, 3000, 151),
(193.69645600000513, 3711, 531.0, 3900, 3000, 152),
(193.749204000007, 3712, 531.0, 3900, 3000, 113),
(193.80031799999415, 3713, 531.0, 3900, 3000, 114),
(193.90121799999906, 3715, 531.0, 3900, 3000, 116),
(193.95429700000386, 3716, 531.0, 3900, 3000, 117),
(194.0039320000069, 3717, 531.0, 3900, 3000, 118),
(194.04376000000047, 3718, 531.0, 3900, 3000, 119),
(194.09479400000419, 3719, 531.0, 3900, 3000, 120),
(194.13844199999585, 3720, 531.0, 3900, 3000, 121),
(194.18618999999308, 3721, 531.0, 3900, 3000, 122),
(194.2395200000028, 3722, 531.0, 3900, 3000, 123),
(194.29577199999767, 3723, 531.0, 3900, 3000, 124),
(194.35078700000304, 3724, 531.0, 3900, 3000, 125),
(194.3924229999975, 3725, 531.0, 3900, 3000, 126),
(194.44134000000486, 3726, 531.0, 3900, 3000, 127),
(194.49078599999484, 3727, 531.0, 3900, 3000, 128),
(194.61710099999618, 3729, 531.0, 3900, 3000, 130),
(194.65592400000605, 3730, 531.0, 3900, 3000, 131),
(194.70312599999306, 3731, 531.0, 3900, 3000, 132),
(194.75179399999615, 3732, 531.0, 3900, 3000, 133),
(194.80219000000216, 3733, 531.0, 3900, 3000, 134),
(194.8576599999942, 3734, 531.0, 3900, 3000, 135),
(194.90869100000418, 3735, 531.0, 3900, 3000, 136),
(194.95688800000062, 3736, 531.0, 3900, 3000, 137),
(195.00733300000138, 3737, 531.0, 3900, 3000, 138),
(195.05869799999346, 3738, 531.0, 3900, 3000, 139),
(195.10510800000338, 3739, 531.0, 3900, 3000, 140),
(195.15982099999383, 3740, 531.0, 3900, 3000, 141),
(195.20168899999408, 3741, 531.0, 3900, 3000, 142),
(195.2446959999943, 3742, 531.0, 3900, 3000, 143),
(195.29458200000226, 3743, 531.0, 3900, 3000, 144),
(195.3441310000053, 3744, 531.0, 3900, 3000, 145),
(195.39486299999407, 3745, 531.0, 3900, 3000, 146),
(195.43577399999776, 3746, 531.0, 3900, 3000, 147),
(195.4840519999998, 3747, 531.0, 3900, 3000, 148),
(195.5293570000067, 3748, 531.0, 3900, 3000, 149),
(195.58213599999726, 3749, 531.0, 3900, 3000, 150),
(195.62509899999714, 3750, 531.0, 3900, 3000, 151),
(195.6687660000025, 3751, 531.0, 3900, 3000, 152),
(195.71644899999956, 3752, 531.0, 3900, 3200, 112),
(195.76660600000469, 3753, 531.0, 3900, 3200, 113),
(195.81079899999895, 3754, 531.0, 3900, 3200, 114),
(195.85576000000583, 3755, 531.0, 3900, 3200, 115),
(195.90773200000694, 3756, 531.0, 3900, 3200, 116),
(195.95836699999927, 3757, 531.0, 3900, 3200, 117),
(196.01252899999963, 3758, 531.0, 3900, 3200, 118),
(196.061658000006, 3759, 531.0, 3900, 3200, 119),
(196.10358700000506, 3760, 531.0, 3900, 3200, 120),
(196.14334300000337, 3761, 531.0, 3900, 3200, 121),
(196.18330699999933, 3762, 531.0, 3900, 3200, 122),
(196.23408700000437, 3763, 531.0, 3900, 3200, 123),
(196.29625800000213, 3764, 531.0, 3900, 3200, 124),
(196.34918499999912, 3765, 531.0, 3900, 3200, 125),
(196.40052999999898, 3766, 531.0, 3900, 3200, 126),
(196.45747100000153, 3767, 531.0, 3900, 3200, 127),
(196.51294400000188, 3768, 531.0, 3900, 3200, 128),
(196.57301900000311, 3769, 531.0, 3900, 3200, 129),
(196.61661100000492, 3770, 531.0, 3900, 3200, 130),
(196.66745900000387, 3771, 531.0, 3900, 3200, 131),
(196.71780100000615, 3772, 531.0, 3900, 3200, 132),
(196.76602300000377, 3773, 531.0, 3900, 3200, 133),
(196.81541700000525, 3774, 531.0, 3900, 3200, 134),
(196.8674170000013, 3775, 531.0, 3900, 3200, 135),
(196.9124690000026, 3776, 531.0, 3900, 3200, 136),
(196.94980000000214, 3777, 531.0, 3900, 3200, 137),
(196.99034600000596, 3778, 531.0, 3900, 3200, 138),
(197.0354260000022, 3779, 531.0, 3900, 3200, 139),
(197.08369899999525, 3780, 531.0, 3900, 3200, 140),
(197.13251799999853, 3781, 531.0, 3900, 3200, 141),
(197.16811400000006, 3782, 531.0, 3900, 3200, 142),
(197.2150430000038, 3783, 531.0, 3900, 3200, 143),
(197.2600519999978, 3784, 531.0, 3900, 3200, 144),
(197.30458900000667, 3785, 531.0, 3900, 3200, 145),
(197.3641190000053, 3786, 531.0, 3900, 3200, 146),
(197.40836699999636, 3787, 531.0, 3900, 3200, 147),
(197.45729500000016, 3788, 531.0, 3900, 3200, 148),
(197.51318999999785, 3789, 531.0, 3900, 3200, 149),
(197.56659299999592, 3790, 531.0, 3900, 3200, 150),
(197.60754300000553, 3791, 531.0, 3900, 3200, 151),
(197.64451899999403, 3792, 531.0, 3900, 3200, 152),
(197.68025999999372, 3793, 531.0, 3900, 3200, 113),
(197.7153580000013, 3794, 531.0, 3900, 3200, 114),
(197.75202600000193, 3795, 531.0, 3900, 3200, 115),
(197.7954860000027, 3796, 531.0, 3900, 3200, 116),
(197.8434969999944, 3797, 531.0, 3900, 3200, 117),
(197.88398600000073, 3798, 531.0, 3900, 3200, 118),
(197.9281820000033, 3799, 531.0, 3900, 3200, 119),
(197.97044499999902, 3800, 531.0, 3900, 3200, 120),
(198.02080100000603, 3801, 531.0, 3900, 3200, 121),
(198.06759299999976, 3802, 531.0, 3900, 3200, 122),
(198.12202799999795, 3803, 531.0, 3900, 3200, 123),
(198.16293000000587, 3804, 531.0, 3900, 3200, 124),
(198.20856800000183, 3805, 531.0, 3900, 3200, 125),
(198.25493100000313, 3806, 531.0, 3900, 3200, 126),
(198.29640999999538, 3807, 531.0, 3900, 3200, 127),
(198.3558090000006, 3808, 531.0, 3900, 3200, 128),
(198.40531800000463, 3809, 531.0, 3900, 3200, 129),
(198.45364300000074, 3810, 531.0, 3900, 3200, 130),
(198.49400099999912, 3811, 531.0, 3900, 3200, 131),
(198.54511599999387, 3812, 531.0, 3900, 3200, 132),
(198.58584600000177, 3813, 531.0, 3900, 3200, 133),
(198.63929599999392, 3814, 531.0, 3900, 3200, 134),
(198.68362199999683, 3815, 531.0, 3900, 3200, 135),
(198.74292800000694, 3816, 531.0, 3900, 3200, 136),
(198.79610199999297, 3817, 531.0, 3900, 3200, 137),
(198.84104200000002, 3818, 531.0, 3900, 3200, 138),
(198.895405999996, 3819, 531.0, 3900, 3200, 139),
(198.95619899999292, 3820, 531.0, 3900, 3200, 140),
(199.00361800000246, 3821, 531.0, 3900, 3200, 141),
(199.054701999994, 3822, 531.0, 3900, 3200, 142),
(199.10466300000553, 3823, 531.0, 3900, 3200, 143),
(199.1437489999953, 3824, 531.0, 3900, 3200, 144),
(199.19315999999526, 3825, 531.0, 3900, 3200, 145),
(199.23647699999856, 3826, 531.0, 3900, 3200, 146),
(199.28733300000022, 3827, 531.0, 3900, 3200, 147),
(199.32901600000332, 3828, 531.0, 3900, 3200, 148),
(199.37761399999727, 3829, 531.0, 3900, 3200, 149),
(199.44762300000002, 3830, 531.0, 3900, 3200, 150),
(199.49910299999465, 3831, 531.0, 3900, 3200, 151),
(199.56997700000647, 3832, 531.0, 3900, 3200, 152),
(199.62305999999808, 3833, 531.0, 3900, 3200, 113),
(199.67700199999672, 3834, 531.0, 3900, 3200, 114),
(199.73783800000092, 3835, 531.0, 3900, 3200, 115),
(199.7861750000011, 3836, 531.0, 3900, 3200, 116),
(199.8404969999974, 3837, 531.0, 3900, 3200, 117),
(199.8874899999937, 3838, 531.0, 3900, 3200, 118),
(199.93906800000696, 3839, 531.0, 3900, 3200, 119),
(199.98433300000033, 3840, 531.0, 3900, 3200, 120),
(200.0310210000025, 3841, 531.0, 3900, 3200, 121),
(200.0778500000015, 3842, 531.0, 3900, 3200, 122),
(200.1234070000064, 3843, 531.0, 3900, 3200, 123),
(200.1736510000046, 3844, 531.0, 3900, 3200, 124),
(200.2266579999996, 3845, 531.0, 3900, 3200, 125),
(200.28390199999558, 3846, 531.0, 3900, 3200, 126),
(200.32591200000024, 3847, 531.0, 3900, 3200, 127),
(200.38382600000477, 3848, 531.0, 3900, 3200, 128),
(200.43044500000542, 3849, 531.0, 3900, 3200, 129),
(200.4746140000061, 3850, 531.0, 3900, 3200, 130),
(200.5147980000038, 3851, 531.0, 3900, 3200, 131),
(200.56598899999517, 3852, 531.0, 3900, 3200, 132),
(200.6148269999976, 3853, 531.0, 3900, 3200, 133),
(200.6633440000005, 3854, 531.0, 3900, 3200, 134),
(200.7110709999979, 3855, 531.0, 3900, 3200, 135),
(200.75763300000108, 3856, 531.0, 3900, 3200, 136),
(200.79907799999637, 3857, 531.0, 3900, 3200, 137),
(200.84090900000592, 3858, 531.0, 3900, 3200, 138),
(200.8996530000004, 3859, 531.0, 3900, 3200, 139),
(200.95001299999421, 3860, 531.0, 3900, 3200, 140),
(200.99363100000483, 3861, 531.0, 3900, 3200, 141),
(201.0395450000069, 3862, 531.0, 3900, 3200, 142),
(201.08806500000355, 3863, 531.0, 3900, 3200, 143),
(201.13529700000072, 3864, 531.0, 3900, 3200, 144),
(201.18256299999484, 3865, 531.0, 3900, 3200, 145),
(201.23152699999628, 3866, 531.0, 3900, 3200, 146),
(201.28322100000514, 3867, 531.0, 3900, 3200, 147),
(201.33211800000572, 3868, 531.0, 3900, 3200, 148),
(201.37408700000378, 3869, 531.0, 3900, 3200, 149),
(201.41929000000528, 3870, 531.0, 3900, 3200, 150),
(201.45803700000397, 3871, 531.0, 3900, 3200, 151),
(201.50040900000022, 3872, 531.0, 3900, 3200, 152),
(201.54895300000499, 3873, 531.0, 3900, 2100, 112),
(201.59404799999902, 3874, 531.0, 3900, 2100, 113),
(201.64260799999465, 3875, 531.0, 3900, 2100, 114),
(201.7511150000064, 3877, 531.0, 3900, 2100, 116),
(201.7989830000006, 3878, 531.0, 3900, 2100, 117),
(201.84801699999662, 3879, 531.0, 3900, 2100, 118),
(201.90459599999303, 3880, 531.0, 3900, 2100, 119),
(201.97633900000073, 3881, 531.0, 3900, 2100, 120),
(202.03255000000354, 3882, 531.0, 3900, 2100, 121),
(202.08066300000064, 3883, 531.0, 3900, 2100, 122),
(202.13250599999446, 3884, 531.0, 3900, 2100, 123),
(202.17638000000443, 3885, 531.0, 3900, 2100, 124),
(202.23064900000463, 3886, 531.0, 3900, 2100, 125),
(202.27533499999845, 3887, 531.0, 3900, 2100, 126),
(202.3318819999986, 3888, 531.0, 3900, 2100, 127),
(202.37734599999385, 3889, 531.0, 3900, 2100, 128),
(202.49575200000254, 3891, 531.0, 3900, 2100, 130),
(202.5564469999954, 3892, 531.0, 3900, 2100, 131),
(202.6080249999941, 3893, 531.0, 3900, 2100, 132),
(202.6565430000046, 3894, 531.0, 3900, 2100, 133),
(202.70517099999415, 3895, 531.0, 3900, 2100, 134),
(202.75692899999558, 3896, 531.0, 3900, 2100, 135),
(202.8126179999963, 3897, 531.0, 3900, 2100, 136),
(202.87548600000446, 3898, 531.0, 3900, 2100, 137),
(202.94176400000288, 3899, 531.0, 3900, 2100, 138),
(202.98505000000296, 3900, 531.0, 3900, 2100, 139),
(203.029853, 3901, 531.0, 3900, 2100, 140),
(203.07768000000215, 3902, 531.0, 3900, 2100, 141),
(203.1368070000026, 3903, 531.0, 3900, 2100, 142),
(203.18131600000197, 3904, 531.0, 3900, 2100, 143),
(203.2316920000012, 3905, 531.0, 3900, 2100, 144),
(203.27750599999854, 3906, 531.0, 3900, 2100, 145),
(203.3253609999956, 3907, 531.0, 3900, 2100, 146),
(203.36630399999558, 3908, 531.0, 3900, 2100, 147),
(203.40632500000356, 3909, 531.0, 3900, 2100, 148),
(203.45594800000254, 3910, 531.0, 3900, 2100, 149),
(203.50602400000207, 3911, 531.0, 3900, 2100, 150),
(203.55991799999902, 3912, 531.0, 3900, 2100, 151),
(203.60975000000326, 3913, 531.0, 3900, 2100, 152),
(203.66528899999685, 3914, 531.0, 3900, 2100, 113),
(203.71302700000524, 3915, 531.0, 3900, 2100, 114),
(203.83344000000216, 3917, 531.0, 3900, 2100, 116),
(203.88671000000613, 3918, 531.0, 3900, 2100, 117),
(203.9339970000001, 3919, 531.0, 3900, 2100, 118),
(203.98272099999303, 3920, 531.0, 3900, 2100, 119),
(204.03699100000085, 3921, 531.0, 3900, 2100, 120),
(204.0958249999967, 3922, 531.0, 3900, 2100, 121),
(204.1541520000028, 3923, 531.0, 3900, 2100, 122),
(204.21305700000084, 3924, 531.0, 3900, 2100, 123),
(204.26537100000132, 3925, 531.0, 3900, 2100, 124),
(204.38362599999527, 3926, 531.0, 3900, 2100, 125),
(204.43129100000078, 3927, 531.0, 3900, 2100, 126),
(204.47481499999412, 3928, 531.0, 3900, 2100, 127),
(204.51832499999728, 3929, 531.0, 3900, 2100, 128),
(204.62619700000505, 3931, 531.0, 3900, 2100, 130),
(204.67726599999878, 3932, 531.0, 3900, 2100, 131),
(204.72275099999388, 3933, 531.0, 3900, 2100, 132),
(204.76395900000352, 3934, 531.0, 3900, 2100, 133),
(204.80301499999769, 3935, 531.0, 3900, 2100, 134),
(204.84454099999857, 3936, 531.0, 3900, 2100, 135),
(204.894060000006, 3937, 531.0, 3900, 2100, 136),
(204.94054100000358, 3938, 531.0, 3900, 2100, 137),
(204.9842570000037, 3939, 531.0, 3900, 2100, 138),
(205.03562599999714, 3940, 531.0, 3900, 2100, 139),
(205.0877749999927, 3941, 531.0, 3900, 2100, 140),
(205.13719700000365, 3942, 531.0, 3900, 2100, 141),
(205.18059800000628, 3943, 531.0, 3900, 2100, 142),
(205.23213899999973, 3944, 531.0, 3900, 2100, 143),
(205.28342300000077, 3945, 531.0, 3900, 2100, 144),
(205.3393139999971, 3946, 531.0, 3900, 2100, 145),
(205.39489199999662, 3947, 531.0, 3900, 2100, 146),
(205.4507409999933, 3948, 531.0, 3900, 2100, 147),
(205.49365999999281, 3949, 531.0, 3900, 2100, 148),
(205.5431569999928, 3950, 531.0, 3900, 2100, 149),
(205.6010879999958, 3951, 531.0, 3900, 2100, 150),
(205.6623680000048, 3952, 531.0, 3900, 2100, 151),
(205.72627400000056, 3953, 531.0, 3900, 2100, 152),
(205.77112099999795, 3954, 531.0, 3900, 2100, 113),
(205.82270200000494, 3955, 531.0, 3900, 2100, 114),
(205.94251199999417, 3957, 531.0, 3900, 2100, 116),
(205.9871279999934, 3958, 531.0, 3900, 2100, 117),
(206.0342379999929, 3959, 531.0, 3900, 2100, 118),
(206.08112099999562, 3960, 531.0, 3900, 2100, 119),
(206.1373969999986, 3961, 531.0, 3900, 2100, 120),
(206.1821009999985, 3962, 531.0, 3900, 2100, 121),
(206.23196400000597, 3963, 531.0, 3900, 2100, 122),
(206.28139999999257, 3964, 531.0, 3900, 2100, 123),
(206.32494000000588, 3965, 531.0, 3900, 2100, 124),
(206.37090100000205, 3966, 531.0, 3900, 2100, 125),
(206.4139029999933, 3967, 531.0, 3900, 2100, 126),
(206.4723079999967, 3968, 531.0, 3900, 2100, 127),
(206.51477500000328, 3969, 531.0, 3900, 2100, 128),
(206.644260999994, 3971, 531.0, 3900, 2100, 130),
(206.68285399999877, 3972, 531.0, 3900, 2100, 131),
(206.73307699999714, 3973, 531.0, 3900, 2100, 132),
(206.78264499999932, 3974, 531.0, 3900, 2100, 133),
(206.8270279999997, 3975, 531.0, 3900, 2100, 134),
(206.8911839999928, 3976, 531.0, 3900, 2100, 135),
(206.95003500000166, 3977, 531.0, 3900, 2100, 136),
(207.00252900000487, 3978, 531.0, 3900, 2100, 137),
(207.052085000003, 3979, 531.0, 3900, 2100, 138),
(207.09927000000607, 3980, 531.0, 3900, 2100, 139),
(207.1486189999996, 3981, 531.0, 3900, 2100, 140),
(207.19034600000305, 3982, 531.0, 3900, 2100, 141),
(207.23351000000548, 3983, 531.0, 3900, 2100, 142),
(207.2829250000068, 3984, 531.0, 3900, 2100, 143),
(207.32229300000472, 3985, 531.0, 3900, 2100, 144),
(207.3737129999936, 3986, 531.0, 3900, 2100, 145),
(207.42253999999957, 3987, 531.0, 3900, 2100, 146),
(207.4703029999946, 3988, 531.0, 3900, 2100, 147),
(207.51608600000327, 3989, 531.0, 3900, 2100, 148),
(207.5577740000008, 3990, 531.0, 3900, 2100, 149),
(207.59570299999905, 3991, 531.0, 3900, 2100, 150),
(207.63212100000237, 3992, 531.0, 3900, 2100, 151),
(207.66711300000316, 3993, 531.0, 3900, 2100, 152),
(207.70836899999995, 3994, 532.0, 3900, 2200, 112),
(207.7502370000002, 3995, 532.0, 3900, 2200, 113),
(207.80151699999988, 3996, 532.0, 3900, 2200, 114),
(207.84802200000559, 3997, 532.0, 3900, 2200, 115),
(207.8890950000059, 3998, 532.0, 3900, 2200, 116),
(207.9371470000042, 3999, 532.0, 3900, 2200, 117),
(207.9910729999974, 4000, 532.0, 3900, 2200, 118),
(208.04651600000216, 4001, 532.0, 3900, 2200, 119),
(208.0973640000011, 4002, 532.0, 3900, 2200, 120),
(208.13587600000028, 4003, 532.0, 3900, 2200, 121),
(208.18751000000339, 4004, 532.0, 3900, 2200, 122),
(208.27191100000346, 4005, 532.0, 3900, 2200, 123),
(208.3100290000002, 4006, 532.0, 3900, 2200, 124),
(208.38134799999534, 4007, 532.0, 3900, 2200, 125),
(208.44926799999666, 4008, 532.0, 3900, 2200, 126),
(208.4969909999927, 4009, 532.0, 3900, 2200, 127),
(208.56610500000534, 4010, 532.0, 3900, 2200, 128),
(208.60248699999647, 4011, 532.0, 3900, 2200, 129),
(208.65694000000076, 4012, 532.0, 3900, 2200, 130),
(208.71278800000437, 4013, 532.0, 3900, 2200, 131),
(208.7622180000035, 4014, 532.0, 3900, 2200, 132),
(208.80625500000315, 4015, 532.0, 3900, 2200, 133),
(208.85278000000108, 4016, 532.0, 3900, 2200, 134),
(208.89084500000172, 4017, 532.0, 3900, 2200, 135),
(208.9366480000026, 4018, 532.0, 3900, 2200, 136),
(208.98761700000614, 4019, 532.0, 3900, 2200, 137),
(209.03347100000246, 4020, 532.0, 3900, 2200, 138),
(209.07748900000297, 4021, 532.0, 3900, 2200, 139),
(209.11681199999293, 4022, 532.0, 3900, 2200, 140),
(209.15677499999583, 4023, 532.0, 3900, 2200, 141),
(209.2055720000062, 4024, 532.0, 3900, 2200, 142),
(209.25423500000034, 4025, 532.0, 3900, 2200, 143),
(209.30442899999616, 4026, 532.0, 3900, 2200, 144),
(209.35244299999613, 4027, 532.0, 3900, 2200, 145),
(209.3967180000036, 4028, 532.0, 3900, 2200, 146),
(209.44254499999806, 4029, 532.0, 3900, 2200, 147),
(209.4935620000033, 4030, 532.0, 3900, 2200, 148),
(209.5430800000031, 4031, 532.0, 3900, 2200, 149),
(209.58885400000145, 4032, 532.0, 3900, 2200, 150),
(209.63965899999312, 4033, 532.0, 3900, 2200, 151),
(209.68455499999982, 4034, 532.0, 3900, 2200, 152),
(209.73514699999942, 4035, 532.0, 3900, 2200, 113),
(209.777940999993, 4036, 532.0, 3900, 2200, 114),
(209.8239009999961, 4037, 532.0, 3900, 2200, 115),
(209.89239100000123, 4038, 532.0, 3900, 2200, 116),
(209.94051800000307, 4039, 532.0, 3900, 2200, 117),
(209.9810029999935, 4040, 532.0, 3900, 2200, 118),
(210.02705299999798, 4041, 532.0, 3900, 2200, 119),
(210.071769999995, 4042, 532.0, 3900, 2200, 120),
(210.1193590000039, 4043, 532.0, 3900, 2200, 121),
(210.16256100000464, 4044, 532.0, 3900, 2200, 122),
(210.20270300000266, 4045, 532.0, 3900, 2200, 123),
(210.2454080000025, 4046, 532.0, 3900, 2200, 124),
(210.2867649999971, 4047, 532.0, 3900, 2200, 125),
(210.3331610000023, 4048, 532.0, 3900, 2200, 126),
(210.39200599999458, 4049, 532.0, 3900, 2200, 127),
(210.4476960000029, 4050, 532.0, 3900, 2200, 128),
(210.49929399999382, 4051, 532.0, 3900, 2200, 129),
(210.5659980000055, 4052, 532.0, 3900, 2200, 130),
(210.62232199999562, 4053, 532.0, 3900, 2200, 131),
(210.66417699999874, 4054, 532.0, 3900, 2200, 132),
(210.71442999999272, 4055, 532.0, 3900, 2200, 133),
(210.77129000000423, 4056, 532.0, 3900, 2200, 134),
(210.82088499999372, 4057, 532.0, 3900, 2200, 135),
(210.87200600000506, 4058, 532.0, 3900, 2200, 136),
(210.91370799999277, 4059, 532.0, 3900, 2200, 137),
(210.95219999999972, 4060, 532.0, 3900, 2200, 138),
(210.99646100000245, 4061, 532.0, 3900, 2200, 139),
(211.05307700000412, 4062, 532.0, 3900, 2200, 140),
(211.10269499999413, 4063, 532.0, 3900, 2200, 141),
(211.1470180000033, 4064, 532.0, 3900, 2200, 142),
(211.19583399999829, 4065, 532.0, 3900, 2200, 143),
(211.27473499999905, 4066, 532.0, 3900, 2200, 144),
(211.30895999999484, 4067, 532.0, 3900, 2200, 145),
(211.3488939999952, 4068, 532.0, 3900, 2200, 146),
(211.39185800000269, 4069, 532.0, 3900, 2200, 147),
(211.43926199999987, 4070, 532.0, 3900, 2200, 148),
(211.49254199999268, 4071, 532.0, 3900, 2200, 149),
(211.53903800000262, 4072, 532.0, 3900, 2200, 150),
(211.59489900000335, 4073, 532.0, 3900, 2200, 151),
(211.64657500000612, 4074, 532.0, 3900, 2200, 152),
(211.7161449999985, 4075, 532.0, 3900, 2200, 113),
(211.76761999999871, 4076, 532.0, 3900, 2200, 114),
(211.808864000006, 4077, 532.0, 3900, 2200, 115),
(211.8554659999936, 4078, 532.0, 3900, 2200, 116),
(211.90085499999986, 4079, 532.0, 3900, 2200, 117),
(211.95388699999603, 4080, 532.0, 3900, 2200, 118),
(211.99586900000577, 4081, 532.0, 3900, 2200, 119),
(212.0383989999973, 4082, 532.0, 3900, 2200, 120),
(212.07688799999596, 4083, 532.0, 3900, 2200, 121),
(212.1277059999993, 4084, 532.0, 3900, 2200, 122),
(212.17846599999757, 4085, 532.0, 3900, 2200, 123),
(212.24010300000373, 4086, 532.0, 3900, 2200, 124),
(212.29893400000583, 4087, 532.0, 3900, 2200, 125),
(212.33845199999632, 4088, 532.0, 3900, 2200, 126),
(212.37779699999373, 4089, 532.0, 3900, 2200, 127),
(212.42200299999968, 4090, 532.0, 3900, 2200, 128),
(212.4680839999928, 4091, 532.0, 3900, 2200, 129),
(212.54180000000633, 4092, 532.0, 3900, 2200, 130),
(212.59561299999768, 4093, 532.0, 3900, 2200, 131),
(212.63937799999258, 4094, 532.0, 3900, 2200, 132),
(212.67893399999593, 4095, 532.0, 3900, 2200, 133),
(212.72706900000048, 4096, 532.0, 3900, 2200, 134),
(212.77341399999568, 4097, 532.0, 3900, 2200, 135),
(212.81667499999458, 4098, 532.0, 3900, 2200, 136),
(212.87098500000138, 4099, 532.0, 3900, 2200, 137),
(212.9337680000026, 4100, 532.0, 3900, 2200, 138),
(212.98645399999805, 4101, 532.0, 3900, 2200, 139),
(213.03407199999492, 4102, 532.0, 3900, 2200, 140),
(213.08296699999482, 4103, 532.0, 3900, 2200, 141),
(213.1260309999925, 4104, 532.0, 3900, 2200, 142),
(213.1706919999997, 4105, 532.0, 3900, 2200, 143),
(213.21934500000498, 4106, 532.0, 3900, 2200, 144),
(213.2653810000047, 4107, 532.0, 3900, 2200, 145),
(213.31331399999908, 4108, 532.0, 3900, 2200, 146),
(213.3669280000031, 4109, 532.0, 3900, 2200, 147),
(213.41719599999487, 4110, 532.0, 3900, 2200, 148),
(213.452243000007, 4111, 532.0, 3900, 2200, 149),
(213.49746300000697, 4112, 532.0, 3900, 2200, 150),
(213.54351200000383, 4113, 532.0, 3900, 2200, 151),
(213.58752200000163, 4114, 532.0, 3900, 2200, 152),
(213.62863999999536, 4115, 531.0, 3900, 2300, 112),
(213.67402399999264, 4116, 531.0, 3900, 2300, 113),
(213.7238240000006, 4117, 528.0, 3900, 2300, 114),
(213.76664699999674, 4118, 528.0, 3900, 2300, 115),
(213.89343100000406, 4120, 532.0, 3900, 2300, 117),
(213.94500799999514, 4121, 532.0, 3900, 2300, 118),
(214.00260900000285, 4122, 532.0, 3900, 2300, 119),
(214.05365699999675, 4123, 531.0, 3900, 2300, 120),
(214.10792100000253, 4124, 532.0, 3900, 2300, 121),
(214.1581370000058, 4125, 531.0, 3900, 2300, 122),
(214.225191000005, 4126, 532.0, 3900, 2300, 123),
(214.2828739999968, 4127, 552.0, 3900, 2300, 124),
(214.3393320000032, 4128, 532.0, 3900, 2300, 125),
(214.39822800000547, 4129, 532.0, 3900, 2300, 126),
(214.4622309999977, 4130, 531.0, 3900, 2300, 127),
(214.51549700000032, 4131, 528.0, 3900, 2300, 128),
(214.56960800000525, 4132, 617.0, 3900, 2300, 129),
(214.6195480000024, 4133, 532.0, 3900, 2300, 130),
(214.74756800000614, 4135, 529.0, 3900, 2300, 132),
(214.78867500000342, 4136, 532.0, 3900, 2300, 133),
(214.8437200000044, 4137, 531.0, 3900, 2300, 134),
(214.89669700000377, 4138, 532.0, 3900, 2300, 135),
(214.94911299999512, 4139, 287.0, 3900, 2300, 136),
(214.99742099999276, 4140, 532.0, 3900, 2300, 137),
(215.05273599999782, 4141, 283.0, 3900, 2300, 138),
(215.10426999999618, 4142, 532.0, 3900, 2300, 139),
(215.160401000001, 4143, 596.0, 3900, 2300, 140),
(215.2238059999945, 4144, 610.0, 3900, 2300, 141),
(215.28270799999882, 4145, 531.0, 3900, 2300, 142),
(215.33194200000435, 4146, 531.0, 3900, 2300, 143),
(215.3806809999951, 4147, 532.0, 3900, 2300, 144),
(215.42257799999788, 4148, 532.0, 3900, 2300, 145),
(215.47555800000555, 4149, 531.0, 3900, 2300, 146),
(215.5332519999938, 4150, 532.0, 3900, 2300, 147),
(215.58868800000346, 4151, 531.0, 3900, 2300, 148),
(215.63459400000283, 4152, 531.0, 3900, 2300, 149),
(215.69874199999322, 4153, 532.0, 3900, 2300, 150),
(215.7476250000036, 4154, 280.0, 3900, 2300, 151),
(215.79429099999834, 4155, 595.0, 3900, 2300, 152),
(215.83900300000096, 4156, 552.0, 3900, 2300, 113),
(215.89193800000066, 4157, 532.0, 3900, 2300, 114),
(215.93963700000313, 4158, 532.0, 3900, 2300, 115),
(216.05000499999733, 4160, 532.0, 3900, 2300, 117),
(216.1007019999961, 4161, 532.0, 3900, 2300, 118),
(216.16334899999492, 4162, 532.0, 3900, 2300, 119),
(216.21829000000434, 4163, 531.0, 3900, 2300, 120),
(216.26552699999593, 4164, 532.0, 3900, 2300, 121),
(216.32441200000176, 4165, 531.0, 3900, 2300, 122),
(216.37912199999846, 4166, 530.0, 3900, 2300, 123),
(216.4473629999993, 4167, 552.0, 3900, 2300, 124),
(216.56576300000597, 4169, 532.0, 3900, 2300, 126),
(216.61420100000396, 4170, 531.0, 3900, 2300, 127),
(216.65892099999473, 4171, 528.0, 3900, 2300, 128),
(216.70607299999392, 4172, 528.0, 3900, 2300, 129),
(216.76023899999564, 4173, 532.0, 3900, 2300, 130),
(216.8029300000053, 4174, 532.0, 3900, 2300, 131),
(216.849887999997, 4175, 528.0, 3900, 2300, 132),
(216.8929780000035, 4176, 532.0, 3900, 2300, 133),
(216.93031700000574, 4177, 532.0, 3900, 2300, 134),
(216.97232800000347, 4178, 532.0, 3900, 2300, 135),
(217.01723100000527, 4179, 532.0, 3900, 2300, 136),
(217.07227299999795, 4180, 532.0, 3900, 2300, 137),
(217.11964600000647, 4181, 284.0, 3900, 2300, 138),
(217.17187799999374, 4182, 532.0, 3900, 2300, 139),
(217.2141089999932, 4183, 596.0, 3900, 2300, 140),
(217.26231700000062, 4184, 614.0, 3900, 2300, 141),
(217.310375999994, 4185, 531.0, 3900, 2300, 142),
(217.36018499999773, 4186, 531.0, 3900, 2300, 143),
(217.4193430000014, 4187, 531.0, 3900, 2300, 144),
(217.4706259999948, 4188, 590.0, 3900, 2300, 145),
(217.5486530000053, 4189, 532.0, 3900, 2300, 146),
(217.60368499999458, 4190, 532.0, 3900, 2300, 147),
(217.6464949999936, 4191, 532.0, 3900, 2300, 148),
(217.68138100000215, 4192, 532.0, 3900, 2300, 149),
(217.71677899999486, 4193, 283.0, 3900, 2300, 150),
(217.75852699999814, 4194, 532.0, 3900, 2300, 151),
(217.81023000000278, 4195, 595.0, 3900, 2300, 152),
(217.86182499999995, 4196, 552.0, 3900, 2300, 113),
(217.9119570000039, 4197, 528.0, 3900, 2300, 114),
(217.95801099999517, 4198, 532.0, 3900, 2300, 115),
(218.09710100000666, 4200, 532.0, 3900, 2300, 117),
(218.14966999999888, 4201, 532.0, 3900, 2300, 118),
(218.2045700000017, 4202, 552.0, 3900, 2300, 119),
(218.24926500000583, 4203, 531.0, 3900, 2300, 120),
(218.29051000000618, 4204, 532.0, 3900, 2300, 121),
(218.34514799999306, 4205, 532.0, 3900, 2300, 122),
(218.48755200000596, 4207, 552.0, 3900, 2300, 124),
(218.52690700000676, 4208, 532.0, 3900, 2300, 125),
(218.5748409999942, 4209, 532.0, 3900, 2300, 126),
(218.64186200000404, 4210, 532.0, 3900, 2300, 127),
(218.69004600000335, 4211, 528.0, 3900, 2300, 128),
(218.73281699999643, 4212, 528.0, 3900, 2300, 129),
(218.785097999993, 4213, 532.0, 3900, 2300, 130),
(218.9162190000061, 4215, 529.0, 3900, 2300, 132),
(218.98208099999465, 4216, 532.0, 3900, 2300, 133),
(219.03426899999613, 4217, 531.0, 3900, 2300, 134),
(219.08463199999824, 4218, 532.0, 3900, 2300, 135),
(219.1367520000058, 4219, 287.0, 3900, 2300, 136),
(219.18523699999787, 4220, 532.0, 3900, 2300, 137),
(219.2374279999931, 4221, 532.0, 3900, 2300, 138),
(219.27933999999368, 4222, 532.0, 3900, 2300, 139),
(219.33077000000048, 4223, 595.0, 3900, 2300, 140),
(219.3805229999998, 4224, 532.0, 3900, 2300, 141),
(219.45862099999795, 4225, 531.0, 3900, 2300, 142),
(219.49375700000382, 4226, 531.0, 3900, 2300, 143),
(219.53886800000328, 4227, 532.0, 3900, 2300, 144),
(219.68022300000302, 4229, 531.0, 3900, 2300, 146),
(219.72872899999493, 4230, 283.0, 3900, 2300, 147),
(219.78221900000062, 4231, 531.0, 3900, 2300, 148),
(219.8301700000011, 4232, 532.0, 3900, 2300, 149),
(219.87487299999339, 4233, 283.0, 3900, 2300, 150),
(219.91901399999915, 4234, 532.0, 3900, 2300, 151),
(219.96361599999364, 4235, 532.0, 3900, 2300, 152),
(220.01325499999803, 4236, 531.0, 3900, 2400, 112),
(220.05702799999563, 4237, 531.0, 3900, 2400, 113),
(220.11573200000566, 4238, 528.0, 3900, 2400, 114),
(220.23482699999295, 4240, 531.0, 3900, 2400, 116),
(220.35108999999647, 4242, 531.0, 3900, 2400, 118),
(220.39401800000633, 4243, 530.0, 3900, 2400, 119),
(220.4447269999946, 4244, 531.0, 3900, 2400, 120),
(220.50284000000102, 4245, 531.0, 3900, 2400, 121),
(220.55994399999327, 4246, 531.0, 3900, 2400, 122),
(220.69057299999986, 4248, 531.0, 3900, 2400, 124),
(220.80836799999815, 4250, 531.0, 3900, 2400, 126),
(220.85704499999702, 4251, 531.0, 3900, 2400, 127),
(220.92137999999977, 4252, 528.0, 3900, 2400, 128),
(221.05949600000167, 4254, 531.0, 3900, 2400, 130),
(221.18549000000348, 4256, 531.0, 3900, 2400, 132),
(221.30870700000378, 4258, 531.0, 3900, 2400, 134),
(221.35954400000628, 4259, 531.0, 3900, 2400, 135),
(221.4024289999943, 4260, 531.0, 3900, 2400, 136),
(221.44217399999616, 4261, 283.0, 3900, 2400, 137),
(221.4865989999962, 4262, 531.0, 3900, 2400, 138),
(221.53916099999333, 4263, 531.0, 3900, 2400, 139),
(221.59326300000248, 4264, 596.0, 3900, 2400, 140),
(221.71183299999393, 4266, 531.0, 3900, 2400, 142),
(221.76940299999842, 4267, 531.0, 3900, 2400, 143),
(221.81074200000148, 4268, 531.0, 3900, 2400, 144),
(221.88281599999755, 4269, 593.0, 3900, 2400, 145),
(221.9350770000019, 4270, 531.0, 3900, 2400, 146),
(221.9832599999936, 4271, 283.0, 3900, 2400, 147),
(222.03974700000254, 4272, 531.0, 3900, 2400, 148),
(222.08692000000156, 4273, 531.0, 3900, 2400, 149),
(222.1303179999959, 4274, 283.0, 3900, 2400, 150),
(222.24426700000186, 4276, 531.0, 3900, 2400, 152),
(222.29088099999353, 4277, 531.0, 3900, 2400, 113),
(222.33385100000305, 4278, 528.0, 3900, 2400, 114),
(222.46281500000623, 4280, 531.0, 3900, 2400, 116),
(222.5875950000045, 4282, 531.0, 3900, 2400, 118),
(222.6334210000059, 4283, 530.0, 3900, 2400, 119),
(222.68235000000277, 4284, 531.0, 3900, 2400, 120),
(222.72939199999382, 4285, 531.0, 3900, 2400, 121),
(222.77094099999522, 4286, 531.0, 3900, 2400, 122),
(222.89299900000333, 4288, 531.0, 3900, 2400, 124),
(223.03500099999656, 4290, 531.0, 3900, 2400, 126),
(223.09613700000045, 4291, 531.0, 3900, 2400, 127),
(223.14435299999604, 4292, 528.0, 3900, 2400, 128),
(223.250681000005, 4294, 531.0, 3900, 2400, 130),
(223.36688200000208, 4296, 531.0, 3900, 2400, 132),
(223.5014979999978, 4298, 531.0, 3900, 2400, 134),
(223.56682999999612, 4299, 531.0, 3900, 2400, 135),
(223.63164599999436, 4300, 531.0, 3900, 2400, 136),
(223.67743500000506, 4301, 283.0, 3900, 2400, 137),
(223.73675599999842, 4302, 531.0, 3900, 2400, 138),
(223.78184100000362, 4303, 531.0, 3900, 2400, 139),
(223.82284900000377, 4304, 596.0, 3900, 2400, 140),
(223.9285130000062, 4306, 531.0, 3900, 2400, 142),
(223.97077400000126, 4307, 531.0, 3900, 2400, 143),
(224.031851000007, 4308, 531.0, 3900, 2400, 144),
(224.0771320000058, 4309, 593.0, 3900, 2400, 145),
(224.1213459999999, 4310, 531.0, 3900, 2400, 146),
(224.17083899999852, 4311, 283.0, 3900, 2400, 147),
(224.2193249999982, 4312, 531.0, 3900, 2400, 148),
(224.28744200000074, 4313, 531.0, 3900, 2400, 149),
(224.33945600000152, 4314, 283.0, 3900, 2400, 150),
(224.45173000000068, 4316, 531.0, 3900, 2400, 152),
(224.50861400000576, 4317, 531.0, 3900, 2400, 113),
(224.55719999999565, 4318, 528.0, 3900, 2400, 114),
(224.68379599999753, 4320, 531.0, 3900, 2400, 116),
(224.7898489999934, 4322, 531.0, 3900, 2400, 118),
(224.8441659999953, 4323, 530.0, 3900, 2400, 119),
(224.894134999995, 4324, 531.0, 3900, 2400, 120),
(224.94787600000564, 4325, 531.0, 3900, 2400, 121),
(224.98924300000363, 4326, 531.0, 3900, 2400, 122),
(225.1055389999965, 4328, 531.0, 3900, 2400, 124),
(225.23454499999934, 4330, 531.0, 3900, 2400, 126),
(225.28220499999588, 4331, 531.0, 3900, 2400, 127),
(225.3362070000003, 4332, 528.0, 3900, 2400, 128),
(225.450496999998, 4334, 531.0, 3900, 2400, 130),
(225.59078300000692, 4336, 531.0, 3900, 2400, 132),
(225.72277700000268, 4338, 531.0, 3900, 2400, 134),
(225.7769799999951, 4339, 531.0, 3900, 2400, 135),
(225.8284030000068, 4340, 531.0, 3900, 2400, 136),
(225.89357099999324, 4341, 283.0, 3900, 2400, 137),
(225.92819799999415, 4342, 531.0, 3900, 2400, 138),
(225.9787079999951, 4343, 531.0, 3900, 2400, 139),
(226.02142099999764, 4344, 596.0, 3900, 2400, 140),
(226.12636999999813, 4346, 531.0, 3900, 2400, 142),
(226.1852979999967, 4347, 531.0, 3900, 2400, 143),
(226.23562500000116, 4348, 531.0, 3900, 2400, 144),
(226.28689600000507, 4349, 590.0, 3900, 2400, 145),
(226.34296300000278, 4350, 531.0, 3900, 2400, 146),
(226.39606400000048, 4351, 283.0, 3900, 2400, 147),
(226.44138899999962, 4352, 531.0, 3900, 2400, 148),
(226.48338799999328, 4353, 531.0, 3900, 2400, 149),
(226.54314799999702, 4354, 283.0, 3900, 2400, 150),
(226.6658929999976, 4356, 531.0, 3900, 2400, 152),
(226.72361299999466, 4357, 531.0, 3900, 2500, 112),
(226.77124200000253, 4358, 531.0, 3900, 2500, 113),
(226.81708999999682, 4359, 531.0, 3900, 2500, 114),
(226.982766000001, 4361, 531.0, 3900, 2500, 116),
(227.10693999999785, 4363, 531.0, 3900, 2500, 118),
(227.16296299999522, 4364, 531.0, 3900, 2500, 119),
(227.2167300000001, 4365, 531.0, 3900, 2500, 120),
(227.26441299999715, 4366, 531.0, 3900, 2500, 121),
(227.30829800000356, 4367, 531.0, 3900, 2500, 122),
(227.42724000000453, 4369, 531.0, 3900, 2500, 124),
(227.55478500000027, 4371, 531.0, 3900, 2500, 126),
(227.60618600000453, 4372, 531.0, 3900, 2500, 127),
(227.65465300000506, 4373, 531.0, 3900, 2500, 128),
(227.74368899999536, 4375, 531.0, 3900, 2500, 130),
(227.85491100000218, 4377, 531.0, 3900, 2500, 132),
(227.90905299999577, 4378, 531.0, 3900, 2500, 133),
(227.9682310000062, 4379, 531.0, 3900, 2500, 134),
(228.0365540000057, 4380, 531.0, 3900, 2500, 135),
(228.07887199999823, 4381, 531.0, 3900, 2500, 136),
(228.12867099999858, 4382, 283.0, 3900, 2500, 137),
(228.1844909999927, 4383, 531.0, 3900, 2500, 138),
(228.25254299999506, 4384, 531.0, 3900, 2500, 139),
(228.28873400000157, 4385, 1833.0, 3900, 2500, 140),
(228.33284499999718, 4386, 283.0, 3900, 2500, 141),
(228.37248099999852, 4387, 531.0, 3900, 2500, 142),
(228.41994900000282, 4388, 531.0, 3900, 2500, 143),
(228.4622090000048, 4389, 531.0, 3900, 2500, 144),
(228.50802999999723, 4390, 593.0, 3900, 2500, 145),
(228.55386600000202, 4391, 531.0, 3900, 2500, 146),
(228.59860300000582, 4392, 283.0, 3900, 2500, 147),
(228.63986199999636, 4393, 531.0, 3900, 2500, 148),
(228.6873099999939, 4394, 531.0, 3900, 2500, 149),
(228.82481700000062, 4396, 531.0, 3900, 2500, 151),
(228.8737620000029, 4397, 531.0, 3900, 2500, 152),
(228.91411300000618, 4398, 531.0, 3900, 2500, 113),
(228.9909239999979, 4399, 531.0, 3900, 2500, 114),
(229.10716699999466, 4401, 531.0, 3900, 2500, 116),
(229.22459600000002, 4403, 531.0, 3900, 2500, 118),
(229.2642979999946, 4404, 531.0, 3900, 2500, 119),
(229.3055500000046, 4405, 531.0, 3900, 2500, 120),
(229.34974099999818, 4406, 531.0, 3900, 2500, 121),
(229.39747500000522, 4407, 531.0, 3900, 2500, 122),
(229.51033000000461, 4409, 531.0, 3900, 2500, 124),
(229.63675299999886, 4411, 531.0, 3900, 2500, 126),
(229.69083199999295, 4412, 531.0, 3900, 2500, 127),
(229.7427139999927, 4413, 531.0, 3900, 2500, 128),
(229.85144300000684, 4415, 531.0, 3900, 2500, 130),
(229.96003200000268, 4417, 531.0, 3900, 2500, 132),
(230.0026979999966, 4418, 531.0, 3900, 2500, 133),
(230.0594209999981, 4419, 531.0, 3900, 2500, 134),
(230.10201299999608, 4420, 531.0, 3900, 2500, 135),
(230.16067899999325, 4421, 531.0, 3900, 2500, 136),
(230.21541200000502, 4422, 283.0, 3900, 2500, 137),
(230.29225600000063, 4423, 531.0, 3900, 2500, 138),
(230.3462359999976, 4424, 531.0, 3900, 2500, 139),
(230.3944349999947, 4425, 1833.0, 3900, 2500, 140),
(230.4385159999947, 4426, 531.0, 3900, 2500, 141),
(230.48483600000327, 4427, 531.0, 3900, 2500, 142),
(230.53096200000437, 4428, 531.0, 3900, 2500, 143),
(230.5716459999967, 4429, 531.0, 3900, 2500, 144),
(230.6239360000036, 4430, 593.0, 3900, 2500, 145),
(230.67243299999973, 4431, 531.0, 3900, 2500, 146),
(230.71958600000653, 4432, 283.0, 3900, 2500, 147),
(230.75894299999345, 4433, 531.0, 3900, 2500, 148),
(230.80803600000218, 4434, 531.0, 3900, 2500, 149),
(230.92017399999895, 4436, 531.0, 3900, 2500, 151),
(230.97009000000253, 4437, 531.0, 3900, 2500, 152),
(231.02883999999904, 4438, 531.0, 3900, 2500, 113),
(231.08243900000525, 4439, 531.0, 3900, 2500, 114),
(231.19276400000672, 4441, 531.0, 3900, 2500, 116),
(231.31343599999673, 4443, 531.0, 3900, 2500, 118),
(231.3638510000019, 4444, 531.0, 3900, 2500, 119),
(231.41177099999913, 4445, 531.0, 3900, 2500, 120),
(231.45436800000607, 4446, 531.0, 3900, 2500, 121),
(231.50149100000272, 4447, 531.0, 3900, 2500, 122),
(231.63693399999465, 4449, 531.0, 3900, 2500, 124),
(231.75092200000654, 4451, 531.0, 3900, 2500, 126),
(231.79942100000335, 4452, 531.0, 3900, 2500, 127),
(231.85236299999815, 4453, 531.0, 3900, 2500, 128),
(231.98463799999445, 4455, 531.0, 3900, 2500, 130),
(232.12789600000542, 4457, 531.0, 3900, 2500, 132),
(232.18440800000099, 4458, 531.0, 3900, 2500, 133),
(232.22831299999962, 4459, 531.0, 3900, 2500, 134),
(232.27601400000276, 4460, 531.0, 3900, 2500, 135),
(232.32254900000407, 4461, 531.0, 3900, 2500, 136),
(232.3734209999966, 4462, 283.0, 3900, 2500, 137),
(232.42766099999426, 4463, 531.0, 3900, 2500, 138),
(232.47309899999527, 4464, 531.0, 3900, 2500, 139),
(232.52116200000455, 4465, 596.0, 3900, 2500, 140),
(232.55591500000446, 4466, 531.0, 3900, 2500, 141),
(232.6040409999987, 4467, 531.0, 3900, 2500, 142),
(232.64272200000414, 4468, 531.0, 3900, 2500, 143),
(232.7139770000067, 4469, 531.0, 3900, 2500, 144),
(232.76265099999728, 4470, 593.0, 3900, 2500, 145),
(232.80402100000356, 4471, 531.0, 3900, 2500, 146),
(232.84612899999775, 4472, 283.0, 3900, 2500, 147),
(232.89914999999746, 4473, 531.0, 3900, 2500, 148),
(232.9439710000006, 4474, 531.0, 3900, 2500, 149),
(233.0684590000019, 4476, 531.0, 3900, 2500, 151),
(233.1110389999958, 4477, 531.0, 3900, 2500, 152),
(233.1619869999995, 4478, 531.0, 3900, 2600, 112),
(233.21566899999743, 4479, 531.0, 3900, 2600, 113),
(233.26251099999354, 4480, 528.0, 3900, 2600, 114),
(233.39254499999515, 4482, 531.0, 3900, 2600, 116),
(233.54950700000336, 4484, 531.0, 3900, 2600, 118),
(233.60113199999614, 4485, 530.0, 3900, 2600, 119),
(233.67285899999843, 4486, 531.0, 3900, 2600, 120),
(233.7534549999982, 4487, 531.0, 3900, 2600, 121),
(233.78850500000408, 4488, 531.0, 3900, 2600, 122),
(233.93683099999907, 4490, 531.0, 3900, 2600, 124),
(234.07587699999567, 4492, 531.0, 3900, 2600, 126),
(234.13379300000088, 4493, 531.0, 3900, 2600, 127),
(234.18608299999323, 4494, 528.0, 3900, 2600, 128),
(234.30970399999933, 4496, 531.0, 3900, 2600, 130),
(234.44351100000495, 4498, 531.0, 3900, 2600, 132),
(234.5866609999939, 4500, 531.0, 3900, 2600, 134),
(234.6338989999931, 4501, 531.0, 3900, 2600, 135),
(234.68757900000492, 4502, 531.0, 3900, 2600, 136),
(234.73208899999736, 4503, 283.0, 3900, 2600, 137),
(234.77353500000027, 4504, 531.0, 3900, 2600, 138),
(234.8235080000013, 4505, 531.0, 3900, 2600, 139),
(234.87206799999694, 4506, 596.0, 3900, 2600, 140),
(234.9841929999966, 4508, 531.0, 3900, 2600, 142),
(235.03461499999685, 4509, 531.0, 3900, 2600, 143),
(235.07610400000704, 4510, 531.0, 3900, 2600, 144),
(235.11713699999382, 4511, 590.0, 3900, 2600, 145),
(235.17110000000685, 4512, 531.0, 3900, 2600, 146),
(235.223656999995, 4513, 283.0, 3900, 2600, 147),
(235.27315399999497, 4514, 531.0, 3900, 2600, 148),
(235.3229580000043, 4515, 531.0, 3900, 2600, 149),
(235.36708100000396, 4516, 283.0, 3900, 2600, 150),
(235.49810899999284, 4518, 531.0, 3900, 2600, 152),
(235.53796400000283, 4519, 531.0, 3900, 2600, 113),
(235.6044980000006, 4520, 528.0, 3900, 2600, 114),
(235.7528750000056, 4522, 531.0, 3900, 2600, 116),
(235.86772900000506, 4524, 531.0, 3900, 2600, 118),
(235.90698499999417, 4525, 530.0, 3900, 2600, 119),
(235.95790300000226, 4526, 531.0, 3900, 2600, 120),
(236.00577099999646, 4527, 531.0, 3900, 2600, 121),
(236.05532400000084, 4528, 531.0, 3900, 2600, 122),
(236.18411200000264, 4530, 531.0, 3900, 2600, 124),
(236.3191039999947, 4532, 531.0, 3900, 2600, 126),
(236.37395300000207, 4533, 531.0, 3900, 2600, 127),
(236.42493799999647, 4534, 528.0, 3900, 2600, 128),
(236.55431999999564, 4536, 531.0, 3900, 2600, 130),
(236.6736729999975, 4538, 531.0, 3900, 2600, 132),
(236.81465200000093, 4540, 531.0, 3900, 2600, 134),
(236.86671800000477, 4541, 531.0, 3900, 2600, 135),
(236.9212899999984, 4542, 531.0, 3900, 2600, 136),
(236.9768519999925, 4543, 283.0, 3900, 2600, 137),
(237.03330199999618, 4544, 531.0, 3900, 2600, 138),
(237.09054799999285, 4545, 531.0, 3900, 2600, 139),
(237.14248199999565, 4546, 596.0, 3900, 2600, 140),
(237.28358200000366, 4548, 531.0, 3900, 2600, 142),
(237.3259640000033, 4549, 531.0, 3900, 2600, 143),
(237.38014300000214, 4550, 531.0, 3900, 2600, 144),
(237.42293499999505, 4551, 590.0, 3900, 2600, 145),
(237.46809300000314, 4552, 531.0, 3900, 2600, 146),
(237.5141869999934, 4553, 283.0, 3900, 2600, 147),
(237.56016399999498, 4554, 531.0, 3900, 2600, 148),
(237.6106690000015, 4555, 531.0, 3900, 2600, 149),
(237.66688299999805, 4556, 283.0, 3900, 2600, 150),
(237.70100499999535, 4557, 531.0, 3900, 2600, 151),
(237.7450039999967, 4558, 531.0, 3900, 2600, 152),
(237.7954880000034, 4559, 531.0, 3900, 2600, 113),
(237.8369410000014, 4560, 528.0, 3900, 2600, 114),
(237.96851099999913, 4562, 531.0, 3900, 2600, 116),
(238.1067539999931, 4564, 531.0, 3900, 2600, 118),
(238.17588799999794, 4565, 530.0, 3900, 2600, 119),
(238.22667800000636, 4566, 531.0, 3900, 2600, 120),
(238.27731600000698, 4567, 531.0, 3900, 2600, 121),
(238.33094400000118, 4568, 531.0, 3900, 2600, 122),
(238.45568100000673, 4570, 531.0, 3900, 2600, 124),
(238.58568400000513, 4572, 531.0, 3900, 2600, 126),
(238.6546490000037, 4573, 531.0, 3900, 2600, 127),
(238.7130509999988, 4574, 528.0, 3900, 2600, 128),
(238.8237039999949, 4576, 531.0, 3900, 2600, 130),
(238.94976899999892, 4578, 531.0, 3900, 2600, 132),
(239.06821300000593, 4580, 531.0, 3900, 2600, 134),
(239.12430300000415, 4581, 531.0, 3900, 2600, 135),
(239.17773300000408, 4582, 531.0, 3900, 2600, 136),
(239.22339199999988, 4583, 283.0, 3900, 2600, 137),
(239.2741410000017, 4584, 531.0, 3900, 2600, 138),
(239.3158939999994, 4585, 531.0, 3900, 2600, 139),
(239.361201000007, 4586, 596.0, 3900, 2600, 140),
(239.48819899999944, 4588, 531.0, 3900, 2600, 142),
(239.53916699999536, 4589, 531.0, 3900, 2600, 143),
(239.59441700000025, 4590, 531.0, 3900, 2600, 144),
(239.65755200000422, 4591, 590.0, 3900, 2600, 145),
(239.71765399999276, 4592, 531.0, 3900, 2600, 146),
(239.7844519999926, 4593, 283.0, 3900, 2600, 147),
(239.8333830000047, 4594, 531.0, 3900, 2600, 148),
(239.8805250000005, 4595, 531.0, 3900, 2600, 149),
(239.94154899999558, 4596, 283.0, 3900, 2600, 150),
(240.07210400000622, 4598, 531.0, 3900, 2600, 152),
(240.12324400000216, 4599, 531.0, 3900, 2700, 112),
(240.1748590000061, 4600, 531.0, 3900, 2700, 113),
(240.21641700000328, 4601, 528.0, 3900, 2700, 114),
(240.35258399999293, 4603, 531.0, 3900, 2700, 116),
(240.4877209999977, 4605, 531.0, 3900, 2700, 118),
(240.53699799999595, 4606, 530.0, 3900, 2700, 119),
(240.58316300000297, 4607, 531.0, 3900, 2700, 120),
(240.63262000000395, 4608, 531.0, 3900, 2700, 121),
(240.68252899999788, 4609, 531.0, 3900, 2700, 122),
(240.80848799999512, 4611, 531.0, 3900, 2700, 124),
(240.93128600000637, 4613, 531.0, 3900, 2700, 126),
(240.97913999999582, 4614, 531.0, 3900, 2700, 127),
(241.03356100000383, 4615, 528.0, 3900, 2700, 128),
(241.14775400000508, 4617, 531.0, 3900, 2700, 130),
(241.25555200000235, 4619, 531.0, 3900, 2700, 132),
(241.3641009999992, 4621, 531.0, 3900, 2700, 134),
(241.40375800000038, 4622, 531.0, 3900, 2700, 135),
(241.4467069999955, 4623, 531.0, 3900, 2700, 136),
(241.49584400000458, 4624, 283.0, 3900, 2700, 137),
(241.54463200000464, 4625, 531.0, 3900, 2700, 138),
(241.59684300000663, 4626, 531.0, 3900, 2700, 139),
(241.6483440000011, 4627, 596.0, 3900, 2700, 140),
(241.7784660000034, 4629, 531.0, 3900, 2700, 142),
(241.83144399999583, 4630, 531.0, 3900, 2700, 143),
(241.88010199999553, 4631, 531.0, 3900, 2700, 144),
(241.92764900000475, 4632, 590.0, 3900, 2700, 145),
(241.98126899999625, 4633, 531.0, 3900, 2700, 146),
(242.0286300000007, 4634, 283.0, 3900, 2700, 147),
(242.0739670000039, 4635, 531.0, 3900, 2700, 148),
(242.12810600000375, 4636, 531.0, 3900, 2700, 149),
(242.17432999999437, 4637, 283.0, 3900, 2700, 150),
(242.2971830000024, 4639, 531.0, 3900, 2700, 152),
(242.3477419999981, 4640, 531.0, 3900, 2700, 113),
(242.41030299999693, 4641, 528.0, 3900, 2700, 114),
(242.51628999999957, 4643, 531.0, 3900, 2700, 116),
(242.646928999995, 4645, 531.0, 3900, 2700, 118),
(242.69039099999645, 4646, 530.0, 3900, 2700, 119),
(242.74348499999905, 4647, 531.0, 3900, 2700, 120),
(242.788658999998, 4648, 531.0, 3900, 2700, 121),
(242.84313999999722, 4649, 531.0, 3900, 2700, 122),
(242.96130599999742, 4651, 531.0, 3900, 2700, 124),
(243.0818189999991, 4653, 531.0, 3900, 2700, 126),
(243.13560900000448, 4654, 531.0, 3900, 2700, 127),
(243.1840910000028, 4655, 528.0, 3900, 2700, 128),
(243.30819100000372, 4657, 531.0, 3900, 2700, 130),
(243.44042299999273, 4659, 531.0, 3900, 2700, 132),
(243.55390199999965, 4661, 531.0, 3900, 2700, 134),
(243.6064400000032, 4662, 531.0, 3900, 2700, 135),
(243.66111099999398, 4663, 531.0, 3900, 2700, 136),
(243.71432600000117, 4664, 283.0, 3900, 2700, 137),
(243.7613660000061, 4665, 531.0, 3900, 2700, 138),
(243.8131449999928, 4666, 531.0, 3900, 2700, 139),
(243.87236700000358, 4667, 596.0, 3900, 2700, 140),
(244.02718299999833, 4669, 531.0, 3900, 2700, 142),
(244.07757799999672, 4670, 531.0, 3900, 2700, 143),
(244.12308200000552, 4671, 531.0, 3900, 2700, 144),
(244.19208900000376, 4672, 590.0, 3900, 2700, 145),
(244.24422900000354, 4673, 531.0, 3900, 2700, 146),
(244.30065400000603, 4674, 283.0, 3900, 2700, 147),
(244.3527230000036, 4675, 531.0, 3900, 2700, 148),
(244.40402000000176, 4676, 531.0, 3900, 2700, 149),
(244.4493700000021, 4677, 283.0, 3900, 2700, 150),
(244.5732080000016, 4679, 531.0, 3900, 2700, 152),
(244.6241549999977, 4680, 531.0, 3900, 2700, 113),
(244.67889700000524, 4681, 528.0, 3900, 2700, 114),
(244.810221000007, 4683, 531.0, 3900, 2700, 116),
(244.9423470000038, 4685, 531.0, 3900, 2700, 118),
(244.98120900000504, 4686, 530.0, 3900, 2700, 119),
(245.02625300000363, 4687, 531.0, 3900, 2700, 120),
(245.07803499999864, 4688, 531.0, 3900, 2700, 121),
(245.1316999999981, 4689, 531.0, 3900, 2700, 122),
(245.2765389999986, 4691, 531.0, 3900, 2700, 124),
(245.41206000000238, 4693, 531.0, 3900, 2700, 126),
(245.46949699999823, 4694, 531.0, 3900, 2700, 127),
(245.52684999999474, 4695, 528.0, 3900, 2700, 128),
(245.64818000000378, 4697, 531.0, 3900, 2700, 130),
(245.78221000000485, 4699, 531.0, 3900, 2700, 132),
(245.90271900000516, 4701, 531.0, 3900, 2700, 134),
(245.9403619999939, 4702, 531.0, 3900, 2700, 135),
(245.98994200000016, 4703, 531.0, 3900, 2700, 136),
(246.03979999999865, 4704, 283.0, 3900, 2700, 137),
(246.09087600000203, 4705, 531.0, 3900, 2700, 138),
(246.13551599999482, 4706, 531.0, 3900, 2700, 139),
(246.19009999999253, 4707, 596.0, 3900, 2700, 140),
(246.32859499999904, 4709, 531.0, 3900, 2700, 142),
(246.37166000000434, 4710, 531.0, 3900, 2700, 143),
(246.42886699999508, 4711, 531.0, 3900, 2700, 144),
(246.46351200000208, 4712, 590.0, 3900, 2700, 145),
(246.50193499999295, 4713, 531.0, 3900, 2700, 146),
(246.5431760000065, 4714, 283.0, 3900, 2700, 147),
(246.59167599999637, 4715, 531.0, 3900, 2700, 148),
(246.63949899999716, 4716, 531.0, 3900, 2700, 149),
(246.68369799999346, 4717, 283.0, 3900, 2700, 150),
(246.80146499999682, 4719, 531.0, 3900, 2700, 152),
(246.8453920000029, 4720, 531.0, 3900, 2800, 112),
(246.89800200000172, 4721, 531.0, 3900, 2800, 113),
(246.9505910000007, 4722, 528.0, 3900, 2800, 114),
(247.0873430000065, 4724, 531.0, 3900, 2800, 116),
(247.21588699999847, 4726, 531.0, 3900, 2800, 118),
(247.26046000000497, 4727, 530.0, 3900, 2800, 119),
(247.30894800000533, 4728, 531.0, 3900, 2800, 120),
(247.35828800000309, 4729, 531.0, 3900, 2800, 121),
(247.42611299999407, 4730, 531.0, 3900, 2800, 122),
(247.57373999999254, 4732, 531.0, 3900, 2800, 124),
(247.71059899999818, 4734, 531.0, 3900, 2800, 126),
(247.74539900000673, 4735, 531.0, 3900, 2800, 127),
(247.7797489999939, 4736, 528.0, 3900, 2800, 128),
(247.87919999999576, 4738, 531.0, 3900, 2800, 130),
(247.9841860000015, 4740, 531.0, 3900, 2800, 132),
(248.09945999999763, 4742, 531.0, 3900, 2800, 134),
(248.14772199999425, 4743, 531.0, 3900, 2800, 135),
(248.19773499999428, 4744, 531.0, 3900, 2800, 136),
(248.24296600000525, 4745, 283.0, 3900, 2800, 137),
(248.294246999998, 4746, 531.0, 3900, 2800, 138),
(248.33637999999337, 4747, 531.0, 3900, 2800, 139),
(248.37952699999732, 4748, 596.0, 3900, 2800, 140),
(248.4977649999928, 4750, 531.0, 3900, 2800, 142),
(248.5433090000006, 4751, 531.0, 3900, 2800, 143),
(248.59161000000313, 4752, 531.0, 3900, 2800, 144),
(248.64174300000013, 4753, 590.0, 3900, 2800, 145),
(248.69534099999873, 4754, 531.0, 3900, 2800, 146),
(248.75380200000654, 4755, 283.0, 3900, 2800, 147),
(248.80212900000333, 4756, 531.0, 3900, 2800, 148),
(248.85594900000433, 4757, 531.0, 3900, 2800, 149),
(248.90388300000632, 4758, 283.0, 3900, 2800, 150),
(249.04125300000305, 4760, 531.0, 3900, 2800, 152),
(249.08155899999838, 4761, 531.0, 3900, 2800, 113),
(249.12804900000629, 4762, 528.0, 3900, 2800, 114),
(249.24696499999845, 4764, 531.0, 3900, 2800, 116),
(249.38147999999637, 4766, 531.0, 3900, 2800, 118),
(249.427045000004, 4767, 530.0, 3900, 2800, 119),
(249.4804609999992, 4768, 531.0, 3900, 2800, 120),
(249.53990099999646, 4769, 531.0, 3900, 2800, 121),
(249.59044600000198, 4770, 531.0, 3900, 2800, 122),
(249.73874400000204, 4772, 531.0, 3900, 2800, 124),
(249.89078699999664, 4774, 531.0, 3900, 2800, 126),
(249.94484700000612, 4775, 531.0, 3900, 2800, 127),
(249.99460999999428, 4776, 528.0, 3900, 2800, 128),
(250.13173999999708, 4778, 531.0, 3900, 2800, 130),
(250.27276500000153, 4780, 531.0, 3900, 2800, 132),
(250.3992969999963, 4782, 531.0, 3900, 2800, 134),
(250.45864100000472, 4783, 531.0, 3900, 2800, 135),
(250.5176749999955, 4784, 531.0, 3900, 2800, 136),
(250.57359099999303, 4785, 283.0, 3900, 2800, 137),
(250.63385499999276, 4786, 531.0, 3900, 2800, 138),
(250.68176000000676, 4787, 531.0, 3900, 2800, 139),
(250.74852900000405, 4788, 596.0, 3900, 2800, 140),
(250.86582000000635, 4790, 531.0, 3900, 2800, 142),
(250.92272099999536, 4791, 531.0, 3900, 2800, 143),
(250.97872699999425, 4792, 531.0, 3900, 2800, 144),
(251.04496699999436, 4793, 590.0, 3900, 2800, 145),
(251.1146230000013, 4794, 531.0, 3900, 2800, 146),
(251.17434199999843, 4795, 283.0, 3900, 2800, 147),
(251.2258770000044, 4796, 531.0, 3900, 2800, 148),
(251.2780769999954, 4797, 531.0, 3900, 2800, 149),
(251.33650999999372, 4798, 283.0, 3900, 2800, 150),
(251.4705890000041, 4800, 531.0, 3900, 2800, 152),
(251.52093100000639, 4801, 531.0, 3900, 2800, 113),
(251.58796299999813, 4802, 528.0, 3900, 2800, 114),
(251.74332900000445, 4804, 531.0, 3900, 2800, 116),
(251.8709039999958, 4806, 531.0, 3900, 2800, 118),
(251.91434899999877, 4807, 530.0, 3900, 2800, 119),
(251.96626899999683, 4808, 531.0, 3900, 2800, 120),
(252.01708299999882, 4809, 531.0, 3900, 2800, 121),
(252.07221699999354, 4810, 531.0, 3900, 2800, 122),
(252.2081349999935, 4812, 531.0, 3900, 2800, 124),
(252.31262399999832, 4814, 531.0, 3900, 2800, 126),
(252.36307199999283, 4815, 531.0, 3900, 2800, 127),
(252.42048400000203, 4816, 528.0, 3900, 2800, 128),
(252.5875079999969, 4818, 531.0, 3900, 2800, 130),
(252.70586699999694, 4820, 531.0, 3900, 2800, 132),
(252.84928599999694, 4822, 531.0, 3900, 2800, 134),
(252.90106400000514, 4823, 531.0, 3900, 2800, 135),
(252.9375410000066, 4824, 531.0, 3900, 2800, 136),
(252.9999819999939, 4825, 283.0, 3900, 2800, 137),
(253.06107700000575, 4826, 531.0, 3900, 2800, 138),
(253.10734899999807, 4827, 531.0, 3900, 2800, 139),
(253.15938300000562, 4828, 596.0, 3900, 2800, 140),
(253.29466099999263, 4830, 531.0, 3900, 2800, 142),
(253.3356219999987, 4831, 531.0, 3900, 2800, 143),
(253.39188999999897, 4832, 531.0, 3900, 2800, 144),
(253.4420140000002, 4833, 590.0, 3900, 2800, 145),
(253.49567299999762, 4834, 531.0, 3900, 2800, 146),
(253.55669100000523, 4835, 283.0, 3900, 2800, 147),
(253.6016079999972, 4836, 531.0, 3900, 2800, 148),
(253.64932599999884, 4837, 531.0, 3900, 2800, 149),
(253.69253899999603, 4838, 283.0, 3900, 2800, 150),
(253.809156000003, 4840, 531.0, 3900, 2800, 152),
(253.8551529999968, 4841, 532.0, 3900, 2900, 112),
(253.9136370000051, 4842, 532.0, 3900, 2900, 113),
(253.9756020000059, 4843, 532.0, 3900, 2900, 114),
(254.03118299999915, 4844, 532.0, 3900, 2900, 115),
(254.084342999995, 4845, 532.0, 3900, 2900, 116),
(254.1356700000033, 4846, 532.0, 3900, 2900, 117),
(254.17757499999425, 4847, 532.0, 3900, 2900, 118),
(254.2241800000047, 4848, 532.0, 3900, 2900, 119),
(254.28105599999253, 4849, 532.0, 3900, 2900, 120),
(254.32401599999866, 4850, 532.0, 3900, 2900, 121),
(254.3848069999949, 4851, 532.0, 3900, 2900, 122),
(254.44028500000422, 4852, 532.0, 3900, 2900, 123),
(254.4920770000026, 4853, 532.0, 3900, 2900, 124),
(254.54465700000583, 4854, 532.0, 3900, 2900, 125),
(254.5922189999983, 4855, 532.0, 3900, 2900, 126),
(254.6435630000051, 4856, 532.0, 3900, 2900, 127),
(254.6971579999954, 4857, 532.0, 3900, 2900, 128),
(254.7514450000017, 4858, 532.0, 3900, 2900, 129),
(254.8095500000054, 4859, 532.0, 3900, 2900, 130),
(254.8565910000034, 4860, 532.0, 3900, 2900, 131),
(254.91705499999807, 4861, 532.0, 3900, 2900, 132),
(254.9684269999998, 4862, 532.0, 3900, 2900, 133),
(255.0313989999995, 4863, 532.0, 3900, 2900, 134),
(255.08563200000208, 4864, 532.0, 3900, 2900, 135),
(255.14636600000085, 4865, 532.0, 3900, 2900, 136),
(255.19377699999313, 4866, 532.0, 3900, 2900, 137),
(255.2498179999966, 4867, 532.0, 3900, 2900, 138),
(255.30252300000575, 4868, 532.0, 3900, 2900, 139),
(255.36025599999994, 4869, 532.0, 3900, 2900, 140),
(255.41598999999405, 4870, 532.0, 3900, 2900, 141),
(255.4810509999952, 4871, 532.0, 3900, 2900, 142),
(255.53158500000427, 4872, 532.0, 3900, 2900, 143),
(255.58399800000188, 4873, 532.0, 3900, 2900, 144),
(255.65533999999752, 4874, 532.0, 3900, 2900, 145),
(255.71454899999662, 4875, 532.0, 3900, 2900, 146),
(255.77643399999943, 4876, 532.0, 3900, 2900, 147),
(255.8254239999951, 4877, 532.0, 3900, 2900, 148),
(255.87868100000196, 4878, 532.0, 3900, 2900, 149),
(255.92241100000683, 4879, 532.0, 3900, 2900, 150),
(255.97764599999937, 4880, 532.0, 3900, 2900, 151),
(256.02401100000134, 4881, 532.0, 3900, 2900, 152),
(256.0789150000055, 4882, 532.0, 3900, 2900, 113),
(256.13325100000657, 4883, 532.0, 3900, 2900, 114),
(256.1926669999957, 4884, 532.0, 3900, 2900, 115),
(256.2478529999935, 4885, 532.0, 3900, 2900, 116),
(256.31370400000014, 4886, 532.0, 3900, 2900, 117),
(256.3661160000047, 4887, 532.0, 3900, 2900, 118),
(256.4247100000066, 4888, 532.0, 3900, 2900, 119),
(256.48324099999445, 4889, 532.0, 3900, 2900, 120),
(256.5401509999938, 4890, 532.0, 3900, 2900, 121),
(256.58080399999744, 4891, 532.0, 3900, 2900, 122),
(256.62895800000115, 4892, 532.0, 3900, 2900, 123),
(256.66850200000044, 4893, 532.0, 3900, 2900, 124),
(256.71162000000186, 4894, 532.0, 3900, 2900, 125),
(256.7570540000015, 4895, 532.0, 3900, 2900, 126),
(256.79572900000494, 4896, 532.0, 3900, 2900, 127),
(256.8378859999939, 4897, 532.0, 3900, 2900, 128),
(256.878085999997, 4898, 532.0, 3900, 2900, 129),
(256.92111500000465, 4899, 532.0, 3900, 2900, 130),
(256.97010299999965, 4900, 532.0, 3900, 2900, 131),
(257.01933100000315, 4901, 532.0, 3900, 2900, 132),
(257.0665860000008, 4902, 532.0, 3900, 2900, 133),
(257.13417299999855, 4903, 532.0, 3900, 2900, 134),
(257.18566499999724, 4904, 532.0, 3900, 2900, 135),
(257.237506999998, 4905, 532.0, 3900, 2900, 136),
(257.27684999999474, 4906, 532.0, 3900, 2900, 137),
(257.31620299999486, 4907, 532.0, 3900, 2900, 138),
(257.3725819999963, 4908, 532.0, 3900, 2900, 139),
(257.4208590000053, 4909, 532.0, 3900, 2900, 140),
(257.4676349999936, 4910, 532.0, 3900, 2900, 141),
(257.5117009999958, 4911, 532.0, 3900, 2900, 142),
(257.5579509999952, 4912, 532.0, 3900, 2900, 143),
(257.6050649999961, 4913, 532.0, 3900, 2900, 144),
(257.6589740000054, 4914, 532.0, 3900, 2900, 145),
(257.7053339999984, 4915, 532.0, 3900, 2900, 146),
(257.7508269999962, 4916, 532.0, 3900, 2900, 147),
(257.8241870000056, 4917, 532.0, 3900, 2900, 148),
(257.88903999999457, 4918, 532.0, 3900, 2900, 149),
(257.92348199999833, 4919, 532.0, 3900, 2900, 150),
(257.95757300000696, 4920, 532.0, 3900, 2900, 151),
(257.9920129999955, 4921, 532.0, 3900, 2900, 152),
(258.0274639999989, 4922, 532.0, 3900, 2900, 113),
(258.0640759999951, 4923, 532.0, 3900, 2900, 114),
(258.1004450000037, 4924, 532.0, 3900, 2900, 115),
(258.1497870000021, 4925, 532.0, 3900, 2900, 116),
(258.19097100000363, 4926, 532.0, 3900, 2900, 117),
(258.2425340000045, 4927, 532.0, 3900, 2900, 118),
(258.28533199999947, 4928, 532.0, 3900, 2900, 119),
(258.33061999999336, 4929, 532.0, 3900, 2900, 120),
(258.37675700000545, 4930, 532.0, 3900, 2900, 121),
(258.42865800000436, 4931, 532.0, 3900, 2900, 122),
(258.48249500000384, 4932, 532.0, 3900, 2900, 123),
(258.52778200000466, 4933, 532.0, 3900, 2900, 124),
(258.57934500000556, 4934, 532.0, 3900, 2900, 125),
(258.6235489999963, 4935, 532.0, 3900, 2900, 126),
(258.66358399999444, 4936, 532.0, 3900, 2900, 127),
(258.70790300000226, 4937, 532.0, 3900, 2900, 128),
(258.75229899999977, 4938, 532.0, 3900, 2900, 129),
(258.7978330000042, 4939, 532.0, 3900, 2900, 130),
(258.8393570000044, 4940, 532.0, 3900, 2900, 131),
(258.88975400000345, 4941, 532.0, 3900, 2900, 132),
(258.96253600000637, 4942, 532.0, 3900, 2900, 133),
(259.00008199999866, 4943, 532.0, 3900, 2900, 134),
(259.0501199999999, 4944, 532.0, 3900, 2900, 135),
(259.0945700000011, 4945, 532.0, 3900, 2900, 136),
(259.1361509999988, 4946, 532.0, 3900, 2900, 137),
(259.1782519999979, 4947, 532.0, 3900, 2900, 138),
(259.2202410000027, 4948, 532.0, 3900, 2900, 139),
(259.2591669999965, 4949, 532.0, 3900, 2900, 140),
(259.29575099999784, 4950, 532.0, 3900, 2900, 141),
(259.33311399999366, 4951, 532.0, 3900, 2900, 142),
(259.37414299999364, 4952, 532.0, 3900, 2900, 143),
(259.4191600000049, 4953, 532.0, 3900, 2900, 144),
(259.4583430000057, 4954, 532.0, 3900, 2900, 145),
(259.49704400000337, 4955, 532.0, 3900, 2900, 146),
(259.5336879999959, 4956, 532.0, 3900, 2900, 147),
(259.576814, 4957, 532.0, 3900, 2900, 148),
(259.6177779999998, 4958, 532.0, 3900, 2900, 149),
(259.65882599999895, 4959, 532.0, 3900, 2900, 150),
(259.7069699999993, 4960, 532.0, 3900, 2900, 151),
(259.7456930000044, 4961, 532.0, 3900, 2900, 152),
(259.7852799999964, 4962, 531.0, 3900, 3000, 112),
(259.82732199999737, 4963, 531.0, 3900, 3000, 113),
(259.87215500000457, 4964, 531.0, 3900, 3000, 114),
(259.9930849999946, 4966, 531.0, 3900, 3000, 116),
(260.0305320000043, 4967, 531.0, 3900, 3000, 117),
(260.0739639999956, 4968, 531.0, 3900, 3000, 118),
(260.12297900000704, 4969, 531.0, 3900, 3000, 119),
(260.1656409999996, 4970, 531.0, 3900, 3000, 120),
(260.21191699999326, 4971, 531.0, 3900, 3000, 121),
(260.2580949999974, 4972, 531.0, 3900, 3000, 122),
(260.3041369999992, 4973, 531.0, 3900, 3000, 123),
(260.35006599999906, 4974, 531.0, 3900, 3000, 124),
(260.39976499999466, 4975, 531.0, 3900, 3000, 125),
(260.4449869999953, 4976, 531.0, 3900, 3000, 126),
(260.4898930000054, 4977, 531.0, 3900, 3000, 127),
(260.5456279999926, 4978, 531.0, 3900, 3000, 128),
(260.6723139999958, 4980, 531.0, 3900, 3000, 130),
(260.72671499999706, 4981, 531.0, 3900, 3000, 131),
(260.76850799999374, 4982, 531.0, 3900, 3000, 132),
(260.8131069999945, 4983, 531.0, 3900, 3000, 133),
(260.85825900000054, 4984, 531.0, 3900, 3000, 134),
(260.9037390000012, 4985, 531.0, 3900, 3000, 135),
(260.9493999999977, 4986, 531.0, 3900, 3000, 136),
(260.9908710000018, 4987, 531.0, 3900, 3000, 137),
(261.0344049999985, 4988, 531.0, 3900, 3000, 138),
(261.0863859999954, 4989, 531.0, 3900, 3000, 139),
(261.1270439999935, 4990, 531.0, 3900, 3000, 140),
(261.1769570000033, 4991, 531.0, 3900, 3000, 141),
(261.2326570000005, 4992, 531.0, 3900, 3000, 142),
(261.2816230000026, 4993, 531.0, 3900, 3000, 143),
(261.32760899999994, 4994, 531.0, 3900, 3000, 144),
(261.382660999996, 4995, 531.0, 3900, 3000, 145),
(261.4332410000061, 4996, 531.0, 3900, 3000, 146),
(261.47906300000614, 4997, 531.0, 3900, 3000, 147),
(261.52846699999645, 4998, 531.0, 3900, 3000, 148),
(261.57000599999446, 4999, 531.0, 3900, 3000, 149),
(261.61559000000125, 5000, 531.0, 3900, 3000, 150),
(261.65797600000224, 5001, 531.0, 3900, 3000, 151),
(261.7053949999972, 5002, 531.0, 3900, 3000, 152),
(261.7503560000041, 5003, 531.0, 3900, 3000, 113),
(261.79373900000064, 5004, 531.0, 3900, 3000, 114),
(261.9149349999934, 5006, 531.0, 3900, 3000, 116),
(261.95867599999474, 5007, 531.0, 3900, 3000, 117),
(262.0139990000025, 5008, 531.0, 3900, 3000, 118),
(262.05677700000524, 5009, 531.0, 3900, 3000, 119),
(262.1082230000029, 5010, 531.0, 3900, 3000, 120),
(262.1583329999994, 5011, 531.0, 3900, 3000, 121),
(262.20196599999326, 5012, 531.0, 3900, 3000, 122),
(262.2467489999981, 5013, 531.0, 3900, 3000, 123),
(262.28601199999684, 5014, 531.0, 3900, 3000, 124),
(262.32428299999447, 5015, 531.0, 3900, 3000, 125),
(262.3702950000006, 5016, 531.0, 3900, 3000, 126),
(262.41694599999755, 5017, 531.0, 3900, 3000, 127),
(262.4616059999971, 5018, 531.0, 3900, 3000, 128),
(262.5764269999927, 5020, 531.0, 3900, 3000, 130),
(262.6262279999937, 5021, 531.0, 3900, 3000, 131),
(262.6693530000048, 5022, 531.0, 3900, 3000, 132),
(262.71991600000183, 5023, 531.0, 3900, 3000, 133),
(262.76115500000014, 5024, 531.0, 3900, 3000, 134),
(262.8145680000016, 5025, 531.0, 3900, 3000, 135),
(262.867757, 5026, 531.0, 3900, 3000, 136),
(262.9157059999998, 5027, 531.0, 3900, 3000, 137),
(262.9606919999933, 5028, 531.0, 3900, 3000, 138),
(263.00348899999517, 5029, 531.0, 3900, 3000, 139),
(263.0520649999962, 5030, 531.0, 3900, 3000, 140),
(263.0977169999969, 5031, 531.0, 3900, 3000, 141),
(263.148079999999, 5032, 531.0, 3900, 3000, 142),
(263.1930500000017, 5033, 531.0, 3900, 3000, 143),
(263.2362929999945, 5034, 531.0, 3900, 3000, 144),
(263.2760500000004, 5035, 531.0, 3900, 3000, 145),
(263.3212740000017, 5036, 531.0, 3900, 3000, 146),
(263.3672760000045, 5037, 531.0, 3900, 3000, 147),
(263.407349000001, 5038, 531.0, 3900, 3000, 148),
(263.459176999997, 5039, 531.0, 3900, 3000, 149),
(263.5121119999967, 5040, 531.0, 3900, 3000, 150),
(263.55440100000123, 5041, 531.0, 3900, 3000, 151),
(263.597053999998, 5042, 531.0, 3900, 3000, 152),
(263.6367009999958, 5043, 531.0, 3900, 3000, 113),
(263.6842040000047, 5044, 531.0, 3900, 3000, 114),
(263.81137599999784, 5046, 531.0, 3900, 3000, 116),
(263.8543289999943, 5047, 531.0, 3900, 3000, 117),
(263.899424999996, 5048, 531.0, 3900, 3000, 118),
(263.942378000007, 5049, 531.0, 3900, 3000, 119),
(263.9854849999974, 5050, 531.0, 3900, 3000, 120),
(264.0322259999957, 5051, 531.0, 3900, 3000, 121),
(264.08888500000467, 5052, 531.0, 3900, 3000, 122),
(264.13289399999485, 5053, 531.0, 3900, 3000, 123),
(264.18670000000566, 5054, 531.0, 3900, 3000, 124),
(264.23494700000447, 5055, 531.0, 3900, 3000, 125),
(264.27668700000504, 5056, 531.0, 3900, 3000, 126),
(264.3154740000027, 5057, 531.0, 3900, 3000, 127),
(264.3556979999994, 5058, 531.0, 3900, 3000, 128),
(264.4810129999969, 5060, 531.0, 3900, 3000, 130),
(264.5267770000064, 5061, 531.0, 3900, 3000, 131),
(264.57838799999445, 5062, 531.0, 3900, 3000, 132),
(264.62652599999274, 5063, 531.0, 3900, 3000, 133),
(264.6825039999967, 5064, 531.0, 3900, 3000, 134),
(264.7265780000016, 5065, 531.0, 3900, 3000, 135),
(264.7673000000068, 5066, 531.0, 3900, 3000, 136),
(264.80744600000617, 5067, 531.0, 3900, 3000, 137),
(264.85115000000224, 5068, 531.0, 3900, 3000, 138),
(264.8940739999962, 5069, 531.0, 3900, 3000, 139),
(264.93607399999746, 5070, 531.0, 3900, 3000, 140),
(264.97706600000674, 5071, 531.0, 3900, 3000, 141),
(265.0276160000067, 5072, 531.0, 3900, 3000, 142),
(265.0683940000017, 5073, 531.0, 3900, 3000, 143),
(265.11050599999726, 5074, 531.0, 3900, 3000, 144),
(265.15206999999646, 5075, 531.0, 3900, 3000, 145),
(265.2041290000052, 5076, 531.0, 3900, 3000, 146),
(265.26238299999386, 5077, 531.0, 3900, 3000, 147),
(265.3056530000031, 5078, 531.0, 3900, 3000, 148),
(265.34587499999907, 5079, 531.0, 3900, 3000, 149),
(265.3931569999986, 5080, 531.0, 3900, 3000, 150),
(265.4380450000026, 5081, 531.0, 3900, 3000, 151),
(265.4872100000066, 5082, 531.0, 3900, 3000, 152),
(265.53492299999925, 5083, 531.0, 3900, 3100, 112),
(265.5820410000015, 5084, 531.0, 3900, 3100, 113),
(265.6202340000018, 5085, 531.0, 3900, 3100, 114),
(265.65956699999515, 5086, 531.0, 3900, 3100, 115),
(265.7015309999988, 5087, 531.0, 3900, 3100, 116),
(265.74530300000333, 5088, 531.0, 3900, 3100, 117),
(265.7880989999976, 5089, 531.0, 3900, 3100, 118),
(265.8332939999964, 5090, 531.0, 3900, 3100, 119),
(265.8823030000058, 5091, 531.0, 3900, 3100, 120),
(265.92672299999685, 5092, 531.0, 3900, 3100, 121),
(265.9692689999938, 5093, 531.0, 3900, 3100, 122),
(266.0071619999944, 5094, 531.0, 3900, 3100, 123),
(266.05498899999657, 5095, 531.0, 3900, 3100, 124),
(266.09952299999713, 5096, 531.0, 3900, 3100, 125),
(266.13846499999636, 5097, 531.0, 3900, 3100, 126),
(266.18103300000075, 5098, 531.0, 3900, 3100, 127),
(266.23163199999544, 5099, 531.0, 3900, 3100, 128),
(266.28797699999996, 5100, 531.0, 3900, 3100, 129),
(266.341213000007, 5101, 531.0, 3900, 3100, 130),
(266.39597300000605, 5102, 531.0, 3900, 3100, 131),
(266.44726499999524, 5103, 531.0, 3900, 3100, 132),
(266.50028799999563, 5104, 531.0, 3900, 3100, 133),
(266.5481909999944, 5105, 531.0, 3900, 3100, 134),
(266.59855999999854, 5106, 531.0, 3900, 3100, 135),
(266.64458999999624, 5107, 531.0, 3900, 3100, 136),
(266.68961899999704, 5108, 531.0, 3900, 3100, 137),
(266.7280690000043, 5109, 531.0, 3900, 3100, 138),
(266.76493299999856, 5110, 531.0, 3900, 3100, 139),
(266.81210100000317, 5111, 531.0, 3900, 3100, 140),
(266.85905400000047, 5112, 531.0, 3900, 3100, 141),
(266.91354500000307, 5113, 531.0, 3900, 3100, 142),
(266.97615499999665, 5114, 531.0, 3900, 3100, 143),
(267.0207189999928, 5115, 531.0, 3900, 3100, 144),
(267.0905650000059, 5116, 531.0, 3900, 3100, 145),
(267.1448709999968, 5117, 531.0, 3900, 3100, 146),
(267.1949980000063, 5118, 531.0, 3900, 3100, 147),
(267.237122999999, 5119, 531.0, 3900, 3100, 148),
(267.27990700000373, 5120, 531.0, 3900, 3100, 149),
(267.32166800000414, 5121, 531.0, 3900, 3100, 150),
(267.38214499999594, 5122, 531.0, 3900, 3100, 151),
(267.4283480000013, 5123, 531.0, 3900, 3100, 152),
(267.4729079999961, 5124, 531.0, 3900, 3100, 113),
(267.51372000000265, 5125, 531.0, 3900, 3100, 114),
(267.55106800000067, 5126, 531.0, 3900, 3100, 115),
(267.5919439999998, 5127, 531.0, 3900, 3100, 116),
(267.6315409999952, 5128, 531.0, 3900, 3100, 117),
(267.67244599999685, 5129, 531.0, 3900, 3100, 118),
(267.732222000006, 5130, 531.0, 3900, 3100, 119),
(267.81214300000283, 5131, 531.0, 3900, 3100, 120),
(267.8476579999988, 5132, 531.0, 3900, 3100, 121),
(267.88261200000125, 5133, 531.0, 3900, 3100, 122),
(267.93617699999595, 5134, 531.0, 3900, 3100, 123),
(267.9920240000065, 5135, 531.0, 3900, 3100, 124),
(268.04253900000185, 5136, 531.0, 3900, 3100, 125),
(268.10309000000416, 5137, 531.0, 3900, 3100, 126),
(268.1494550000061, 5138, 531.0, 3900, 3100, 127),
(268.190969999996, 5139, 531.0, 3900, 3100, 128),
(268.22988100000657, 5140, 531.0, 3900, 3100, 129),
(268.27294399999664, 5141, 531.0, 3900, 3100, 130),
(268.3139680000022, 5142, 531.0, 3900, 3100, 131),
(268.3587209999969, 5143, 531.0, 3900, 3100, 132),
(268.4131599999964, 5144, 531.0, 3900, 3100, 133),
(268.46087799999805, 5145, 531.0, 3900, 3100, 134),
(268.5096740000008, 5146, 531.0, 3900, 3100, 135),
(268.56086699999287, 5147, 531.0, 3900, 3100, 136),
(268.6086389999982, 5148, 531.0, 3900, 3100, 137),
(268.64718800000264, 5149, 531.0, 3900, 3100, 138),
(268.6901070000022, 5150, 531.0, 3900, 3100, 139),
(268.7325270000001, 5151, 531.0, 3900, 3100, 140),
(268.77357699999993, 5152, 531.0, 3900, 3100, 141),
(268.816823000001, 5153, 531.0, 3900, 3100, 142),
(268.8777439999976, 5154, 531.0, 3900, 3100, 143),
(268.932925000001, 5155, 531.0, 3900, 3100, 144),
(268.9840350000013, 5156, 531.0, 3900, 3100, 145),
(269.0224690000032, 5157, 531.0, 3900, 3100, 146),
(269.0751420000015, 5158, 531.0, 3900, 3100, 147),
(269.1300029999984, 5159, 531.0, 3900, 3100, 148),
(269.1713170000003, 5160, 531.0, 3900, 3100, 149),
(269.21936899999855, 5161, 531.0, 3900, 3100, 150),
(269.26973899999575, 5162, 531.0, 3900, 3100, 151),
(269.32687999999325, 5163, 531.0, 3900, 3100, 152),
(269.3797970000014, 5164, 531.0, 3900, 3100, 113),
(269.4305369999929, 5165, 531.0, 3900, 3100, 114),
(269.46982600000047, 5166, 531.0, 3900, 3100, 115),
(269.5166579999932, 5167, 531.0, 3900, 3100, 116),
(269.56342900000163, 5168, 531.0, 3900, 3100, 117),
(269.619028000001, 5169, 531.0, 3900, 3100, 118),
(269.67883900000015, 5170, 531.0, 3900, 3100, 119),
(269.7280049999972, 5171, 531.0, 3900, 3100, 120),
(269.7735149999935, 5172, 531.0, 3900, 3100, 121),
(269.82217699999455, 5173, 531.0, 3900, 3100, 122),
(269.8648189999949, 5174, 531.0, 3900, 3100, 123),
(269.92474600000423, 5175, 531.0, 3900, 3100, 124),
(269.97697699999844, 5176, 531.0, 3900, 3100, 125),
(270.0328290000034, 5177, 531.0, 3900, 3100, 126),
(270.08633499999996, 5178, 531.0, 3900, 3100, 127),
(270.13695000000007, 5179, 531.0, 3900, 3100, 128),
(270.19296499999473, 5180, 531.0, 3900, 3100, 129),
(270.23630299999786, 5181, 531.0, 3900, 3100, 130),
(270.30421800000477, 5182, 531.0, 3900, 3100, 131),
(270.38864000000467, 5183, 531.0, 3900, 3100, 132),
(270.42602199999965, 5184, 531.0, 3900, 3100, 133),
(270.46764400000393, 5185, 531.0, 3900, 3100, 134),
(270.50856000000203, 5186, 531.0, 3900, 3100, 135),
(270.54918600000383, 5187, 531.0, 3900, 3100, 136),
(270.5933890000015, 5188, 531.0, 3900, 3100, 137),
(270.6397520000028, 5189, 531.0, 3900, 3100, 138),
(270.6818670000066, 5190, 531.0, 3900, 3100, 139),
(270.7311820000032, 5191, 531.0, 3900, 3100, 140),
(270.78238299999794, 5192, 531.0, 3900, 3100, 141),
(270.829991000006, 5193, 531.0, 3900, 3100, 142),
(270.873259999993, 5194, 531.0, 3900, 3100, 143),
(270.91315300000133, 5195, 531.0, 3900, 3100, 144),
(270.9559880000015, 5196, 531.0, 3900, 3100, 145),
(271.0021359999955, 5197, 531.0, 3900, 3100, 146),
(271.04525300000387, 5198, 531.0, 3900, 3100, 147),
(271.09712500000023, 5199, 531.0, 3900, 3100, 148),
(271.1394250000012, 5200, 531.0, 3900, 3100, 149),
(271.1819950000063, 5201, 531.0, 3900, 3100, 150),
(271.23642899999686, 5202, 531.0, 3900, 3100, 151),
(271.2765999999974, 5203, 531.0, 3900, 3100, 152),
(271.315128000002, 5204, 531.0, 3900, 3200, 112),
(271.35805199999595, 5205, 531.0, 3900, 3200, 113),
(271.4037649999955, 5206, 531.0, 3900, 3200, 114),
(271.4539119999972, 5207, 531.0, 3900, 3200, 115),
(271.5087559999956, 5208, 531.0, 3900, 3200, 116),
(271.56085500000336, 5209, 531.0, 3900, 3200, 117),
(271.60448700000416, 5210, 531.0, 3900, 3200, 118),
(271.6461299999937, 5211, 531.0, 3900, 3200, 119),
(271.68605400000524, 5212, 531.0, 3900, 3200, 120),
(271.732845999999, 5213, 531.0, 3900, 3200, 121),
(271.774099000002, 5214, 531.0, 3900, 3200, 122),
(271.8305939999991, 5215, 531.0, 3900, 3200, 123),
(271.87887899999623, 5216, 531.0, 3900, 3200, 124),
(271.92105200000515, 5217, 531.0, 3900, 3200, 125),
(271.9624929999991, 5218, 531.0, 3900, 3200, 126),
(272.0018479999999, 5219, 531.0, 3900, 3200, 127),
(272.05144900000596, 5220, 531.0, 3900, 3200, 128),
(272.09872599999653, 5221, 531.0, 3900, 3200, 129),
(272.1469300000026, 5222, 531.0, 3900, 3200, 130),
(272.1914609999949, 5223, 531.0, 3900, 3200, 131),
(272.23745699999563, 5224, 531.0, 3900, 3200, 132),
(272.2803419999982, 5225, 531.0, 3900, 3200, 133),
(272.31720700000005, 5226, 531.0, 3900, 3200, 134),
(272.3721179999993, 5227, 531.0, 3900, 3200, 135),
(272.41781600000104, 5228, 531.0, 3900, 3200, 136),
(272.4580169999972, 5229, 531.0, 3900, 3200, 137),
(272.50257700000657, 5230, 531.0, 3900, 3200, 138),
(272.54527800000506, 5231, 531.0, 3900, 3200, 139),
(272.5902159999969, 5232, 531.0, 3900, 3200, 140),
(272.6342710000026, 5233, 531.0, 3900, 3200, 141),
(272.67419900000095, 5234, 531.0, 3900, 3200, 142),
(272.71665299999586, 5235, 531.0, 3900, 3200, 143),
(272.7598449999932, 5236, 531.0, 3900, 3200, 144),
(272.80221500000334, 5237, 531.0, 3900, 3200, 145),
(272.8406709999981, 5238, 531.0, 3900, 3200, 146),
(272.8964200000046, 5239, 531.0, 3900, 3200, 147),
(272.9407000000065, 5240, 531.0, 3900, 3200, 148),
(272.9839389999979, 5241, 531.0, 3900, 3200, 149),
(273.03881199999887, 5242, 531.0, 3900, 3200, 150),
(273.0812440000009, 5243, 531.0, 3900, 3200, 151),
(273.12782100000186, 5244, 531.0, 3900, 3200, 152),
(273.1741489999986, 5245, 531.0, 3900, 3200, 113),
(273.2157270000025, 5246, 531.0, 3900, 3200, 114),
(273.2589869999938, 5247, 531.0, 3900, 3200, 115),
(273.3030629999994, 5248, 531.0, 3900, 3200, 116),
(273.3443600000028, 5249, 531.0, 3900, 3200, 117),
(273.3941130000021, 5250, 531.0, 3900, 3200, 118),
(273.4359720000066, 5251, 531.0, 3900, 3200, 119),
(273.4835250000033, 5252, 531.0, 3900, 3200, 120),
(273.5316409999941, 5253, 531.0, 3900, 3200, 121),
(273.5809040000022, 5254, 531.0, 3900, 3200, 122),
(273.62586299999384, 5255, 531.0, 3900, 3200, 123),
(273.67208999999275, 5256, 531.0, 3900, 3200, 124),
(273.7198300000018, 5257, 531.0, 3900, 3200, 125),
(273.7683180000022, 5258, 531.0, 3900, 3200, 126),
(273.8340940000053, 5259, 531.0, 3900, 3200, 127),
(273.88265899999533, 5260, 531.0, 3900, 3200, 128),
(273.9266809999972, 5261, 531.0, 3900, 3200, 129),
(273.97668999999587, 5262, 531.0, 3900, 3200, 130),
(274.0247539999982, 5263, 531.0, 3900, 3200, 131),
(274.07096199999796, 5264, 531.0, 3900, 3200, 132),
(274.11341599999287, 5265, 531.0, 3900, 3200, 133),
(274.1558159999986, 5266, 531.0, 3900, 3200, 134),
(274.19687899999553, 5267, 531.0, 3900, 3200, 135),
(274.2510509999993, 5268, 531.0, 3900, 3200, 136),
(274.31015900000057, 5269, 531.0, 3900, 3200, 137),
(274.3545659999945, 5270, 531.0, 3900, 3200, 138),
(274.39434299999266, 5271, 531.0, 3900, 3200, 139),
(274.43573599999945, 5272, 531.0, 3900, 3200, 140),
(274.4847330000048, 5273, 531.0, 3900, 3200, 141),
(274.53615600000194, 5274, 531.0, 3900, 3200, 142),
(274.5864359999978, 5275, 531.0, 3900, 3200, 143),
(274.6276349999971, 5276, 531.0, 3900, 3200, 144),
(274.6775250000064, 5277, 531.0, 3900, 3200, 145),
(274.7352910000045, 5278, 531.0, 3900, 3200, 146),
(274.7819759999984, 5279, 531.0, 3900, 3200, 147),
(274.83188399999926, 5280, 531.0, 3900, 3200, 148),
(274.87396899999294, 5281, 531.0, 3900, 3200, 149),
(274.92732400000386, 5282, 531.0, 3900, 3200, 150),
(274.9759749999939, 5283, 531.0, 3900, 3200, 151),
(275.028158000001, 5284, 531.0, 3900, 3200, 152),
(275.07013199999346, 5285, 531.0, 3900, 3200, 113),
(275.113943999997, 5286, 531.0, 3900, 3200, 114),
(275.15937900000426, 5287, 531.0, 3900, 3200, 115),
(275.2057360000035, 5288, 531.0, 3900, 3200, 116),
(275.2517030000017, 5289, 531.0, 3900, 3200, 117),
(275.3024839999998, 5290, 531.0, 3900, 3200, 118),
(275.35507700000016, 5291, 531.0, 3900, 3200, 119),
(275.39661799999885, 5292, 531.0, 3900, 3200, 120),
(275.43970499999705, 5293, 531.0, 3900, 3200, 121),
(275.48416700000234, 5294, 531.0, 3900, 3200, 122),
(275.5271470000007, 5295, 531.0, 3900, 3200, 123),
(275.5707989999937, 5296, 531.0, 3900, 3200, 124),
(275.6124819999968, 5297, 531.0, 3900, 3200, 125),
(275.65743900000234, 5298, 531.0, 3900, 3200, 126),
(275.7081739999994, 5299, 531.0, 3900, 3200, 127),
(275.74559099999897, 5300, 531.0, 3900, 3200, 128),
(275.7923659999942, 5301, 531.0, 3900, 3200, 129),
(275.83812800000305, 5302, 531.0, 3900, 3200, 130),
(275.8853309999977, 5303, 531.0, 3900, 3200, 131),
(275.93470399999933, 5304, 531.0, 3900, 3200, 132),
(275.98364999999467, 5305, 531.0, 3900, 3200, 133),
(276.04423499999393, 5306, 531.0, 3900, 3200, 134),
(276.09674500000256, 5307, 531.0, 3900, 3200, 135),
(276.15303099999437, 5308, 531.0, 3900, 3200, 136),
(276.20115399999486, 5309, 531.0, 3900, 3200, 137),
(276.2433080000046, 5310, 531.0, 3900, 3200, 138),
(276.2913450000051, 5311, 531.0, 3900, 3200, 139),
(276.33968799999275, 5312, 531.0, 3900, 3200, 140),
(276.3892530000012, 5313, 531.0, 3900, 3200, 141),
(276.43378700000176, 5314, 531.0, 3900, 3200, 142),
(276.47955800000636, 5315, 531.0, 3900, 3200, 143),
(276.5368829999934, 5316, 531.0, 3900, 3200, 144),
(276.5839319999941, 5317, 531.0, 3900, 3200, 145),
(276.6318920000049, 5318, 531.0, 3900, 3200, 146),
(276.68898900000204, 5319, 531.0, 3900, 3200, 147),
(276.73996599999373, 5320, 531.0, 3900, 3200, 148),
(276.7858969999943, 5321, 531.0, 3900, 3200, 149),
(276.8376750000025, 5322, 531.0, 3900, 3200, 150),
(276.8837449999992, 5323, 531.0, 3900, 3200, 151),
(276.9269950000016, 5324, 531.0, 3900, 3200, 152),
(276.9720379999926, 5325, 531.0, 4300, 2000, 112),
(277.01839699999255, 5326, 531.0, 4300, 2000, 113),
(284.96454800000356, 5331, 555.0, 4300, 2000, 118),
(285.06542899999477, 5333, 531.0, 4300, 2000, 120),
(285.10701900000277, 5334, 531.0, 4300, 2000, 121),
(285.1497459999955, 5335, 531.0, 4300, 2000, 122),
(292.89735199999996, 5338, 531.0, 4300, 2000, 125),
(293.00848800000676, 5340, 531.0, 4300, 2000, 127),
(300.9362129999936, 5345, 550.0, 4300, 2000, 132),
(301.06672600000456, 5347, 531.0, 4300, 2000, 134),
(301.1132829999988, 5348, 531.0, 4300, 2000, 135),
(301.1572449999949, 5349, 531.0, 4300, 2000, 136),
(309.01690800000506, 5352, 531.0, 4300, 2000, 139),
(316.9000059999962, 5355, 531.0, 4300, 2000, 142),
(316.9573369999998, 5356, 531.0, 4300, 2000, 143),
(317.00374600000214, 5357, 531.0, 4300, 2000, 144),
(324.864579999994, 5360, 531.0, 4300, 2000, 147),
(324.91207900000154, 5361, 283.0, 4300, 2000, 148),
(324.95619100000476, 5362, 531.0, 4300, 2000, 149),
(332.72844000000623, 5365, 534.0, 4300, 2000, 152),
(332.7695329999988, 5366, 531.0, 4300, 2000, 113),
(340.6367989999999, 5371, 555.0, 4300, 2000, 118),
(340.74570099999255, 5373, 531.0, 4300, 2000, 120),
(340.7964619999984, 5374, 531.0, 4300, 2000, 121),
(340.84632799999963, 5375, 531.0, 4300, 2000, 122),
(348.6259690000006, 5378, 531.0, 4300, 2000, 125),
(348.7352019999962, 5380, 531.0, 4300, 2000, 127),
(356.784216, 5387, 531.0, 4300, 2000, 134),
(356.8290410000045, 5388, 531.0, 4300, 2000, 135),
(356.8788670000067, 5389, 531.0, 4300, 2000, 136),
(364.65904300000693, 5392, 531.0, 4300, 2000, 139),
(372.4966810000042, 5395, 531.0, 4300, 2000, 142),
(372.540221999996, 5396, 531.0, 4300, 2000, 143),
(372.5833019999991, 5397, 531.0, 4300, 2000, 144),
(380.3768479999999, 5400, 531.0, 4300, 2000, 147),
(380.42127200000687, 5401, 283.0, 4300, 2000, 148),
(380.46518600000127, 5402, 531.0, 4300, 2000, 149),
(388.2594640000025, 5405, 534.0, 4300, 2000, 152),
(388.3002739999938, 5406, 531.0, 4300, 2000, 113),
(396.1979900000006, 5411, 555.0, 4300, 2000, 118),
(396.29662900000403, 5413, 531.0, 4300, 2000, 120),
(396.3360870000033, 5414, 531.0, 4300, 2000, 121),
(396.37731399999757, 5415, 531.0, 4300, 2000, 122),
(404.09243499999866, 5418, 531.0, 4300, 2000, 125),
(404.2080120000028, 5420, 531.0, 4300, 2000, 127),
(412.2129069999937, 5425, 550.0, 4300, 2000, 132),
(412.3356429999985, 5427, 531.0, 4300, 2000, 134),
(412.3743050000048, 5428, 531.0, 4300, 2000, 135),
(412.4315959999949, 5429, 531.0, 4300, 2000, 136),
(420.4499280000018, 5432, 531.0, 4300, 2000, 139),
(428.2376970000041, 5435, 531.0, 4300, 2000, 142),
(428.27974600000016, 5436, 531.0, 4300, 2000, 143),
(428.3200070000021, 5437, 531.0, 4300, 2000, 144),
(436.1732880000054, 5440, 531.0, 4300, 2000, 147),
(436.2145540000056, 5441, 283.0, 4300, 2000, 148),
(436.2654860000039, 5442, 531.0, 4300, 2000, 149),
(444.1220389999944, 5445, 534.0, 4300, 2000, 152),
(444.17059500000323, 5446, 532.0, 4300, 2400, 112),
(460.0241410000017, 5455, 531.0, 4300, 2400, 121),
(460.0684060000058, 5456, 533.0, 4300, 2400, 122),
(460.3726150000002, 5459, 529.0, 4300, 2400, 125),
(475.88284700000077, 5465, 536.0, 4300, 2400, 131),
(475.92250400000194, 5466, 612.0, 4300, 2400, 132),
(484.08431500000006, 5469, 531.0, 4300, 2400, 135),
(484.1362189999927, 5470, 533.0, 4300, 2400, 136),
(484.2518060000002, 5472, 531.0, 4300, 2400, 138),
(484.58181499999773, 5476, 588.0, 4300, 2400, 142),
(492.1520290000044, 5477, 531.0, 4300, 2400, 143),
(492.1937800000014, 5478, 533.0, 4300, 2400, 144),
(500.1287869999942, 5482, 283.0, 4300, 2400, 148),
(516.1204100000032, 5495, 531.0, 4300, 2400, 121),
(516.1616530000028, 5496, 533.0, 4300, 2400, 122),
(516.4306179999985, 5499, 529.0, 4300, 2400, 125),
(531.930296999999, 5505, 536.0, 4300, 2400, 131),
(531.9770330000028, 5506, 612.0, 4300, 2400, 132),
(539.7824490000057, 5509, 531.0, 4300, 2400, 135),
(539.8237800000061, 5510, 533.0, 4300, 2400, 136),
(539.9402149999951, 5512, 531.0, 4300, 2400, 138),
(540.2668359999952, 5516, 588.0, 4300, 2400, 142),
(547.9015840000066, 5517, 531.0, 4300, 2400, 143),
(547.954826000001, 5518, 533.0, 4300, 2400, 144),
(555.8361319999967, 5522, 283.0, 4300, 2400, 148),
(579.5567960000044, 5535, 531.0, 4300, 2400, 121),
(579.6061069999996, 5536, 533.0, 4300, 2400, 122),
(579.8589990000037, 5539, 529.0, 4300, 2400, 125),
(595.3785179999977, 5545, 536.0, 4300, 2400, 131),
(595.4224720000057, 5546, 612.0, 4300, 2400, 132),
(603.3549479999929, 5549, 531.0, 4300, 2400, 135),
(603.4016129999945, 5550, 533.0, 4300, 2400, 136),
(603.5112510000035, 5552, 533.0, 4300, 2400, 138),
(603.8350320000027, 5556, 588.0, 4300, 2400, 142),
(611.4477780000016, 5557, 531.0, 4300, 2400, 143),
(611.4936359999992, 5558, 533.0, 4300, 2400, 144),
(619.415221999996, 5562, 283.0, 4300, 2400, 148),
(627.3874309999956, 5567, 531.0, 4300, 2800, 112),
(627.4294249999948, 5568, 531.0, 4300, 2800, 113),
(627.5356210000027, 5570, 549.0, 4300, 2800, 115),
(627.7311079999927, 5573, 531.0, 4300, 2800, 118),
(627.8678039999941, 5575, 531.0, 4300, 2800, 120),
(627.9093790000043, 5576, 531.0, 4300, 2800, 121),
(627.956044999999, 5577, 531.0, 4300, 2800, 122),
(628.1991960000014, 5581, 531.0, 4300, 2800, 126),
(628.2473290000053, 5582, 531.0, 4300, 2800, 127),
(628.3681420000066, 5584, 548.0, 4300, 2800, 129),
(628.5601619999943, 5587, 531.0, 4300, 2800, 132),
(628.719723999995, 5590, 531.0, 4300, 2800, 135),
(628.7597720000049, 5591, 531.0, 4300, 2800, 136),
(628.9002340000006, 5593, 284.0, 4300, 2800, 138),
(628.9610260000045, 5594, 531.0, 4300, 2800, 139),
(629.2306559999997, 5598, 531.0, 4300, 2800, 143),
(629.277814999994, 5599, 531.0, 4300, 2800, 144),
(629.5370350000012, 5603, 531.0, 4300, 2800, 148),
(629.5954530000017, 5604, 531.0, 4300, 2800, 149),
(629.7292619999935, 5606, 284.0, 4300, 2800, 151),
(629.769260999994, 5607, 531.0, 4300, 2800, 152),
(629.8227250000054, 5608, 531.0, 4300, 2800, 113),
(629.9175309999991, 5610, 549.0, 4300, 2800, 115),
(630.0760370000062, 5613, 531.0, 4300, 2800, 118),
(630.2439299999969, 5616, 531.0, 4300, 2800, 121),
(630.2893449999974, 5617, 531.0, 4300, 2800, 122),
(630.515419000003, 5621, 531.0, 4300, 2800, 126),
(630.5558569999994, 5622, 531.0, 4300, 2800, 127),
(630.6700359999959, 5624, 548.0, 4300, 2800, 129),
(630.8457760000019, 5627, 531.0, 4300, 2800, 132),
(631.0081459999928, 5630, 531.0, 4300, 2800, 135),
(631.0527639999927, 5631, 531.0, 4300, 2800, 136),
(631.1546919999964, 5633, 284.0, 4300, 2800, 138),
(631.1959449999995, 5634, 531.0, 4300, 2800, 139),
(631.4292940000014, 5638, 531.0, 4300, 2800, 143),
(631.4714450000029, 5639, 531.0, 4300, 2800, 144),
(631.7408679999935, 5643, 531.0, 4300, 2800, 148),
(631.8040270000056, 5644, 531.0, 4300, 2800, 149),
(631.9135340000066, 5646, 284.0, 4300, 2800, 151),
(631.9503390000027, 5647, 531.0, 4300, 2800, 152),
(631.988492000004, 5648, 531.0, 4300, 2800, 113),
(632.0899530000024, 5650, 549.0, 4300, 2800, 115),
(632.3031690000062, 5653, 531.0, 4300, 2800, 118),
(632.4195769999933, 5655, 531.0, 4300, 2800, 120),
(632.4714019999956, 5656, 531.0, 4300, 2800, 121),
(632.5187089999963, 5657, 531.0, 4300, 2800, 122),
(632.7777199999982, 5661, 531.0, 4300, 2800, 126),
(632.8236270000052, 5662, 531.0, 4300, 2800, 127),
(632.9343899999949, 5664, 548.0, 4300, 2800, 129),
(633.1822740000061, 5667, 531.0, 4300, 2800, 132),
(633.3703720000049, 5670, 531.0, 4300, 2800, 135),
(633.4206850000046, 5671, 531.0, 4300, 2800, 136),
(633.5299289999966, 5673, 284.0, 4300, 2800, 138),
(633.5818909999944, 5674, 531.0, 4300, 2800, 139),
(633.867717999994, 5678, 531.0, 4300, 2800, 143),
(633.9294249999948, 5679, 531.0, 4300, 2800, 144),
(634.0422709999984, 5681, 611.0, 4300, 2800, 146),
(634.1823500000028, 5683, 531.0, 4300, 2800, 148),
(634.2312289999973, 5684, 531.0, 4300, 2800, 149),
(634.3504870000033, 5686, 284.0, 4300, 2800, 151),
(634.3914400000067, 5687, 531.0, 4300, 2800, 152),
(634.4511769999954, 5688, 531.0, 4300, 3200, 112),
(634.5094499999977, 5689, 531.0, 4300, 3200, 113),
(634.5561820000003, 5690, 531.0, 4300, 3200, 114),
(634.606878000006, 5691, 531.0, 4300, 3200, 115),
(634.6571629999962, 5692, 531.0, 4300, 3200, 116),
(634.6980590000021, 5693, 531.0, 4300, 3200, 117),
(634.7519849999953, 5694, 531.0, 4300, 3200, 118),
(634.791320999997, 5695, 531.0, 4300, 3200, 119),
(634.8358819999994, 5696, 531.0, 4300, 3200, 120),
(634.8773610000062, 5697, 531.0, 4300, 3200, 121),
(634.9332220000069, 5698, 531.0, 4300, 3200, 122),
(634.9909889999981, 5699, 531.0, 4300, 3200, 123),
(635.0280789999961, 5700, 531.0, 4300, 3200, 124),
(635.0744459999987, 5701, 531.0, 4300, 3200, 125),
(635.1132660000003, 5702, 531.0, 4300, 3200, 126),
(635.1593569999968, 5703, 531.0, 4300, 3200, 127),
(635.2090150000004, 5704, 531.0, 4300, 3200, 128),
(635.2543739999965, 5705, 531.0, 4300, 3200, 129),
(635.3072539999994, 5706, 531.0, 4300, 3200, 130),
(635.3606219999929, 5707, 531.0, 4300, 3200, 131),
(635.4077070000058, 5708, 531.0, 4300, 3200, 132),
(635.4534699999931, 5709, 531.0, 4300, 3200, 133),
(635.4986910000007, 5710, 531.0, 4300, 3200, 134),
(635.538858999993, 5711, 531.0, 4300, 3200, 135),
(635.5850199999986, 5712, 531.0, 4300, 3200, 136),
(635.6372940000001, 5713, 531.0, 4300, 3200, 137),
(635.6852990000043, 5714, 531.0, 4300, 3200, 138),
(635.731316999998, 5715, 531.0, 4300, 3200, 139),
(635.7747070000041, 5716, 531.0, 4300, 3200, 140),
(635.8179709999968, 5717, 531.0, 4300, 3200, 141),
(635.8669360000058, 5718, 531.0, 4300, 3200, 142),
(635.9083640000026, 5719, 531.0, 4300, 3200, 143),
(635.9500529999932, 5720, 531.0, 4300, 3200, 144),
(635.9935839999962, 5721, 531.0, 4300, 3200, 145),
(636.0356100000063, 5722, 531.0, 4300, 3200, 146),
(636.086605000004, 5723, 531.0, 4300, 3200, 147),
(636.1308540000027, 5724, 531.0, 4300, 3200, 148),
(636.1754450000008, 5725, 531.0, 4300, 3200, 149),
(636.2214629999944, 5726, 531.0, 4300, 3200, 150),
(636.2697480000061, 5727, 531.0, 4300, 3200, 151),
(636.3126449999982, 5728, 531.0, 4300, 3200, 152),
(636.3634599999932, 5729, 531.0, 4300, 3200, 113),
(636.4056580000033, 5730, 531.0, 4300, 3200, 114),
(636.4504129999987, 5731, 531.0, 4300, 3200, 115),
(636.489849000005, 5732, 531.0, 4300, 3200, 116),
(636.5282480000023, 5733, 531.0, 4300, 3200, 117),
(636.5695629999973, 5734, 531.0, 4300, 3200, 118),
(636.6087299999926, 5735, 531.0, 4300, 3200, 119),
(636.6712189999962, 5736, 531.0, 4300, 3200, 120),
(636.7164060000068, 5737, 531.0, 4300, 3200, 121),
(636.7594629999949, 5738, 531.0, 4300, 3200, 122),
(636.8020930000057, 5739, 531.0, 4300, 3200, 123),
(636.8629539999965, 5740, 531.0, 4300, 3200, 124),
(636.9074249999976, 5741, 531.0, 4300, 3200, 125),
(636.9446949999983, 5742, 531.0, 4300, 3200, 126),
(636.9860909999989, 5743, 531.0, 4300, 3200, 127),
(637.0269750000007, 5744, 531.0, 4300, 3200, 128),
(637.0641329999926, 5745, 531.0, 4300, 3200, 129),
(637.1075730000011, 5746, 531.0, 4300, 3200, 130),
(637.1516949999932, 5747, 531.0, 4300, 3200, 131),
(637.1924020000006, 5748, 531.0, 4300, 3200, 132),
(637.2340580000018, 5749, 531.0, 4300, 3200, 133),
(637.2766770000017, 5750, 531.0, 4300, 3200, 134),
(637.3198220000049, 5751, 531.0, 4300, 3200, 135),
(637.3709990000061, 5752, 531.0, 4300, 3200, 136),
(637.4119499999942, 5753, 531.0, 4300, 3200, 137),
(637.464856999999, 5754, 531.0, 4300, 3200, 138),
(637.5102130000014, 5755, 531.0, 4300, 3200, 139),
(637.5613080000039, 5756, 531.0, 4300, 3200, 140),
(637.6113069999992, 5757, 531.0, 4300, 3200, 141),
(637.6534539999993, 5758, 531.0, 4300, 3200, 142),
(637.7018550000066, 5759, 531.0, 4300, 3200, 143),
(637.747921999995, 5760, 531.0, 4300, 3200, 144),
(637.7910859999974, 5761, 531.0, 4300, 3200, 145),
(637.8373670000001, 5762, 531.0, 4300, 3200, 146),
(637.8775999999925, 5763, 531.0, 4300, 3200, 147),
(637.9192489999987, 5764, 531.0, 4300, 3200, 148),
(637.9629109999951, 5765, 531.0, 4300, 3200, 149),
(638.0124340000039, 5766, 531.0, 4300, 3200, 150),
(638.0595630000025, 5767, 531.0, 4300, 3200, 151),
(638.1036690000037, 5768, 531.0, 4300, 3200, 152),
(638.1488379999937, 5769, 531.0, 4300, 3200, 113),
(638.1991479999997, 5770, 531.0, 4300, 3200, 114),
(638.2437230000069, 5771, 531.0, 4300, 3200, 115),
(638.286626000001, 5772, 531.0, 4300, 3200, 116),
(638.3259439999965, 5773, 531.0, 4300, 3200, 117),
(638.3712879999948, 5774, 531.0, 4300, 3200, 118),
(638.4121770000056, 5775, 531.0, 4300, 3200, 119),
(638.4536550000048, 5776, 531.0, 4300, 3200, 120),
(638.497377000007, 5777, 531.0, 4300, 3200, 121),
(638.551833999998, 5778, 531.0, 4300, 3200, 122),
(638.6003659999988, 5779, 531.0, 4300, 3200, 123),
(638.6560170000012, 5780, 531.0, 4300, 3200, 124),
(638.7081920000055, 5781, 531.0, 4300, 3200, 125),
(638.7495579999959, 5782, 531.0, 4300, 3200, 126),
(638.7874980000051, 5783, 531.0, 4300, 3200, 127),
(638.833037999997, 5784, 531.0, 4300, 3200, 128),
(638.8801579999999, 5785, 531.0, 4300, 3200, 129),
(638.9250690000044, 5786, 531.0, 4300, 3200, 130),
(638.9663489999948, 5787, 531.0, 4300, 3200, 131),
(639.0135960000043, 5788, 531.0, 4300, 3200, 132),
(639.0559490000014, 5789, 531.0, 4300, 3200, 133),
(639.1024270000053, 5790, 531.0, 4300, 3200, 134),
(639.1470580000023, 5791, 531.0, 4300, 3200, 135),
(639.1891570000007, 5792, 531.0, 4300, 3200, 136),
(639.2513250000047, 5793, 531.0, 4300, 3200, 137),
(639.2988080000068, 5794, 531.0, 4300, 3200, 138),
(639.3374290000065, 5795, 531.0, 4300, 3200, 139),
(639.3766599999944, 5796, 531.0, 4300, 3200, 140),
(639.4175099999993, 5797, 531.0, 4300, 3200, 141),
(639.4592770000017, 5798, 531.0, 4300, 3200, 142),
(639.5079450000048, 5799, 531.0, 4300, 3200, 143),
(639.5467099999951, 5800, 531.0, 4300, 3200, 144),
(639.591711999994, 5801, 531.0, 4300, 3200, 145),
(639.6480509999965, 5802, 531.0, 4300, 3200, 146),
(639.6879320000007, 5803, 531.0, 4300, 3200, 147),
(639.7270160000044, 5804, 531.0, 4300, 3200, 148),
(639.7755750000069, 5805, 531.0, 4300, 3200, 149),
(639.8254659999948, 5806, 531.0, 4300, 3200, 150),
(639.8661290000018, 5807, 531.0, 4300, 3200, 151),
(639.9204570000002, 5808, 531.0, 4300, 3200, 152),
(639.9605290000036, 5809, 532.0, 4300, 2200, 112),
(640.0207809999993, 5810, 532.0, 4300, 2200, 113),
(640.0715840000048, 5811, 532.0, 4300, 2200, 114),
(640.1344079999981, 5812, 532.0, 4300, 2200, 115),
(640.1907300000021, 5813, 532.0, 4300, 2200, 116),
(640.2336320000031, 5814, 532.0, 4300, 2200, 117),
(640.2864010000048, 5815, 532.0, 4300, 2200, 118),
(640.3282319999998, 5816, 532.0, 4300, 2200, 119),
(640.3792180000019, 5817, 532.0, 4300, 2200, 120),
(640.4357369999925, 5818, 532.0, 4300, 2200, 121),
(640.480739000006, 5819, 532.0, 4300, 2200, 122),
(640.5383620000066, 5820, 532.0, 4300, 2200, 123),
(640.5868139999948, 5821, 532.0, 4300, 2200, 124),
(640.638850000003, 5822, 532.0, 4300, 2200, 125),
(640.6829299999954, 5823, 532.0, 4300, 2200, 126),
(640.7309959999984, 5824, 532.0, 4300, 2200, 127),
(640.7731950000016, 5825, 532.0, 4300, 2200, 128),
(640.8247509999928, 5826, 532.0, 4300, 2200, 129),
(640.8661319999956, 5827, 532.0, 4300, 2200, 130),
(640.9115149999998, 5828, 532.0, 4300, 2200, 131),
(640.957945999995, 5829, 532.0, 4300, 2200, 132),
(641.0055500000017, 5830, 532.0, 4300, 2200, 133),
(641.0673519999982, 5831, 532.0, 4300, 2200, 134),
(641.1204869999929, 5832, 532.0, 4300, 2200, 135),
(641.1967120000045, 5833, 532.0, 4300, 2200, 136),
(641.2646010000026, 5834, 532.0, 4300, 2200, 137),
(641.3074590000033, 5835, 532.0, 4300, 2200, 138),
(641.353701, 5836, 532.0, 4300, 2200, 139),
(641.393630999999, 5837, 532.0, 4300, 2200, 140),
(641.4363000000012, 5838, 532.0, 4300, 2200, 141),
(641.4894329999952, 5839, 532.0, 4300, 2200, 142),
(641.5340029999934, 5840, 532.0, 4300, 2200, 143),
(641.5744870000053, 5841, 532.0, 4300, 2200, 144),
(641.6197510000056, 5842, 532.0, 4300, 2200, 145),
(641.6671650000062, 5843, 532.0, 4300, 2200, 146),
(641.7132240000064, 5844, 532.0, 4300, 2200, 147),
(641.7572349999973, 5845, 532.0, 4300, 2200, 148),
(641.8100330000016, 5846, 532.0, 4300, 2200, 149),
(641.856237999993, 5847, 532.0, 4300, 2200, 150),
(641.8997620000009, 5848, 532.0, 4300, 2200, 151),
(641.9605109999975, 5849, 532.0, 4300, 2200, 152),
(641.996278000006, 5850, 532.0, 4300, 2200, 113),
(642.0464470000006, 5851, 532.0, 4300, 2200, 114),
(642.0902579999965, 5852, 532.0, 4300, 2200, 115),
(642.1310099999973, 5853, 532.0, 4300, 2200, 116),
(642.1720630000054, 5854, 532.0, 4300, 2200, 117),
(642.215148000003, 5855, 532.0, 4300, 2200, 118),
(642.255634000001, 5856, 532.0, 4300, 2200, 119),
(642.3087689999957, 5857, 532.0, 4300, 2200, 120),
(642.361367999998, 5858, 532.0, 4300, 2200, 121),
(642.407303, 5859, 532.0, 4300, 2200, 122),
(642.4521640000021, 5860, 532.0, 4300, 2200, 123),
(642.492505000002, 5861, 532.0, 4300, 2200, 124),
(642.5374210000009, 5862, 532.0, 4300, 2200, 125),
(642.5823209999944, 5863, 532.0, 4300, 2200, 126),
(642.6279360000044, 5864, 532.0, 4300, 2200, 127),
(642.6779959999985, 5865, 532.0, 4300, 2200, 128),
(642.7196419999964, 5866, 532.0, 4300, 2200, 129),
(642.7778470000048, 5867, 532.0, 4300, 2200, 130),
(642.8241030000063, 5868, 532.0, 4300, 2200, 131),
(642.872629999998, 5869, 532.0, 4300, 2200, 132),
(642.9169090000069, 5870, 532.0, 4300, 2200, 133),
(642.9613039999967, 5871, 532.0, 4300, 2200, 134),
(643.0105080000067, 5872, 532.0, 4300, 2200, 135),
(643.0517450000043, 5873, 532.0, 4300, 2200, 136),
(643.1033730000054, 5874, 532.0, 4300, 2200, 137),
(643.1534919999976, 5875, 532.0, 4300, 2200, 138),
(643.1990519999963, 5876, 532.0, 4300, 2200, 139),
(643.2500509999954, 5877, 532.0, 4300, 2200, 140),
(643.297636000003, 5878, 532.0, 4300, 2200, 141),
(643.3498099999997, 5879, 532.0, 4300, 2200, 142),
(643.3993139999948, 5880, 532.0, 4300, 2200, 143),
(643.4500100000005, 5881, 532.0, 4300, 2200, 144),
(643.5011669999949, 5882, 532.0, 4300, 2200, 145),
(643.5511629999964, 5883, 532.0, 4300, 2200, 146),
(643.5966369999951, 5884, 532.0, 4300, 2200, 147),
(643.6451839999936, 5885, 532.0, 4300, 2200, 148),
(643.7001909999963, 5886, 532.0, 4300, 2200, 149),
(643.7539669999969, 5887, 532.0, 4300, 2200, 150),
(643.8024370000057, 5888, 532.0, 4300, 2200, 151),
(643.8556859999953, 5889, 532.0, 4300, 2200, 152),
(643.8939220000029, 5890, 532.0, 4300, 2200, 113),
(643.9583129999955, 5891, 532.0, 4300, 2200, 114),
(644.0067549999949, 5892, 532.0, 4300, 2200, 115),
(644.0565329999954, 5893, 532.0, 4300, 2200, 116),
(644.1090350000013, 5894, 532.0, 4300, 2200, 117),
(644.1477710000036, 5895, 532.0, 4300, 2200, 118),
(644.196557999996, 5896, 532.0, 4300, 2200, 119),
(644.2381089999981, 5897, 532.0, 4300, 2200, 120),
(644.2992289999966, 5898, 532.0, 4300, 2200, 121),
(644.3478080000059, 5899, 532.0, 4300, 2200, 122),
(644.3972199999989, 5900, 532.0, 4300, 2200, 123),
(644.4507750000048, 5901, 532.0, 4300, 2200, 124),
(644.4937119999959, 5902, 532.0, 4300, 2200, 125),
(644.5396999999939, 5903, 532.0, 4300, 2200, 126),
(644.5838599999988, 5904, 532.0, 4300, 2200, 127),
(644.6411039999948, 5905, 532.0, 4300, 2200, 128),
(644.6925179999962, 5906, 532.0, 4300, 2200, 129),
(644.7605139999941, 5907, 532.0, 4300, 2200, 130),
(644.8037259999983, 5908, 532.0, 4300, 2200, 131),
(644.8578140000027, 5909, 532.0, 4300, 2200, 132),
(644.9010529999941, 5910, 532.0, 4300, 2200, 133),
(644.9537870000058, 5911, 532.0, 4300, 2200, 134),
(645.0072630000068, 5912, 532.0, 4300, 2200, 135),
(645.0620550000021, 5913, 532.0, 4300, 2200, 136),
(645.1113329999935, 5914, 532.0, 4300, 2200, 137),
(645.1591110000008, 5915, 532.0, 4300, 2200, 138),
(645.2020440000051, 5916, 532.0, 4300, 2200, 139),
(645.254734999995, 5917, 532.0, 4300, 2200, 140),
(645.298655999999, 5918, 532.0, 4300, 2200, 141),
(645.3502330000047, 5919, 532.0, 4300, 2200, 142),
(645.3947789999947, 5920, 532.0, 4300, 2200, 143),
(645.435798999999, 5921, 532.0, 4300, 2200, 144),
(645.4813880000002, 5922, 532.0, 4300, 2200, 145),
(645.5303810000041, 5923, 532.0, 4300, 2200, 146),
(645.573900000003, 5924, 532.0, 4300, 2200, 147),
(645.6199489999999, 5925, 532.0, 4300, 2200, 148),
(645.6813950000069, 5926, 532.0, 4300, 2200, 149),
(645.7273940000014, 5927, 532.0, 4300, 2200, 150),
(645.7666989999998, 5928, 532.0, 4300, 2200, 151),
(645.8058140000066, 5929, 532.0, 4300, 2200, 152),
(645.8464789999998, 5930, 532.0, 4300, 2400, 112),
(654.0219240000006, 5939, 531.0, 4300, 2400, 121),
(654.0624550000066, 5940, 533.0, 4300, 2400, 122),
(654.322033000004, 5943, 529.0, 4300, 2400, 125),
(662.2375100000063, 5949, 536.0, 4300, 2400, 131),
(662.2836499999976, 5950, 612.0, 4300, 2400, 132),
(670.1880419999943, 5953, 531.0, 4300, 2400, 135),
(670.2318360000063, 5954, 533.0, 4300, 2400, 136),
(670.349224000005, 5956, 531.0, 4300, 2400, 138),
(670.6707480000041, 5960, 588.0, 4300, 2400, 142),
(678.4364579999965, 5961, 531.0, 4300, 2400, 143),
(678.4772879999946, 5962, 533.0, 4300, 2400, 144),
(686.5832789999986, 5966, 283.0, 4300, 2400, 148),
(710.1680939999933, 5979, 531.0, 4300, 2400, 121),
(710.2091039999941, 5980, 533.0, 4300, 2400, 122),
(710.4478220000019, 5983, 529.0, 4300, 2400, 125),
(718.2414069999941, 5989, 536.0, 4300, 2400, 131),
(718.2829670000065, 5990, 612.0, 4300, 2400, 132),
(725.978707000002, 5993, 531.0, 4300, 2400, 135),
(726.018935, 5994, 533.0, 4300, 2400, 136),
(726.1251069999998, 5996, 531.0, 4300, 2400, 138),
(726.4420359999931, 6000, 588.0, 4300, 2400, 142),
(734.0540529999998, 6001, 531.0, 4300, 2400, 143),
(734.1057940000028, 6002, 533.0, 4300, 2400, 144),
(741.8664069999941, 6006, 283.0, 4300, 2400, 148),
(765.2262139999948, 6019, 531.0, 4300, 2400, 121),
(773.0521779999981, 6023, 529.0, 4300, 2400, 125),
(788.522072000007, 6029, 536.0, 4300, 2400, 131),
(788.574477999995, 6030, 612.0, 4300, 2400, 132),
(796.4138030000031, 6033, 531.0, 4300, 2400, 135),
(796.4650950000068, 6034, 533.0, 4300, 2400, 136),
(796.5683129999961, 6036, 531.0, 4300, 2400, 138),
(796.9284530000004, 6040, 588.0, 4300, 2400, 142),
(804.6468900000036, 6041, 531.0, 4300, 2400, 143),
(804.6883620000008, 6042, 533.0, 4300, 2400, 144),
(812.9174559999956, 6046, 283.0, 4300, 2400, 148),
(813.2305639999977, 6051, 532.0, 4300, 2600, 112),
(813.2735350000003, 6052, 533.0, 4300, 2600, 113),
(813.8273559999943, 6060, 531.0, 4300, 2600, 121),
(813.8795220000029, 6061, 536.0, 4300, 2600, 122),
(813.930554999999, 6062, 621.0, 4300, 2600, 123),
(814.2005400000053, 6066, 533.0, 4300, 2600, 127),
(814.2646680000034, 6067, 621.0, 4300, 2600, 128),
(814.760334999999, 6074, 531.0, 4300, 2600, 135),
(814.8160320000025, 6075, 534.0, 4300, 2600, 136),
(814.8695109999971, 6076, 620.0, 4300, 2600, 137),
(816.4971700000024, 6082, 531.0, 4300, 2600, 143),
(816.5407180000038, 6083, 536.0, 4300, 2600, 144),
(816.5892710000044, 6084, 621.0, 4300, 2600, 145),
(816.7961700000014, 6087, 283.0, 4300, 2600, 148),
(816.8486240000057, 6088, 471.0, 4300, 2600, 149),
(816.9078520000039, 6089, 618.0, 4300, 2600, 150),
(817.1376549999986, 6092, 533.0, 4300, 2600, 113),
(817.6674190000049, 6100, 531.0, 4300, 2600, 121),
(817.7045459999936, 6101, 536.0, 4300, 2600, 122),
(817.7469290000008, 6102, 621.0, 4300, 2600, 123),
(817.9966710000008, 6106, 533.0, 4300, 2600, 127),
(818.0486700000038, 6107, 621.0, 4300, 2600, 128),
(818.5411619999941, 6114, 531.0, 4300, 2600, 135),
(818.5818049999943, 6115, 534.0, 4300, 2600, 136),
(818.6361080000061, 6116, 620.0, 4300, 2600, 137),
(820.1921770000044, 6122, 531.0, 4300, 2600, 143),
(820.2460900000005, 6123, 536.0, 4300, 2600, 144),
(820.3155209999968, 6124, 621.0, 4300, 2600, 145),
(820.486149999997, 6127, 283.0, 4300, 2600, 148),
(820.5237230000057, 6128, 471.0, 4300, 2600, 149),
(820.568809000004, 6129, 618.0, 4300, 2600, 150),
(820.613863000006, 6130, 285.0, 4300, 2600, 151),
(820.740248999995, 6132, 533.0, 4300, 2600, 113),
(821.2773080000043, 6140, 531.0, 4300, 2600, 121),
(821.3201739999931, 6141, 536.0, 4300, 2600, 122),
(821.3627730000007, 6142, 621.0, 4300, 2600, 123),
(821.6151799999934, 6146, 533.0, 4300, 2600, 127),
(821.6656369999982, 6147, 621.0, 4300, 2600, 128),
(822.1663540000009, 6154, 531.0, 4300, 2600, 135),
(822.2163670000009, 6155, 534.0, 4300, 2600, 136),
(822.2623710000044, 6156, 620.0, 4300, 2600, 137),
(823.875199999995, 6162, 531.0, 4300, 2600, 143),
(823.9257510000025, 6163, 536.0, 4300, 2600, 144),
(823.9809899999964, 6164, 621.0, 4300, 2600, 145),
(824.1965259999997, 6167, 283.0, 4300, 2600, 148),
(824.2611409999954, 6168, 471.0, 4300, 2600, 149),
(824.3204030000052, 6169, 618.0, 4300, 2600, 150),
(824.5176470000006, 6172, 531.0, 4300, 2800, 112),
(824.5637129999959, 6173, 531.0, 4300, 2800, 113),
(824.6834890000027, 6175, 549.0, 4300, 2800, 115),
(824.8097450000059, 6177, 533.0, 4300, 2800, 117),
(824.8646089999966, 6178, 531.0, 4300, 2800, 118),
(824.9784530000034, 6180, 531.0, 4300, 2800, 120),
(825.0601590000006, 6181, 531.0, 4300, 2800, 121),
(825.1107190000039, 6182, 531.0, 4300, 2800, 122),
(825.381125999993, 6186, 531.0, 4300, 2800, 126),
(825.440558000002, 6187, 531.0, 4300, 2800, 127),
(825.5595820000017, 6189, 548.0, 4300, 2800, 129),
(825.6846669999941, 6191, 532.0, 4300, 2800, 131),
(825.7350219999935, 6192, 531.0, 4300, 2800, 132),
(825.9204500000051, 6195, 531.0, 4300, 2800, 135),
(825.9578190000029, 6196, 531.0, 4300, 2800, 136),
(826.0973229999945, 6198, 284.0, 4300, 2800, 138),
(826.148079999999, 6199, 531.0, 4300, 2800, 139),
(826.4017129999993, 6203, 531.0, 4300, 2800, 143),
(826.4538929999981, 6204, 531.0, 4300, 2800, 144),
(826.6995460000035, 6208, 531.0, 4300, 2800, 148),
(826.7453780000069, 6209, 531.0, 4300, 2800, 149),
(826.886274000004, 6211, 284.0, 4300, 2800, 151),
(826.9264879999973, 6212, 531.0, 4300, 2800, 152),
(826.976456000004, 6213, 531.0, 4300, 2800, 113),
(827.0809210000007, 6215, 549.0, 4300, 2800, 115),
(827.2020440000051, 6217, 549.0, 4300, 2800, 117),
(827.2592100000038, 6218, 531.0, 4300, 2800, 118),
(827.4479620000056, 6221, 531.0, 4300, 2800, 121),
(827.5016369999939, 6222, 531.0, 4300, 2800, 122),
(827.7791040000011, 6226, 531.0, 4300, 2800, 126),
(827.8319820000033, 6227, 531.0, 4300, 2800, 127),
(827.9268929999962, 6229, 548.0, 4300, 2800, 129),
(828.0274230000068, 6231, 532.0, 4300, 2800, 131),
(828.082104999994, 6232, 531.0, 4300, 2800, 132),
(828.2808769999974, 6235, 531.0, 4300, 2800, 135),
(828.3152470000059, 6236, 531.0, 4300, 2800, 136),
(828.4337390000001, 6238, 284.0, 4300, 2800, 138),
(828.4952259999991, 6239, 531.0, 4300, 2800, 139),
(828.7632420000009, 6243, 531.0, 4300, 2800, 143),
(828.8279959999927, 6244, 531.0, 4300, 2800, 144),
(829.0821629999991, 6248, 531.0, 4300, 2800, 148),
(829.1291490000003, 6249, 531.0, 4300, 2800, 149),
(829.2512900000002, 6251, 284.0, 4300, 2800, 151),
(829.2979820000037, 6252, 531.0, 4300, 2800, 152),
(829.3447909999959, 6253, 531.0, 4300, 2800, 113),
(829.467856999996, 6255, 549.0, 4300, 2800, 115),
(829.5816369999957, 6257, 533.0, 4300, 2800, 117),
(829.6469159999979, 6258, 531.0, 4300, 2800, 118),
(829.8271959999984, 6261, 531.0, 4300, 2800, 121),
(829.8766710000054, 6262, 531.0, 4300, 2800, 122),
(830.1493259999988, 6266, 531.0, 4300, 2800, 126),
(830.2094380000053, 6267, 531.0, 4300, 2800, 127),
(830.3236599999946, 6269, 548.0, 4300, 2800, 129),
(830.4298500000004, 6271, 532.0, 4300, 2800, 131),
(830.4831450000056, 6272, 531.0, 4300, 2800, 132),
(830.6987340000051, 6275, 531.0, 4300, 2800, 135),
(830.7448949999962, 6276, 531.0, 4300, 2800, 136),
(830.8807189999934, 6278, 284.0, 4300, 2800, 138),
(830.9197410000052, 6279, 531.0, 4300, 2800, 139),
(831.1877229999955, 6283, 531.0, 4300, 2800, 143),
(831.2311460000055, 6284, 531.0, 4300, 2800, 144),
(831.5194219999976, 6288, 531.0, 4300, 2800, 148),
(831.582116000005, 6289, 531.0, 4300, 2800, 149),
(831.701344000001, 6291, 284.0, 4300, 2800, 151),
(831.7523789999977, 6292, 531.0, 4300, 2800, 152),
(831.7973999999958, 6293, 531.0, 4300, 3000, 112),
(831.8385770000023, 6294, 531.0, 4300, 3000, 113),
(831.876311999993, 6295, 531.0, 4300, 3000, 114),
(832.0008709999966, 6297, 531.0, 4300, 3000, 116),
(832.0431249999965, 6298, 531.0, 4300, 3000, 117),
(832.0850019999925, 6299, 531.0, 4300, 3000, 118),
(832.1273959999962, 6300, 531.0, 4300, 3000, 119),
(832.1694620000053, 6301, 531.0, 4300, 3000, 120),
(832.2439659999945, 6302, 531.0, 4300, 3000, 121),
(832.2838000000047, 6303, 531.0, 4300, 3000, 122),
(832.3367540000036, 6304, 531.0, 4300, 3000, 123),
(832.3889049999998, 6305, 531.0, 4300, 3000, 124),
(832.439830000003, 6306, 531.0, 4300, 3000, 125),
(832.4836429999996, 6307, 531.0, 4300, 3000, 126),
(832.5273799999995, 6308, 531.0, 4300, 3000, 127),
(832.5815650000004, 6309, 531.0, 4300, 3000, 128),
(832.6884609999979, 6311, 531.0, 4300, 3000, 130),
(832.7335100000055, 6312, 531.0, 4300, 3000, 131),
(832.7792909999989, 6313, 531.0, 4300, 3000, 132),
(832.8206680000003, 6314, 531.0, 4300, 3000, 133),
(832.8628650000028, 6315, 531.0, 4300, 3000, 134),
(832.9092240000027, 6316, 531.0, 4300, 3000, 135),
(832.9537719999935, 6317, 531.0, 4300, 3000, 136),
(832.9915469999978, 6318, 531.0, 4300, 3000, 137),
(833.0308240000013, 6319, 531.0, 4300, 3000, 138),
(833.0686609999975, 6320, 531.0, 4300, 3000, 139),
(833.1107829999964, 6321, 531.0, 4300, 3000, 140),
(833.1520310000051, 6322, 531.0, 4300, 3000, 141),
(833.197291000004, 6323, 531.0, 4300, 3000, 142),
(833.2520640000002, 6324, 531.0, 4300, 3000, 143),
(833.3056649999926, 6325, 531.0, 4300, 3000, 144),
(833.3474750000023, 6326, 531.0, 4300, 3000, 145),
(833.3920420000068, 6327, 531.0, 4300, 3000, 146),
(833.4443949999986, 6328, 531.0, 4300, 3000, 147),
(833.4924049999972, 6329, 531.0, 4300, 3000, 148),
(833.5361859999975, 6330, 531.0, 4300, 3000, 149),
(833.5872450000024, 6331, 531.0, 4300, 3000, 150),
(833.6329969999933, 6332, 531.0, 4300, 3000, 151),
(833.6745570000057, 6333, 531.0, 4300, 3000, 152),
(833.7162030000036, 6334, 531.0, 4300, 3000, 113),
(833.7673300000024, 6335, 531.0, 4300, 3000, 114),
(833.8759859999991, 6337, 531.0, 4300, 3000, 116),
(833.9160629999969, 6338, 531.0, 4300, 3000, 117),
(833.9584520000062, 6339, 531.0, 4300, 3000, 118),
(834.0038029999996, 6340, 531.0, 4300, 3000, 119),
(834.0493229999993, 6341, 531.0, 4300, 3000, 120),
(834.0967530000053, 6342, 531.0, 4300, 3000, 121),
(834.1374429999996, 6343, 531.0, 4300, 3000, 122),
(834.1765339999984, 6344, 531.0, 4300, 3000, 123),
(834.2280049999972, 6345, 531.0, 4300, 3000, 124),
(834.2706509999989, 6346, 531.0, 4300, 3000, 125),
(834.3204379999952, 6347, 531.0, 4300, 3000, 126),
(834.375813000006, 6348, 531.0, 4300, 3000, 127),
(834.4237929999945, 6349, 531.0, 4300, 3000, 128),
(834.546165000007, 6351, 531.0, 4300, 3000, 130),
(834.6001600000018, 6352, 531.0, 4300, 3000, 131),
(834.6610610000062, 6353, 531.0, 4300, 3000, 132),
(834.7008190000051, 6354, 531.0, 4300, 3000, 133),
(834.7370729999966, 6355, 531.0, 4300, 3000, 134),
(834.7835020000057, 6356, 531.0, 4300, 3000, 135),
(834.8217719999957, 6357, 531.0, 4300, 3000, 136),
(834.8695929999958, 6358, 531.0, 4300, 3000, 137),
(834.9078799999988, 6359, 531.0, 4300, 3000, 138),
(834.9502689999936, 6360, 531.0, 4300, 3000, 139),
(834.9970549999998, 6361, 531.0, 4300, 3000, 140),
(835.0379039999971, 6362, 531.0, 4300, 3000, 141),
(835.077695999993, 6363, 531.0, 4300, 3000, 142),
(835.1342189999996, 6364, 531.0, 4300, 3000, 143),
(835.1821590000036, 6365, 531.0, 4300, 3000, 144),
(835.231065999993, 6366, 531.0, 4300, 3000, 145),
(835.2740889999986, 6367, 531.0, 4300, 3000, 146),
(835.321981999994, 6368, 531.0, 4300, 3000, 147),
(835.3762969999952, 6369, 531.0, 4300, 3000, 148),
(835.417929999996, 6370, 531.0, 4300, 3000, 149),
(835.4703359999985, 6371, 531.0, 4300, 3000, 150),
(835.5250640000013, 6372, 531.0, 4300, 3000, 151),
(835.5743599999987, 6373, 531.0, 4300, 3000, 152),
(835.6193670000066, 6374, 531.0, 4300, 3000, 113),
(835.6649769999931, 6375, 531.0, 4300, 3000, 114),
(835.7804250000045, 6377, 531.0, 4300, 3000, 116),
(835.8318960000033, 6378, 531.0, 4300, 3000, 117),
(835.8766279999982, 6379, 531.0, 4300, 3000, 118),
(835.9320670000016, 6380, 531.0, 4300, 3000, 119),
(835.9720289999968, 6381, 531.0, 4300, 3000, 120),
(836.0113129999954, 6382, 531.0, 4300, 3000, 121),
(836.0690909999976, 6383, 531.0, 4300, 3000, 122),
(836.120934000006, 6384, 531.0, 4300, 3000, 123),
(836.1723300000012, 6385, 531.0, 4300, 3000, 124),
(836.2196939999994, 6386, 531.0, 4300, 3000, 125),
(836.2641440000007, 6387, 531.0, 4300, 3000, 126),
(836.3216609999945, 6388, 531.0, 4300, 3000, 127),
(836.3700329999992, 6389, 531.0, 4300, 3000, 128),
(836.4752810000064, 6391, 531.0, 4300, 3000, 130),
(836.5194670000055, 6392, 531.0, 4300, 3000, 131),
(836.5689520000014, 6393, 531.0, 4300, 3000, 132),
(836.6138280000014, 6394, 531.0, 4300, 3000, 133),
(836.6650740000041, 6395, 531.0, 4300, 3000, 134),
(836.7150709999987, 6396, 531.0, 4300, 3000, 135),
(836.7613980000024, 6397, 531.0, 4300, 3000, 136),
(836.8044430000009, 6398, 531.0, 4300, 3000, 137),
(836.8555020000058, 6399, 531.0, 4300, 3000, 138),
(836.9040379999933, 6400, 531.0, 4300, 3000, 139),
(836.9464480000024, 6401, 531.0, 4300, 3000, 140),
(836.9963810000045, 6402, 531.0, 4300, 3000, 141),
(837.0492990000057, 6403, 531.0, 4300, 3000, 142),
(837.1007499999978, 6404, 531.0, 4300, 3000, 143),
(837.1493860000046, 6405, 531.0, 4300, 3000, 144),
(837.195768000005, 6406, 531.0, 4300, 3000, 145),
(837.2405839999992, 6407, 531.0, 4300, 3000, 146),
(837.2837629999995, 6408, 531.0, 4300, 3000, 147),
(837.3337239999964, 6409, 531.0, 4300, 3000, 148),
(837.3749490000046, 6410, 531.0, 4300, 3000, 149),
(837.423569999999, 6411, 531.0, 4300, 3000, 150),
(837.4718900000007, 6412, 531.0, 4300, 3000, 151),
(837.5151630000037, 6413, 531.0, 4300, 3000, 152),
(837.5593910000025, 6414, 531.0, 4300, 3200, 112),
(837.6016919999965, 6415, 531.0, 4300, 3200, 113),
(837.6567749999958, 6416, 531.0, 4300, 3200, 114),
(837.7066849999974, 6417, 531.0, 4300, 3200, 115),
(837.7520859999931, 6418, 531.0, 4300, 3200, 116),
(837.7983999999997, 6419, 531.0, 4300, 3200, 117),
(837.8418539999984, 6420, 531.0, 4300, 3200, 118),
(837.8870969999989, 6421, 531.0, 4300, 3200, 119),
(837.9317440000013, 6422, 531.0, 4300, 3200, 120),
(837.9777369999938, 6423, 531.0, 4300, 3200, 121),
(838.0329230000061, 6424, 531.0, 4300, 3200, 122),
(838.0796350000019, 6425, 531.0, 4300, 3200, 123),
(838.127575999999, 6426, 531.0, 4300, 3200, 124),
(838.1685469999939, 6427, 531.0, 4300, 3200, 125),
(838.2142800000001, 6428, 531.0, 4300, 3200, 126),
(838.2572939999955, 6429, 531.0, 4300, 3200, 127),
(838.2949059999955, 6430, 531.0, 4300, 3200, 128),
(838.3311810000014, 6431, 531.0, 4300, 3200, 129),
(838.3709180000005, 6432, 531.0, 4300, 3200, 130),
(838.409553000005, 6433, 531.0, 4300, 3200, 131),
(838.4546200000041, 6434, 531.0, 4300, 3200, 132),
(838.5114080000058, 6435, 531.0, 4300, 3200, 133),
(838.5639620000002, 6436, 531.0, 4300, 3200, 134),
(838.6098429999984, 6437, 531.0, 4300, 3200, 135),
(838.661288999996, 6438, 531.0, 4300, 3200, 136),
(838.7083089999942, 6439, 531.0, 4300, 3200, 137),
(838.7529099999956, 6440, 531.0, 4300, 3200, 138),
(838.793611000001, 6441, 531.0, 4300, 3200, 139),
(838.8347510000021, 6442, 531.0, 4300, 3200, 140),
(838.8768710000004, 6443, 531.0, 4300, 3200, 141),
(838.917472000001, 6444, 531.0, 4300, 3200, 142),
(838.9589870000054, 6445, 531.0, 4300, 3200, 143),
(839.0413839999965, 6446, 531.0, 4300, 3200, 144),
(839.0848039999983, 6447, 531.0, 4300, 3200, 145),
(839.1260670000047, 6448, 531.0, 4300, 3200, 146),
(839.1734759999963, 6449, 531.0, 4300, 3200, 147),
(839.2103199999983, 6450, 531.0, 4300, 3200, 148),
(839.2503859999997, 6451, 531.0, 4300, 3200, 149),
(839.2965359999944, 6452, 531.0, 4300, 3200, 150),
(839.340068999998, 6453, 531.0, 4300, 3200, 151),
(839.390453999993, 6454, 531.0, 4300, 3200, 152),
(839.4375189999992, 6455, 531.0, 4300, 3200, 113),
(839.4900179999968, 6456, 531.0, 4300, 3200, 114),
(839.5345510000043, 6457, 531.0, 4300, 3200, 115),
(839.5792320000037, 6458, 531.0, 4300, 3200, 116),
(839.6213660000067, 6459, 531.0, 4300, 3200, 117),
(839.6637250000058, 6460, 531.0, 4300, 3200, 118),
(839.7174539999978, 6461, 531.0, 4300, 3200, 119),
(839.7643359999929, 6462, 531.0, 4300, 3200, 120),
(839.8100390000036, 6463, 531.0, 4300, 3200, 121),
(839.8509449999983, 6464, 531.0, 4300, 3200, 122),
(839.9004620000051, 6465, 531.0, 4300, 3200, 123),
(839.9440409999952, 6466, 531.0, 4300, 3200, 124),
(839.9877810000035, 6467, 531.0, 4300, 3200, 125),
(840.0336779999925, 6468, 531.0, 4300, 3200, 126),
(840.0796589999954, 6469, 531.0, 4300, 3200, 127),
(840.1221059999953, 6470, 531.0, 4300, 3200, 128),
(840.1669510000065, 6471, 531.0, 4300, 3200, 129),
(840.2072210000042, 6472, 531.0, 4300, 3200, 130),
(840.2614570000005, 6473, 531.0, 4300, 3200, 131),
(840.3044680000021, 6474, 531.0, 4300, 3200, 132),
(840.3517299999949, 6475, 531.0, 4300, 3200, 133),
(840.3987469999993, 6476, 531.0, 4300, 3200, 134),
(840.4416720000008, 6477, 531.0, 4300, 3200, 135),
(840.4809530000057, 6478, 531.0, 4300, 3200, 136),
(840.5263419999974, 6479, 531.0, 4300, 3200, 137),
(840.5702509999974, 6480, 531.0, 4300, 3200, 138),
(840.6179839999968, 6481, 531.0, 4300, 3200, 139),
(840.668273999996, 6482, 531.0, 4300, 3200, 140),
(840.709262999997, 6483, 531.0, 4300, 3200, 141),
(840.7575849999994, 6484, 531.0, 4300, 3200, 142),
(840.7992899999954, 6485, 531.0, 4300, 3200, 143),
(840.8416969999962, 6486, 531.0, 4300, 3200, 144),
(840.8986129999976, 6487, 531.0, 4300, 3200, 145),
(840.9460189999954, 6488, 531.0, 4300, 3200, 146),
(840.9985759999981, 6489, 531.0, 4300, 3200, 147),
(841.0496089999942, 6490, 531.0, 4300, 3200, 148),
(841.094557999997, 6491, 531.0, 4300, 3200, 149),
(841.1393950000056, 6492, 531.0, 4300, 3200, 150),
(841.1941570000054, 6493, 531.0, 4300, 3200, 151),
(841.2449720000004, 6494, 531.0, 4300, 3200, 152),
(841.2900389999995, 6495, 531.0, 4300, 3200, 113),
(841.3377360000013, 6496, 531.0, 4300, 3200, 114),
(841.3834530000022, 6497, 531.0, 4300, 3200, 115),
(841.4270160000015, 6498, 531.0, 4300, 3200, 116),
(841.4761330000038, 6499, 531.0, 4300, 3200, 117),
(841.5232039999973, 6500, 531.0, 4300, 3200, 118),
(841.5707640000037, 6501, 531.0, 4300, 3200, 119),
(841.6130870000052, 6502, 531.0, 4300, 3200, 120),
(841.6601300000038, 6503, 531.0, 4300, 3200, 121),
(841.7090840000019, 6504, 531.0, 4300, 3200, 122),
(841.760196999996, 6505, 531.0, 4300, 3200, 123),
(841.8055440000026, 6506, 531.0, 4300, 3200, 124),
(841.8438440000027, 6507, 531.0, 4300, 3200, 125),
(841.8970520000003, 6508, 531.0, 4300, 3200, 126),
(841.9370979999949, 6509, 531.0, 4300, 3200, 127),
(841.9815169999929, 6510, 531.0, 4300, 3200, 128),
(842.0286389999965, 6511, 531.0, 4300, 3200, 129),
(842.0768589999934, 6512, 531.0, 4300, 3200, 130),
(842.1264550000051, 6513, 531.0, 4300, 3200, 131),
(842.1703109999944, 6514, 531.0, 4300, 3200, 132),
(842.2131479999953, 6515, 531.0, 4300, 3200, 133),
(842.2591119999997, 6516, 531.0, 4300, 3200, 134),
(842.297384999998, 6517, 531.0, 4300, 3200, 135),
(842.3401290000038, 6518, 531.0, 4300, 3200, 136),
(842.3852849999967, 6519, 531.0, 4300, 3200, 137),
(842.4288910000032, 6520, 531.0, 4300, 3200, 138),
(842.4937910000008, 6521, 531.0, 4300, 3200, 139),
(842.5466279999964, 6522, 531.0, 4300, 3200, 140),
(842.5880889999971, 6523, 531.0, 4300, 3200, 141),
(842.638764999996, 6524, 531.0, 4300, 3200, 142),
(842.6831119999988, 6525, 531.0, 4300, 3200, 143),
(842.7291419999965, 6526, 531.0, 4300, 3200, 144),
(842.7811829999991, 6527, 531.0, 4300, 3200, 145),
(842.8300880000024, 6528, 531.0, 4300, 3200, 146),
(842.8808310000022, 6529, 531.0, 4300, 3200, 147),
(842.9212470000057, 6530, 531.0, 4300, 3200, 148),
(842.9693529999931, 6531, 531.0, 4300, 3200, 149),
(843.0205759999953, 6532, 531.0, 4300, 3200, 150),
(843.0673859999952, 6533, 531.0, 4300, 3200, 151),
(843.1265140000032, 6534, 531.0, 4300, 3200, 152),
(843.1667920000036, 6535, 532.0, 4300, 2100, 112),
(843.2234150000004, 6536, 533.0, 4300, 2100, 113),
(843.745689000003, 6544, 531.0, 4300, 2100, 121),
(843.7860229999933, 6545, 536.0, 4300, 2100, 122),
(844.123768999998, 6550, 533.0, 4300, 2100, 127),
(844.1626300000062, 6551, 621.0, 4300, 2100, 128),
(844.7005979999958, 6558, 531.0, 4300, 2100, 135),
(852.4877859999979, 6559, 534.0, 4300, 2100, 136),
(852.5372470000002, 6560, 620.0, 4300, 2100, 137),
(854.1662800000049, 6566, 531.0, 4300, 2100, 143),
(861.8887770000001, 6567, 536.0, 4300, 2100, 144),
(861.9330670000054, 6568, 621.0, 4300, 2100, 145),
(862.0881769999978, 6571, 283.0, 4300, 2100, 148),
(862.1318520000059, 6572, 471.0, 4300, 2100, 149),
(862.1822140000004, 6573, 618.0, 4300, 2100, 150),
(862.3759549999959, 6576, 533.0, 4300, 2100, 113),
(862.865730999998, 6584, 531.0, 4300, 2100, 121),
(862.9184780000069, 6585, 536.0, 4300, 2100, 122),
(863.2485840000008, 6590, 533.0, 4300, 2100, 127),
(863.2925160000013, 6591, 621.0, 4300, 2100, 128),
(863.740254999997, 6598, 531.0, 4300, 2100, 135),
(863.7826659999992, 6599, 534.0, 4300, 2100, 136),
(863.8338059999951, 6600, 620.0, 4300, 2100, 137),
(863.945624999993, 6602, 618.0, 4300, 2100, 139),
(865.4640199999994, 6606, 531.0, 4300, 2100, 143),
(873.0258270000049, 6607, 536.0, 4300, 2100, 144),
(873.069445000001, 6608, 621.0, 4300, 2100, 145),
(873.2597320000059, 6611, 283.0, 4300, 2100, 148),
(873.3108300000022, 6612, 471.0, 4300, 2100, 149),
(873.3692420000007, 6613, 618.0, 4300, 2100, 150),
(873.5613940000039, 6616, 533.0, 4300, 2100, 113),
(874.1374360000045, 6624, 531.0, 4300, 2100, 121),
(874.182415999996, 6625, 536.0, 4300, 2100, 122),
(882.2443090000015, 6630, 533.0, 4300, 2100, 127),
(882.2934039999964, 6631, 621.0, 4300, 2100, 128),
(882.7940950000047, 6638, 531.0, 4300, 2100, 135),
(882.8376839999983, 6639, 534.0, 4300, 2100, 136),
(882.8794930000004, 6640, 620.0, 4300, 2100, 137),
(883.0021339999948, 6642, 618.0, 4300, 2100, 139),
(884.5017709999956, 6646, 531.0, 4300, 2100, 143),
(884.5573489999952, 6647, 536.0, 4300, 2100, 144),
(884.6244690000021, 6648, 621.0, 4300, 2100, 145),
(884.9186460000055, 6651, 283.0, 4300, 2100, 148),
(892.6509349999978, 6652, 471.0, 4300, 2100, 149),
(892.6954459999979, 6653, 618.0, 4300, 2100, 150),
(892.8811569999962, 6656, 532.0, 4300, 2200, 112),
(892.9245859999937, 6657, 532.0, 4300, 2200, 113),
(892.9674640000012, 6658, 532.0, 4300, 2200, 114),
(893.0092379999987, 6659, 532.0, 4300, 2200, 115),
(893.0558420000016, 6660, 532.0, 4300, 2200, 116),
(893.1154309999984, 6661, 532.0, 4300, 2200, 117),
(893.1703290000005, 6662, 532.0, 4300, 2200, 118),
(893.2287380000053, 6663, 532.0, 4300, 2200, 119),
(893.2720980000013, 6664, 532.0, 4300, 2200, 120),
(893.3242069999978, 6665, 532.0, 4300, 2200, 121),
(893.3733490000013, 6666, 532.0, 4300, 2200, 122),
(893.4337629999936, 6667, 532.0, 4300, 2200, 123),
(893.487724999999, 6668, 532.0, 4300, 2200, 124),
(893.5356290000054, 6669, 532.0, 4300, 2200, 125),
(893.5784649999987, 6670, 532.0, 4300, 2200, 126),
(893.625887000002, 6671, 532.0, 4300, 2200, 127),
(893.6881290000019, 6672, 532.0, 4300, 2200, 128),
(893.7484269999986, 6673, 532.0, 4300, 2200, 129),
(893.8044209999935, 6674, 532.0, 4300, 2200, 130),
(893.858659999998, 6675, 532.0, 4300, 2200, 131),
(893.8990800000029, 6676, 532.0, 4300, 2200, 132),
(893.944061999995, 6677, 532.0, 4300, 2200, 133),
(893.9963790000038, 6678, 532.0, 4300, 2200, 134),
(894.0448270000052, 6679, 532.0, 4300, 2200, 135),
(894.0937479999993, 6680, 532.0, 4300, 2200, 136),
(894.1403239999927, 6681, 532.0, 4300, 2200, 137),
(894.1845360000007, 6682, 532.0, 4300, 2200, 138),
(894.2251519999991, 6683, 532.0, 4300, 2200, 139),
(894.2745750000031, 6684, 532.0, 4300, 2200, 140),
(894.3229480000009, 6685, 532.0, 4300, 2200, 141),
(894.3778069999971, 6686, 532.0, 4300, 2200, 142),
(894.4204900000041, 6687, 532.0, 4300, 2200, 143),
(894.4809180000011, 6688, 532.0, 4300, 2200, 144),
(894.5356210000027, 6689, 532.0, 4300, 2200, 145),
(894.5806750000047, 6690, 532.0, 4300, 2200, 146),
(894.6232980000059, 6691, 532.0, 4300, 2200, 147),
(894.6655960000062, 6692, 532.0, 4300, 2200, 148),
(894.7072130000015, 6693, 532.0, 4300, 2200, 149),
(894.7606079999969, 6694, 532.0, 4300, 2200, 150),
(894.807851000005, 6695, 532.0, 4300, 2200, 151),
(894.8669850000006, 6696, 532.0, 4300, 2200, 152),
(894.9114969999937, 6697, 532.0, 4300, 2200, 113),
(894.9627559999935, 6698, 532.0, 4300, 2200, 114),
(895.0089889999945, 6699, 532.0, 4300, 2200, 115),
(895.0528020000056, 6700, 532.0, 4300, 2200, 116),
(895.0919029999932, 6701, 532.0, 4300, 2200, 117),
(895.1374539999961, 6702, 532.0, 4300, 2200, 118),
(895.1781610000035, 6703, 532.0, 4300, 2200, 119),
(895.2277999999933, 6704, 532.0, 4300, 2200, 120),
(895.2834569999977, 6705, 532.0, 4300, 2200, 121),
(895.3479260000022, 6706, 532.0, 4300, 2200, 122),
(895.3999659999972, 6707, 532.0, 4300, 2200, 123),
(895.4589689999993, 6708, 532.0, 4300, 2200, 124),
(895.5045870000031, 6709, 532.0, 4300, 2200, 125),
(895.550012000007, 6710, 532.0, 4300, 2200, 126),
(895.6021489999985, 6711, 532.0, 4300, 2200, 127),
(895.6448019999953, 6712, 532.0, 4300, 2200, 128),
(895.7039019999938, 6713, 532.0, 4300, 2200, 129),
(895.7595460000011, 6714, 532.0, 4300, 2200, 130),
(895.8047439999937, 6715, 532.0, 4300, 2200, 131),
(895.847425999993, 6716, 532.0, 4300, 2200, 132),
(895.8959529999993, 6717, 532.0, 4300, 2200, 133),
(895.9517070000002, 6718, 532.0, 4300, 2200, 134),
(895.9975810000033, 6719, 532.0, 4300, 2200, 135),
(896.0423670000018, 6720, 532.0, 4300, 2200, 136),
(896.0965649999998, 6721, 532.0, 4300, 2200, 137),
(896.1579239999992, 6722, 532.0, 4300, 2200, 138),
(896.1989259999973, 6723, 532.0, 4300, 2200, 139),
(896.2381520000054, 6724, 532.0, 4300, 2200, 140),
(896.2992640000011, 6725, 532.0, 4300, 2200, 141),
(896.3457070000004, 6726, 532.0, 4300, 2200, 142),
(896.3881189999956, 6727, 532.0, 4300, 2200, 143),
(896.4363580000063, 6728, 532.0, 4300, 2200, 144),
(896.4799219999986, 6729, 532.0, 4300, 2200, 145),
(896.5222899999935, 6730, 532.0, 4300, 2200, 146),
(896.5623309999937, 6731, 532.0, 4300, 2200, 147),
(896.6062760000059, 6732, 532.0, 4300, 2200, 148),
(896.6491320000059, 6733, 532.0, 4300, 2200, 149),
(896.6959329999954, 6734, 532.0, 4300, 2200, 150),
(896.7370459999947, 6735, 532.0, 4300, 2200, 151),
(896.790175999995, 6736, 532.0, 4300, 2200, 152),
(896.836930999998, 6737, 532.0, 4300, 2200, 113),
(896.888512999998, 6738, 532.0, 4300, 2200, 114),
(896.9379860000045, 6739, 532.0, 4300, 2200, 115),
(896.9870519999968, 6740, 532.0, 4300, 2200, 116),
(897.0370700000058, 6741, 532.0, 4300, 2200, 117),
(897.103873, 6742, 532.0, 4300, 2200, 118),
(897.1447509999998, 6743, 532.0, 4300, 2200, 119),
(897.1933730000019, 6744, 532.0, 4300, 2200, 120),
(897.2381339999993, 6745, 532.0, 4300, 2200, 121),
(897.2797049999936, 6746, 532.0, 4300, 2200, 122),
(897.3316480000067, 6747, 532.0, 4300, 2200, 123),
(897.3775250000035, 6748, 532.0, 4300, 2200, 124),
(897.4271829999925, 6749, 532.0, 4300, 2200, 125),
(897.4739830000035, 6750, 532.0, 4300, 2200, 126),
(897.5199649999995, 6751, 532.0, 4300, 2200, 127),
(897.5619460000016, 6752, 532.0, 4300, 2200, 128),
(897.6082380000007, 6753, 532.0, 4300, 2200, 129),
(897.6537399999943, 6754, 532.0, 4300, 2200, 130),
(897.707454000003, 6755, 532.0, 4300, 2200, 131),
(897.7503770000039, 6756, 532.0, 4300, 2200, 132),
(897.8000540000066, 6757, 532.0, 4300, 2200, 133),
(897.8533719999978, 6758, 532.0, 4300, 2200, 134),
(897.9033959999942, 6759, 532.0, 4300, 2200, 135),
(897.9442010000057, 6760, 532.0, 4300, 2200, 136),
(897.9870119999978, 6761, 532.0, 4300, 2200, 137),
(898.0360740000033, 6762, 532.0, 4300, 2200, 138),
(898.0810530000017, 6763, 532.0, 4300, 2200, 139),
(898.1233349999966, 6764, 532.0, 4300, 2200, 140),
(898.1667480000033, 6765, 532.0, 4300, 2200, 141),
(898.2127409999957, 6766, 532.0, 4300, 2200, 142),
(898.2553659999976, 6767, 532.0, 4300, 2200, 143),
(898.3096280000027, 6768, 532.0, 4300, 2200, 144),
(898.3493279999966, 6769, 532.0, 4300, 2200, 145),
(898.3940739999962, 6770, 532.0, 4300, 2200, 146),
(898.4340410000004, 6771, 532.0, 4300, 2200, 147),
(898.4718129999965, 6772, 532.0, 4300, 2200, 148),
(898.5135759999976, 6773, 532.0, 4300, 2200, 149),
(898.5658109999931, 6774, 532.0, 4300, 2200, 150),
(898.6128730000055, 6775, 532.0, 4300, 2200, 151),
(898.6587799999979, 6776, 532.0, 4300, 2200, 152),
(898.7042260000017, 6777, 532.0, 4300, 2300, 112),
(898.7996859999985, 6779, 532.0, 4300, 2300, 114),
(898.8378669999947, 6780, 532.0, 4300, 2300, 115),
(898.8811580000038, 6781, 532.0, 4300, 2300, 116),
(898.9256389999937, 6782, 532.0, 4300, 2300, 117),
(899.0391209999943, 6784, 532.0, 4300, 2300, 119),
(899.0793430000049, 6785, 609.0, 4300, 2300, 120),
(899.1276450000005, 6786, 531.0, 4300, 2300, 121),
(899.1702130000049, 6787, 532.0, 4300, 2300, 122),
(899.3101020000031, 6789, 532.0, 4300, 2300, 124),
(899.3700660000031, 6790, 532.0, 4300, 2300, 125),
(899.4207139999926, 6791, 532.0, 4300, 2300, 126),
(907.2260680000036, 6794, 532.0, 4300, 2300, 129),
(907.2724790000066, 6795, 532.0, 4300, 2300, 130),
(907.3222700000042, 6796, 532.0, 4300, 2300, 131),
(907.3782389999978, 6797, 548.0, 4300, 2300, 132),
(907.4297760000045, 6798, 532.0, 4300, 2300, 133),
(907.5487549999962, 6800, 532.0, 4300, 2300, 135),
(915.0743190000067, 6801, 532.0, 4300, 2300, 136),
(915.1968630000047, 6803, 532.0, 4300, 2300, 138),
(922.7858339999948, 6804, 532.0, 4300, 2300, 139),
(922.8885849999933, 6806, 531.0, 4300, 2300, 141),
(922.9376760000014, 6807, 17267.0, 4300, 2300, 142),
(922.9791330000007, 6808, 534.0, 4300, 2300, 143),
(923.0220770000014, 6809, 546.0, 4300, 2300, 144),
(923.1485399999947, 6811, 532.0, 4300, 2300, 146),
(923.1926209999947, 6812, 617.0, 4300, 2300, 147),
(923.2362229999999, 6813, 283.0, 4300, 2300, 148),
(923.2773829999933, 6814, 532.0, 4300, 2300, 149),
(923.3241089999938, 6815, 532.0, 4300, 2300, 150),
(923.3674270000047, 6816, 532.0, 4300, 2300, 151),
(923.4212750000006, 6817, 532.0, 4300, 2300, 152),
(923.4680660000013, 6818, 532.0, 4300, 2300, 113),
(923.5136619999976, 6819, 532.0, 4300, 2300, 114),
(923.6841529999947, 6822, 532.0, 4300, 2300, 117),
(923.7341650000017, 6823, 532.0, 4300, 2300, 118),
(923.7786400000041, 6824, 531.0, 4300, 2300, 119),
(923.8222990000068, 6825, 532.0, 4300, 2300, 120),
(923.869114999994, 6826, 532.0, 4300, 2300, 121),
(923.9145989999961, 6827, 539.0, 4300, 2300, 122),
(923.9574690000009, 6828, 532.0, 4300, 2300, 123),
(924.0021229999984, 6829, 531.0, 4300, 2300, 124),
(924.0492689999955, 6830, 529.0, 4300, 2300, 125),
(924.3550799999939, 6835, 532.0, 4300, 2300, 130),
(924.3982379999943, 6836, 533.0, 4300, 2300, 131),
(924.4374799999932, 6837, 611.0, 4300, 2300, 132),
(924.4810609999986, 6838, 532.0, 4300, 2300, 133),
(924.5249650000042, 6839, 532.0, 4300, 2300, 134),
(924.583501999994, 6840, 532.0, 4300, 2300, 135),
(924.6276899999939, 6841, 535.0, 4300, 2300, 136),
(924.7292699999962, 6843, 532.0, 4300, 2300, 138),
(924.7721770000062, 6844, 532.0, 4300, 2300, 139),
(924.8153829999937, 6845, 532.0, 4300, 2300, 140),
(924.8563710000017, 6846, 532.0, 4300, 2300, 141),
(924.9056160000036, 6847, 49625.0, 4300, 2300, 142),
(924.9466010000033, 6848, 535.0, 4300, 2300, 143),
(924.9882870000001, 6849, 532.0, 4300, 2300, 144),
(925.0331980000046, 6850, 532.0, 4300, 2300, 145),
(925.0710530000069, 6851, 532.0, 4300, 2300, 146),
(925.1167169999972, 6852, 532.0, 4300, 2300, 147),
(925.1655159999937, 6853, 285.0, 4300, 2300, 148),
(925.2743159999955, 6855, 532.0, 4300, 2300, 150),
(925.3254719999968, 6856, 285.0, 4300, 2300, 151),
(925.3741819999996, 6857, 532.0, 4300, 2300, 152),
(925.4168440000067, 6858, 532.0, 4300, 2300, 113),
(925.5392469999933, 6860, 532.0, 4300, 2300, 115),
(925.5910180000064, 6861, 532.0, 4300, 2300, 116),
(925.6383190000051, 6862, 532.0, 4300, 2300, 117),
(925.6859079999995, 6863, 532.0, 4300, 2300, 118),
(925.7287769999966, 6864, 532.0, 4300, 2300, 119),
(925.7757290000009, 6865, 532.0, 4300, 2300, 120),
(925.8198220000049, 6866, 531.0, 4300, 2300, 121),
(925.8677089999983, 6867, 532.0, 4300, 2300, 122),
(925.9129819999944, 6868, 532.0, 4300, 2300, 123),
(925.9529570000013, 6869, 532.0, 4300, 2300, 124),
(925.9970610000018, 6870, 532.0, 4300, 2300, 125),
(926.0419120000006, 6871, 532.0, 4300, 2300, 126),
(926.1567030000006, 6873, 553.0, 4300, 2300, 128),
(933.8277740000049, 6875, 532.0, 4300, 2300, 130),
(933.870305000004, 6876, 533.0, 4300, 2300, 131),
(933.9124290000036, 6877, 615.0, 4300, 2300, 132),
(933.9515910000046, 6878, 531.0, 4300, 2300, 133),
(933.997457999998, 6879, 283.0, 4300, 2300, 134),
(934.0469929999963, 6880, 532.0, 4300, 2300, 135),
(934.0871749999933, 6881, 535.0, 4300, 2300, 136),
(934.1996329999965, 6883, 532.0, 4300, 2300, 138),
(934.241750000001, 6884, 532.0, 4300, 2300, 139),
(934.2926370000059, 6885, 286.0, 4300, 2300, 140),
(934.3434299999935, 6886, 531.0, 4300, 2300, 141),
(934.3892409999971, 6887, 532.0, 4300, 2300, 142),
(934.439956999995, 6888, 533.0, 4300, 2300, 143),
(934.4844190000003, 6889, 535.0, 4300, 2300, 144),
(934.597855, 6891, 531.0, 4300, 2300, 146),
(934.6472930000018, 6892, 532.0, 4300, 2300, 147),
(934.6919259999995, 6893, 532.0, 4300, 2300, 148),
(934.7317480000056, 6894, 532.0, 4300, 2300, 149),
(934.8601699999999, 6896, 532.0, 4300, 2300, 151),
(934.904091000004, 6897, 285.0, 4300, 2300, 152),
(934.9502559999964, 6898, 532.0, 4300, 2400, 112),
(943.1457479999954, 6907, 531.0, 4300, 2400, 121),
(943.1926870000025, 6908, 533.0, 4300, 2400, 122),
(943.475283000007, 6911, 529.0, 4300, 2400, 125),
(951.3453980000049, 6917, 536.0, 4300, 2400, 131),
(951.3865050000022, 6918, 612.0, 4300, 2400, 132),
(959.2151849999937, 6921, 531.0, 4300, 2400, 135),
(959.2642590000032, 6922, 533.0, 4300, 2400, 136),
(959.3826700000063, 6924, 531.0, 4300, 2400, 138),
(959.6946849999949, 6928, 588.0, 4300, 2400, 142),
(967.2410870000022, 6929, 531.0, 4300, 2400, 143),
(967.2863179999986, 6930, 533.0, 4300, 2400, 144),
(975.126264999999, 6934, 283.0, 4300, 2400, 148),
(991.1787299999996, 6947, 531.0, 4300, 2400, 121),
(991.223278999998, 6948, 533.0, 4300, 2400, 122),
(991.4821950000041, 6951, 529.0, 4300, 2400, 125),
(999.3432909999974, 6957, 536.0, 4300, 2400, 131),
(999.389221999998, 6958, 612.0, 4300, 2400, 132),
(1007.1913869999989, 6961, 531.0, 4300, 2400, 135),
(1007.2420310000016, 6962, 533.0, 4300, 2400, 136),
(1007.371027000001, 6964, 531.0, 4300, 2400, 138),
(1007.7084460000042, 6968, 588.0, 4300, 2400, 142),
(1015.324059000006, 6969, 531.0, 4300, 2400, 143),
(1015.3861009999964, 6970, 533.0, 4300, 2400, 144),
(1023.3497449999995, 6974, 283.0, 4300, 2400, 148),
(1047.037314000001, 6987, 531.0, 4300, 2400, 121),
(1047.083673000001, 6988, 533.0, 4300, 2400, 122),
(1047.347913000005, 6991, 529.0, 4300, 2400, 125),
(1062.7865259999962, 6997, 536.0, 4300, 2400, 131),
(1062.8282219999965, 6998, 612.0, 4300, 2400, 132),
(1070.5734959999972, 7001, 531.0, 4300, 2400, 135),
(1070.6145749999996, 7002, 533.0, 4300, 2400, 136),
(1070.7177680000023, 7004, 531.0, 4300, 2400, 138),
(1071.0412150000047, 7008, 588.0, 4300, 2400, 142),
(1078.5789919999952, 7009, 531.0, 4300, 2400, 143),
(1078.6230499999947, 7010, 533.0, 4300, 2400, 144),
(1086.4621009999973, 7014, 283.0, 4300, 2400, 148),
(1094.3150849999947, 7019, 532.0, 4300, 2500, 112),
(1094.3564409999963, 7020, 532.0, 4300, 2500, 113),
(1094.397100999995, 7021, 532.0, 4300, 2500, 114),
(1094.440585999997, 7022, 532.0, 4300, 2500, 115),
(1094.4858850000019, 7023, 532.0, 4300, 2500, 116),
(1094.5346089999948, 7024, 532.0, 4300, 2500, 117),
(1094.58021, 7025, 532.0, 4300, 2500, 118),
(1094.6374459999934, 7026, 532.0, 4300, 2500, 119),
(1094.6790920000058, 7027, 532.0, 4300, 2500, 120),
(1094.7286120000063, 7028, 532.0, 4300, 2500, 121),
(1094.7716229999933, 7029, 532.0, 4300, 2500, 122),
(1094.8150869999954, 7030, 532.0, 4300, 2500, 123),
(1094.8593790000014, 7031, 532.0, 4300, 2500, 124),
(1094.9075480000029, 7032, 532.0, 4300, 2500, 125),
(1094.9476500000019, 7033, 532.0, 4300, 2500, 126),
(1094.9862089999951, 7034, 532.0, 4300, 2500, 127),
(1095.038870000004, 7035, 532.0, 4300, 2500, 128),
(1095.0826709999965, 7036, 532.0, 4300, 2500, 129),
(1095.1313459999947, 7037, 532.0, 4300, 2500, 130),
(1095.1794999999984, 7038, 532.0, 4300, 2500, 131),
(1095.2252520000038, 7039, 532.0, 4300, 2500, 132),
(1095.2761219999957, 7040, 532.0, 4300, 2500, 133),
(1095.3198019999982, 7041, 532.0, 4300, 2500, 134),
(1095.369292000003, 7042, 532.0, 4300, 2500, 135),
(1095.4213230000023, 7043, 532.0, 4300, 2500, 136),
(1095.4652119999955, 7044, 532.0, 4300, 2500, 137),
(1095.5038579999964, 7045, 532.0, 4300, 2500, 138),
(1095.5476900000067, 7046, 532.0, 4300, 2500, 139),
(1095.5980640000053, 7047, 532.0, 4300, 2500, 140),
(1095.6409319999948, 7048, 532.0, 4300, 2500, 141),
(1095.6893719999935, 7049, 532.0, 4300, 2500, 142),
(1095.7349229999963, 7050, 532.0, 4300, 2500, 143),
(1095.7828390000068, 7051, 532.0, 4300, 2500, 144),
(1095.8264860000054, 7052, 532.0, 4300, 2500, 145),
(1095.8676050000067, 7053, 532.0, 4300, 2500, 146),
(1095.9166269999987, 7054, 532.0, 4300, 2500, 147),
(1095.9630009999964, 7055, 532.0, 4300, 2500, 148),
(1096.012658000007, 7056, 532.0, 4300, 2500, 149),
(1096.0537179999956, 7057, 532.0, 4300, 2500, 150),
(1096.096669000006, 7058, 532.0, 4300, 2500, 151),
(1096.1450230000046, 7059, 532.0, 4300, 2500, 152),
(1096.1874580000003, 7060, 532.0, 4300, 2500, 113),
(1096.2385550000035, 7061, 532.0, 4300, 2500, 114),
(1096.2865989999991, 7062, 532.0, 4300, 2500, 115),
(1096.3387820000062, 7063, 532.0, 4300, 2500, 116),
(1096.3879699999961, 7064, 532.0, 4300, 2500, 117),
(1096.4306639999995, 7065, 532.0, 4300, 2500, 118),
(1096.480402000001, 7066, 532.0, 4300, 2500, 119),
(1096.5268950000027, 7067, 532.0, 4300, 2500, 120),
(1096.5771090000053, 7068, 532.0, 4300, 2500, 121),
(1096.6171449999965, 7069, 532.0, 4300, 2500, 122),
(1096.6628650000057, 7070, 532.0, 4300, 2500, 123),
(1096.7076309999975, 7071, 532.0, 4300, 2500, 124),
(1096.7483950000023, 7072, 532.0, 4300, 2500, 125),
(1096.7946470000024, 7073, 532.0, 4300, 2500, 126),
(1096.8392820000008, 7074, 532.0, 4300, 2500, 127),
(1096.8873869999952, 7075, 532.0, 4300, 2500, 128),
(1096.9377539999987, 7076, 532.0, 4300, 2500, 129),
(1096.9803079999983, 7077, 532.0, 4300, 2500, 130),
(1097.0276120000053, 7078, 532.0, 4300, 2500, 131),
(1097.071437000006, 7079, 532.0, 4300, 2500, 132),
(1097.1141440000065, 7080, 532.0, 4300, 2500, 133),
(1097.1550949999946, 7081, 532.0, 4300, 2500, 134),
(1097.1991220000054, 7082, 532.0, 4300, 2500, 135),
(1097.2427869999956, 7083, 532.0, 4300, 2500, 136),
(1097.2891850000015, 7084, 532.0, 4300, 2500, 137),
(1097.339519000001, 7085, 532.0, 4300, 2500, 138),
(1097.3895860000048, 7086, 532.0, 4300, 2500, 139),
(1097.4350730000006, 7087, 532.0, 4300, 2500, 140),
(1097.4815090000047, 7088, 532.0, 4300, 2500, 141),
(1097.5313460000034, 7089, 532.0, 4300, 2500, 142),
(1097.5745129999996, 7090, 532.0, 4300, 2500, 143),
(1097.6208290000068, 7091, 532.0, 4300, 2500, 144),
(1097.6650309999968, 7092, 532.0, 4300, 2500, 145),
(1097.7137079999957, 7093, 532.0, 4300, 2500, 146),
(1097.7570489999925, 7094, 532.0, 4300, 2500, 147),
(1097.804053999993, 7095, 532.0, 4300, 2500, 148),
(1097.8535019999981, 7096, 532.0, 4300, 2500, 149),
(1097.8979399999953, 7097, 532.0, 4300, 2500, 150),
(1097.9459630000056, 7098, 532.0, 4300, 2500, 151),
(1097.9861979999987, 7099, 532.0, 4300, 2500, 152),
(1098.027814000001, 7100, 532.0, 4300, 2500, 113),
(1098.069466999994, 7101, 532.0, 4300, 2500, 114),
(1098.1119780000008, 7102, 532.0, 4300, 2500, 115),
(1098.158607999998, 7103, 532.0, 4300, 2500, 116),
(1098.1998230000027, 7104, 532.0, 4300, 2500, 117),
(1098.2453349999996, 7105, 532.0, 4300, 2500, 118),
(1098.2906430000003, 7106, 532.0, 4300, 2500, 119),
(1098.3339390000037, 7107, 532.0, 4300, 2500, 120),
(1098.3788889999996, 7108, 532.0, 4300, 2500, 121),
(1098.4183239999984, 7109, 532.0, 4300, 2500, 122),
(1098.4633969999995, 7110, 532.0, 4300, 2500, 123),
(1098.5079830000032, 7111, 532.0, 4300, 2500, 124),
(1098.5508709999995, 7112, 532.0, 4300, 2500, 125),
(1098.5950799999991, 7113, 532.0, 4300, 2500, 126),
(1098.6461060000001, 7114, 532.0, 4300, 2500, 127),
(1098.6991430000053, 7115, 532.0, 4300, 2500, 128),
(1098.7547300000006, 7116, 532.0, 4300, 2500, 129),
(1098.794624999995, 7117, 532.0, 4300, 2500, 130),
(1098.8416529999959, 7118, 532.0, 4300, 2500, 131),
(1098.8888089999964, 7119, 532.0, 4300, 2500, 132),
(1098.927807, 7120, 532.0, 4300, 2500, 133),
(1098.970325000002, 7121, 532.0, 4300, 2500, 134),
(1099.0124669999932, 7122, 532.0, 4300, 2500, 135),
(1099.0535240000027, 7123, 532.0, 4300, 2500, 136),
(1099.0982539999968, 7124, 532.0, 4300, 2500, 137),
(1099.136685999998, 7125, 532.0, 4300, 2500, 138),
(1099.1783149999974, 7126, 532.0, 4300, 2500, 139),
(1099.221172999998, 7127, 532.0, 4300, 2500, 140),
(1099.2638619999925, 7128, 532.0, 4300, 2500, 141),
(1099.3075620000018, 7129, 532.0, 4300, 2500, 142),
(1099.3478130000003, 7130, 532.0, 4300, 2500, 143),
(1099.3878910000058, 7131, 532.0, 4300, 2500, 144),
(1099.4311820000003, 7132, 532.0, 4300, 2500, 145),
(1099.477304999993, 7133, 532.0, 4300, 2500, 146),
(1099.5190730000031, 7134, 532.0, 4300, 2500, 147),
(1099.5685769999982, 7135, 532.0, 4300, 2500, 148),
(1099.6168219999963, 7136, 532.0, 4300, 2500, 149),
(1099.6673560000054, 7137, 532.0, 4300, 2500, 150),
(1099.708906999993, 7138, 532.0, 4300, 2500, 151),
(1099.755674999993, 7139, 532.0, 4300, 2500, 152),
(1099.8002810000035, 7140, 532.0, 4300, 2600, 112),
(1099.845113999996, 7141, 533.0, 4300, 2600, 113),
(1100.3614709999965, 7149, 531.0, 4300, 2600, 121),
(1100.4085369999957, 7150, 536.0, 4300, 2600, 122),
(1100.455971000003, 7151, 621.0, 4300, 2600, 123),
(1100.6751550000045, 7155, 533.0, 4300, 2600, 127),
(1100.7147269999987, 7156, 621.0, 4300, 2600, 128),
(1101.1152770000044, 7163, 531.0, 4300, 2600, 135),
(1101.1608220000053, 7164, 534.0, 4300, 2600, 136),
(1101.2078279999987, 7165, 620.0, 4300, 2600, 137),
(1102.7202479999978, 7171, 531.0, 4300, 2600, 143),
(1102.761731000006, 7172, 536.0, 4300, 2600, 144),
(1102.8042920000007, 7173, 621.0, 4300, 2600, 145),
(1102.9792540000053, 7176, 283.0, 4300, 2600, 148),
(1103.0182709999935, 7177, 471.0, 4300, 2600, 149),
(1103.0624569999927, 7178, 618.0, 4300, 2600, 150),
(1103.2468450000015, 7181, 533.0, 4300, 2600, 113),
(1103.7394239999994, 7189, 531.0, 4300, 2600, 121),
(1103.7849549999955, 7190, 536.0, 4300, 2600, 122),
(1103.8237870000012, 7191, 621.0, 4300, 2600, 123),
(1104.0587229999946, 7195, 533.0, 4300, 2600, 127),
(1104.1248849999974, 7196, 621.0, 4300, 2600, 128),
(1104.5779429999966, 7203, 531.0, 4300, 2600, 135),
(1104.6211829999957, 7204, 534.0, 4300, 2600, 136),
(1104.6596080000018, 7205, 620.0, 4300, 2600, 137),
(1106.2292029999953, 7211, 531.0, 4300, 2600, 143),
(1106.2857590000058, 7212, 536.0, 4300, 2600, 144),
(1106.349893000006, 7213, 621.0, 4300, 2600, 145),
(1106.5445420000033, 7216, 283.0, 4300, 2600, 148),
(1106.5831469999976, 7217, 471.0, 4300, 2600, 149),
(1106.6211849999963, 7218, 618.0, 4300, 2600, 150),
(1106.8277490000037, 7221, 533.0, 4300, 2600, 113),
(1107.3507119999995, 7229, 531.0, 4300, 2600, 121),
(1107.3928889999952, 7230, 536.0, 4300, 2600, 122),
(1107.4297490000026, 7231, 621.0, 4300, 2600, 123),
(1107.6947579999978, 7235, 533.0, 4300, 2600, 127),
(1107.742895000003, 7236, 621.0, 4300, 2600, 128),
(1108.1552629999933, 7243, 531.0, 4300, 2600, 135),
(1108.1946989999997, 7244, 534.0, 4300, 2600, 136),
(1108.2385249999934, 7245, 620.0, 4300, 2600, 137),
(1109.7952570000052, 7251, 531.0, 4300, 2600, 143),
(1109.849073999998, 7252, 536.0, 4300, 2600, 144),
(1109.887659, 7253, 621.0, 4300, 2600, 145),
(1110.055210999999, 7256, 283.0, 4300, 2600, 148),
(1110.0955819999945, 7257, 471.0, 4300, 2600, 149),
(1110.1357799999969, 7258, 618.0, 4300, 2600, 150),
(1110.294240000003, 7261, 531.0, 4300, 2700, 112),
(1110.3333719999937, 7262, 531.0, 4300, 2700, 113),
(1118.2824790000013, 7269, 531.0, 4300, 2700, 120),
(1118.3268779999926, 7270, 531.0, 4300, 2700, 121),
(1118.3737450000044, 7271, 531.0, 4300, 2700, 122),
(1126.1073170000018, 7274, 531.0, 4300, 2700, 125),
(1126.2091800000053, 7276, 531.0, 4300, 2700, 127),
(1134.1873909999995, 7283, 531.0, 4300, 2700, 134),
(1134.2402049999946, 7284, 531.0, 4300, 2700, 135),
(1134.292751999994, 7285, 531.0, 4300, 2700, 136),
(1142.092399000001, 7288, 531.0, 4300, 2700, 139),
(1149.9451100000006, 7291, 531.0, 4300, 2700, 142),
(1149.9861609999934, 7292, 531.0, 4300, 2700, 143),
(1150.0292150000023, 7293, 531.0, 4300, 2700, 144),
(1157.7902259999973, 7296, 531.0, 4300, 2700, 147),
(1157.8390139999974, 7297, 283.0, 4300, 2700, 148),
(1157.886194000006, 7298, 531.0, 4300, 2700, 149),
(1165.6448180000007, 7301, 555.0, 4300, 2700, 152),
(1165.6846559999976, 7302, 531.0, 4300, 2700, 113),
(1173.6505049999978, 7309, 531.0, 4300, 2700, 120),
(1173.6943150000006, 7310, 531.0, 4300, 2700, 121),
(1173.7376859999931, 7311, 531.0, 4300, 2700, 122),
(1181.5078700000013, 7314, 531.0, 4300, 2700, 125),
(1181.6180590000004, 7316, 531.0, 4300, 2700, 127),
(1189.633495999995, 7323, 531.0, 4300, 2700, 134),
(1189.671703999993, 7324, 531.0, 4300, 2700, 135),
(1189.7126600000047, 7325, 531.0, 4300, 2700, 136),
(1197.4370840000047, 7328, 531.0, 4300, 2700, 139),
(1205.2280009999959, 7331, 531.0, 4300, 2700, 142),
(1205.2706100000069, 7332, 531.0, 4300, 2700, 143),
(1205.3153630000015, 7333, 531.0, 4300, 2700, 144),
(1213.046623000002, 7336, 531.0, 4300, 2700, 147),
(1213.0885359999957, 7337, 283.0, 4300, 2700, 148),
(1213.129409999994, 7338, 531.0, 4300, 2700, 149),
(1220.9128880000062, 7341, 555.0, 4300, 2700, 152),
(1220.9536669999943, 7342, 531.0, 4300, 2700, 113),
(1228.925099999993, 7349, 531.0, 4300, 2700, 120),
(1228.9794879999972, 7350, 531.0, 4300, 2700, 121),
(1229.0202750000026, 7351, 531.0, 4300, 2700, 122),
(1236.8460440000053, 7354, 531.0, 4300, 2700, 125),
(1236.9510509999964, 7356, 531.0, 4300, 2700, 127),
(1244.9559299999964, 7363, 531.0, 4300, 2700, 134),
(1245.001237000004, 7364, 531.0, 4300, 2700, 135),
(1245.0448509999987, 7365, 531.0, 4300, 2700, 136),
(1252.8081620000012, 7368, 531.0, 4300, 2700, 139),
(1260.7359810000053, 7371, 531.0, 4300, 2700, 142),
(1260.7777269999933, 7372, 531.0, 4300, 2700, 143),
(1260.8195810000034, 7373, 531.0, 4300, 2700, 144),
(1268.6167469999928, 7376, 531.0, 4300, 2700, 147),
(1268.6557230000035, 7377, 283.0, 4300, 2700, 148),
(1268.697742999997, 7378, 531.0, 4300, 2700, 149),
(1276.439870000002, 7381, 555.0, 4300, 2700, 152),
(1276.4835719999974, 7382, 531.0, 4300, 2800, 112),
(1276.5383520000032, 7383, 531.0, 4300, 2800, 113),
(1276.6607349999977, 7385, 549.0, 4300, 2800, 115),
(1276.829085999998, 7388, 531.0, 4300, 2800, 118),
(1276.9419110000017, 7390, 531.0, 4300, 2800, 120),
(1276.9895770000003, 7391, 531.0, 4300, 2800, 121),
(1277.0313569999998, 7392, 531.0, 4300, 2800, 122),
(1277.2749630000035, 7396, 531.0, 4300, 2800, 126),
(1277.322954999996, 7397, 531.0, 4300, 2800, 127),
(1277.419894000006, 7399, 548.0, 4300, 2800, 129),
(1277.6050759999926, 7402, 531.0, 4300, 2800, 132),
(1277.7968910000054, 7405, 531.0, 4300, 2800, 135),
(1277.8369669999956, 7406, 531.0, 4300, 2800, 136),
(1277.9601399999956, 7408, 284.0, 4300, 2800, 138),
(1278.005191999997, 7409, 531.0, 4300, 2800, 139),
(1278.2191480000038, 7413, 531.0, 4300, 2800, 143),
(1278.2569360000052, 7414, 531.0, 4300, 2800, 144),
(1278.479594999997, 7418, 531.0, 4300, 2800, 148),
(1278.5296700000035, 7419, 531.0, 4300, 2800, 149),
(1278.640710000007, 7421, 284.0, 4300, 2800, 151),
(1278.6834209999943, 7422, 531.0, 4300, 2800, 152),
(1278.7246619999933, 7423, 531.0, 4300, 2800, 113),
(1278.828085000001, 7425, 549.0, 4300, 2800, 115),
(1279.0299769999983, 7428, 531.0, 4300, 2800, 118),
(1279.1394230000005, 7430, 531.0, 4300, 2800, 120),
(1279.1921390000061, 7431, 531.0, 4300, 2800, 121),
(1279.2342360000039, 7432, 531.0, 4300, 2800, 122),
(1279.4562830000068, 7436, 531.0, 4300, 2800, 126),
(1279.5023999999976, 7437, 531.0, 4300, 2800, 127),
(1279.6026180000044, 7439, 548.0, 4300, 2800, 129),
(1279.7621119999967, 7442, 531.0, 4300, 2800, 132),
(1279.9270980000001, 7445, 531.0, 4300, 2800, 135),
(1279.964221999995, 7446, 531.0, 4300, 2800, 136),
(1280.060454999999, 7448, 284.0, 4300, 2800, 138),
(1280.0993639999942, 7449, 531.0, 4300, 2800, 139),
(1280.3468589999975, 7453, 531.0, 4300, 2800, 143),
(1280.3943350000045, 7454, 531.0, 4300, 2800, 144),
(1280.6587239999935, 7458, 531.0, 4300, 2800, 148),
(1280.6972039999964, 7459, 531.0, 4300, 2800, 149),
(1280.7959220000048, 7461, 284.0, 4300, 2800, 151),
(1280.8398790000065, 7462, 531.0, 4300, 2800, 152),
(1280.8856119999982, 7463, 531.0, 4300, 2800, 113),
(1280.9966810000042, 7465, 549.0, 4300, 2800, 115),
(1281.160858999996, 7468, 531.0, 4300, 2800, 118),
(1281.325297000003, 7471, 531.0, 4300, 2800, 121),
(1281.372365999996, 7472, 531.0, 4300, 2800, 122),
(1281.6286959999998, 7476, 531.0, 4300, 2800, 126),
(1281.6749680000066, 7477, 531.0, 4300, 2800, 127),
(1281.7867620000034, 7479, 548.0, 4300, 2800, 129),
(1281.9756070000003, 7482, 531.0, 4300, 2800, 132),
(1282.1471179999935, 7485, 531.0, 4300, 2800, 135),
(1282.2011020000064, 7486, 531.0, 4300, 2800, 136),
(1282.3191450000013, 7488, 284.0, 4300, 2800, 138),
(1282.3694740000064, 7489, 531.0, 4300, 2800, 139),
(1282.6192770000052, 7493, 531.0, 4300, 2800, 143),
(1282.6586979999993, 7494, 531.0, 4300, 2800, 144),
(1282.7549830000062, 7496, 611.0, 4300, 2800, 146),
(1282.8467180000007, 7498, 531.0, 4300, 2800, 148),
(1282.8895760000014, 7499, 531.0, 4300, 2800, 149),
(1282.999496999997, 7501, 284.0, 4300, 2800, 151),
(1283.037102000002, 7502, 531.0, 4300, 2800, 152),
(1283.077833999996, 7503, 531.0, 4300, 2900, 112),
(1283.1174040000042, 7504, 531.0, 4300, 2900, 113),
(1283.1539119999943, 7505, 531.0, 4300, 2900, 114),
(1283.2617820000014, 7507, 531.0, 4300, 2900, 116),
(1283.3678280000022, 7509, 531.0, 4300, 2900, 118),
(1283.4152049999975, 7510, 531.0, 4300, 2900, 119),
(1283.4600210000062, 7511, 531.0, 4300, 2900, 120),
(1283.5102500000066, 7512, 531.0, 4300, 2900, 121),
(1283.5587930000038, 7513, 531.0, 4300, 2900, 122),
(1283.6715050000057, 7515, 531.0, 4300, 2900, 124),
(1283.7836030000035, 7517, 531.0, 4300, 2900, 126),
(1283.8269529999961, 7518, 531.0, 4300, 2900, 127),
(1283.8822530000034, 7519, 531.0, 4300, 2900, 128),
(1283.9885300000024, 7521, 531.0, 4300, 2900, 130),
(1284.1057040000014, 7523, 531.0, 4300, 2900, 132),
(1284.1617310000001, 7524, 531.0, 4300, 2900, 133),
(1284.1992049999972, 7525, 531.0, 4300, 2900, 134),
(1284.2467849999957, 7526, 531.0, 4300, 2900, 135),
(1284.289545000007, 7527, 531.0, 4300, 2900, 136),
(1284.3302589999948, 7528, 281.0, 4300, 2900, 137),
(1284.3706570000068, 7529, 531.0, 4300, 2900, 138),
(1284.4173140000057, 7530, 531.0, 4300, 2900, 139),
(1284.4604339999933, 7531, 1833.0, 4300, 2900, 140),
(1284.5018299999938, 7532, 531.0, 4300, 2900, 141),
(1284.542367999995, 7533, 531.0, 4300, 2900, 142),
(1284.5853840000054, 7534, 531.0, 4300, 2900, 143),
(1284.624769999995, 7535, 531.0, 4300, 2900, 144),
(1284.6649920000054, 7536, 531.0, 4300, 2900, 145),
(1284.7063749999943, 7537, 531.0, 4300, 2900, 146),
(1284.7569490000024, 7538, 531.0, 4300, 2900, 147),
(1284.8021799999988, 7539, 531.0, 4300, 2900, 148),
(1284.8458119999996, 7540, 531.0, 4300, 2900, 149),
(1284.9580149999965, 7542, 531.0, 4300, 2900, 151),
(1285.0012390000047, 7543, 531.0, 4300, 2900, 152),
(1285.0418910000008, 7544, 531.0, 4300, 2900, 113),
(1285.083740999995, 7545, 531.0, 4300, 2900, 114),
(1285.187745000003, 7547, 531.0, 4300, 2900, 116),
(1285.2861370000028, 7549, 531.0, 4300, 2900, 118),
(1285.3240519999963, 7550, 531.0, 4300, 2900, 119),
(1285.3664259999932, 7551, 531.0, 4300, 2900, 120),
(1285.4033650000056, 7552, 531.0, 4300, 2900, 121),
(1285.4415940000035, 7553, 531.0, 4300, 2900, 122),
(1285.5380069999956, 7555, 531.0, 4300, 2900, 124),
(1285.639280000003, 7557, 531.0, 4300, 2900, 126),
(1285.678706000006, 7558, 531.0, 4300, 2900, 127),
(1285.7157350000052, 7559, 531.0, 4300, 2900, 128),
(1285.8134549999959, 7561, 531.0, 4300, 2900, 130),
(1285.9132379999937, 7563, 531.0, 4300, 2900, 132),
(1285.9595770000014, 7564, 531.0, 4300, 2900, 133),
(1286.004488000006, 7565, 531.0, 4300, 2900, 134),
(1286.0489450000023, 7566, 531.0, 4300, 2900, 135),
(1286.1015279999992, 7567, 531.0, 4300, 2900, 136),
(1286.1471020000026, 7568, 281.0, 4300, 2900, 137),
(1286.2016290000029, 7569, 531.0, 4300, 2900, 138),
(1286.248166999998, 7570, 531.0, 4300, 2900, 139),
(1286.2952640000003, 7571, 1833.0, 4300, 2900, 140),
(1286.3388290000003, 7572, 531.0, 4300, 2900, 141),
(1286.3884870000038, 7573, 531.0, 4300, 2900, 142),
(1286.4391860000032, 7574, 531.0, 4300, 2900, 143),
(1286.4778959999967, 7575, 531.0, 4300, 2900, 144),
(1286.5166420000023, 7576, 593.0, 4300, 2900, 145),
(1286.5560030000051, 7577, 531.0, 4300, 2900, 146),
(1286.5985749999963, 7578, 531.0, 4300, 2900, 147),
(1286.6448789999995, 7579, 531.0, 4300, 2900, 148),
(1286.6911669999972, 7580, 531.0, 4300, 2900, 149),
(1286.8095929999981, 7582, 531.0, 4300, 2900, 151),
(1286.8687409999984, 7583, 531.0, 4300, 2900, 152),
(1286.9087140000047, 7584, 531.0, 4300, 2900, 113),
(1286.9505459999928, 7585, 531.0, 4300, 2900, 114),
(1287.0505310000008, 7587, 531.0, 4300, 2900, 116),
(1287.140910000002, 7589, 531.0, 4300, 2900, 118),
(1287.1799060000048, 7590, 531.0, 4300, 2900, 119),
(1287.2176769999933, 7591, 531.0, 4300, 2900, 120),
(1287.2576299999928, 7592, 531.0, 4300, 2900, 121),
(1287.2938960000029, 7593, 531.0, 4300, 2900, 122),
(1287.4096779999963, 7595, 531.0, 4300, 2900, 124),
(1287.5404299999936, 7597, 531.0, 4300, 2900, 126),
(1287.5903450000042, 7598, 531.0, 4300, 2900, 127),
(1287.642949999994, 7599, 531.0, 4300, 2900, 128),
(1287.754144000006, 7601, 531.0, 4300, 2900, 130),
(1287.8751060000068, 7603, 531.0, 4300, 2900, 132),
(1287.9218830000027, 7604, 531.0, 4300, 2900, 133),
(1287.9636690000043, 7605, 531.0, 4300, 2900, 134),
(1288.0077619999938, 7606, 531.0, 4300, 2900, 135),
(1288.0485079999926, 7607, 531.0, 4300, 2900, 136),
(1288.0886429999955, 7608, 281.0, 4300, 2900, 137),
(1288.1294040000066, 7609, 531.0, 4300, 2900, 138),
(1288.1704489999975, 7610, 531.0, 4300, 2900, 139),
(1288.2136040000041, 7611, 1833.0, 4300, 2900, 140),
(1288.2561209999985, 7612, 531.0, 4300, 2900, 141),
(1288.2962289999996, 7613, 531.0, 4300, 2900, 142),
(1288.3335439999937, 7614, 531.0, 4300, 2900, 143),
(1288.3720360000007, 7615, 531.0, 4300, 2900, 144),
(1288.413526999997, 7616, 593.0, 4300, 2900, 145),
(1288.4510770000052, 7617, 531.0, 4300, 2900, 146),
(1288.4905429999926, 7618, 531.0, 4300, 2900, 147),
(1288.5285210000002, 7619, 531.0, 4300, 2900, 148),
(1288.570384000006, 7620, 531.0, 4300, 2900, 149),
(1288.6703319999942, 7622, 531.0, 4300, 2900, 151),
(1288.708003000007, 7623, 531.0, 4300, 2900, 152),
(1288.7475089999934, 7624, 531.0, 4300, 3000, 112),
(1288.786791999999, 7625, 531.0, 4300, 3000, 113),
(1288.825800999999, 7626, 531.0, 4300, 3000, 114),
(1288.925596000001, 7628, 531.0, 4300, 3000, 116),
(1288.965897999995, 7629, 531.0, 4300, 3000, 117),
(1289.0034040000028, 7630, 531.0, 4300, 3000, 118),
(1289.042723000006, 7631, 531.0, 4300, 3000, 119),
(1289.087255999999, 7632, 531.0, 4300, 3000, 120),
(1289.1293330000044, 7633, 531.0, 4300, 3000, 121),
(1289.1698599999945, 7634, 531.0, 4300, 3000, 122),
(1289.2075880000048, 7635, 531.0, 4300, 3000, 123),
(1289.2473730000056, 7636, 531.0, 4300, 3000, 124),
(1289.29767, 7637, 531.0, 4300, 3000, 125),
(1289.3413719999953, 7638, 531.0, 4300, 3000, 126),
(1289.387705000001, 7639, 531.0, 4300, 3000, 127),
(1289.427966000003, 7640, 531.0, 4300, 3000, 128),
(1289.5401089999941, 7642, 531.0, 4300, 3000, 130),
(1289.5821640000067, 7643, 531.0, 4300, 3000, 131),
(1289.6313360000058, 7644, 531.0, 4300, 3000, 132),
(1289.6762190000009, 7645, 531.0, 4300, 3000, 133),
(1289.7188809999934, 7646, 531.0, 4300, 3000, 134),
(1289.7584729999944, 7647, 531.0, 4300, 3000, 135),
(1289.8014229999972, 7648, 531.0, 4300, 3000, 136),
(1289.8410860000004, 7649, 531.0, 4300, 3000, 137),
(1289.888976999995, 7650, 531.0, 4300, 3000, 138),
(1289.939612999995, 7651, 531.0, 4300, 3000, 139),
(1289.9799990000029, 7652, 531.0, 4300, 3000, 140),
(1290.0258109999995, 7653, 531.0, 4300, 3000, 141),
(1290.0686240000068, 7654, 531.0, 4300, 3000, 142),
(1290.1083170000056, 7655, 531.0, 4300, 3000, 143),
(1290.1458920000005, 7656, 531.0, 4300, 3000, 144),
(1290.1894500000053, 7657, 531.0, 4300, 3000, 145),
(1290.2322920000006, 7658, 531.0, 4300, 3000, 146),
(1290.277575, 7659, 531.0, 4300, 3000, 147),
(1290.3171750000038, 7660, 531.0, 4300, 3000, 148),
(1290.3672229999938, 7661, 531.0, 4300, 3000, 149),
(1290.4065839999967, 7662, 531.0, 4300, 3000, 150),
(1290.4426799999928, 7663, 531.0, 4300, 3000, 151),
(1290.4825180000043, 7664, 531.0, 4300, 3000, 152),
(1290.5211220000056, 7665, 531.0, 4300, 3000, 113),
(1290.566783000002, 7666, 531.0, 4300, 3000, 114),
(1290.6614359999949, 7668, 531.0, 4300, 3000, 116),
(1290.7026519999927, 7669, 531.0, 4300, 3000, 117),
(1290.7410570000065, 7670, 531.0, 4300, 3000, 118),
(1290.7801270000055, 7671, 531.0, 4300, 3000, 119),
(1290.8293069999927, 7672, 531.0, 4300, 3000, 120),
(1290.8806080000068, 7673, 531.0, 4300, 3000, 121),
(1290.9239099999977, 7674, 531.0, 4300, 3000, 122),
(1290.9620739999955, 7675, 531.0, 4300, 3000, 123),
(1291.0037940000038, 7676, 531.0, 4300, 3000, 124),
(1291.0486139999994, 7677, 531.0, 4300, 3000, 125),
(1291.0900879999972, 7678, 531.0, 4300, 3000, 126),
(1291.1404219999968, 7679, 531.0, 4300, 3000, 127),
(1291.183567999993, 7680, 531.0, 4300, 3000, 128),
(1291.2843830000056, 7682, 531.0, 4300, 3000, 130),
(1291.3304860000062, 7683, 531.0, 4300, 3000, 131),
(1291.3687219999993, 7684, 531.0, 4300, 3000, 132),
(1291.412083999996, 7685, 531.0, 4300, 3000, 133),
(1291.4520880000055, 7686, 531.0, 4300, 3000, 134),
(1291.4935209999967, 7687, 531.0, 4300, 3000, 135),
(1291.5345269999962, 7688, 531.0, 4300, 3000, 136),
(1291.5762439999962, 7689, 531.0, 4300, 3000, 137),
(1291.618902000002, 7690, 531.0, 4300, 3000, 138),
(1291.6566779999994, 7691, 531.0, 4300, 3000, 139),
(1291.6927609999984, 7692, 531.0, 4300, 3000, 140),
(1291.7403599999961, 7693, 531.0, 4300, 3000, 141),
(1291.7777820000047, 7694, 531.0, 4300, 3000, 142),
(1291.8264139999956, 7695, 531.0, 4300, 3000, 143),
(1291.865797999999, 7696, 531.0, 4300, 3000, 144),
(1291.906422, 7697, 531.0, 4300, 3000, 145),
(1291.948927000005, 7698, 531.0, 4300, 3000, 146),
(1291.9918780000007, 7699, 531.0, 4300, 3000, 147),
(1292.0447540000023, 7700, 531.0, 4300, 3000, 148),
(1292.0816599999962, 7701, 531.0, 4300, 3000, 149),
(1292.120351000005, 7702, 531.0, 4300, 3000, 150),
(1292.1574059999984, 7703, 531.0, 4300, 3000, 151),
(1292.204012999995, 7704, 531.0, 4300, 3000, 152),
(1292.2421369999938, 7705, 531.0, 4300, 3000, 113),
(1292.2873779999936, 7706, 531.0, 4300, 3000, 114),
(1292.391506999993, 7708, 531.0, 4300, 3000, 116),
(1292.4412750000047, 7709, 531.0, 4300, 3000, 117),
(1292.4862160000048, 7710, 531.0, 4300, 3000, 118),
(1292.531176000004, 7711, 531.0, 4300, 3000, 119),
(1292.578840999995, 7712, 531.0, 4300, 3000, 120),
(1292.6182640000043, 7713, 531.0, 4300, 3000, 121),
(1292.6655789999932, 7714, 531.0, 4300, 3000, 122),
(1292.7080580000038, 7715, 531.0, 4300, 3000, 123),
(1292.7483280000015, 7716, 531.0, 4300, 3000, 124),
(1292.7866179999983, 7717, 531.0, 4300, 3000, 125),
(1292.827071000007, 7718, 531.0, 4300, 3000, 126),
(1292.8721959999966, 7719, 531.0, 4300, 3000, 127),
(1292.9182020000007, 7720, 531.0, 4300, 3000, 128),
(1293.0269890000054, 7722, 531.0, 4300, 3000, 130),
(1293.0751880000025, 7723, 531.0, 4300, 3000, 131),
(1293.126013000001, 7724, 531.0, 4300, 3000, 132),
(1293.175172000003, 7725, 531.0, 4300, 3000, 133),
(1293.226668000003, 7726, 531.0, 4300, 3000, 134),
(1293.2721149999998, 7727, 531.0, 4300, 3000, 135),
(1293.3227190000034, 7728, 531.0, 4300, 3000, 136),
(1293.373424000005, 7729, 531.0, 4300, 3000, 137),
(1293.420490000004, 7730, 531.0, 4300, 3000, 138),
(1293.466870999997, 7731, 531.0, 4300, 3000, 139),
(1293.508434999996, 7732, 531.0, 4300, 3000, 140),
(1293.5509610000008, 7733, 531.0, 4300, 3000, 141),
(1293.5907810000062, 7734, 531.0, 4300, 3000, 142),
(1293.6367969999992, 7735, 531.0, 4300, 3000, 143),
(1293.6867349999957, 7736, 531.0, 4300, 3000, 144),
(1293.7311679999984, 7737, 531.0, 4300, 3000, 145),
(1293.781084999995, 7738, 531.0, 4300, 3000, 146),
(1293.8235390000045, 7739, 531.0, 4300, 3000, 147),
(1293.8763279999985, 7740, 531.0, 4300, 3000, 148),
(1293.928018999999, 7741, 531.0, 4300, 3000, 149),
(1293.9716049999988, 7742, 531.0, 4300, 3000, 150),
(1294.0175639999943, 7743, 531.0, 4300, 3000, 151),
(1294.0563030000048, 7744, 531.0, 4300, 3000, 152),
(1294.0955899999972, 7745, 531.0, 4300, 3100, 112),
(1294.1391250000015, 7746, 531.0, 4300, 3100, 113),
(1294.179197000005, 7747, 531.0, 4300, 3100, 114),
(1294.2227279999934, 7748, 531.0, 4300, 3100, 115),
(1294.2657360000012, 7749, 531.0, 4300, 3100, 116),
(1294.309460000004, 7750, 531.0, 4300, 3100, 117),
(1294.3503939999937, 7751, 531.0, 4300, 3100, 118),
(1294.3911640000006, 7752, 531.0, 4300, 3100, 119),
(1294.4304919999995, 7753, 531.0, 4300, 3100, 120),
(1294.4708309999987, 7754, 531.0, 4300, 3100, 121),
(1294.5134030000045, 7755, 531.0, 4300, 3100, 122),
(1294.5521180000069, 7756, 531.0, 4300, 3100, 123),
(1294.5958140000002, 7757, 531.0, 4300, 3100, 124),
(1294.6369249999989, 7758, 531.0, 4300, 3100, 125),
(1294.677045999997, 7759, 531.0, 4300, 3100, 126),
(1294.7206210000004, 7760, 531.0, 4300, 3100, 127),
(1294.760362999994, 7761, 531.0, 4300, 3100, 128),
(1294.805091999995, 7762, 531.0, 4300, 3100, 129),
(1294.846218999999, 7763, 531.0, 4300, 3100, 130),
(1294.8863319999946, 7764, 531.0, 4300, 3100, 131),
(1294.9260930000019, 7765, 531.0, 4300, 3100, 132),
(1294.9735740000033, 7766, 531.0, 4300, 3100, 133),
(1295.0165390000038, 7767, 531.0, 4300, 3100, 134),
(1295.0681179999956, 7768, 531.0, 4300, 3100, 135),
(1295.1080280000024, 7769, 531.0, 4300, 3100, 136),
(1295.1477279999963, 7770, 531.0, 4300, 3100, 137),
(1295.1885020000045, 7771, 531.0, 4300, 3100, 138),
(1295.2354420000047, 7772, 531.0, 4300, 3100, 139),
(1295.2763129999948, 7773, 531.0, 4300, 3100, 140),
(1295.3231539999979, 7774, 531.0, 4300, 3100, 141),
(1295.363566999993, 7775, 531.0, 4300, 3100, 142),
(1295.4046970000054, 7776, 531.0, 4300, 3100, 143),
(1295.4438200000004, 7777, 531.0, 4300, 3100, 144),
(1295.4854210000049, 7778, 531.0, 4300, 3100, 145),
(1295.5292150000023, 7779, 531.0, 4300, 3100, 146),
(1295.5701359999948, 7780, 531.0, 4300, 3100, 147),
(1295.6114399999933, 7781, 531.0, 4300, 3100, 148),
(1295.6658940000052, 7782, 531.0, 4300, 3100, 149),
(1295.7064459999965, 7783, 531.0, 4300, 3100, 150),
(1295.7472319999943, 7784, 531.0, 4300, 3100, 151),
(1295.7899429999961, 7785, 531.0, 4300, 3100, 152),
(1295.8346710000042, 7786, 531.0, 4300, 3100, 113),
(1295.8790889999946, 7787, 531.0, 4300, 3100, 114),
(1295.9256599999935, 7788, 531.0, 4300, 3100, 115),
(1295.967598000003, 7789, 531.0, 4300, 3100, 116),
(1296.014744, 7790, 531.0, 4300, 3100, 117),
(1296.0556210000068, 7791, 531.0, 4300, 3100, 118),
(1296.1056790000002, 7792, 531.0, 4300, 3100, 119),
(1296.1566560000065, 7793, 531.0, 4300, 3100, 120),
(1296.2091019999934, 7794, 531.0, 4300, 3100, 121),
(1296.271768000006, 7795, 531.0, 4300, 3100, 122),
(1296.3263339999976, 7796, 531.0, 4300, 3100, 123),
(1296.3684829999984, 7797, 531.0, 4300, 3100, 124),
(1296.4075480000029, 7798, 531.0, 4300, 3100, 125),
(1296.4477460000053, 7799, 531.0, 4300, 3100, 126),
(1296.491961000007, 7800, 531.0, 4300, 3100, 127),
(1296.531495999996, 7801, 531.0, 4300, 3100, 128),
(1296.5697320000036, 7802, 531.0, 4300, 3100, 129),
(1296.6091599999927, 7803, 531.0, 4300, 3100, 130),
(1296.6494039999961, 7804, 531.0, 4300, 3100, 131),
(1296.6861059999937, 7805, 531.0, 4300, 3100, 132),
(1296.7230810000037, 7806, 531.0, 4300, 3100, 133),
(1296.7625939999998, 7807, 531.0, 4300, 3100, 134),
(1296.8026099999988, 7808, 531.0, 4300, 3100, 135),
(1296.8410790000053, 7809, 531.0, 4300, 3100, 136),
(1296.8871070000023, 7810, 531.0, 4300, 3100, 137),
(1296.9312570000038, 7811, 531.0, 4300, 3100, 138),
(1296.9850000000006, 7812, 531.0, 4300, 3100, 139),
(1297.0273670000024, 7813, 531.0, 4300, 3100, 140),
(1297.0752769999963, 7814, 531.0, 4300, 3100, 141),
(1297.1297250000061, 7815, 531.0, 4300, 3100, 142),
(1297.1870729999937, 7816, 531.0, 4300, 3100, 143),
(1297.2311740000005, 7817, 531.0, 4300, 3100, 144),
(1297.2751669999998, 7818, 531.0, 4300, 3100, 145),
(1297.314505000002, 7819, 531.0, 4300, 3100, 146),
(1297.3528769999975, 7820, 531.0, 4300, 3100, 147),
(1297.3916559999925, 7821, 531.0, 4300, 3100, 148),
(1297.4311759999982, 7822, 531.0, 4300, 3100, 149),
(1297.4719469999982, 7823, 531.0, 4300, 3100, 150),
(1297.5228179999976, 7824, 531.0, 4300, 3100, 151),
(1297.5767380000034, 7825, 531.0, 4300, 3100, 152),
(1297.628939999995, 7826, 531.0, 4300, 3100, 113),
(1297.6756869999954, 7827, 531.0, 4300, 3100, 114),
(1297.7122039999958, 7828, 531.0, 4300, 3100, 115),
(1297.7512940000015, 7829, 531.0, 4300, 3100, 116),
(1297.7894620000006, 7830, 531.0, 4300, 3100, 117),
(1297.829945000005, 7831, 531.0, 4300, 3100, 118),
(1297.8686409999937, 7832, 531.0, 4300, 3100, 119),
(1297.9105719999934, 7833, 531.0, 4300, 3100, 120),
(1297.9599190000008, 7834, 531.0, 4300, 3100, 121),
(1298.0068690000044, 7835, 531.0, 4300, 3100, 122),
(1298.0477459999966, 7836, 531.0, 4300, 3100, 123),
(1298.0851430000039, 7837, 531.0, 4300, 3100, 124),
(1298.1259759999957, 7838, 531.0, 4300, 3100, 125),
(1298.166624000005, 7839, 531.0, 4300, 3100, 126),
(1298.2047149999999, 7840, 531.0, 4300, 3100, 127),
(1298.2427190000017, 7841, 531.0, 4300, 3100, 128),
(1298.2824050000054, 7842, 531.0, 4300, 3100, 129),
(1298.3229690000007, 7843, 531.0, 4300, 3100, 130),
(1298.3634590000001, 7844, 531.0, 4300, 3100, 131),
(1298.4098090000043, 7845, 531.0, 4300, 3100, 132),
(1298.4621990000014, 7846, 531.0, 4300, 3100, 133),
(1298.5167329999967, 7847, 531.0, 4300, 3100, 134),
(1298.5688539999974, 7848, 531.0, 4300, 3100, 135),
(1298.6081870000053, 7849, 531.0, 4300, 3100, 136),
(1298.6550909999933, 7850, 531.0, 4300, 3100, 137),
(1298.7100039999932, 7851, 531.0, 4300, 3100, 138),
(1298.7607679999928, 7852, 531.0, 4300, 3100, 139),
(1298.8112879999971, 7853, 531.0, 4300, 3100, 140),
(1298.8560699999944, 7854, 531.0, 4300, 3100, 141),
(1298.902369000003, 7855, 531.0, 4300, 3100, 142),
(1298.9498310000054, 7856, 531.0, 4300, 3100, 143),
(1298.9971159999986, 7857, 531.0, 4300, 3100, 144),
(1299.0366550000035, 7858, 531.0, 4300, 3100, 145),
(1299.0795729999954, 7859, 531.0, 4300, 3100, 146),
(1299.1298839999945, 7860, 531.0, 4300, 3100, 147),
(1299.1825379999937, 7861, 531.0, 4300, 3100, 148),
(1299.2260680000036, 7862, 531.0, 4300, 3100, 149),
(1299.2736849999928, 7863, 531.0, 4300, 3100, 150),
(1299.3284330000024, 7864, 531.0, 4300, 3100, 151),
(1299.3683900000033, 7865, 531.0, 4300, 3100, 152),
(1299.4068640000041, 7866, 531.0, 4300, 3200, 112),
(1299.4576240000024, 7867, 531.0, 4300, 3200, 113),
(1299.5120909999969, 7868, 531.0, 4300, 3200, 114),
(1299.5754779999988, 7869, 531.0, 4300, 3200, 115),
(1299.6210969999956, 7870, 531.0, 4300, 3200, 116),
(1299.6669859999965, 7871, 531.0, 4300, 3200, 117),
(1299.7168130000064, 7872, 531.0, 4300, 3200, 118),
(1299.7629429999943, 7873, 531.0, 4300, 3200, 119),
(1299.8052310000057, 7874, 531.0, 4300, 3200, 120),
(1299.8477390000044, 7875, 531.0, 4300, 3200, 121),
(1299.8983480000024, 7876, 531.0, 4300, 3200, 122),
(1299.9408399999957, 7877, 531.0, 4300, 3200, 123),
(1299.9851469999994, 7878, 531.0, 4300, 3200, 124),
(1300.0236409999925, 7879, 531.0, 4300, 3200, 125),
(1300.068134000001, 7880, 531.0, 4300, 3200, 126),
(1300.1203490000044, 7881, 531.0, 4300, 3200, 127),
(1300.1619749999954, 7882, 531.0, 4300, 3200, 128),
(1300.2098930000066, 7883, 531.0, 4300, 3200, 129),
(1300.2558019999997, 7884, 531.0, 4300, 3200, 130),
(1300.2965569999942, 7885, 531.0, 4300, 3200, 131),
(1300.335156999994, 7886, 531.0, 4300, 3200, 132),
(1300.3737779999938, 7887, 531.0, 4300, 3200, 133),
(1300.4133860000002, 7888, 531.0, 4300, 3200, 134),
(1300.453548000005, 7889, 531.0, 4300, 3200, 135),
(1300.4915029999975, 7890, 531.0, 4300, 3200, 136),
(1300.5304009999963, 7891, 531.0, 4300, 3200, 137),
(1300.5750439999974, 7892, 531.0, 4300, 3200, 138),
(1300.6168860000034, 7893, 531.0, 4300, 3200, 139),
(1300.657911000002, 7894, 531.0, 4300, 3200, 140),
(1300.702879999997, 7895, 531.0, 4300, 3200, 141),
(1300.7460430000065, 7896, 531.0, 4300, 3200, 142),
(1300.8047090000036, 7897, 531.0, 4300, 3200, 143),
(1300.856409999993, 7898, 531.0, 4300, 3200, 144),
(1300.9156309999962, 7899, 531.0, 4300, 3200, 145),
(1300.9651840000006, 7900, 531.0, 4300, 3200, 146),
(1301.00907, 7901, 531.0, 4300, 3200, 147),
(1301.0573460000014, 7902, 531.0, 4300, 3200, 148),
(1301.1102079999982, 7903, 531.0, 4300, 3200, 149),
(1301.158242000005, 7904, 531.0, 4300, 3200, 150),
(1301.1973390000057, 7905, 531.0, 4300, 3200, 151),
(1301.236705999996, 7906, 531.0, 4300, 3200, 152),
(1301.2758009999961, 7907, 531.0, 4300, 3200, 113),
(1301.3273000000045, 7908, 531.0, 4300, 3200, 114),
(1301.3675470000017, 7909, 531.0, 4300, 3200, 115),
(1301.4075900000025, 7910, 531.0, 4300, 3200, 116),
(1301.445206999997, 7911, 531.0, 4300, 3200, 117),
(1301.4874359999958, 7912, 531.0, 4300, 3200, 118),
(1301.532256999999, 7913, 531.0, 4300, 3200, 119),
(1301.596795999998, 7914, 531.0, 4300, 3200, 120),
(1301.646882999994, 7915, 531.0, 4300, 3200, 121),
(1301.691003, 7916, 531.0, 4300, 3200, 122),
(1301.7455920000066, 7917, 531.0, 4300, 3200, 123),
(1301.7908719999978, 7918, 531.0, 4300, 3200, 124),
(1301.8365239999985, 7919, 531.0, 4300, 3200, 125),
(1301.8825720000023, 7920, 531.0, 4300, 3200, 126),
(1301.9260800000047, 7921, 531.0, 4300, 3200, 127),
(1301.9649780000036, 7922, 531.0, 4300, 3200, 128),
(1302.003131999998, 7923, 531.0, 4300, 3200, 129),
(1302.0399570000009, 7924, 531.0, 4300, 3200, 130),
(1302.0783179999999, 7925, 531.0, 4300, 3200, 131),
(1302.1224709999951, 7926, 531.0, 4300, 3200, 132),
(1302.1612060000043, 7927, 531.0, 4300, 3200, 133),
(1302.2022609999985, 7928, 531.0, 4300, 3200, 134),
(1302.240227000002, 7929, 531.0, 4300, 3200, 135),
(1302.2804789999936, 7930, 531.0, 4300, 3200, 136),
(1302.3253739999927, 7931, 531.0, 4300, 3200, 137),
(1302.378119999994, 7932, 531.0, 4300, 3200, 138),
(1302.4303530000034, 7933, 531.0, 4300, 3200, 139),
(1302.4857510000002, 7934, 531.0, 4300, 3200, 140),
(1302.5310520000057, 7935, 531.0, 4300, 3200, 141),
(1302.5861549999972, 7936, 531.0, 4300, 3200, 142),
(1302.6292399999948, 7937, 531.0, 4300, 3200, 143),
(1302.6818219999986, 7938, 531.0, 4300, 3200, 144),
(1302.7280840000021, 7939, 531.0, 4300, 3200, 145),
(1302.7795880000049, 7940, 531.0, 4300, 3200, 146),
(1302.8286899999948, 7941, 531.0, 4300, 3200, 147),
(1302.8831780000037, 7942, 531.0, 4300, 3200, 148),
(1302.929581999997, 7943, 531.0, 4300, 3200, 149),
(1302.9779710000003, 7944, 531.0, 4300, 3200, 150),
(1303.0188699999999, 7945, 531.0, 4300, 3200, 151),
(1303.0593519999966, 7946, 531.0, 4300, 3200, 152),
(1303.1028649999935, 7947, 531.0, 4300, 3200, 113),
(1303.155356000003, 7948, 531.0, 4300, 3200, 114),
(1303.2011179999972, 7949, 531.0, 4300, 3200, 115),
(1303.2513860000035, 7950, 531.0, 4300, 3200, 116),
(1303.3000500000053, 7951, 531.0, 4300, 3200, 117),
(1303.3609250000009, 7952, 531.0, 4300, 3200, 118),
(1303.400198000003, 7953, 531.0, 4300, 3200, 119),
(1303.4523369999952, 7954, 531.0, 4300, 3200, 120),
(1303.4984200000035, 7955, 531.0, 4300, 3200, 121),
(1303.5381510000007, 7956, 531.0, 4300, 3200, 122),
(1303.5780609999929, 7957, 531.0, 4300, 3200, 123),
(1303.616485999999, 7958, 531.0, 4300, 3200, 124),
(1303.655482000002, 7959, 531.0, 4300, 3200, 125),
(1303.6953130000038, 7960, 531.0, 4300, 3200, 126),
(1303.7355329999991, 7961, 531.0, 4300, 3200, 127),
(1303.7759899999946, 7962, 531.0, 4300, 3200, 128),
(1303.8159270000033, 7963, 531.0, 4300, 3200, 129),
(1303.8675689999945, 7964, 531.0, 4300, 3200, 130),
(1303.9084339999972, 7965, 531.0, 4300, 3200, 131),
(1303.9478130000061, 7966, 531.0, 4300, 3200, 132),
(1303.9894809999969, 7967, 531.0, 4300, 3200, 133),
(1304.0310509999981, 7968, 531.0, 4300, 3200, 134),
(1304.0703820000053, 7969, 531.0, 4300, 3200, 135),
(1304.1094869999943, 7970, 531.0, 4300, 3200, 136),
(1304.1490040000062, 7971, 531.0, 4300, 3200, 137),
(1304.1898610000062, 7972, 531.0, 4300, 3200, 138),
(1304.2360869999975, 7973, 531.0, 4300, 3200, 139),
(1304.2763479999994, 7974, 531.0, 4300, 3200, 140),
(1304.316724000004, 7975, 531.0, 4300, 3200, 141),
(1304.3582100000058, 7976, 531.0, 4300, 3200, 142),
(1304.4025079999992, 7977, 531.0, 4300, 3200, 143),
(1304.4487249999947, 7978, 531.0, 4300, 3200, 144),
(1304.4988239999948, 7979, 531.0, 4300, 3200, 145),
(1304.5514510000066, 7980, 531.0, 4300, 3200, 146),
(1304.5975789999939, 7981, 531.0, 4300, 3200, 147),
(1304.637189000001, 7982, 531.0, 4300, 3200, 148),
(1304.6786730000022, 7983, 531.0, 4300, 3200, 149),
(1304.7166540000035, 7984, 531.0, 4300, 3200, 150),
(1304.7561810000043, 7985, 531.0, 4300, 3200, 151),
(1304.8064509999967, 7986, 531.0, 4300, 3200, 152),
(1304.8496710000036, 7987, 531.0, 3700, 2000, 112),
(1304.8896130000066, 7988, 531.0, 3700, 2000, 113),
(1304.927404999995, 7989, 531.0, 3700, 2000, 114),
(1304.9658959999942, 7990, 531.0, 3700, 2000, 115),
(1305.007282999999, 7991, 531.0, 3700, 2000, 116),
(1305.051886000001, 7992, 531.0, 3700, 2000, 117),
(1305.0919560000038, 7993, 531.0, 3700, 2000, 118),
(1305.1378729999997, 7994, 531.0, 3700, 2000, 119),
(1305.1787389999954, 7995, 531.0, 3700, 2000, 120),
(1305.2202499999985, 7996, 531.0, 3700, 2000, 121),
(1305.2597499999974, 7997, 531.0, 3700, 2000, 122),
(1305.2987439999997, 7998, 531.0, 3700, 2000, 123),
(1305.3474330000026, 7999, 531.0, 3700, 2000, 124),
(1305.3931469999952, 8000, 531.0, 3700, 2000, 125),
(1305.4352320000035, 8001, 531.0, 3700, 2000, 126),
(1305.4785160000029, 8002, 531.0, 3700, 2000, 127),
(1305.5187330000044, 8003, 531.0, 3700, 2000, 128),
(1305.5598290000053, 8004, 531.0, 3700, 2000, 129),
(1305.599767000007, 8005, 531.0, 3700, 2000, 130),
(1305.639320999995, 8006, 531.0, 3700, 2000, 131),
(1305.6800499999954, 8007, 531.0, 3700, 2000, 132),
(1305.7254989999929, 8008, 531.0, 3700, 2000, 133),
(1305.7665669999988, 8009, 531.0, 3700, 2000, 134),
(1305.819485, 8010, 531.0, 3700, 2000, 135),
(1305.8621940000012, 8011, 531.0, 3700, 2000, 136),
(1305.9196919999958, 8012, 531.0, 3700, 2000, 137),
(1305.9587489999976, 8013, 531.0, 3700, 2000, 138),
(1305.9997629999998, 8014, 531.0, 3700, 2000, 139),
(1306.0458669999935, 8015, 531.0, 3700, 2000, 140),
(1306.0855900000024, 8016, 531.0, 3700, 2000, 141),
(1306.127198999995, 8017, 531.0, 3700, 2000, 142),
(1306.1702300000034, 8018, 531.0, 3700, 2000, 143),
(1306.2100590000045, 8019, 531.0, 3700, 2000, 144),
(1306.2483990000037, 8020, 531.0, 3700, 2000, 145),
(1306.289936000001, 8021, 531.0, 3700, 2000, 146),
(1306.3377469999978, 8022, 531.0, 3700, 2000, 147),
(1306.386863000007, 8023, 531.0, 3700, 2000, 148),
(1306.4427710000018, 8024, 531.0, 3700, 2000, 149),
(1306.4923969999945, 8025, 531.0, 3700, 2000, 150),
(1306.5410399999964, 8026, 531.0, 3700, 2000, 151),
(1306.5908610000042, 8027, 531.0, 3700, 2000, 152),
(1306.635724000007, 8028, 531.0, 3700, 2000, 113),
(1306.6804560000019, 8029, 531.0, 3700, 2000, 114),
(1306.7331080000004, 8030, 531.0, 3700, 2000, 115),
(1306.7807440000033, 8031, 531.0, 3700, 2000, 116),
(1306.8292809999984, 8032, 531.0, 3700, 2000, 117),
(1306.8767450000014, 8033, 531.0, 3700, 2000, 118),
(1306.9166879999975, 8034, 531.0, 3700, 2000, 119),
(1306.964043999993, 8035, 531.0, 3700, 2000, 120),
(1307.0033079999994, 8036, 531.0, 3700, 2000, 121),
(1307.0464530000027, 8037, 531.0, 3700, 2000, 122),
(1307.0945479999937, 8038, 531.0, 3700, 2000, 123),
(1307.1366089999938, 8039, 531.0, 3700, 2000, 124),
(1307.175801999998, 8040, 531.0, 3700, 2000, 125),
(1307.220702000006, 8041, 531.0, 3700, 2000, 126),
(1307.2658110000048, 8042, 531.0, 3700, 2000, 127),
(1307.3214210000006, 8043, 531.0, 3700, 2000, 128),
(1307.360772999993, 8044, 531.0, 3700, 2000, 129),
(1307.4017440000025, 8045, 531.0, 3700, 2000, 130),
(1307.443014000004, 8046, 531.0, 3700, 2000, 131),
(1307.4860210000043, 8047, 531.0, 3700, 2000, 132),
(1307.5317760000034, 8048, 531.0, 3700, 2000, 133),
(1307.5758709999936, 8049, 531.0, 3700, 2000, 134),
(1307.6165880000044, 8050, 531.0, 3700, 2000, 135),
(1307.6570619999984, 8051, 531.0, 3700, 2000, 136),
(1307.701046999995, 8052, 531.0, 3700, 2000, 137),
(1307.7470429999958, 8053, 531.0, 3700, 2000, 138),
(1307.7960120000062, 8054, 531.0, 3700, 2000, 139),
(1307.8377749999927, 8055, 531.0, 3700, 2000, 140),
(1307.8803610000032, 8056, 531.0, 3700, 2000, 141),
(1307.9310149999947, 8057, 531.0, 3700, 2000, 142),
(1307.9760640000022, 8058, 531.0, 3700, 2000, 143),
(1308.0145429999975, 8059, 531.0, 3700, 2000, 144),
(1308.056196999998, 8060, 531.0, 3700, 2000, 145),
(1308.096006000007, 8061, 531.0, 3700, 2000, 146),
(1308.137818999996, 8062, 531.0, 3700, 2000, 147),
(1308.179529999994, 8063, 531.0, 3700, 2000, 148),
(1308.2190890000056, 8064, 531.0, 3700, 2000, 149),
(1308.2589580000058, 8065, 531.0, 3700, 2000, 150),
(1308.2990770000033, 8066, 531.0, 3700, 2000, 151),
(1308.3402429999987, 8067, 531.0, 3700, 2000, 152),
(1308.3829879999976, 8068, 531.0, 3700, 2000, 113),
(1308.4246430000057, 8069, 531.0, 3700, 2000, 114),
(1308.4707040000067, 8070, 531.0, 3700, 2000, 115),
(1308.5101060000015, 8071, 531.0, 3700, 2000, 116),
(1308.5518989999982, 8072, 531.0, 3700, 2000, 117),
(1308.5905939999939, 8073, 531.0, 3700, 2000, 118),
(1308.6325649999926, 8074, 531.0, 3700, 2000, 119),
(1308.6733749999985, 8075, 531.0, 3700, 2000, 120),
(1308.7159070000052, 8076, 531.0, 3700, 2000, 121),
(1308.7563249999948, 8077, 531.0, 3700, 2000, 122),
(1308.7961910000013, 8078, 531.0, 3700, 2000, 123),
(1308.8435080000054, 8079, 531.0, 3700, 2000, 124),
(1308.8961839999974, 8080, 531.0, 3700, 2000, 125),
(1308.9406239999953, 8081, 531.0, 3700, 2000, 126),
(1308.9855919999973, 8082, 531.0, 3700, 2000, 127),
(1309.031157999998, 8083, 531.0, 3700, 2000, 128),
(1309.075045999998, 8084, 531.0, 3700, 2000, 129),
(1309.126562999998, 8085, 531.0, 3700, 2000, 130),
(1309.1726919999928, 8086, 531.0, 3700, 2000, 131),
(1309.2144830000034, 8087, 531.0, 3700, 2000, 132),
(1309.2573100000009, 8088, 531.0, 3700, 2000, 133),
(1309.3007649999927, 8089, 531.0, 3700, 2000, 134),
(1309.3489459999983, 8090, 531.0, 3700, 2000, 135),
(1309.3997360000067, 8091, 531.0, 3700, 2000, 136),
(1309.4392829999997, 8092, 531.0, 3700, 2000, 137),
(1309.4810270000016, 8093, 531.0, 3700, 2000, 138),
(1309.5341740000003, 8094, 531.0, 3700, 2000, 139),
(1309.5819639999972, 8095, 531.0, 3700, 2000, 140),
(1309.628589, 8096, 531.0, 3700, 2000, 141),
(1309.667293999999, 8097, 531.0, 3700, 2000, 142),
(1309.7073410000012, 8098, 531.0, 3700, 2000, 143),
(1309.7465280000033, 8099, 531.0, 3700, 2000, 144),
(1309.7876410000026, 8100, 531.0, 3700, 2000, 145),
(1309.8275189999986, 8101, 531.0, 3700, 2000, 146),
(1309.8694019999966, 8102, 531.0, 3700, 2000, 147),
(1309.9084839999996, 8103, 531.0, 3700, 2000, 148),
(1309.9497339999944, 8104, 531.0, 3700, 2000, 149),
(1309.9876179999992, 8105, 531.0, 3700, 2000, 150),
(1310.0284450000036, 8106, 531.0, 3700, 2000, 151),
(1310.0687319999997, 8107, 531.0, 3700, 2000, 152),
(1310.1083139999973, 8108, 531.0, 3700, 2400, 112),
(1310.1534399999946, 8109, 531.0, 3700, 2400, 113),
(1310.1929399999935, 8110, 531.0, 3700, 2400, 114),
(1310.2316759999958, 8111, 531.0, 3700, 2400, 115),
(1310.2727869999944, 8112, 531.0, 3700, 2400, 116),
(1310.3121070000052, 8113, 531.0, 3700, 2400, 117),
(1310.353224999999, 8114, 531.0, 3700, 2400, 118),
(1310.3951039999956, 8115, 531.0, 3700, 2400, 119),
(1310.4382979999937, 8116, 531.0, 3700, 2400, 120),
(1310.485163999998, 8117, 531.0, 3700, 2400, 121),
(1310.5376209999959, 8118, 531.0, 3700, 2400, 122),
(1310.5846250000031, 8119, 531.0, 3700, 2400, 123),
(1310.625417000003, 8120, 531.0, 3700, 2400, 124),
(1310.6707049999968, 8121, 531.0, 3700, 2400, 125),
(1310.7236050000065, 8122, 531.0, 3700, 2400, 126),
(1310.766757999998, 8123, 531.0, 3700, 2400, 127),
(1310.8087539999979, 8124, 531.0, 3700, 2400, 128),
(1310.865902000005, 8125, 531.0, 3700, 2400, 129),
(1310.9163249999983, 8126, 531.0, 3700, 2400, 130),
(1310.9663310000033, 8127, 531.0, 3700, 2400, 131),
(1311.013055000003, 8128, 531.0, 3700, 2400, 132),
(1311.0504930000025, 8129, 531.0, 3700, 2400, 133),
(1311.0917599999957, 8130, 531.0, 3700, 2400, 134),
(1311.1313870000013, 8131, 531.0, 3700, 2400, 135),
(1311.176821999994, 8132, 531.0, 3700, 2400, 136),
(1311.2213420000044, 8133, 531.0, 3700, 2400, 137),
(1311.2604839999985, 8134, 531.0, 3700, 2400, 138),
(1311.3010349999968, 8135, 531.0, 3700, 2400, 139),
(1311.3507160000008, 8136, 531.0, 3700, 2400, 140),
(1311.3998109999957, 8137, 531.0, 3700, 2400, 141),
(1311.4437860000035, 8138, 531.0, 3700, 2400, 142),
(1311.5181109999976, 8139, 531.0, 3700, 2400, 143),
(1311.5595960000064, 8140, 531.0, 3700, 2400, 144),
(1311.5970039999956, 8141, 531.0, 3700, 2400, 145),
(1311.6357690000004, 8142, 531.0, 3700, 2400, 146),
(1311.6792279999936, 8143, 531.0, 3700, 2400, 147),
(1311.7186340000044, 8144, 531.0, 3700, 2400, 148),
(1311.7566209999932, 8145, 531.0, 3700, 2400, 149),
(1311.799696999995, 8146, 531.0, 3700, 2400, 150),
(1311.858699999997, 8147, 531.0, 3700, 2400, 151),
(1311.9101240000018, 8148, 531.0, 3700, 2400, 152),
(1311.959738999998, 8149, 531.0, 3700, 2400, 113),
(1312.0028310000052, 8150, 531.0, 3700, 2400, 114),
(1312.0437519999978, 8151, 531.0, 3700, 2400, 115),
(1312.082309999998, 8152, 531.0, 3700, 2400, 116),
(1312.124463, 8153, 531.0, 3700, 2400, 117),
(1312.1647150000063, 8154, 531.0, 3700, 2400, 118),
(1312.2025500000018, 8155, 531.0, 3700, 2400, 119),
(1312.244273999997, 8156, 531.0, 3700, 2400, 120),
(1312.2914509999973, 8157, 531.0, 3700, 2400, 121),
(1312.3330160000041, 8158, 531.0, 3700, 2400, 122),
(1312.3718419999932, 8159, 531.0, 3700, 2400, 123),
(1312.414300000004, 8160, 531.0, 3700, 2400, 124),
(1312.4535509999987, 8161, 531.0, 3700, 2400, 125),
(1312.5003460000007, 8162, 531.0, 3700, 2400, 126),
(1312.5458820000058, 8163, 531.0, 3700, 2400, 127),
(1312.5963349999947, 8164, 531.0, 3700, 2400, 128),
(1312.6354569999967, 8165, 531.0, 3700, 2400, 129),
(1312.6757439999928, 8166, 531.0, 3700, 2400, 130),
(1312.7144059999991, 8167, 531.0, 3700, 2400, 131),
(1312.754495000001, 8168, 531.0, 3700, 2400, 132),
(1312.794790999993, 8169, 531.0, 3700, 2400, 133),
(1312.834692999997, 8170, 531.0, 3700, 2400, 134),
(1312.8787429999938, 8171, 531.0, 3700, 2400, 135),
(1312.9252500000002, 8172, 531.0, 3700, 2400, 136),
(1312.971648000006, 8173, 531.0, 3700, 2400, 137),
(1313.014930999998, 8174, 531.0, 3700, 2400, 138),
(1313.0653170000005, 8175, 531.0, 3700, 2400, 139),
(1313.1181950000027, 8176, 531.0, 3700, 2400, 140),
(1313.1698319999996, 8177, 531.0, 3700, 2400, 141),
(1313.2250420000055, 8178, 531.0, 3700, 2400, 142),
(1313.2813449999958, 8179, 531.0, 3700, 2400, 143),
(1313.319841000004, 8180, 531.0, 3700, 2400, 144),
(1313.3592360000039, 8181, 531.0, 3700, 2400, 145),
(1313.3979989999934, 8182, 531.0, 3700, 2400, 146),
(1313.4379939999926, 8183, 531.0, 3700, 2400, 147),
(1313.478627000004, 8184, 531.0, 3700, 2400, 148),
(1313.5165479999996, 8185, 531.0, 3700, 2400, 149),
(1313.5576, 8186, 531.0, 3700, 2400, 150),
(1313.597735999996, 8187, 531.0, 3700, 2400, 151),
(1313.6357480000006, 8188, 531.0, 3700, 2400, 152),
(1313.6820639999933, 8189, 531.0, 3700, 2400, 113),
(1313.7221509999945, 8190, 531.0, 3700, 2400, 114),
(1313.7706400000025, 8191, 531.0, 3700, 2400, 115),
(1313.822113999995, 8192, 531.0, 3700, 2400, 116),
(1313.8674500000052, 8193, 531.0, 3700, 2400, 117),
(1313.9168720000016, 8194, 531.0, 3700, 2400, 118),
(1313.9580969999952, 8195, 531.0, 3700, 2400, 119),
(1314.0022750000062, 8196, 531.0, 3700, 2400, 120),
(1314.049106999999, 8197, 531.0, 3700, 2400, 121),
(1314.0939420000068, 8198, 531.0, 3700, 2400, 122),
(1314.1365229999938, 8199, 531.0, 3700, 2400, 123),
(1314.1808100000053, 8200, 531.0, 3700, 2400, 124),
(1314.2272599999997, 8201, 531.0, 3700, 2400, 125),
(1314.2766260000062, 8202, 531.0, 3700, 2400, 126),
(1314.3225410000014, 8203, 531.0, 3700, 2400, 127),
(1314.3693519999943, 8204, 531.0, 3700, 2400, 128),
(1314.4197010000062, 8205, 531.0, 3700, 2400, 129),
(1314.4617799999978, 8206, 531.0, 3700, 2400, 130),
(1314.5044059999927, 8207, 531.0, 3700, 2400, 131),
(1314.555435000002, 8208, 531.0, 3700, 2400, 132),
(1314.6043000000063, 8209, 531.0, 3700, 2400, 133),
(1314.6539570000023, 8210, 531.0, 3700, 2400, 134),
(1314.701807000005, 8211, 531.0, 3700, 2400, 135),
(1314.7452709999925, 8212, 531.0, 3700, 2400, 136),
(1314.7887179999962, 8213, 531.0, 3700, 2400, 137),
(1314.8256939999992, 8214, 531.0, 3700, 2400, 138),
(1314.8667089999944, 8215, 531.0, 3700, 2400, 139),
(1314.9092689999961, 8216, 531.0, 3700, 2400, 140),
(1314.963671999998, 8217, 531.0, 3700, 2400, 141),
(1315.0160279999982, 8218, 531.0, 3700, 2400, 142),
(1315.0606819999957, 8219, 531.0, 3700, 2400, 143),
(1315.1091100000049, 8220, 531.0, 3700, 2400, 144),
(1315.1601050000027, 8221, 531.0, 3700, 2400, 145),
(1315.2107589999941, 8222, 531.0, 3700, 2400, 146),
(1315.2547380000033, 8223, 531.0, 3700, 2400, 147),
(1315.2919459999976, 8224, 531.0, 3700, 2400, 148),
(1315.3321399999986, 8225, 531.0, 3700, 2400, 149),
(1315.3752370000002, 8226, 531.0, 3700, 2400, 150),
(1315.4179089999961, 8227, 531.0, 3700, 2400, 151),
(1315.459738000005, 8228, 531.0, 3700, 2400, 152),
(1315.509932999994, 8229, 531.0, 3700, 2800, 112),
(1315.5635840000032, 8230, 531.0, 3700, 2800, 113),
(1315.6053140000004, 8231, 531.0, 3700, 2800, 114),
(1315.6554849999957, 8232, 531.0, 3700, 2800, 115),
(1315.7006519999995, 8233, 531.0, 3700, 2800, 116),
(1315.7516130000004, 8234, 531.0, 3700, 2800, 117),
(1315.7994920000056, 8235, 531.0, 3700, 2800, 118),
(1315.8512130000017, 8236, 531.0, 3700, 2800, 119),
(1315.8907739999995, 8237, 531.0, 3700, 2800, 120),
(1315.9414439999964, 8238, 531.0, 3700, 2800, 121),
(1315.9856770000042, 8239, 531.0, 3700, 2800, 122),
(1316.028416000001, 8240, 531.0, 3700, 2800, 123),
(1316.0754429999943, 8241, 531.0, 3700, 2800, 124),
(1316.121497, 8242, 531.0, 3700, 2800, 125),
(1316.167254999993, 8243, 531.0, 3700, 2800, 126),
(1316.2065620000067, 8244, 531.0, 3700, 2800, 127),
(1316.2562319999997, 8245, 531.0, 3700, 2800, 128),
(1316.3058219999948, 8246, 531.0, 3700, 2800, 129),
(1316.351358999993, 8247, 531.0, 3700, 2800, 130),
(1316.3925849999941, 8248, 531.0, 3700, 2800, 131),
(1316.4427649999998, 8249, 531.0, 3700, 2800, 132),
(1316.4892589999945, 8250, 531.0, 3700, 2800, 133),
(1316.5377169999992, 8251, 531.0, 3700, 2800, 134),
(1316.5972329999931, 8252, 531.0, 3700, 2800, 135),
(1316.6453749999928, 8253, 531.0, 3700, 2800, 136),
(1316.6959789999964, 8254, 531.0, 3700, 2800, 137),
(1316.735944999993, 8255, 531.0, 3700, 2800, 138),
(1316.7730600000068, 8256, 531.0, 3700, 2800, 139),
(1316.8190310000064, 8257, 531.0, 3700, 2800, 140),
(1316.8632820000057, 8258, 531.0, 3700, 2800, 141),
(1316.9067490000016, 8259, 531.0, 3700, 2800, 142),
(1316.943385999999, 8260, 531.0, 3700, 2800, 143),
(1316.9825229999988, 8261, 531.0, 3700, 2800, 144),
(1317.0207669999945, 8262, 531.0, 3700, 2800, 145),
(1317.0590340000053, 8263, 531.0, 3700, 2800, 146),
(1317.0979260000022, 8264, 531.0, 3700, 2800, 147),
(1317.1386219999986, 8265, 531.0, 3700, 2800, 148),
(1317.1818159999966, 8266, 531.0, 3700, 2800, 149),
(1317.2205010000034, 8267, 531.0, 3700, 2800, 150),
(1317.258593999999, 8268, 531.0, 3700, 2800, 151),
(1317.3020180000021, 8269, 531.0, 3700, 2800, 152),
(1317.3445090000023, 8270, 531.0, 3700, 2800, 113),
(1317.3879940000043, 8271, 531.0, 3700, 2800, 114),
(1317.431614999994, 8272, 531.0, 3700, 2800, 115),
(1317.477641000005, 8273, 531.0, 3700, 2800, 116),
(1317.5220390000031, 8274, 531.0, 3700, 2800, 117),
(1317.5761639999982, 8275, 531.0, 3700, 2800, 118),
(1317.6175939999957, 8276, 531.0, 3700, 2800, 119),
(1317.657699999996, 8277, 531.0, 3700, 2800, 120),
(1317.696530000001, 8278, 531.0, 3700, 2800, 121),
(1317.7348630000051, 8279, 531.0, 3700, 2800, 122),
(1317.7722439999925, 8280, 531.0, 3700, 2800, 123),
(1317.8098739999987, 8281, 531.0, 3700, 2800, 124),
(1317.8466590000025, 8282, 531.0, 3700, 2800, 125),
(1317.8868760000041, 8283, 531.0, 3700, 2800, 126),
(1317.928721999997, 8284, 531.0, 3700, 2800, 127),
(1317.969266, 8285, 531.0, 3700, 2800, 128),
(1318.0108690000052, 8286, 531.0, 3700, 2800, 129),
(1318.0522550000023, 8287, 531.0, 3700, 2800, 130),
(1318.0955530000065, 8288, 531.0, 3700, 2800, 131),
(1318.1384379999945, 8289, 531.0, 3700, 2800, 132),
(1318.1866149999987, 8290, 531.0, 3700, 2800, 133),
(1318.2259970000014, 8291, 531.0, 3700, 2800, 134),
(1318.2732249999972, 8292, 531.0, 3700, 2800, 135),
(1318.3231930000038, 8293, 531.0, 3700, 2800, 136),
(1318.370934000006, 8294, 531.0, 3700, 2800, 137),
(1318.4109529999987, 8295, 531.0, 3700, 2800, 138),
(1318.4534929999936, 8296, 531.0, 3700, 2800, 139),
(1318.4919780000055, 8297, 531.0, 3700, 2800, 140),
(1318.5305579999986, 8298, 531.0, 3700, 2800, 141),
(1318.5736340000003, 8299, 531.0, 3700, 2800, 142),
(1318.6142309999996, 8300, 531.0, 3700, 2800, 143),
(1318.6598899999954, 8301, 531.0, 3700, 2800, 144),
(1318.6998909999966, 8302, 531.0, 3700, 2800, 145),
(1318.7469500000007, 8303, 531.0, 3700, 2800, 146),
(1318.7861790000024, 8304, 531.0, 3700, 2800, 147),
(1318.8282780000009, 8305, 531.0, 3700, 2800, 148),
(1318.8668789999938, 8306, 531.0, 3700, 2800, 149),
(1318.9062080000003, 8307, 531.0, 3700, 2800, 150),
(1318.9551760000031, 8308, 531.0, 3700, 2800, 151),
(1318.9966980000027, 8309, 531.0, 3700, 2800, 152),
(1319.0347040000051, 8310, 531.0, 3700, 2800, 113),
(1319.0780590000068, 8311, 531.0, 3700, 2800, 114),
(1319.117597000004, 8312, 531.0, 3700, 2800, 115),
(1319.1583799999935, 8313, 531.0, 3700, 2800, 116),
(1319.2030830000003, 8314, 531.0, 3700, 2800, 117),
(1319.2455300000001, 8315, 531.0, 3700, 2800, 118),
(1319.2840529999958, 8316, 531.0, 3700, 2800, 119),
(1319.3214409999928, 8317, 531.0, 3700, 2800, 120),
(1319.3646549999976, 8318, 531.0, 3700, 2800, 121),
(1319.4042900000059, 8319, 531.0, 3700, 2800, 122),
(1319.4428440000047, 8320, 531.0, 3700, 2800, 123),
(1319.4828279999929, 8321, 531.0, 3700, 2800, 124),
(1319.5226419999963, 8322, 531.0, 3700, 2800, 125),
(1319.5656820000004, 8323, 531.0, 3700, 2800, 126),
(1319.6054779999977, 8324, 531.0, 3700, 2800, 127),
(1319.6467919999996, 8325, 531.0, 3700, 2800, 128),
(1319.690128000002, 8326, 531.0, 3700, 2800, 129),
(1319.742134, 8327, 531.0, 3700, 2800, 130),
(1319.789598999996, 8328, 531.0, 3700, 2800, 131),
(1319.8283130000054, 8329, 531.0, 3700, 2800, 132),
(1319.872497999997, 8330, 531.0, 3700, 2800, 133),
(1319.9194140000036, 8331, 531.0, 3700, 2800, 134),
(1319.962560999993, 8332, 531.0, 3700, 2800, 135),
(1320.0036090000067, 8333, 531.0, 3700, 2800, 136),
(1320.0428600000014, 8334, 531.0, 3700, 2800, 137),
(1320.082469999994, 8335, 531.0, 3700, 2800, 138),
(1320.1238810000068, 8336, 531.0, 3700, 2800, 139),
(1320.1637340000016, 8337, 531.0, 3700, 2800, 140),
(1320.215725999995, 8338, 531.0, 3700, 2800, 141),
(1320.255342999997, 8339, 531.0, 3700, 2800, 142),
(1320.2967349999963, 8340, 531.0, 3700, 2800, 143),
(1320.3485079999955, 8341, 531.0, 3700, 2800, 144),
(1320.3871630000067, 8342, 531.0, 3700, 2800, 145),
(1320.4288910000032, 8343, 531.0, 3700, 2800, 146),
(1320.4682429999957, 8344, 531.0, 3700, 2800, 147),
(1320.5069430000003, 8345, 531.0, 3700, 2800, 148),
(1320.5485270000063, 8346, 531.0, 3700, 2800, 149),
(1320.5918919999967, 8347, 531.0, 3700, 2800, 150),
(1320.6290840000001, 8348, 531.0, 3700, 2800, 151),
(1320.669053000005, 8349, 531.0, 3700, 2800, 152),
(1320.7369679999974, 8350, 531.0, 3700, 3200, 112),
(1320.7791730000026, 8351, 531.0, 3700, 3200, 113),
(1320.8162759999977, 8352, 531.0, 3700, 3200, 114),
(1320.857103000002, 8353, 531.0, 3700, 3200, 115),
(1320.904760000005, 8354, 531.0, 3700, 3200, 116),
(1320.9515720000054, 8355, 531.0, 3700, 3200, 117),
(1320.9967670000042, 8356, 531.0, 3700, 3200, 118),
(1321.0384610000037, 8357, 531.0, 3700, 3200, 119),
(1321.083387000006, 8358, 531.0, 3700, 3200, 120),
(1321.119921999998, 8359, 531.0, 3700, 3200, 121),
(1321.1611200000043, 8360, 531.0, 3700, 3200, 122),
(1321.2013069999957, 8361, 531.0, 3700, 3200, 123),
(1321.2396619999927, 8362, 531.0, 3700, 3200, 124),
(1321.284958999997, 8363, 531.0, 3700, 3200, 125),
(1321.3266589999985, 8364, 531.0, 3700, 3200, 126),
(1321.3687070000015, 8365, 531.0, 3700, 3200, 127),
(1321.412095000007, 8366, 531.0, 3700, 3200, 128),
(1321.453026999996, 8367, 531.0, 3700, 3200, 129),
(1321.4927349999925, 8368, 531.0, 3700, 3200, 130),
(1321.5364359999949, 8369, 531.0, 3700, 3200, 131),
(1321.5808120000002, 8370, 531.0, 3700, 3200, 132),
(1321.628482, 8371, 531.0, 3700, 3200, 133),
(1321.6941229999939, 8372, 531.0, 3700, 3200, 134),
(1321.7301409999927, 8373, 531.0, 3700, 3200, 135),
(1321.7675580000068, 8374, 531.0, 3700, 3200, 136),
(1321.8069410000026, 8375, 531.0, 3700, 3200, 137),
(1321.8519130000059, 8376, 531.0, 3700, 3200, 138),
(1321.9145629999985, 8377, 531.0, 3700, 3200, 139),
(1321.9557760000025, 8378, 531.0, 3700, 3200, 140),
(1321.9920209999982, 8379, 531.0, 3700, 3200, 141),
(1322.0336280000047, 8380, 531.0, 3700, 3200, 142),
(1322.0854839999956, 8381, 531.0, 3700, 3200, 143),
(1322.1248099999939, 8382, 531.0, 3700, 3200, 144),
(1322.1678819999943, 8383, 531.0, 3700, 3200, 145),
(1322.2092709999997, 8384, 531.0, 3700, 3200, 146),
(1322.255296999996, 8385, 531.0, 3700, 3200, 147),
(1322.295047000007, 8386, 531.0, 3700, 3200, 148),
(1322.339215, 8387, 531.0, 3700, 3200, 149),
(1322.3852409999963, 8388, 531.0, 3700, 3200, 150),
(1322.432581000001, 8389, 531.0, 3700, 3200, 151),
(1322.4710999999952, 8390, 531.0, 3700, 3200, 152),
(1322.519027000002, 8391, 531.0, 3700, 3200, 113),
(1322.5671169999987, 8392, 531.0, 3700, 3200, 114),
(1322.615095999994, 8393, 531.0, 3700, 3200, 115),
(1322.662758999999, 8394, 531.0, 3700, 3200, 116),
(1322.7022549999965, 8395, 531.0, 3700, 3200, 117),
(1322.7481280000065, 8396, 531.0, 3700, 3200, 118),
(1322.7869210000063, 8397, 531.0, 3700, 3200, 119),
(1322.8278169999976, 8398, 531.0, 3700, 3200, 120),
(1322.8669050000026, 8399, 531.0, 3700, 3200, 121),
(1322.9067349999968, 8400, 531.0, 3700, 3200, 122),
(1322.9441570000054, 8401, 531.0, 3700, 3200, 123),
(1322.989944999994, 8402, 531.0, 3700, 3200, 124),
(1323.0280070000008, 8403, 531.0, 3700, 3200, 125),
(1323.0679830000008, 8404, 531.0, 3700, 3200, 126),
(1323.110891000004, 8405, 531.0, 3700, 3200, 127),
(1323.151887, 8406, 531.0, 3700, 3200, 128),
(1323.1907389999978, 8407, 531.0, 3700, 3200, 129),
(1323.2307650000002, 8408, 531.0, 3700, 3200, 130),
(1323.2691769999947, 8409, 531.0, 3700, 3200, 131),
(1323.3100120000017, 8410, 531.0, 3700, 3200, 132),
(1323.3521119999932, 8411, 531.0, 3700, 3200, 133),
(1323.4003470000025, 8412, 531.0, 3700, 3200, 134),
(1323.438725999993, 8413, 531.0, 3700, 3200, 135),
(1323.4808400000038, 8414, 531.0, 3700, 3200, 136),
(1323.5271490000014, 8415, 531.0, 3700, 3200, 137),
(1323.5687460000045, 8416, 531.0, 3700, 3200, 138),
(1323.6095559999958, 8417, 531.0, 3700, 3200, 139),
(1323.6510260000068, 8418, 531.0, 3700, 3200, 140),
(1323.6926899999962, 8419, 531.0, 3700, 3200, 141),
(1323.7330729999958, 8420, 531.0, 3700, 3200, 142),
(1323.7775819999952, 8421, 531.0, 3700, 3200, 143),
(1323.8257049999957, 8422, 531.0, 3700, 3200, 144),
(1323.8735210000013, 8423, 531.0, 3700, 3200, 145),
(1323.924840000007, 8424, 531.0, 3700, 3200, 146),
(1323.9742879999976, 8425, 531.0, 3700, 3200, 147),
(1324.0136210000055, 8426, 531.0, 3700, 3200, 148),
(1324.0557499999995, 8427, 531.0, 3700, 3200, 149),
(1324.0936479999946, 8428, 531.0, 3700, 3200, 150),
(1324.1333869999944, 8429, 531.0, 3700, 3200, 151),
(1324.1745189999929, 8430, 531.0, 3700, 3200, 152),
(1324.216054000004, 8431, 531.0, 3700, 3200, 113),
(1324.258222999997, 8432, 531.0, 3700, 3200, 114),
(1324.3090349999984, 8433, 531.0, 3700, 3200, 115),
(1324.3485870000004, 8434, 531.0, 3700, 3200, 116),
(1324.3933680000046, 8435, 531.0, 3700, 3200, 117),
(1324.4354029999959, 8436, 531.0, 3700, 3200, 118),
(1324.4762999999948, 8437, 531.0, 3700, 3200, 119),
(1324.516862000004, 8438, 531.0, 3700, 3200, 120),
(1324.5597830000042, 8439, 531.0, 3700, 3200, 121),
(1324.605356999993, 8440, 531.0, 3700, 3200, 122),
(1324.6445629999944, 8441, 531.0, 3700, 3200, 123),
(1324.6818919999932, 8442, 531.0, 3700, 3200, 124),
(1324.7242609999957, 8443, 531.0, 3700, 3200, 125),
(1324.7629659999948, 8444, 531.0, 3700, 3200, 126),
(1324.8035090000049, 8445, 531.0, 3700, 3200, 127),
(1324.8566500000015, 8446, 531.0, 3700, 3200, 128),
(1324.9094840000034, 8447, 531.0, 3700, 3200, 129),
(1324.9600599999976, 8448, 531.0, 3700, 3200, 130),
(1325.012935000006, 8449, 531.0, 3700, 3200, 131),
(1325.0576909999945, 8450, 531.0, 3700, 3200, 132),
(1325.1047249999974, 8451, 531.0, 3700, 3200, 133),
(1325.1522260000056, 8452, 531.0, 3700, 3200, 134),
(1325.201629999996, 8453, 531.0, 3700, 3200, 135),
(1325.2485529999976, 8454, 531.0, 3700, 3200, 136),
(1325.2969869999943, 8455, 531.0, 3700, 3200, 137),
(1325.3511049999943, 8456, 531.0, 3700, 3200, 138),
(1325.4044100000028, 8457, 531.0, 3700, 3200, 139),
(1325.4426660000026, 8458, 531.0, 3700, 3200, 140),
(1325.485572000005, 8459, 531.0, 3700, 3200, 141),
(1325.5272919999989, 8460, 531.0, 3700, 3200, 142),
(1325.5828679999977, 8461, 531.0, 3700, 3200, 143),
(1325.6410969999997, 8462, 531.0, 3700, 3200, 144),
(1325.6924319999962, 8463, 531.0, 3700, 3200, 145),
(1325.736447999996, 8464, 531.0, 3700, 3200, 146),
(1325.7801699999982, 8465, 531.0, 3700, 3200, 147),
(1325.8270210000046, 8466, 531.0, 3700, 3200, 148),
(1325.8781060000038, 8467, 531.0, 3700, 3200, 149),
(1325.9263289999944, 8468, 531.0, 3700, 3200, 150),
(1325.9736609999964, 8469, 531.0, 3700, 3200, 151),
(1326.0154880000046, 8470, 531.0, 3700, 3200, 152),
(1326.0613500000036, 8471, 532.0, 3700, 2200, 112),
(1326.1139529999928, 8472, 532.0, 3700, 2200, 113),
(1326.1497899999958, 8473, 532.0, 3700, 2200, 114),
(1326.203886000003, 8474, 532.0, 3700, 2200, 115),
(1326.249999000007, 8475, 532.0, 3700, 2200, 116),
(1326.2998309999966, 8476, 532.0, 3700, 2200, 117),
(1326.349608000004, 8477, 532.0, 3700, 2200, 118),
(1326.395908999999, 8478, 532.0, 3700, 2200, 119),
(1326.4434349999938, 8479, 532.0, 3700, 2200, 120),
(1326.4916950000043, 8480, 532.0, 3700, 2200, 121),
(1326.5432180000062, 8481, 532.0, 3700, 2200, 122),
(1326.5901310000045, 8482, 532.0, 3700, 2200, 123),
(1326.6278750000056, 8483, 532.0, 3700, 2200, 124),
(1326.6680110000016, 8484, 532.0, 3700, 2200, 125),
(1326.7074779999966, 8485, 532.0, 3700, 2200, 126),
(1326.7540500000032, 8486, 532.0, 3700, 2200, 127),
(1326.793577999997, 8487, 532.0, 3700, 2200, 128),
(1326.8343159999931, 8488, 532.0, 3700, 2200, 129),
(1326.874337000001, 8489, 532.0, 3700, 2200, 130),
(1326.9184939999977, 8490, 532.0, 3700, 2200, 131),
(1326.9635290000006, 8491, 532.0, 3700, 2200, 132),
(1327.0022460000037, 8492, 532.0, 3700, 2200, 133),
(1327.0409879999934, 8493, 532.0, 3700, 2200, 134),
(1327.0816610000038, 8494, 532.0, 3700, 2200, 135),
(1327.1231960000005, 8495, 532.0, 3700, 2200, 136),
(1327.1678660000034, 8496, 532.0, 3700, 2200, 137),
(1327.208197999993, 8497, 532.0, 3700, 2200, 138),
(1327.247227999993, 8498, 532.0, 3700, 2200, 139),
(1327.2867390000029, 8499, 532.0, 3700, 2200, 140),
(1327.3245089999982, 8500, 532.0, 3700, 2200, 141),
(1327.3693420000054, 8501, 532.0, 3700, 2200, 142),
(1327.4137369999953, 8502, 532.0, 3700, 2200, 143),
(1327.4591139999975, 8503, 532.0, 3700, 2200, 144),
(1327.5076350000018, 8504, 532.0, 3700, 2200, 145),
(1327.5494529999996, 8505, 532.0, 3700, 2200, 146),
(1327.592162999994, 8506, 532.0, 3700, 2200, 147),
(1327.630873999995, 8507, 532.0, 3700, 2200, 148),
(1327.6735749999934, 8508, 532.0, 3700, 2200, 149),
(1327.712453, 8509, 532.0, 3700, 2200, 150),
(1327.7553539999935, 8510, 532.0, 3700, 2200, 151),
(1327.7997969999997, 8511, 532.0, 3700, 2200, 152),
(1327.845226000005, 8512, 532.0, 3700, 2200, 113),
(1327.8871070000023, 8513, 532.0, 3700, 2200, 114),
(1327.927530999994, 8514, 532.0, 3700, 2200, 115),
(1327.9664119999943, 8515, 532.0, 3700, 2200, 116),
(1328.0048539999989, 8516, 532.0, 3700, 2200, 117),
(1328.0460069999972, 8517, 532.0, 3700, 2200, 118),
(1328.0869970000058, 8518, 532.0, 3700, 2200, 119),
(1328.123741000003, 8519, 532.0, 3700, 2200, 120),
(1328.1620459999976, 8520, 532.0, 3700, 2200, 121),
(1328.2142469999962, 8521, 532.0, 3700, 2200, 122),
(1328.2535260000004, 8522, 532.0, 3700, 2200, 123),
(1328.291763000001, 8523, 532.0, 3700, 2200, 124),
(1328.332018999994, 8524, 532.0, 3700, 2200, 125),
(1328.3688850000035, 8525, 532.0, 3700, 2200, 126),
(1328.409102000005, 8526, 532.0, 3700, 2200, 127),
(1328.448774000004, 8527, 532.0, 3700, 2200, 128),
(1328.4906469999987, 8528, 532.0, 3700, 2200, 129),
(1328.537427999996, 8529, 532.0, 3700, 2200, 130),
(1328.5787359999958, 8530, 532.0, 3700, 2200, 131),
(1328.6236110000027, 8531, 532.0, 3700, 2200, 132),
(1328.6659849999996, 8532, 532.0, 3700, 2200, 133),
(1328.705872000006, 8533, 532.0, 3700, 2200, 134),
(1328.7481700000062, 8534, 532.0, 3700, 2200, 135),
(1328.7887369999953, 8535, 532.0, 3700, 2200, 136),
(1328.8273040000058, 8536, 532.0, 3700, 2200, 137),
(1328.8699420000048, 8537, 532.0, 3700, 2200, 138),
(1328.915657000005, 8538, 532.0, 3700, 2200, 139),
(1328.9555790000013, 8539, 532.0, 3700, 2200, 140),
(1328.994239000007, 8540, 532.0, 3700, 2200, 141),
(1329.041498999999, 8541, 532.0, 3700, 2200, 142),
(1329.0825230000046, 8542, 532.0, 3700, 2200, 143),
(1329.1238960000046, 8543, 532.0, 3700, 2200, 144),
(1329.1630420000001, 8544, 532.0, 3700, 2200, 145),
(1329.2054849999986, 8545, 532.0, 3700, 2200, 146),
(1329.2440119999956, 8546, 532.0, 3700, 2200, 147),
(1329.2848229999945, 8547, 532.0, 3700, 2200, 148),
(1329.3247430000047, 8548, 532.0, 3700, 2200, 149),
(1329.3690729999944, 8549, 532.0, 3700, 2200, 150),
(1329.4108410000044, 8550, 532.0, 3700, 2200, 151),
(1329.4513750000042, 8551, 532.0, 3700, 2200, 152),
(1329.493994999997, 8552, 532.0, 3700, 2200, 113),
(1329.5438770000037, 8553, 532.0, 3700, 2200, 114),
(1329.5958110000065, 8554, 532.0, 3700, 2200, 115),
(1329.637069000004, 8555, 532.0, 3700, 2200, 116),
(1329.6965389999968, 8556, 532.0, 3700, 2200, 117),
(1329.7415230000042, 8557, 532.0, 3700, 2200, 118),
(1329.780528999996, 8558, 532.0, 3700, 2200, 119),
(1329.820795000007, 8559, 532.0, 3700, 2200, 120),
(1329.8605799999932, 8560, 532.0, 3700, 2200, 121),
(1329.9069230000023, 8561, 532.0, 3700, 2200, 122),
(1329.9474670000054, 8562, 532.0, 3700, 2200, 123),
(1329.987552999999, 8563, 532.0, 3700, 2200, 124),
(1330.0358899999992, 8564, 532.0, 3700, 2200, 125),
(1330.0747520000004, 8565, 532.0, 3700, 2200, 126),
(1330.1175159999984, 8566, 532.0, 3700, 2200, 127),
(1330.1599109999952, 8567, 532.0, 3700, 2200, 128),
(1330.2008570000035, 8568, 532.0, 3700, 2200, 129),
(1330.2422669999942, 8569, 532.0, 3700, 2200, 130),
(1330.2952619999996, 8570, 532.0, 3700, 2200, 131),
(1330.3420699999988, 8571, 532.0, 3700, 2200, 132),
(1330.388122000004, 8572, 532.0, 3700, 2200, 133),
(1330.4471289999929, 8573, 532.0, 3700, 2200, 134),
(1330.4869820000022, 8574, 532.0, 3700, 2200, 135),
(1330.5328080000036, 8575, 532.0, 3700, 2200, 136),
(1330.5816999999952, 8576, 532.0, 3700, 2200, 137),
(1330.6254889999982, 8577, 532.0, 3700, 2200, 138),
(1330.6708919999946, 8578, 532.0, 3700, 2200, 139),
(1330.7171649999946, 8579, 532.0, 3700, 2200, 140),
(1330.7603640000016, 8580, 532.0, 3700, 2200, 141),
(1330.8038099999976, 8581, 532.0, 3700, 2200, 142),
(1330.846995999993, 8582, 532.0, 3700, 2200, 143),
(1330.887361000001, 8583, 532.0, 3700, 2200, 144),
(1330.9400049999967, 8584, 532.0, 3700, 2200, 145),
(1330.9817360000015, 8585, 532.0, 3700, 2200, 146),
(1331.028323999999, 8586, 532.0, 3700, 2200, 147),
(1331.0901520000043, 8587, 532.0, 3700, 2200, 148),
(1331.1486790000054, 8588, 532.0, 3700, 2200, 149),
(1331.1992120000068, 8589, 532.0, 3700, 2200, 150),
(1331.2639250000066, 8590, 532.0, 3700, 2200, 151),
(1331.3832870000042, 8591, 532.0, 3700, 2200, 152),
(1331.4256809999933, 8592, 531.0, 3700, 2400, 112),
(1331.4841900000029, 8593, 531.0, 3700, 2400, 113),
(1331.5327309999993, 8594, 531.0, 3700, 2400, 114),
(1331.5830049999931, 8595, 531.0, 3700, 2400, 115),
(1331.6237580000015, 8596, 531.0, 3700, 2400, 116),
(1331.6707650000026, 8597, 531.0, 3700, 2400, 117),
(1331.7086839999974, 8598, 531.0, 3700, 2400, 118),
(1331.7453260000038, 8599, 531.0, 3700, 2400, 119),
(1331.7825710000034, 8600, 531.0, 3700, 2400, 120),
(1331.8282310000068, 8601, 531.0, 3700, 2400, 121),
(1331.8682859999972, 8602, 531.0, 3700, 2400, 122),
(1331.9086810000008, 8603, 531.0, 3700, 2400, 123),
(1331.9470250000013, 8604, 531.0, 3700, 2400, 124),
(1331.9874980000022, 8605, 531.0, 3700, 2400, 125),
(1332.0253959999973, 8606, 531.0, 3700, 2400, 126),
(1332.0663280000008, 8607, 531.0, 3700, 2400, 127),
(1332.116618999993, 8608, 531.0, 3700, 2400, 128),
(1332.1603329999925, 8609, 531.0, 3700, 2400, 129),
(1332.1986500000057, 8610, 531.0, 3700, 2400, 130),
(1332.2359189999988, 8611, 531.0, 3700, 2400, 131),
(1332.2768369999976, 8612, 531.0, 3700, 2400, 132),
(1332.3179749999981, 8613, 531.0, 3700, 2400, 133),
(1332.3722080000007, 8614, 531.0, 3700, 2400, 134),
(1332.419127000001, 8615, 531.0, 3700, 2400, 135),
(1332.4652050000004, 8616, 531.0, 3700, 2400, 136),
(1332.5063320000045, 8617, 531.0, 3700, 2400, 137),
(1332.5430170000036, 8618, 531.0, 3700, 2400, 138),
(1332.5950759999978, 8619, 531.0, 3700, 2400, 139),
(1332.6352279999992, 8620, 531.0, 3700, 2400, 140),
(1332.6756270000042, 8621, 531.0, 3700, 2400, 141),
(1332.717869, 8622, 531.0, 3700, 2400, 142),
(1332.7585669999971, 8623, 531.0, 3700, 2400, 143),
(1332.7958519999956, 8624, 531.0, 3700, 2400, 144),
(1332.8360140000004, 8625, 531.0, 3700, 2400, 145),
(1332.8817030000064, 8626, 531.0, 3700, 2400, 146),
(1332.9274210000003, 8627, 531.0, 3700, 2400, 147),
(1332.9703210000007, 8628, 531.0, 3700, 2400, 148),
(1333.0135420000006, 8629, 531.0, 3700, 2400, 149),
(1333.0550939999957, 8630, 531.0, 3700, 2400, 150),
(1333.1000420000055, 8631, 531.0, 3700, 2400, 151),
(1333.1547750000027, 8632, 531.0, 3700, 2400, 152),
(1333.2023009999975, 8633, 531.0, 3700, 2400, 113),
(1333.2647960000031, 8634, 531.0, 3700, 2400, 114),
(1333.301655999996, 8635, 531.0, 3700, 2400, 115),
(1333.339036999998, 8636, 531.0, 3700, 2400, 116),
(1333.3800519999932, 8637, 531.0, 3700, 2400, 117),
(1333.4210359999997, 8638, 531.0, 3700, 2400, 118),
(1333.4589419999975, 8639, 531.0, 3700, 2400, 119),
(1333.499947999997, 8640, 531.0, 3700, 2400, 120),
(1333.5386839999992, 8641, 531.0, 3700, 2400, 121),
(1333.5826490000036, 8642, 531.0, 3700, 2400, 122),
(1333.6289660000039, 8643, 531.0, 3700, 2400, 123),
(1333.6683329999942, 8644, 531.0, 3700, 2400, 124),
(1333.7086489999929, 8645, 531.0, 3700, 2400, 125),
(1333.7476319999987, 8646, 531.0, 3700, 2400, 126),
(1333.7854090000037, 8647, 531.0, 3700, 2400, 127),
(1333.8218709999928, 8648, 531.0, 3700, 2400, 128),
(1333.8760940000066, 8649, 531.0, 3700, 2400, 129),
(1333.9189920000063, 8650, 531.0, 3700, 2400, 130),
(1333.9592459999985, 8651, 531.0, 3700, 2400, 131),
(1333.9981810000027, 8652, 531.0, 3700, 2400, 132),
(1334.0416330000007, 8653, 531.0, 3700, 2400, 133),
(1334.0912329999992, 8654, 531.0, 3700, 2400, 134),
(1334.1368199999997, 8655, 531.0, 3700, 2400, 135),
(1334.1807120000012, 8656, 531.0, 3700, 2400, 136),
(1334.2186039999942, 8657, 531.0, 3700, 2400, 137),
(1334.2588530000066, 8658, 531.0, 3700, 2400, 138),
(1334.304231000002, 8659, 531.0, 3700, 2400, 139),
(1334.3470110000053, 8660, 531.0, 3700, 2400, 140),
(1334.3865870000009, 8661, 531.0, 3700, 2400, 141),
(1334.431110000005, 8662, 531.0, 3700, 2400, 142),
(1334.4758569999976, 8663, 531.0, 3700, 2400, 143),
(1334.5220739999932, 8664, 531.0, 3700, 2400, 144),
(1334.570252999998, 8665, 531.0, 3700, 2400, 145),
(1334.6165369999944, 8666, 531.0, 3700, 2400, 146),
(1334.656679000007, 8667, 531.0, 3700, 2400, 147),
(1334.6995610000013, 8668, 531.0, 3700, 2400, 148),
(1334.7435510000068, 8669, 531.0, 3700, 2400, 149),
(1334.781633000006, 8670, 531.0, 3700, 2400, 150),
(1334.8222470000037, 8671, 531.0, 3700, 2400, 151),
(1334.8654359999928, 8672, 531.0, 3700, 2400, 152),
(1334.9057170000015, 8673, 531.0, 3700, 2400, 113),
(1334.9475039999961, 8674, 531.0, 3700, 2400, 114),
(1334.9848420000053, 8675, 531.0, 3700, 2400, 115),
(1335.0294889999932, 8676, 531.0, 3700, 2400, 116),
(1335.0694539999968, 8677, 531.0, 3700, 2400, 117),
(1335.1122400000022, 8678, 531.0, 3700, 2400, 118),
(1335.1609829999943, 8679, 531.0, 3700, 2400, 119),
(1335.2088660000009, 8680, 531.0, 3700, 2400, 120),
(1335.2595109999966, 8681, 531.0, 3700, 2400, 121),
(1335.3048629999976, 8682, 531.0, 3700, 2400, 122),
(1335.3487380000006, 8683, 531.0, 3700, 2400, 123),
(1335.389074000006, 8684, 531.0, 3700, 2400, 124),
(1335.4390129999956, 8685, 531.0, 3700, 2400, 125),
(1335.489287999997, 8686, 531.0, 3700, 2400, 126),
(1335.5383940000029, 8687, 531.0, 3700, 2400, 127),
(1335.5851189999958, 8688, 531.0, 3700, 2400, 128),
(1335.6366439999983, 8689, 531.0, 3700, 2400, 129),
(1335.6856589999952, 8690, 531.0, 3700, 2400, 130),
(1335.7705879999994, 8691, 531.0, 3700, 2400, 131),
(1335.8059499999945, 8692, 531.0, 3700, 2400, 132),
(1335.8457869999984, 8693, 531.0, 3700, 2400, 133),
(1335.8862019999942, 8694, 531.0, 3700, 2400, 134),
(1335.934653000004, 8695, 531.0, 3700, 2400, 135),
(1335.9796539999952, 8696, 531.0, 3700, 2400, 136),
(1336.0234809999965, 8697, 531.0, 3700, 2400, 137),
(1336.065088999996, 8698, 531.0, 3700, 2400, 138),
(1336.1040599999978, 8699, 531.0, 3700, 2400, 139),
(1336.1491629999946, 8700, 531.0, 3700, 2400, 140),
(1336.2016250000015, 8701, 531.0, 3700, 2400, 141),
(1336.2436610000004, 8702, 531.0, 3700, 2400, 142),
(1336.293743999995, 8703, 531.0, 3700, 2400, 143),
(1336.3396240000002, 8704, 531.0, 3700, 2400, 144),
(1336.3794190000044, 8705, 531.0, 3700, 2400, 145),
(1336.4183510000003, 8706, 531.0, 3700, 2400, 146),
(1336.4594599999982, 8707, 531.0, 3700, 2400, 147),
(1336.5006529999955, 8708, 531.0, 3700, 2400, 148),
(1336.5470979999955, 8709, 531.0, 3700, 2400, 149),
(1336.5905970000022, 8710, 531.0, 3700, 2400, 150),
(1336.631957000005, 8711, 531.0, 3700, 2400, 151),
(1336.6748459999944, 8712, 531.0, 3700, 2400, 152),
(1336.7176730000065, 8713, 531.0, 3700, 2600, 112),
(1336.7639510000008, 8714, 531.0, 3700, 2600, 113),
(1336.807977999997, 8715, 531.0, 3700, 2600, 114),
(1336.848358999996, 8716, 531.0, 3700, 2600, 115),
(1336.890803000002, 8717, 531.0, 3700, 2600, 116),
(1336.946643000003, 8718, 531.0, 3700, 2600, 117),
(1337.0000600000058, 8719, 531.0, 3700, 2600, 118),
(1337.0396920000057, 8720, 531.0, 3700, 2600, 119),
(1337.0867279999948, 8721, 531.0, 3700, 2600, 120),
(1337.1323770000017, 8722, 531.0, 3700, 2600, 121),
(1337.1751749999967, 8723, 531.0, 3700, 2600, 122),
(1337.2275329999975, 8724, 531.0, 3700, 2600, 123),
(1337.2719899999938, 8725, 531.0, 3700, 2600, 124),
(1337.3098759999993, 8726, 531.0, 3700, 2600, 125),
(1337.3484080000053, 8727, 531.0, 3700, 2600, 126),
(1337.3930830000027, 8728, 531.0, 3700, 2600, 127),
(1337.434653000004, 8729, 531.0, 3700, 2600, 128),
(1337.4777639999957, 8730, 531.0, 3700, 2600, 129),
(1337.515618999998, 8731, 531.0, 3700, 2600, 130),
(1337.5594830000045, 8732, 531.0, 3700, 2600, 131),
(1337.598628000007, 8733, 531.0, 3700, 2600, 132),
(1337.6368809999985, 8734, 531.0, 3700, 2600, 133),
(1337.679608999999, 8735, 531.0, 3700, 2600, 134),
(1337.718200000003, 8736, 531.0, 3700, 2600, 135),
(1337.7560039999953, 8737, 531.0, 3700, 2600, 136),
(1337.7952910000022, 8738, 531.0, 3700, 2600, 137),
(1337.8409870000032, 8739, 531.0, 3700, 2600, 138),
(1337.880867999993, 8740, 531.0, 3700, 2600, 139),
(1337.9202470000018, 8741, 531.0, 3700, 2600, 140),
(1337.9593779999996, 8742, 531.0, 3700, 2600, 141),
(1338.0009229999996, 8743, 531.0, 3700, 2600, 142),
(1338.0419490000058, 8744, 531.0, 3700, 2600, 143),
(1338.084210999994, 8745, 531.0, 3700, 2600, 144),
(1338.1237399999955, 8746, 531.0, 3700, 2600, 145),
(1338.1672759999929, 8747, 531.0, 3700, 2600, 146),
(1338.207917000007, 8748, 531.0, 3700, 2600, 147),
(1338.248861, 8749, 531.0, 3700, 2600, 148),
(1338.2870669999975, 8750, 531.0, 3700, 2600, 149),
(1338.3256779999938, 8751, 531.0, 3700, 2600, 150),
(1338.3677860000025, 8752, 531.0, 3700, 2600, 151),
(1338.409348000001, 8753, 531.0, 3700, 2600, 152),
(1338.448894999994, 8754, 531.0, 3700, 2600, 113),
(1338.4927210000023, 8755, 531.0, 3700, 2600, 114),
(1338.5309430000052, 8756, 531.0, 3700, 2600, 115),
(1338.5708179999929, 8757, 531.0, 3700, 2600, 116),
(1338.613268999994, 8758, 531.0, 3700, 2600, 117),
(1338.6564179999987, 8759, 531.0, 3700, 2600, 118),
(1338.7058890000044, 8760, 531.0, 3700, 2600, 119),
(1338.7441779999936, 8761, 531.0, 3700, 2600, 120),
(1338.7796320000052, 8762, 531.0, 3700, 2600, 121),
(1338.8169440000056, 8763, 531.0, 3700, 2600, 122),
(1338.865969999999, 8764, 531.0, 3700, 2600, 123),
(1338.9175629999954, 8765, 531.0, 3700, 2600, 124),
(1338.9673449999973, 8766, 531.0, 3700, 2600, 125),
(1339.006985, 8767, 531.0, 3700, 2600, 126),
(1339.0552349999925, 8768, 531.0, 3700, 2600, 127),
(1339.096476000006, 8769, 531.0, 3700, 2600, 128),
(1339.140732999993, 8770, 531.0, 3700, 2600, 129),
(1339.1806240000005, 8771, 531.0, 3700, 2600, 130),
(1339.2220030000026, 8772, 531.0, 3700, 2600, 131),
(1339.263586999994, 8773, 531.0, 3700, 2600, 132),
(1339.3086979999935, 8774, 531.0, 3700, 2600, 133),
(1339.3469940000068, 8775, 531.0, 3700, 2600, 134),
(1339.3899059999967, 8776, 531.0, 3700, 2600, 135),
(1339.4344960000017, 8777, 531.0, 3700, 2600, 136),
(1339.4727719999937, 8778, 531.0, 3700, 2600, 137),
(1339.5144319999963, 8779, 531.0, 3700, 2600, 138),
(1339.5596349999978, 8780, 531.0, 3700, 2600, 139),
(1339.6032929999928, 8781, 531.0, 3700, 2600, 140),
(1339.6456949999993, 8782, 531.0, 3700, 2600, 141),
(1339.6889389999997, 8783, 531.0, 3700, 2600, 142),
(1339.7308340000018, 8784, 531.0, 3700, 2600, 143),
(1339.773033999998, 8785, 531.0, 3700, 2600, 144),
(1339.8136249999952, 8786, 531.0, 3700, 2600, 145),
(1339.8544419999962, 8787, 531.0, 3700, 2600, 146),
(1339.8998449999926, 8788, 531.0, 3700, 2600, 147),
(1339.9387489999935, 8789, 531.0, 3700, 2600, 148),
(1339.9870289999963, 8790, 531.0, 3700, 2600, 149),
(1340.0327939999988, 8791, 531.0, 3700, 2600, 150),
(1340.0786999999982, 8792, 531.0, 3700, 2600, 151),
(1340.1199970000016, 8793, 531.0, 3700, 2600, 152),
(1340.161334999997, 8794, 531.0, 3700, 2600, 113),
(1340.2118550000014, 8795, 531.0, 3700, 2600, 114),
(1340.262474999996, 8796, 531.0, 3700, 2600, 115),
(1340.3080880000052, 8797, 531.0, 3700, 2600, 116),
(1340.3532299999933, 8798, 531.0, 3700, 2600, 117),
(1340.3977259999956, 8799, 531.0, 3700, 2600, 118),
(1340.4434400000027, 8800, 531.0, 3700, 2600, 119),
(1340.4878150000004, 8801, 531.0, 3700, 2600, 120),
(1340.529978000006, 8802, 531.0, 3700, 2600, 121),
(1340.5735319999949, 8803, 531.0, 3700, 2600, 122),
(1340.624880000003, 8804, 531.0, 3700, 2600, 123),
(1340.665359000006, 8805, 531.0, 3700, 2600, 124),
(1340.7129980000027, 8806, 531.0, 3700, 2600, 125),
(1340.7559110000002, 8807, 531.0, 3700, 2600, 126),
(1340.8018040000024, 8808, 531.0, 3700, 2600, 127),
(1340.8510220000026, 8809, 531.0, 3700, 2600, 128),
(1340.8940259999945, 8810, 531.0, 3700, 2600, 129),
(1340.9353109999938, 8811, 531.0, 3700, 2600, 130),
(1340.9744930000015, 8812, 531.0, 3700, 2600, 131),
(1341.0174479999987, 8813, 531.0, 3700, 2600, 132),
(1341.0583630000037, 8814, 531.0, 3700, 2600, 133),
(1341.1025470000022, 8815, 531.0, 3700, 2600, 134),
(1341.1418689999991, 8816, 531.0, 3700, 2600, 135),
(1341.184819999995, 8817, 531.0, 3700, 2600, 136),
(1341.2277889999968, 8818, 531.0, 3700, 2600, 137),
(1341.267154000001, 8819, 531.0, 3700, 2600, 138),
(1341.3073379999987, 8820, 531.0, 3700, 2600, 139),
(1341.3490909999964, 8821, 531.0, 3700, 2600, 140),
(1341.388512999998, 8822, 531.0, 3700, 2600, 141),
(1341.432335000005, 8823, 531.0, 3700, 2600, 142),
(1341.4728650000034, 8824, 531.0, 3700, 2600, 143),
(1341.5149609999935, 8825, 531.0, 3700, 2600, 144),
(1341.5549299999984, 8826, 531.0, 3700, 2600, 145),
(1341.6023469999927, 8827, 531.0, 3700, 2600, 146),
(1341.6459979999927, 8828, 531.0, 3700, 2600, 147),
(1341.6864769999956, 8829, 531.0, 3700, 2600, 148),
(1341.7273989999958, 8830, 531.0, 3700, 2600, 149),
(1341.769717999996, 8831, 531.0, 3700, 2600, 150),
(1341.8111389999976, 8832, 531.0, 3700, 2600, 151),
(1341.854045, 8833, 531.0, 3700, 2600, 152),
(1341.8937779999978, 8834, 531.0, 3700, 2800, 112),
(1341.9390890000068, 8835, 531.0, 3700, 2800, 113),
(1341.9808880000055, 8836, 531.0, 3700, 2800, 114),
(1342.0323570000037, 8837, 531.0, 3700, 2800, 115),
(1342.074622, 8838, 531.0, 3700, 2800, 116),
(1342.1174339999998, 8839, 531.0, 3700, 2800, 117),
(1342.1571750000003, 8840, 531.0, 3700, 2800, 118),
(1342.1983940000064, 8841, 531.0, 3700, 2800, 119),
(1342.240896000003, 8842, 531.0, 3700, 2800, 120),
(1342.2855989999953, 8843, 531.0, 3700, 2800, 121),
(1342.3296109999937, 8844, 531.0, 3700, 2800, 122),
(1342.370637999993, 8845, 531.0, 3700, 2800, 123),
(1342.4119260000007, 8846, 531.0, 3700, 2800, 124),
(1342.4536879999941, 8847, 531.0, 3700, 2800, 125),
(1342.493598999994, 8848, 531.0, 3700, 2800, 126),
(1342.5346509999945, 8849, 531.0, 3700, 2800, 127),
(1342.5846509999974, 8850, 531.0, 3700, 2800, 128),
(1342.627026000002, 8851, 531.0, 3700, 2800, 129),
(1342.669366999995, 8852, 531.0, 3700, 2800, 130),
(1342.7100320000027, 8853, 531.0, 3700, 2800, 131),
(1342.7490629999957, 8854, 531.0, 3700, 2800, 132),
(1342.7882559999998, 8855, 531.0, 3700, 2800, 133),
(1342.8274479999964, 8856, 531.0, 3700, 2800, 134),
(1342.869101999997, 8857, 531.0, 3700, 2800, 135),
(1342.9106100000063, 8858, 531.0, 3700, 2800, 136),
(1342.9508550000028, 8859, 531.0, 3700, 2800, 137),
(1342.9919329999975, 8860, 531.0, 3700, 2800, 138),
(1343.030945999999, 8861, 531.0, 3700, 2800, 139),
(1343.0751089999976, 8862, 531.0, 3700, 2800, 140),
(1343.1194680000044, 8863, 531.0, 3700, 2800, 141),
(1343.163440000004, 8864, 531.0, 3700, 2800, 142),
(1343.208937000003, 8865, 531.0, 3700, 2800, 143),
(1343.2529009999998, 8866, 531.0, 3700, 2800, 144),
(1343.3003619999945, 8867, 531.0, 3700, 2800, 145),
(1343.3465029999934, 8868, 531.0, 3700, 2800, 146),
(1343.3887269999977, 8869, 531.0, 3700, 2800, 147),
(1343.4376979999943, 8870, 531.0, 3700, 2800, 148),
(1343.4826590000011, 8871, 531.0, 3700, 2800, 149),
(1343.5254730000015, 8872, 531.0, 3700, 2800, 150),
(1343.5646399999969, 8873, 531.0, 3700, 2800, 151),
(1343.6054330000043, 8874, 531.0, 3700, 2800, 152),
(1343.6477589999995, 8875, 531.0, 3700, 2800, 113),
(1343.6869710000028, 8876, 531.0, 3700, 2800, 114),
(1343.727647000007, 8877, 531.0, 3700, 2800, 115),
(1343.767577000006, 8878, 531.0, 3700, 2800, 116),
(1343.8087459999952, 8879, 531.0, 3700, 2800, 117),
(1343.8482369999983, 8880, 531.0, 3700, 2800, 118),
(1343.8915660000057, 8881, 531.0, 3700, 2800, 119),
(1343.9371079999983, 8882, 531.0, 3700, 2800, 120),
(1343.9824720000033, 8883, 531.0, 3700, 2800, 121),
(1344.021424999999, 8884, 531.0, 3700, 2800, 122),
(1344.0662529999972, 8885, 531.0, 3700, 2800, 123),
(1344.1106839999993, 8886, 531.0, 3700, 2800, 124),
(1344.1557360000006, 8887, 531.0, 3700, 2800, 125),
(1344.195961000005, 8888, 531.0, 3700, 2800, 126),
(1344.2355890000035, 8889, 531.0, 3700, 2800, 127),
(1344.2777099999948, 8890, 531.0, 3700, 2800, 128),
(1344.3166780000029, 8891, 531.0, 3700, 2800, 129),
(1344.359024999998, 8892, 531.0, 3700, 2800, 130),
(1344.405368000007, 8893, 531.0, 3700, 2800, 131),
(1344.4465530000016, 8894, 531.0, 3700, 2800, 132),
(1344.4894219999987, 8895, 531.0, 3700, 2800, 133),
(1344.5308800000057, 8896, 531.0, 3700, 2800, 134),
(1344.5735469999927, 8897, 531.0, 3700, 2800, 135),
(1344.6150720000005, 8898, 531.0, 3700, 2800, 136),
(1344.654754999996, 8899, 531.0, 3700, 2800, 137),
(1344.6967060000025, 8900, 531.0, 3700, 2800, 138),
(1344.7365660000069, 8901, 531.0, 3700, 2800, 139),
(1344.7785609999992, 8902, 531.0, 3700, 2800, 140),
(1344.8167819999944, 8903, 531.0, 3700, 2800, 141),
(1344.8663830000005, 8904, 531.0, 3700, 2800, 142),
(1344.912507000001, 8905, 531.0, 3700, 2800, 143),
(1344.9630060000054, 8906, 531.0, 3700, 2800, 144),
(1345.020537999997, 8907, 531.0, 3700, 2800, 145),
(1345.0593170000066, 8908, 531.0, 3700, 2800, 146),
(1345.0994130000036, 8909, 531.0, 3700, 2800, 147),
(1345.1418019999983, 8910, 531.0, 3700, 2800, 148),
(1345.180124000006, 8911, 531.0, 3700, 2800, 149),
(1345.2258860000002, 8912, 531.0, 3700, 2800, 150),
(1345.2697250000056, 8913, 531.0, 3700, 2800, 151),
(1345.3110140000063, 8914, 531.0, 3700, 2800, 152),
(1345.3568760000053, 8915, 531.0, 3700, 2800, 113),
(1345.416882000005, 8916, 531.0, 3700, 2800, 114),
(1345.460202999995, 8917, 531.0, 3700, 2800, 115),
(1345.4996519999986, 8918, 531.0, 3700, 2800, 116),
(1345.542935000005, 8919, 531.0, 3700, 2800, 117),
(1345.6047050000052, 8920, 531.0, 3700, 2800, 118),
(1345.6490090000007, 8921, 531.0, 3700, 2800, 119),
(1345.6885679999978, 8922, 531.0, 3700, 2800, 120),
(1345.7343260000052, 8923, 531.0, 3700, 2800, 121),
(1345.7748379999975, 8924, 531.0, 3700, 2800, 122),
(1345.8186870000063, 8925, 531.0, 3700, 2800, 123),
(1345.8684199999989, 8926, 531.0, 3700, 2800, 124),
(1345.906581999996, 8927, 531.0, 3700, 2800, 125),
(1345.9511889999994, 8928, 531.0, 3700, 2800, 126),
(1345.9921130000002, 8929, 531.0, 3700, 2800, 127),
(1346.0351859999937, 8930, 531.0, 3700, 2800, 128),
(1346.076371999996, 8931, 531.0, 3700, 2800, 129),
(1346.1189460000023, 8932, 531.0, 3700, 2800, 130),
(1346.1626350000006, 8933, 531.0, 3700, 2800, 131),
(1346.2015970000066, 8934, 531.0, 3700, 2800, 132),
(1346.244491000005, 8935, 531.0, 3700, 2800, 133),
(1346.2845229999948, 8936, 531.0, 3700, 2800, 134),
(1346.336347000004, 8937, 531.0, 3700, 2800, 135),
(1346.3865709999955, 8938, 531.0, 3700, 2800, 136),
(1346.4372500000027, 8939, 531.0, 3700, 2800, 137),
(1346.4934809999977, 8940, 531.0, 3700, 2800, 138),
(1346.540559000001, 8941, 531.0, 3700, 2800, 139),
(1346.5928580000036, 8942, 531.0, 3700, 2800, 140),
(1346.6385390000069, 8943, 531.0, 3700, 2800, 141),
(1346.6836719999992, 8944, 531.0, 3700, 2800, 142),
(1346.7323599999945, 8945, 531.0, 3700, 2800, 143),
(1346.7751810000045, 8946, 531.0, 3700, 2800, 144),
(1346.8226940000022, 8947, 531.0, 3700, 2800, 145),
(1346.862586999996, 8948, 531.0, 3700, 2800, 146),
(1346.909857999999, 8949, 531.0, 3700, 2800, 147),
(1346.9589540000015, 8950, 531.0, 3700, 2800, 148),
(1347.0077219999948, 8951, 531.0, 3700, 2800, 149),
(1347.0478219999932, 8952, 531.0, 3700, 2800, 150),
(1347.0885779999953, 8953, 531.0, 3700, 2800, 151),
(1347.1419139999925, 8954, 531.0, 3700, 2800, 152),
(1347.1908870000043, 8955, 531.0, 3700, 3000, 112),
(1347.2387179999932, 8956, 531.0, 3700, 3000, 113),
(1347.2855819999968, 8957, 531.0, 3700, 3000, 114),
(1347.327059000003, 8958, 531.0, 3700, 3000, 115),
(1347.3789759999927, 8959, 531.0, 3700, 3000, 116),
(1347.4241739999998, 8960, 531.0, 3700, 3000, 117),
(1347.4670340000011, 8961, 531.0, 3700, 3000, 118),
(1347.514108000003, 8962, 531.0, 3700, 3000, 119),
(1347.564962999997, 8963, 531.0, 3700, 3000, 120),
(1347.6104670000059, 8964, 531.0, 3700, 3000, 121),
(1347.6573599999974, 8965, 531.0, 3700, 3000, 122),
(1347.7035049999977, 8966, 531.0, 3700, 3000, 123),
(1347.7545600000012, 8967, 531.0, 3700, 3000, 124),
(1347.7978270000021, 8968, 531.0, 3700, 3000, 125),
(1347.8390389999986, 8969, 531.0, 3700, 3000, 126),
(1347.8883670000068, 8970, 531.0, 3700, 3000, 127),
(1347.9409969999979, 8971, 531.0, 3700, 3000, 128),
(1347.9805820000038, 8972, 531.0, 3700, 3000, 129),
(1348.0282739999966, 8973, 531.0, 3700, 3000, 130),
(1348.076681999999, 8974, 531.0, 3700, 3000, 131),
(1348.1280660000048, 8975, 531.0, 3700, 3000, 132),
(1348.173809, 8976, 531.0, 3700, 3000, 133),
(1348.220079000006, 8977, 531.0, 3700, 3000, 134),
(1348.263288000002, 8978, 531.0, 3700, 3000, 135),
(1348.307667999994, 8979, 531.0, 3700, 3000, 136),
(1348.3655279999948, 8980, 531.0, 3700, 3000, 137),
(1348.408930000005, 8981, 531.0, 3700, 3000, 138),
(1348.451224999997, 8982, 531.0, 3700, 3000, 139),
(1348.4929439999978, 8983, 531.0, 3700, 3000, 140),
(1348.5347900000052, 8984, 531.0, 3700, 3000, 141),
(1348.5756859999965, 8985, 531.0, 3700, 3000, 142),
(1348.6197140000004, 8986, 531.0, 3700, 3000, 143),
(1348.6582679999992, 8987, 531.0, 3700, 3000, 144),
(1348.705931000004, 8988, 531.0, 3700, 3000, 145),
(1348.7562509999989, 8989, 531.0, 3700, 3000, 146),
(1348.8031920000067, 8990, 531.0, 3700, 3000, 147),
(1348.8498790000012, 8991, 531.0, 3700, 3000, 148),
(1348.8914159999986, 8992, 531.0, 3700, 3000, 149),
(1348.9366310000041, 8993, 531.0, 3700, 3000, 150),
(1348.9841860000015, 8994, 531.0, 3700, 3000, 151),
(1349.027304999996, 8995, 531.0, 3700, 3000, 152),
(1349.0656849999941, 8996, 531.0, 3700, 3000, 113),
(1349.1119489999983, 8997, 531.0, 3700, 3000, 114),
(1349.1548420000036, 8998, 531.0, 3700, 3000, 115),
(1349.2114589999983, 8999, 531.0, 3700, 3000, 116),
(1349.2568230000034, 9000, 531.0, 3700, 3000, 117),
(1349.2960540000058, 9001, 531.0, 3700, 3000, 118),
(1349.3414639999974, 9002, 531.0, 3700, 3000, 119),
(1349.3829689999984, 9003, 531.0, 3700, 3000, 120),
(1349.4296999999933, 9004, 531.0, 3700, 3000, 121),
(1349.4692950000026, 9005, 531.0, 3700, 3000, 122),
(1349.5105259999982, 9006, 531.0, 3700, 3000, 123),
(1349.5554830000037, 9007, 531.0, 3700, 3000, 124),
(1349.5995870000042, 9008, 531.0, 3700, 3000, 125),
(1349.6389150000032, 9009, 531.0, 3700, 3000, 126),
(1349.6799829999945, 9010, 531.0, 3700, 3000, 127),
(1349.7240960000054, 9011, 531.0, 3700, 3000, 128),
(1349.7799990000058, 9012, 531.0, 3700, 3000, 129),
(1349.8253969999932, 9013, 531.0, 3700, 3000, 130),
(1349.867551999996, 9014, 531.0, 3700, 3000, 131),
(1349.9169529999926, 9015, 531.0, 3700, 3000, 132),
(1349.95766, 9016, 531.0, 3700, 3000, 133),
(1350.0033249999979, 9017, 531.0, 3700, 3000, 134),
(1350.043067000006, 9018, 531.0, 3700, 3000, 135),
(1350.0911320000014, 9019, 531.0, 3700, 3000, 136),
(1350.1362829999998, 9020, 531.0, 3700, 3000, 137),
(1350.1808509999973, 9021, 531.0, 3700, 3000, 138),
(1350.230574000001, 9022, 531.0, 3700, 3000, 139),
(1350.270967999997, 9023, 531.0, 3700, 3000, 140),
(1350.3177419999993, 9024, 531.0, 3700, 3000, 141),
(1350.3606040000013, 9025, 531.0, 3700, 3000, 142),
(1350.4024780000036, 9026, 531.0, 3700, 3000, 143),
(1350.4510140000057, 9027, 531.0, 3700, 3000, 144),
(1350.491485000006, 9028, 531.0, 3700, 3000, 145),
(1350.5335999999952, 9029, 531.0, 3700, 3000, 146),
(1350.577250000002, 9030, 531.0, 3700, 3000, 147),
(1350.621060000005, 9031, 531.0, 3700, 3000, 148),
(1350.6721530000068, 9032, 531.0, 3700, 3000, 149),
(1350.714095999996, 9033, 531.0, 3700, 3000, 150),
(1350.7609720000037, 9034, 531.0, 3700, 3000, 151),
(1350.8120479999925, 9035, 531.0, 3700, 3000, 152),
(1350.857032999993, 9036, 531.0, 3700, 3000, 113),
(1350.906038000001, 9037, 531.0, 3700, 3000, 114),
(1350.9501679999958, 9038, 531.0, 3700, 3000, 115),
(1350.989551999999, 9039, 531.0, 3700, 3000, 116),
(1351.0360380000056, 9040, 531.0, 3700, 3000, 117),
(1351.0781810000044, 9041, 531.0, 3700, 3000, 118),
(1351.1237669999973, 9042, 531.0, 3700, 3000, 119),
(1351.1733260000037, 9043, 531.0, 3700, 3000, 120),
(1351.220159000004, 9044, 531.0, 3700, 3000, 121),
(1351.2641679999942, 9045, 531.0, 3700, 3000, 122),
(1351.3060850000038, 9046, 531.0, 3700, 3000, 123),
(1351.3609140000044, 9047, 531.0, 3700, 3000, 124),
(1351.4079749999946, 9048, 531.0, 3700, 3000, 125),
(1351.4619979999989, 9049, 531.0, 3700, 3000, 126),
(1351.5118099999963, 9050, 531.0, 3700, 3000, 127),
(1351.5512359999993, 9051, 531.0, 3700, 3000, 128),
(1351.603482999999, 9052, 531.0, 3700, 3000, 129),
(1351.6426559999964, 9053, 531.0, 3700, 3000, 130),
(1351.6877039999963, 9054, 531.0, 3700, 3000, 131),
(1351.741829999999, 9055, 531.0, 3700, 3000, 132),
(1351.7865699999966, 9056, 531.0, 3700, 3000, 133),
(1351.8334069999983, 9057, 531.0, 3700, 3000, 134),
(1351.885190999994, 9058, 531.0, 3700, 3000, 135),
(1351.9262350000063, 9059, 531.0, 3700, 3000, 136),
(1351.9653799999942, 9060, 531.0, 3700, 3000, 137),
(1352.0055430000066, 9061, 531.0, 3700, 3000, 138),
(1352.0462640000042, 9062, 531.0, 3700, 3000, 139),
(1352.0902760000026, 9063, 531.0, 3700, 3000, 140),
(1352.1380459999928, 9064, 531.0, 3700, 3000, 141),
(1352.182222000003, 9065, 531.0, 3700, 3000, 142),
(1352.2276549999951, 9066, 531.0, 3700, 3000, 143),
(1352.2672359999997, 9067, 531.0, 3700, 3000, 144),
(1352.3089559999935, 9068, 531.0, 3700, 3000, 145),
(1352.350722999996, 9069, 531.0, 3700, 3000, 146),
(1352.396252999999, 9070, 531.0, 3700, 3000, 147),
(1352.4452699999965, 9071, 531.0, 3700, 3000, 148),
(1352.4914660000068, 9072, 531.0, 3700, 3000, 149),
(1352.5349010000064, 9073, 531.0, 3700, 3000, 150),
(1352.5734170000069, 9074, 531.0, 3700, 3000, 151),
(1352.6213549999957, 9075, 531.0, 3700, 3000, 152),
(1352.666431000005, 9076, 531.0, 3700, 3200, 112),
(1352.7088530000037, 9077, 531.0, 3700, 3200, 113),
(1352.7504599999957, 9078, 531.0, 3700, 3200, 114),
(1352.7908989999996, 9079, 531.0, 3700, 3200, 115),
(1352.8299819999957, 9080, 531.0, 3700, 3200, 116),
(1352.8712999999989, 9081, 531.0, 3700, 3200, 117),
(1352.9116829999984, 9082, 531.0, 3700, 3200, 118),
(1352.9522489999945, 9083, 531.0, 3700, 3200, 119),
(1353.0015120000025, 9084, 531.0, 3700, 3200, 120),
(1353.0502319999941, 9085, 531.0, 3700, 3200, 121),
(1353.0911179999966, 9086, 531.0, 3700, 3200, 122),
(1353.1419460000034, 9087, 531.0, 3700, 3200, 123),
(1353.1837890000024, 9088, 531.0, 3700, 3200, 124),
(1353.2290219999995, 9089, 531.0, 3700, 3200, 125),
(1353.272981999995, 9090, 531.0, 3700, 3200, 126),
(1353.3128799999977, 9091, 531.0, 3700, 3200, 127),
(1353.3540009999997, 9092, 531.0, 3700, 3200, 128),
(1353.394591999997, 9093, 531.0, 3700, 3200, 129),
(1353.433806000001, 9094, 531.0, 3700, 3200, 130),
(1353.4720859999943, 9095, 531.0, 3700, 3200, 131),
(1353.511354000002, 9096, 531.0, 3700, 3200, 132),
(1353.5535039999959, 9097, 531.0, 3700, 3200, 133),
(1353.597630999997, 9098, 531.0, 3700, 3200, 134),
(1353.6415940000006, 9099, 531.0, 3700, 3200, 135),
(1353.683818000005, 9100, 531.0, 3700, 3200, 136),
(1353.7241990000039, 9101, 531.0, 3700, 3200, 137),
(1353.772496999998, 9102, 531.0, 3700, 3200, 138),
(1353.8163039999927, 9103, 531.0, 3700, 3200, 139),
(1353.8568749999977, 9104, 531.0, 3700, 3200, 140),
(1353.9013969999942, 9105, 531.0, 3700, 3200, 141),
(1353.9551599999977, 9106, 531.0, 3700, 3200, 142),
(1354.0005209999945, 9107, 531.0, 3700, 3200, 143),
(1354.0429440000007, 9108, 531.0, 3700, 3200, 144),
(1354.0935349999927, 9109, 531.0, 3700, 3200, 145),
(1354.1349279999995, 9110, 531.0, 3700, 3200, 146),
(1354.1830300000001, 9111, 531.0, 3700, 3200, 147),
(1354.2302199999976, 9112, 531.0, 3700, 3200, 148),
(1354.2720169999957, 9113, 531.0, 3700, 3200, 149),
(1354.3122440000006, 9114, 531.0, 3700, 3200, 150),
(1354.366074000005, 9115, 531.0, 3700, 3200, 151),
(1354.407097000003, 9116, 531.0, 3700, 3200, 152),
(1354.451383000007, 9117, 531.0, 3700, 3200, 113),
(1354.493180999998, 9118, 531.0, 3700, 3200, 114),
(1354.5373839999957, 9119, 531.0, 3700, 3200, 115),
(1354.5766390000063, 9120, 531.0, 3700, 3200, 116),
(1354.6171590000013, 9121, 531.0, 3700, 3200, 117),
(1354.659679000004, 9122, 531.0, 3700, 3200, 118),
(1354.7010969999974, 9123, 531.0, 3700, 3200, 119),
(1354.7414410000056, 9124, 531.0, 3700, 3200, 120),
(1354.781231999994, 9125, 531.0, 3700, 3200, 121),
(1354.8250169999956, 9126, 531.0, 3700, 3200, 122),
(1354.870001000003, 9127, 531.0, 3700, 3200, 123),
(1354.9135240000032, 9128, 531.0, 3700, 3200, 124),
(1354.9556750000047, 9129, 531.0, 3700, 3200, 125),
(1354.9956660000025, 9130, 531.0, 3700, 3200, 126),
(1355.0405230000033, 9131, 531.0, 3700, 3200, 127),
(1355.091803000003, 9132, 531.0, 3700, 3200, 128),
(1355.1289549999929, 9133, 531.0, 3700, 3200, 129),
(1355.169848000005, 9134, 531.0, 3700, 3200, 130),
(1355.2132859999983, 9135, 531.0, 3700, 3200, 131),
(1355.2533129999938, 9136, 531.0, 3700, 3200, 132),
(1355.2935929999949, 9137, 531.0, 3700, 3200, 133),
(1355.3462560000044, 9138, 531.0, 3700, 3200, 134),
(1355.3843460000062, 9139, 531.0, 3700, 3200, 135),
(1355.4228310000035, 9140, 531.0, 3700, 3200, 136),
(1355.466035000005, 9141, 531.0, 3700, 3200, 137),
(1355.5133440000063, 9142, 531.0, 3700, 3200, 138),
(1355.5576580000052, 9143, 531.0, 3700, 3200, 139),
(1355.5970890000026, 9144, 531.0, 3700, 3200, 140),
(1355.6447809999954, 9145, 531.0, 3700, 3200, 141),
(1355.683692999999, 9146, 531.0, 3700, 3200, 142),
(1355.7250849999982, 9147, 531.0, 3700, 3200, 143),
(1355.765247000003, 9148, 531.0, 3700, 3200, 144),
(1355.8068789999961, 9149, 531.0, 3700, 3200, 145),
(1355.851966999995, 9150, 531.0, 3700, 3200, 146),
(1355.8916170000011, 9151, 531.0, 3700, 3200, 147),
(1355.9376349999948, 9152, 531.0, 3700, 3200, 148),
(1355.9824450000015, 9153, 531.0, 3700, 3200, 149),
(1356.0246190000034, 9154, 531.0, 3700, 3200, 150),
(1356.0645479999948, 9155, 531.0, 3700, 3200, 151),
(1356.1088140000065, 9156, 531.0, 3700, 3200, 152),
(1356.1478570000036, 9157, 531.0, 3700, 3200, 113),
(1356.1886240000022, 9158, 531.0, 3700, 3200, 114),
(1356.2406090000004, 9159, 531.0, 3700, 3200, 115),
(1356.2923449999944, 9160, 531.0, 3700, 3200, 116),
(1356.3387890000013, 9161, 531.0, 3700, 3200, 117),
(1356.3909319999948, 9162, 531.0, 3700, 3200, 118),
(1356.4375029999937, 9163, 531.0, 3700, 3200, 119),
(1356.4870470000023, 9164, 531.0, 3700, 3200, 120),
(1356.5399590000015, 9165, 531.0, 3700, 3200, 121),
(1356.5871440000046, 9166, 531.0, 3700, 3200, 122),
(1356.6429820000048, 9167, 531.0, 3700, 3200, 123),
(1356.6938780000055, 9168, 531.0, 3700, 3200, 124),
(1356.741578000001, 9169, 531.0, 3700, 3200, 125),
(1356.781593000007, 9170, 531.0, 3700, 3200, 126),
(1356.8319349999947, 9171, 531.0, 3700, 3200, 127),
(1356.8772599999938, 9172, 531.0, 3700, 3200, 128),
(1356.9268929999962, 9173, 531.0, 3700, 3200, 129),
(1356.9794580000016, 9174, 531.0, 3700, 3200, 130),
(1357.0234740000014, 9175, 531.0, 3700, 3200, 131),
(1357.080105999994, 9176, 531.0, 3700, 3200, 132),
(1357.1214219999965, 9177, 531.0, 3700, 3200, 133),
(1357.170517999999, 9178, 531.0, 3700, 3200, 134),
(1357.2210049999994, 9179, 531.0, 3700, 3200, 135),
(1357.2719700000016, 9180, 531.0, 3700, 3200, 136),
(1357.3122679999942, 9181, 531.0, 3700, 3200, 137),
(1357.3673699999927, 9182, 531.0, 3700, 3200, 138),
(1357.4221870000038, 9183, 531.0, 3700, 3200, 139),
(1357.4673230000044, 9184, 531.0, 3700, 3200, 140),
(1357.5101859999995, 9185, 531.0, 3700, 3200, 141),
(1357.5607520000049, 9186, 531.0, 3700, 3200, 142),
(1357.6111999999994, 9187, 531.0, 3700, 3200, 143),
(1357.6551009999966, 9188, 531.0, 3700, 3200, 144),
(1357.695154999994, 9189, 531.0, 3700, 3200, 145),
(1357.7457980000036, 9190, 531.0, 3700, 3200, 146),
(1357.7960140000068, 9191, 531.0, 3700, 3200, 147),
(1357.8411409999972, 9192, 531.0, 3700, 3200, 148),
(1357.8880840000056, 9193, 531.0, 3700, 3200, 149),
(1357.9375020000007, 9194, 531.0, 3700, 3200, 150),
(1357.9924380000011, 9195, 531.0, 3700, 3200, 151),
(1358.0376010000036, 9196, 531.0, 3700, 3200, 152),
(1358.0879299999942, 9197, 531.0, 3700, 2100, 112),
(1358.1395400000038, 9198, 531.0, 3700, 2100, 113),
(1358.189069999993, 9199, 531.0, 3700, 2100, 114),
(1358.2329349999927, 9200, 531.0, 3700, 2100, 115),
(1358.277826000005, 9201, 531.0, 3700, 2100, 116),
(1358.3223350000044, 9202, 531.0, 3700, 2100, 117),
(1358.3700090000057, 9203, 531.0, 3700, 2100, 118),
(1358.419796999995, 9204, 531.0, 3700, 2100, 119),
(1358.4670809999952, 9205, 531.0, 3700, 2100, 120),
(1358.5123069999972, 9206, 531.0, 3700, 2100, 121),
(1358.560261999999, 9207, 531.0, 3700, 2100, 122),
(1358.6090790000017, 9208, 531.0, 3700, 2100, 123),
(1358.659360000005, 9209, 531.0, 3700, 2100, 124),
(1358.7059630000003, 9210, 531.0, 3700, 2100, 125),
(1358.750172999993, 9211, 531.0, 3700, 2100, 126),
(1358.8028279999999, 9212, 531.0, 3700, 2100, 127),
(1358.8453679999948, 9213, 531.0, 3700, 2100, 128),
(1358.8860759999952, 9214, 531.0, 3700, 2100, 129),
(1358.934275000007, 9215, 531.0, 3700, 2100, 130),
(1358.9771559999936, 9216, 531.0, 3700, 2100, 131),
(1359.0263700000069, 9217, 531.0, 3700, 2100, 132),
(1359.0667110000068, 9218, 531.0, 3700, 2100, 133),
(1359.106872999997, 9219, 531.0, 3700, 2100, 134),
(1359.1459659999964, 9220, 531.0, 3700, 2100, 135),
(1359.1893399999972, 9221, 531.0, 3700, 2100, 136),
(1359.227488000004, 9222, 531.0, 3700, 2100, 137),
(1359.2706849999959, 9223, 531.0, 3700, 2100, 138),
(1359.3132259999984, 9224, 531.0, 3700, 2100, 139),
(1359.3529890000063, 9225, 531.0, 3700, 2100, 140),
(1359.393861000004, 9226, 531.0, 3700, 2100, 141),
(1359.4345080000057, 9227, 531.0, 3700, 2100, 142),
(1359.4731820000015, 9228, 531.0, 3700, 2100, 143),
(1359.5140010000032, 9229, 531.0, 3700, 2100, 144),
(1359.5628469999938, 9230, 531.0, 3700, 2100, 145),
(1359.6121989999956, 9231, 531.0, 3700, 2100, 146),
(1359.659387000007, 9232, 531.0, 3700, 2100, 147),
(1359.6998599999934, 9233, 531.0, 3700, 2100, 148),
(1359.739790000007, 9234, 531.0, 3700, 2100, 149),
(1359.7801369999943, 9235, 531.0, 3700, 2100, 150),
(1359.8219779999927, 9236, 531.0, 3700, 2100, 151),
(1359.8675209999928, 9237, 531.0, 3700, 2100, 152),
(1359.9102529999946, 9238, 531.0, 3700, 2100, 113),
(1359.955541999996, 9239, 531.0, 3700, 2100, 114),
(1360.003945999997, 9240, 531.0, 3700, 2100, 115),
(1360.0443800000066, 9241, 531.0, 3700, 2100, 116),
(1360.0864359999978, 9242, 531.0, 3700, 2100, 117),
(1360.1325329999963, 9243, 531.0, 3700, 2100, 118),
(1360.175080999994, 9244, 531.0, 3700, 2100, 119),
(1360.2172779999964, 9245, 531.0, 3700, 2100, 120),
(1360.2649649999948, 9246, 531.0, 3700, 2100, 121),
(1360.3042299999943, 9247, 531.0, 3700, 2100, 122),
(1360.3463990000018, 9248, 531.0, 3700, 2100, 123),
(1360.3911159999989, 9249, 531.0, 3700, 2100, 124),
(1360.4324530000013, 9250, 531.0, 3700, 2100, 125),
(1360.4721949999948, 9251, 531.0, 3700, 2100, 126),
(1360.5187089999963, 9252, 531.0, 3700, 2100, 127),
(1360.5665020000015, 9253, 531.0, 3700, 2100, 128),
(1360.6212579999992, 9254, 531.0, 3700, 2100, 129),
(1360.665697000004, 9255, 531.0, 3700, 2100, 130),
(1360.7081190000026, 9256, 531.0, 3700, 2100, 131),
(1360.7581749999954, 9257, 531.0, 3700, 2100, 132),
(1360.8056219999999, 9258, 531.0, 3700, 2100, 133),
(1360.8550959999993, 9259, 531.0, 3700, 2100, 134),
(1360.9039179999963, 9260, 531.0, 3700, 2100, 135),
(1360.9596159999928, 9261, 531.0, 3700, 2100, 136),
(1361.0020070000028, 9262, 531.0, 3700, 2100, 137),
(1361.0510429999995, 9263, 531.0, 3700, 2100, 138),
(1361.110308999996, 9264, 531.0, 3700, 2100, 139),
(1361.1763079999946, 9265, 531.0, 3700, 2100, 140),
(1361.2239160000026, 9266, 531.0, 3700, 2100, 141),
(1361.2762019999936, 9267, 531.0, 3700, 2100, 142),
(1361.3162630000006, 9268, 531.0, 3700, 2100, 143),
(1361.3695860000007, 9269, 531.0, 3700, 2100, 144),
(1361.4206050000066, 9270, 531.0, 3700, 2100, 145),
(1361.4661519999936, 9271, 531.0, 3700, 2100, 146),
(1361.5118419999926, 9272, 531.0, 3700, 2100, 147),
(1361.5538800000068, 9273, 531.0, 3700, 2100, 148),
(1361.5946939999994, 9274, 531.0, 3700, 2100, 149),
(1361.6341050000046, 9275, 531.0, 3700, 2100, 150),
(1361.6787429999968, 9276, 531.0, 3700, 2100, 151),
(1361.7233680000063, 9277, 531.0, 3700, 2100, 152),
(1361.774139999994, 9278, 531.0, 3700, 2100, 113),
(1361.8307579999964, 9279, 531.0, 3700, 2100, 114),
(1361.882765000002, 9280, 531.0, 3700, 2100, 115),
(1361.9280219999928, 9281, 531.0, 3700, 2100, 116),
(1361.9751160000014, 9282, 531.0, 3700, 2100, 117),
(1362.020881000004, 9283, 531.0, 3700, 2100, 118),
(1362.0672840000043, 9284, 531.0, 3700, 2100, 119),
(1362.119292999996, 9285, 531.0, 3700, 2100, 120),
(1362.160434000005, 9286, 531.0, 3700, 2100, 121),
(1362.2031029999926, 9287, 531.0, 3700, 2100, 122),
(1362.2453879999957, 9288, 531.0, 3700, 2100, 123),
(1362.2846949999948, 9289, 531.0, 3700, 2100, 124),
(1362.3274709999969, 9290, 531.0, 3700, 2100, 125),
(1362.3699919999926, 9291, 531.0, 3700, 2100, 126),
(1362.4153309999965, 9292, 531.0, 3700, 2100, 127),
(1362.4618530000007, 9293, 531.0, 3700, 2100, 128),
(1362.5004340000014, 9294, 531.0, 3700, 2100, 129),
(1362.5429390000063, 9295, 531.0, 3700, 2100, 130),
(1362.5823110000056, 9296, 531.0, 3700, 2100, 131),
(1362.6272239999962, 9297, 531.0, 3700, 2100, 132),
(1362.6694909999933, 9298, 531.0, 3700, 2100, 133),
(1362.7082050000026, 9299, 531.0, 3700, 2100, 134),
(1362.7463279999938, 9300, 531.0, 3700, 2100, 135),
(1362.7959260000061, 9301, 531.0, 3700, 2100, 136),
(1362.8359199999977, 9302, 531.0, 3700, 2100, 137),
(1362.8743790000008, 9303, 531.0, 3700, 2100, 138),
(1362.9132979999995, 9304, 531.0, 3700, 2100, 139),
(1362.9532380000019, 9305, 531.0, 3700, 2100, 140),
(1362.9953260000038, 9306, 531.0, 3700, 2100, 141),
(1363.0344069999992, 9307, 531.0, 3700, 2100, 142),
(1363.0740629999927, 9308, 531.0, 3700, 2100, 143),
(1363.113526000001, 9309, 531.0, 3700, 2100, 144),
(1363.1503809999995, 9310, 531.0, 3700, 2100, 145),
(1363.1888820000022, 9311, 531.0, 3700, 2100, 146),
(1363.2256900000066, 9312, 531.0, 3700, 2100, 147),
(1363.262864000004, 9313, 531.0, 3700, 2100, 148),
(1363.3030839999992, 9314, 531.0, 3700, 2100, 149),
(1363.3419259999937, 9315, 531.0, 3700, 2100, 150),
(1363.3821460000036, 9316, 531.0, 3700, 2100, 151),
(1363.4216129999986, 9317, 531.0, 3700, 2100, 152),
(1363.4726680000022, 9318, 532.0, 3700, 2200, 112),
(1363.5292710000067, 9319, 532.0, 3700, 2200, 113),
(1363.5791670000035, 9320, 532.0, 3700, 2200, 114),
(1363.6270400000067, 9321, 532.0, 3700, 2200, 115),
(1363.6697379999969, 9322, 532.0, 3700, 2200, 116),
(1363.7187249999988, 9323, 532.0, 3700, 2200, 117),
(1363.7646280000044, 9324, 532.0, 3700, 2200, 118),
(1363.8095769999927, 9325, 532.0, 3700, 2200, 119),
(1363.8608939999976, 9326, 532.0, 3700, 2200, 120),
(1363.9050200000056, 9327, 532.0, 3700, 2200, 121),
(1363.9519189999992, 9328, 532.0, 3700, 2200, 122),
(1364.003807999994, 9329, 532.0, 3700, 2200, 123),
(1364.0475429999933, 9330, 532.0, 3700, 2200, 124),
(1364.0899320000026, 9331, 532.0, 3700, 2200, 125),
(1364.1382239999948, 9332, 532.0, 3700, 2200, 126),
(1364.1838839999982, 9333, 532.0, 3700, 2200, 127),
(1364.238295999996, 9334, 532.0, 3700, 2200, 128),
(1364.2789289999928, 9335, 532.0, 3700, 2200, 129),
(1364.3207410000032, 9336, 532.0, 3700, 2200, 130),
(1364.3744670000015, 9337, 532.0, 3700, 2200, 131),
(1364.4204929999978, 9338, 532.0, 3700, 2200, 132),
(1364.4768900000054, 9339, 532.0, 3700, 2200, 133),
(1364.5205180000048, 9340, 532.0, 3700, 2200, 134),
(1364.5657289999945, 9341, 532.0, 3700, 2200, 135),
(1364.6166939999966, 9342, 532.0, 3700, 2200, 136),
(1364.6626600000018, 9343, 532.0, 3700, 2200, 137),
(1364.710619000005, 9344, 532.0, 3700, 2200, 138),
(1364.7570660000056, 9345, 532.0, 3700, 2200, 139),
(1364.8003650000028, 9346, 532.0, 3700, 2200, 140),
(1364.8473939999967, 9347, 532.0, 3700, 2200, 141),
(1364.897324000005, 9348, 532.0, 3700, 2200, 142),
(1364.9424900000013, 9349, 532.0, 3700, 2200, 143),
(1364.9890529999975, 9350, 532.0, 3700, 2200, 144),
(1365.0311749999964, 9351, 532.0, 3700, 2200, 145),
(1365.0705480000033, 9352, 532.0, 3700, 2200, 146),
(1365.1184459999931, 9353, 532.0, 3700, 2200, 147),
(1365.1670040000026, 9354, 532.0, 3700, 2200, 148),
(1365.209023000003, 9355, 532.0, 3700, 2200, 149),
(1365.2586719999963, 9356, 532.0, 3700, 2200, 150),
(1365.3078189999942, 9357, 532.0, 3700, 2200, 151),
(1365.350993, 9358, 532.0, 3700, 2200, 152),
(1365.401859000005, 9359, 532.0, 3700, 2200, 113),
(1365.4478609999933, 9360, 532.0, 3700, 2200, 114),
(1365.4901799999934, 9361, 532.0, 3700, 2200, 115),
(1365.5288140000048, 9362, 532.0, 3700, 2200, 116),
(1365.5647310000058, 9363, 532.0, 3700, 2200, 117),
(1365.601125999994, 9364, 532.0, 3700, 2200, 118),
(1365.641512000002, 9365, 532.0, 3700, 2200, 119),
(1365.6929260000034, 9366, 532.0, 3700, 2200, 120),
(1365.7418900000048, 9367, 532.0, 3700, 2200, 121),
(1365.7903959999967, 9368, 532.0, 3700, 2200, 122),
(1365.8323470000032, 9369, 532.0, 3700, 2200, 123),
(1365.8771089999937, 9370, 532.0, 3700, 2200, 124),
(1365.9251979999972, 9371, 532.0, 3700, 2200, 125),
(1365.9733689999994, 9372, 532.0, 3700, 2200, 126),
(1366.0255900000047, 9373, 532.0, 3700, 2200, 127),
(1366.0670510000054, 9374, 532.0, 3700, 2200, 128),
(1366.1041399999958, 9375, 532.0, 3700, 2200, 129),
(1366.1419800000003, 9376, 532.0, 3700, 2200, 130),
(1366.1827950000006, 9377, 532.0, 3700, 2200, 131),
(1366.2324019999942, 9378, 532.0, 3700, 2200, 132),
(1366.2775010000041, 9379, 532.0, 3700, 2200, 133),
(1366.3159849999938, 9380, 532.0, 3700, 2200, 134),
(1366.357369999998, 9381, 532.0, 3700, 2200, 135),
(1366.4051749999926, 9382, 532.0, 3700, 2200, 136),
(1366.4598220000044, 9383, 532.0, 3700, 2200, 137),
(1366.5100499999971, 9384, 532.0, 3700, 2200, 138),
(1366.5650170000008, 9385, 532.0, 3700, 2200, 139),
(1366.607978, 9386, 532.0, 3700, 2200, 140),
(1366.6525640000036, 9387, 532.0, 3700, 2200, 141),
(1366.698961999995, 9388, 532.0, 3700, 2200, 142),
(1366.7482449999952, 9389, 532.0, 3700, 2200, 143),
(1366.8020589999942, 9390, 532.0, 3700, 2200, 144),
(1366.8499880000018, 9391, 532.0, 3700, 2200, 145),
(1366.8968350000068, 9392, 532.0, 3700, 2200, 146),
(1366.9432749999978, 9393, 532.0, 3700, 2200, 147),
(1366.9932490000065, 9394, 532.0, 3700, 2200, 148),
(1367.0358109999943, 9395, 532.0, 3700, 2200, 149),
(1367.0746320000035, 9396, 532.0, 3700, 2200, 150),
(1367.1124890000065, 9397, 532.0, 3700, 2200, 151),
(1367.1499699999986, 9398, 532.0, 3700, 2200, 152),
(1367.1887120000029, 9399, 532.0, 3700, 2200, 113),
(1367.2467670000042, 9400, 532.0, 3700, 2200, 114),
(1367.2922390000022, 9401, 532.0, 3700, 2200, 115),
(1367.333507999996, 9402, 532.0, 3700, 2200, 116),
(1367.3717500000057, 9403, 532.0, 3700, 2200, 117),
(1367.4116030000005, 9404, 532.0, 3700, 2200, 118),
(1367.4496130000043, 9405, 532.0, 3700, 2200, 119),
(1367.490982999996, 9406, 532.0, 3700, 2200, 120),
(1367.532149000006, 9407, 532.0, 3700, 2200, 121),
(1367.5690500000055, 9408, 532.0, 3700, 2200, 122),
(1367.6098429999984, 9409, 532.0, 3700, 2200, 123),
(1367.658500000005, 9410, 532.0, 3700, 2200, 124),
(1367.7094300000026, 9411, 532.0, 3700, 2200, 125),
(1367.7603130000061, 9412, 532.0, 3700, 2200, 126),
(1367.809435999996, 9413, 532.0, 3700, 2200, 127),
(1367.8586700000014, 9414, 532.0, 3700, 2200, 128),
(1367.9069829999935, 9415, 532.0, 3700, 2200, 129),
(1367.9477389999956, 9416, 532.0, 3700, 2200, 130),
(1367.9967909999978, 9417, 532.0, 3700, 2200, 131),
(1368.0359290000051, 9418, 532.0, 3700, 2200, 132),
(1368.0805370000016, 9419, 532.0, 3700, 2200, 133),
(1368.1235820000002, 9420, 532.0, 3700, 2200, 134),
(1368.1683780000021, 9421, 532.0, 3700, 2200, 135),
(1368.2293669999926, 9422, 532.0, 3700, 2200, 136),
(1368.281409999996, 9423, 532.0, 3700, 2200, 137),
(1368.3264079999935, 9424, 532.0, 3700, 2200, 138),
(1368.367637999996, 9425, 532.0, 3700, 2200, 139),
(1368.4104280000029, 9426, 532.0, 3700, 2200, 140),
(1368.4579819999926, 9427, 532.0, 3700, 2200, 141),
(1368.497933000006, 9428, 532.0, 3700, 2200, 142),
(1368.545471000005, 9429, 532.0, 3700, 2200, 143),
(1368.5983500000002, 9430, 532.0, 3700, 2200, 144),
(1368.639876000001, 9431, 532.0, 3700, 2200, 145),
(1368.6885420000035, 9432, 532.0, 3700, 2200, 146),
(1368.7274780000007, 9433, 532.0, 3700, 2200, 147),
(1368.7686140000005, 9434, 532.0, 3700, 2200, 148),
(1368.8116449999943, 9435, 532.0, 3700, 2200, 149),
(1368.8559090000053, 9436, 532.0, 3700, 2200, 150),
(1368.9039959999936, 9437, 532.0, 3700, 2200, 151),
(1368.9557020000066, 9438, 532.0, 3700, 2200, 152),
(1368.9960010000068, 9439, 531.0, 3700, 2300, 112),
(1369.037884999998, 9440, 531.0, 3700, 2300, 113),
(1369.079654999994, 9441, 531.0, 3700, 2300, 114),
(1369.2434820000053, 9444, 531.0, 3700, 2300, 117),
(1369.2890749999933, 9445, 530.0, 3700, 2300, 118),
(1369.328806000005, 9446, 531.0, 3700, 2300, 119),
(1369.3744189999998, 9447, 531.0, 3700, 2300, 120),
(1369.4115350000066, 9448, 531.0, 3700, 2300, 121),
(1369.4566670000058, 9449, 532.0, 3700, 2300, 122),
(1369.560983999996, 9451, 531.0, 3700, 2300, 124),
(1369.6023589999968, 9452, 531.0, 3700, 2300, 125),
(1369.6405309999973, 9453, 532.0, 3700, 2300, 126),
(1369.6822320000065, 9454, 531.0, 3700, 2300, 127),
(1369.721716999993, 9455, 531.0, 3700, 2300, 128),
(1369.8281660000066, 9457, 533.0, 3700, 2300, 130),
(1369.870014, 9458, 531.0, 3700, 2300, 131),
(1369.9146429999964, 9459, 531.0, 3700, 2300, 132),
(1369.9580049999931, 9460, 531.0, 3700, 2300, 133),
(1370.0034679999953, 9461, 531.0, 3700, 2300, 134),
(1370.0430869999982, 9462, 531.0, 3700, 2300, 135),
(1370.0860989999928, 9463, 531.0, 3700, 2300, 136),
(1370.1316430000006, 9464, 283.0, 3700, 2300, 137),
(1370.1762630000012, 9465, 531.0, 3700, 2300, 138),
(1370.220073999997, 9466, 531.0, 3700, 2300, 139),
(1370.2745270000014, 9467, 596.0, 3700, 2300, 140),
(1370.315340999994, 9468, 531.0, 3700, 2300, 141),
(1370.3564820000029, 9469, 531.0, 3700, 2300, 142),
(1370.4519410000066, 9471, 531.0, 3700, 2300, 144),
(1370.4916470000026, 9472, 531.0, 3700, 2300, 145),
(1370.5321260000055, 9473, 531.0, 3700, 2300, 146),
(1370.5784549999953, 9474, 532.0, 3700, 2300, 147),
(1370.6171820000018, 9475, 531.0, 3700, 2300, 148),
(1370.657905999993, 9476, 531.0, 3700, 2300, 149),
(1370.7002680000005, 9477, 531.0, 3700, 2300, 150),
(1370.7491089999967, 9478, 531.0, 3700, 2300, 151),
(1370.7900349999982, 9479, 532.0, 3700, 2300, 152),
(1370.8324839999987, 9480, 531.0, 3700, 2300, 113),
(1370.8851319999958, 9481, 528.0, 3700, 2300, 114),
(1370.9833309999958, 9483, 531.0, 3700, 2300, 116),
(1371.0874909999984, 9485, 530.0, 3700, 2300, 118),
(1371.1262399999978, 9486, 531.0, 3700, 2300, 119),
(1371.1693979999982, 9487, 531.0, 3700, 2300, 120),
(1371.2101879999973, 9488, 531.0, 3700, 2300, 121),
(1371.250258999993, 9489, 531.0, 3700, 2300, 122),
(1371.293199000007, 9490, 531.0, 3700, 2300, 123),
(1371.3490569999994, 9491, 531.0, 3700, 2300, 124),
(1371.4091550000012, 9492, 531.0, 3700, 2300, 125),
(1371.4496420000069, 9493, 531.0, 3700, 2300, 126),
(1371.4908830000059, 9494, 531.0, 3700, 2300, 127),
(1371.5315459999983, 9495, 528.0, 3700, 2300, 128),
(1371.6582749999943, 9497, 531.0, 3700, 2300, 130),
(1371.7075250000053, 9498, 531.0, 3700, 2300, 131),
(1371.7781419999956, 9499, 528.0, 3700, 2300, 132),
(1371.8177290000021, 9500, 531.0, 3700, 2300, 133),
(1371.865823, 9501, 531.0, 3700, 2300, 134),
(1371.9133440000005, 9502, 531.0, 3700, 2300, 135),
(1371.9632160000037, 9503, 282.0, 3700, 2300, 136),
(1372.015465999997, 9504, 283.0, 3700, 2300, 137),
(1372.0540860000037, 9505, 531.0, 3700, 2300, 138),
(1372.0910100000037, 9506, 531.0, 3700, 2300, 139),
(1372.1318500000052, 9507, 596.0, 3700, 2300, 140),
(1372.1784400000033, 9508, 531.0, 3700, 2300, 141),
(1372.224251000007, 9509, 531.0, 3700, 2300, 142),
(1372.269570999997, 9510, 531.0, 3700, 2300, 143),
(1372.3074630000046, 9511, 531.0, 3700, 2300, 144),
(1372.3583459999936, 9512, 531.0, 3700, 2300, 145),
(1372.3982370000012, 9513, 531.0, 3700, 2300, 146),
(1372.440287999998, 9514, 283.0, 3700, 2300, 147),
(1372.4804969999968, 9515, 531.0, 3700, 2300, 148),
(1372.5204720000038, 9516, 531.0, 3700, 2300, 149),
(1372.5723730000027, 9517, 532.0, 3700, 2300, 150),
(1372.6168949999992, 9518, 531.0, 3700, 2300, 151),
(1372.6548080000066, 9519, 531.0, 3700, 2300, 152),
(1372.694829999993, 9520, 552.0, 3700, 2300, 113),
(1372.7361289999972, 9521, 529.0, 3700, 2300, 114),
(1372.7794889999932, 9522, 532.0, 3700, 2300, 115),
(1372.8164309999993, 9523, 532.0, 3700, 2300, 116),
(1372.8544450000045, 9524, 531.0, 3700, 2300, 117),
(1372.9009110000043, 9525, 532.0, 3700, 2300, 118),
(1372.938341999994, 9526, 531.0, 3700, 2300, 119),
(1372.974900000001, 9527, 531.0, 3700, 2300, 120),
(1373.0186499999982, 9528, 531.0, 3700, 2300, 121),
(1373.063261000003, 9529, 531.0, 3700, 2300, 122),
(1373.1589879999956, 9531, 531.0, 3700, 2300, 124),
(1373.2616039999994, 9533, 531.0, 3700, 2300, 126),
(1373.3026149999932, 9534, 531.0, 3700, 2300, 127),
(1373.3459440000006, 9535, 531.0, 3700, 2300, 128),
(1373.4568750000035, 9537, 531.0, 3700, 2300, 130),
(1373.4963019999996, 9538, 531.0, 3700, 2300, 131),
(1373.538658999998, 9539, 529.0, 3700, 2300, 132),
(1373.5864759999968, 9540, 531.0, 3700, 2300, 133),
(1373.6275670000032, 9541, 531.0, 3700, 2300, 134),
(1373.6753590000008, 9542, 531.0, 3700, 2300, 135),
(1373.7194299999974, 9543, 531.0, 3700, 2300, 136),
(1373.7657889999973, 9544, 531.0, 3700, 2300, 137),
(1373.8097149999958, 9545, 531.0, 3700, 2300, 138),
(1373.854026999994, 9546, 531.0, 3700, 2300, 139),
(1373.901748999997, 9547, 531.0, 3700, 2300, 140),
(1373.9419049999997, 9548, 531.0, 3700, 2300, 141),
(1373.9817040000053, 9549, 532.0, 3700, 2300, 142),
(1374.0299870000017, 9550, 531.0, 3700, 2300, 143),
(1374.0711210000009, 9551, 531.0, 3700, 2300, 144),
(1374.1175369999983, 9552, 593.0, 3700, 2300, 145),
(1374.1608489999926, 9553, 531.0, 3700, 2300, 146),
(1374.1999229999929, 9554, 531.0, 3700, 2300, 147),
(1374.2393319999974, 9555, 531.0, 3700, 2300, 148),
(1374.283209000001, 9556, 531.0, 3700, 2300, 149),
(1374.3271589999931, 9557, 531.0, 3700, 2300, 150),
(1374.3683029999956, 9558, 531.0, 3700, 2300, 151),
(1374.4196729999967, 9559, 532.0, 3700, 2300, 152),
(1374.4651179999928, 9560, 531.0, 3700, 2400, 112),
(1374.5116489999928, 9561, 531.0, 3700, 2400, 113),
(1374.5514810000022, 9562, 531.0, 3700, 2400, 114),
(1374.6002580000059, 9563, 531.0, 3700, 2400, 115),
(1374.6430459999974, 9564, 531.0, 3700, 2400, 116),
(1374.6862890000048, 9565, 531.0, 3700, 2400, 117),
(1374.7277369999938, 9566, 531.0, 3700, 2400, 118),
(1374.7698939999973, 9567, 531.0, 3700, 2400, 119),
(1374.8108000000066, 9568, 531.0, 3700, 2400, 120),
(1374.851284999997, 9569, 531.0, 3700, 2400, 121),
(1374.8918850000045, 9570, 531.0, 3700, 2400, 122),
(1374.9311730000045, 9571, 531.0, 3700, 2400, 123),
(1374.9765570000018, 9572, 531.0, 3700, 2400, 124),
(1375.0235149999935, 9573, 531.0, 3700, 2400, 125),
(1375.0647150000004, 9574, 531.0, 3700, 2400, 126),
(1375.1091529999976, 9575, 531.0, 3700, 2400, 127),
(1375.1553949999943, 9576, 531.0, 3700, 2400, 128),
(1375.1971270000067, 9577, 531.0, 3700, 2400, 129),
(1375.2432019999978, 9578, 531.0, 3700, 2400, 130),
(1375.2849419999984, 9579, 531.0, 3700, 2400, 131),
(1375.323602999997, 9580, 531.0, 3700, 2400, 132),
(1375.3621730000013, 9581, 531.0, 3700, 2400, 133),
(1375.4057150000008, 9582, 531.0, 3700, 2400, 134),
(1375.451411999995, 9583, 531.0, 3700, 2400, 135),
(1375.4966520000016, 9584, 531.0, 3700, 2400, 136),
(1375.5346839999984, 9585, 531.0, 3700, 2400, 137),
(1375.5825789999944, 9586, 531.0, 3700, 2400, 138),
(1375.620253000001, 9587, 531.0, 3700, 2400, 139),
(1375.6632850000024, 9588, 531.0, 3700, 2400, 140),
(1375.7067620000016, 9589, 531.0, 3700, 2400, 141),
(1375.7488370000065, 9590, 531.0, 3700, 2400, 142),
(1375.7929319999967, 9591, 531.0, 3700, 2400, 143),
(1375.8357410000026, 9592, 531.0, 3700, 2400, 144),
(1375.8814180000045, 9593, 531.0, 3700, 2400, 145),
(1375.9208429999999, 9594, 531.0, 3700, 2400, 146),
(1375.961949000004, 9595, 531.0, 3700, 2400, 147),
(1376.0084459999925, 9596, 531.0, 3700, 2400, 148),
(1376.0495740000042, 9597, 531.0, 3700, 2400, 149),
(1376.0881170000066, 9598, 531.0, 3700, 2400, 150),
(1376.1267039999948, 9599, 531.0, 3700, 2400, 151),
(1376.1721930000058, 9600, 531.0, 3700, 2400, 152),
(1376.2120839999989, 9601, 531.0, 3700, 2400, 113),
(1376.2551490000042, 9602, 531.0, 3700, 2400, 114),
(1376.303648999994, 9603, 531.0, 3700, 2400, 115),
(1376.3482170000061, 9604, 531.0, 3700, 2400, 116),
(1376.396796999994, 9605, 531.0, 3700, 2400, 117),
(1376.444300999996, 9606, 531.0, 3700, 2400, 118),
(1376.4900590000034, 9607, 531.0, 3700, 2400, 119),
(1376.5360039999941, 9608, 531.0, 3700, 2400, 120),
(1376.5788159999938, 9609, 531.0, 3700, 2400, 121),
(1376.6250379999983, 9610, 531.0, 3700, 2400, 122),
(1376.6740529999952, 9611, 531.0, 3700, 2400, 123),
(1376.7202300000063, 9612, 531.0, 3700, 2400, 124),
(1376.7611780000007, 9613, 531.0, 3700, 2400, 125),
(1376.803430999993, 9614, 531.0, 3700, 2400, 126),
(1376.8471839999984, 9615, 531.0, 3700, 2400, 127),
(1376.8905979999981, 9616, 531.0, 3700, 2400, 128),
(1376.9363400000002, 9617, 531.0, 3700, 2400, 129),
(1376.9784209999925, 9618, 531.0, 3700, 2400, 130),
(1377.0207329999976, 9619, 531.0, 3700, 2400, 131),
(1377.0591580000037, 9620, 531.0, 3700, 2400, 132),
(1377.0998740000068, 9621, 531.0, 3700, 2400, 133),
(1377.1433640000032, 9622, 531.0, 3700, 2400, 134),
(1377.1866480000026, 9623, 531.0, 3700, 2400, 135),
(1377.227297000005, 9624, 531.0, 3700, 2400, 136),
(1377.2688849999977, 9625, 531.0, 3700, 2400, 137),
(1377.3085430000065, 9626, 531.0, 3700, 2400, 138),
(1377.3491829999984, 9627, 531.0, 3700, 2400, 139),
(1377.3924600000028, 9628, 531.0, 3700, 2400, 140),
(1377.436262999996, 9629, 531.0, 3700, 2400, 141),
(1377.4818300000043, 9630, 531.0, 3700, 2400, 142),
(1377.5239659999934, 9631, 531.0, 3700, 2400, 143),
(1377.5674339999969, 9632, 531.0, 3700, 2400, 144),
(1377.6258309999976, 9633, 531.0, 3700, 2400, 145),
(1377.6635470000037, 9634, 531.0, 3700, 2400, 146),
(1377.7039190000069, 9635, 531.0, 3700, 2400, 147),
(1377.7465590000065, 9636, 531.0, 3700, 2400, 148),
(1377.795431999999, 9637, 531.0, 3700, 2400, 149),
(1377.841784999997, 9638, 531.0, 3700, 2400, 150),
(1377.887585000004, 9639, 531.0, 3700, 2400, 151),
(1377.938724000007, 9640, 531.0, 3700, 2400, 152),
(1377.9810209999996, 9641, 531.0, 3700, 2400, 113),
(1378.0264250000037, 9642, 531.0, 3700, 2400, 114),
(1378.0692069999932, 9643, 531.0, 3700, 2400, 115),
(1378.1087310000003, 9644, 531.0, 3700, 2400, 116),
(1378.155872000003, 9645, 531.0, 3700, 2400, 117),
(1378.2005119999958, 9646, 531.0, 3700, 2400, 118),
(1378.2454330000037, 9647, 531.0, 3700, 2400, 119),
(1378.2884570000024, 9648, 531.0, 3700, 2400, 120),
(1378.3305309999996, 9649, 531.0, 3700, 2400, 121),
(1378.376258999997, 9650, 531.0, 3700, 2400, 122),
(1378.4188209999993, 9651, 531.0, 3700, 2400, 123),
(1378.4582579999988, 9652, 531.0, 3700, 2400, 124),
(1378.4988109999977, 9653, 531.0, 3700, 2400, 125),
(1378.537605999998, 9654, 531.0, 3700, 2400, 126),
(1378.580547000005, 9655, 531.0, 3700, 2400, 127),
(1378.6220069999981, 9656, 531.0, 3700, 2400, 128),
(1378.664751000004, 9657, 531.0, 3700, 2400, 129),
(1378.7068109999964, 9658, 531.0, 3700, 2400, 130),
(1378.7436820000003, 9659, 531.0, 3700, 2400, 131),
(1378.7844809999951, 9660, 531.0, 3700, 2400, 132),
(1378.8235940000013, 9661, 531.0, 3700, 2400, 133),
(1378.8623539999971, 9662, 531.0, 3700, 2400, 134),
(1378.9012590000057, 9663, 531.0, 3700, 2400, 135),
(1378.938381999993, 9664, 531.0, 3700, 2400, 136),
(1378.9774949999992, 9665, 531.0, 3700, 2400, 137),
(1379.0178849999938, 9666, 531.0, 3700, 2400, 138),
(1379.0602400000062, 9667, 531.0, 3700, 2400, 139),
(1379.1018519999925, 9668, 531.0, 3700, 2400, 140),
(1379.1474339999986, 9669, 531.0, 3700, 2400, 141),
(1379.189612000002, 9670, 531.0, 3700, 2400, 142),
(1379.2318570000061, 9671, 531.0, 3700, 2400, 143),
(1379.2776040000026, 9672, 531.0, 3700, 2400, 144),
(1379.3185019999946, 9673, 531.0, 3700, 2400, 145),
(1379.359872000001, 9674, 531.0, 3700, 2400, 146),
(1379.4046559999988, 9675, 531.0, 3700, 2400, 147),
(1379.4556920000032, 9676, 531.0, 3700, 2400, 148),
(1379.4963290000014, 9677, 531.0, 3700, 2400, 149),
(1379.535778999998, 9678, 531.0, 3700, 2400, 150),
(1379.5783599999995, 9679, 531.0, 3700, 2400, 151),
(1379.6339929999958, 9680, 531.0, 3700, 2400, 152),
(1379.6767439999967, 9681, 531.0, 3700, 2500, 112),
(1379.716121999998, 9682, 531.0, 3700, 2500, 113),
(1379.754774999994, 9683, 531.0, 3700, 2500, 114),
(1379.7970670000068, 9684, 531.0, 3700, 2500, 115),
(1379.840400999994, 9685, 531.0, 3700, 2500, 116),
(1379.8836560000054, 9686, 531.0, 3700, 2500, 117),
(1379.9241230000043, 9687, 531.0, 3700, 2500, 118),
(1379.9639440000028, 9688, 531.0, 3700, 2500, 119),
(1380.0010820000025, 9689, 531.0, 3700, 2500, 120),
(1380.041154999999, 9690, 531.0, 3700, 2500, 121),
(1380.0811740000063, 9691, 531.0, 3700, 2500, 122),
(1380.121027000001, 9692, 531.0, 3700, 2500, 123),
(1380.162056000001, 9693, 531.0, 3700, 2500, 124),
(1380.201927999995, 9694, 531.0, 3700, 2500, 125),
(1380.2398569999932, 9695, 531.0, 3700, 2500, 126),
(1380.2792429999972, 9696, 531.0, 3700, 2500, 127),
(1380.322146999999, 9697, 531.0, 3700, 2500, 128),
(1380.3614090000046, 9698, 531.0, 3700, 2500, 129),
(1380.4033280000003, 9699, 531.0, 3700, 2500, 130),
(1380.4463499999983, 9700, 531.0, 3700, 2500, 131),
(1380.486619999996, 9701, 531.0, 3700, 2500, 132),
(1380.5289499999926, 9702, 531.0, 3700, 2500, 133),
(1380.5701129999943, 9703, 531.0, 3700, 2500, 134),
(1380.6123660000012, 9704, 531.0, 3700, 2500, 135),
(1380.6540189999942, 9705, 531.0, 3700, 2500, 136),
(1380.697325999994, 9706, 531.0, 3700, 2500, 137),
(1380.7372310000064, 9707, 531.0, 3700, 2500, 138),
(1380.7880609999993, 9708, 531.0, 3700, 2500, 139),
(1380.837228999997, 9709, 531.0, 3700, 2500, 140),
(1380.8890769999998, 9710, 531.0, 3700, 2500, 141),
(1380.931614999994, 9711, 531.0, 3700, 2500, 142),
(1380.9788229999976, 9712, 531.0, 3700, 2500, 143),
(1381.019042, 9713, 531.0, 3700, 2500, 144),
(1381.0590499999962, 9714, 531.0, 3700, 2500, 145),
(1381.0994789999968, 9715, 531.0, 3700, 2500, 146),
(1381.1464100000012, 9716, 531.0, 3700, 2500, 147),
(1381.1857080000045, 9717, 531.0, 3700, 2500, 148),
(1381.2326299999986, 9718, 531.0, 3700, 2500, 149),
(1381.2792250000057, 9719, 531.0, 3700, 2500, 150),
(1381.3187960000068, 9720, 531.0, 3700, 2500, 151),
(1381.3603299999959, 9721, 531.0, 3700, 2500, 152),
(1381.4053030000068, 9722, 531.0, 3700, 2500, 113),
(1381.4466589999938, 9723, 531.0, 3700, 2500, 114),
(1381.4883399999962, 9724, 531.0, 3700, 2500, 115),
(1381.5345609999931, 9725, 531.0, 3700, 2500, 116),
(1381.5805950000067, 9726, 531.0, 3700, 2500, 117),
(1381.622279000003, 9727, 531.0, 3700, 2500, 118),
(1381.666956999994, 9728, 531.0, 3700, 2500, 119),
(1381.7173840000032, 9729, 531.0, 3700, 2500, 120),
(1381.7662680000067, 9730, 531.0, 3700, 2500, 121),
(1381.817074999999, 9731, 531.0, 3700, 2500, 122),
(1381.8587720000069, 9732, 531.0, 3700, 2500, 123),
(1381.9021550000034, 9733, 531.0, 3700, 2500, 124),
(1381.9435599999997, 9734, 531.0, 3700, 2500, 125),
(1381.9872710000054, 9735, 531.0, 3700, 2500, 126),
(1382.0300960000022, 9736, 531.0, 3700, 2500, 127),
(1382.0736780000007, 9737, 531.0, 3700, 2500, 128),
(1382.117029999994, 9738, 531.0, 3700, 2500, 129),
(1382.1625499999936, 9739, 531.0, 3700, 2500, 130),
(1382.211473999996, 9740, 531.0, 3700, 2500, 131),
(1382.254728, 9741, 531.0, 3700, 2500, 132),
(1382.2997800000012, 9742, 531.0, 3700, 2500, 133),
(1382.3474669999996, 9743, 531.0, 3700, 2500, 134),
(1382.3895060000068, 9744, 531.0, 3700, 2500, 135),
(1382.4280850000068, 9745, 531.0, 3700, 2500, 136),
(1382.4672779999964, 9746, 531.0, 3700, 2500, 137),
(1382.5064710000006, 9747, 531.0, 3700, 2500, 138),
(1382.5438679999934, 9748, 531.0, 3700, 2500, 139),
(1382.5844709999947, 9749, 531.0, 3700, 2500, 140),
(1382.6291079999937, 9750, 531.0, 3700, 2500, 141),
(1382.6670989999984, 9751, 531.0, 3700, 2500, 142),
(1382.7204880000063, 9752, 531.0, 3700, 2500, 143),
(1382.7580149999994, 9753, 531.0, 3700, 2500, 144),
(1382.8036160000047, 9754, 531.0, 3700, 2500, 145),
(1382.8435690000042, 9755, 531.0, 3700, 2500, 146),
(1382.8855820000026, 9756, 531.0, 3700, 2500, 147),
(1382.923815000002, 9757, 531.0, 3700, 2500, 148),
(1382.9660460000014, 9758, 531.0, 3700, 2500, 149),
(1383.005713999999, 9759, 531.0, 3700, 2500, 150),
(1383.047430000006, 9760, 531.0, 3700, 2500, 151),
(1383.0893099999957, 9761, 531.0, 3700, 2500, 152),
(1383.1308359999966, 9762, 531.0, 3700, 2500, 113),
(1383.1808500000043, 9763, 531.0, 3700, 2500, 114),
(1383.2235190000065, 9764, 531.0, 3700, 2500, 115),
(1383.2653589999973, 9765, 531.0, 3700, 2500, 116),
(1383.3046069999982, 9766, 531.0, 3700, 2500, 117),
(1383.343445999999, 9767, 531.0, 3700, 2500, 118),
(1383.3834090000018, 9768, 531.0, 3700, 2500, 119),
(1383.4238840000035, 9769, 531.0, 3700, 2500, 120),
(1383.4647149999946, 9770, 531.0, 3700, 2500, 121),
(1383.507654999994, 9771, 531.0, 3700, 2500, 122),
(1383.5486799999926, 9772, 531.0, 3700, 2500, 123),
(1383.5975020000042, 9773, 531.0, 3700, 2500, 124),
(1383.6477840000007, 9774, 531.0, 3700, 2500, 125),
(1383.7010279999959, 9775, 531.0, 3700, 2500, 126),
(1383.751185000001, 9776, 531.0, 3700, 2500, 127),
(1383.7997460000042, 9777, 531.0, 3700, 2500, 128),
(1383.8456750000041, 9778, 531.0, 3700, 2500, 129),
(1383.9015280000021, 9779, 531.0, 3700, 2500, 130),
(1383.9461900000024, 9780, 531.0, 3700, 2500, 131),
(1383.9991540000046, 9781, 531.0, 3700, 2500, 132),
(1384.039281999998, 9782, 531.0, 3700, 2500, 133),
(1384.0856429999985, 9783, 531.0, 3700, 2500, 134),
(1384.1295090000058, 9784, 531.0, 3700, 2500, 135),
(1384.1703269999998, 9785, 531.0, 3700, 2500, 136),
(1384.2105569999985, 9786, 531.0, 3700, 2500, 137),
(1384.2496989999927, 9787, 531.0, 3700, 2500, 138),
(1384.295272999996, 9788, 531.0, 3700, 2500, 139),
(1384.3367839999992, 9789, 531.0, 3700, 2500, 140),
(1384.3811879999994, 9790, 531.0, 3700, 2500, 141),
(1384.4265739999973, 9791, 531.0, 3700, 2500, 142),
(1384.4678879999992, 9792, 531.0, 3700, 2500, 143),
(1384.5087570000032, 9793, 531.0, 3700, 2500, 144),
(1384.552039000002, 9794, 531.0, 3700, 2500, 145),
(1384.5996710000036, 9795, 531.0, 3700, 2500, 146),
(1384.6385350000055, 9796, 531.0, 3700, 2500, 147),
(1384.680521000002, 9797, 531.0, 3700, 2500, 148),
(1384.7280100000062, 9798, 531.0, 3700, 2500, 149),
(1384.7715599999938, 9799, 531.0, 3700, 2500, 150),
(1384.8195600000035, 9800, 531.0, 3700, 2500, 151),
(1384.8659230000048, 9801, 531.0, 3700, 2500, 152),
(1384.9122360000038, 9802, 531.0, 3700, 2600, 112),
(1384.9561899999972, 9803, 531.0, 3700, 2600, 113),
(1385.0052770000038, 9804, 531.0, 3700, 2600, 114),
(1385.0501249999943, 9805, 531.0, 3700, 2600, 115),
(1385.0930760000047, 9806, 531.0, 3700, 2600, 116),
(1385.1412969999947, 9807, 531.0, 3700, 2600, 117),
(1385.1903020000027, 9808, 531.0, 3700, 2600, 118),
(1385.2449329999945, 9809, 531.0, 3700, 2600, 119),
(1385.294412999996, 9810, 531.0, 3700, 2600, 120),
(1385.3341479999945, 9811, 531.0, 3700, 2600, 121),
(1385.3815759999998, 9812, 531.0, 3700, 2600, 122),
(1385.427033, 9813, 531.0, 3700, 2600, 123),
(1385.468538000001, 9814, 531.0, 3700, 2600, 124),
(1385.5158209999936, 9815, 531.0, 3700, 2600, 125),
(1385.5587240000023, 9816, 531.0, 3700, 2600, 126),
(1385.6044209999964, 9817, 531.0, 3700, 2600, 127),
(1385.646133000002, 9818, 531.0, 3700, 2600, 128),
(1385.6940360000008, 9819, 531.0, 3700, 2600, 129),
(1385.7396399999998, 9820, 531.0, 3700, 2600, 130),
(1385.7800379999971, 9821, 531.0, 3700, 2600, 131),
(1385.817022999996, 9822, 531.0, 3700, 2600, 132),
(1385.8553930000053, 9823, 531.0, 3700, 2600, 133),
(1385.8956590000016, 9824, 531.0, 3700, 2600, 134),
(1385.9375189999992, 9825, 531.0, 3700, 2600, 135),
(1385.9866369999945, 9826, 531.0, 3700, 2600, 136),
(1386.0282270000025, 9827, 531.0, 3700, 2600, 137),
(1386.0674209999997, 9828, 531.0, 3700, 2600, 138),
(1386.1093149999942, 9829, 531.0, 3700, 2600, 139),
(1386.1499110000004, 9830, 531.0, 3700, 2600, 140),
(1386.1970429999928, 9831, 531.0, 3700, 2600, 141),
(1386.2353529999964, 9832, 531.0, 3700, 2600, 142),
(1386.2788180000061, 9833, 531.0, 3700, 2600, 143),
(1386.3228419999941, 9834, 531.0, 3700, 2600, 144),
(1386.3672610000067, 9835, 531.0, 3700, 2600, 145),
(1386.4149539999926, 9836, 531.0, 3700, 2600, 146),
(1386.4606729999941, 9837, 531.0, 3700, 2600, 147),
(1386.4994810000062, 9838, 531.0, 3700, 2600, 148),
(1386.5411929999973, 9839, 531.0, 3700, 2600, 149),
(1386.5942179999984, 9840, 531.0, 3700, 2600, 150),
(1386.633249999999, 9841, 531.0, 3700, 2600, 151),
(1386.6778270000068, 9842, 531.0, 3700, 2600, 152),
(1386.7188599999936, 9843, 531.0, 3700, 2600, 113),
(1386.7671430000046, 9844, 531.0, 3700, 2600, 114),
(1386.8134929999942, 9845, 531.0, 3700, 2600, 115),
(1386.8514089999953, 9846, 531.0, 3700, 2600, 116),
(1386.891334, 9847, 531.0, 3700, 2600, 117),
(1386.9313319999928, 9848, 531.0, 3700, 2600, 118),
(1386.9807410000067, 9849, 531.0, 3700, 2600, 119),
(1387.028164999996, 9850, 531.0, 3700, 2600, 120),
(1387.0776000000042, 9851, 531.0, 3700, 2600, 121),
(1387.1185819999955, 9852, 531.0, 3700, 2600, 122),
(1387.162056000001, 9853, 531.0, 3700, 2600, 123),
(1387.2003209999966, 9854, 531.0, 3700, 2600, 124),
(1387.2413809999998, 9855, 531.0, 3700, 2600, 125),
(1387.2805039999948, 9856, 531.0, 3700, 2600, 126),
(1387.3201350000018, 9857, 531.0, 3700, 2600, 127),
(1387.3611070000043, 9858, 531.0, 3700, 2600, 128),
(1387.4076700000005, 9859, 531.0, 3700, 2600, 129),
(1387.455396999998, 9860, 531.0, 3700, 2600, 130),
(1387.492624999999, 9861, 531.0, 3700, 2600, 131),
(1387.5330149999936, 9862, 531.0, 3700, 2600, 132),
(1387.5795630000066, 9863, 531.0, 3700, 2600, 133),
(1387.625033000004, 9864, 531.0, 3700, 2600, 134),
(1387.662096, 9865, 531.0, 3700, 2600, 135),
(1387.7044049999968, 9866, 531.0, 3700, 2600, 136),
(1387.7448169999989, 9867, 531.0, 3700, 2600, 137),
(1387.7922030000045, 9868, 531.0, 3700, 2600, 138),
(1387.847557999994, 9869, 531.0, 3700, 2600, 139),
(1387.886136999994, 9870, 531.0, 3700, 2600, 140),
(1387.9226340000023, 9871, 531.0, 3700, 2600, 141),
(1387.9612659999984, 9872, 531.0, 3700, 2600, 142),
(1388.0001020000054, 9873, 531.0, 3700, 2600, 143),
(1388.0395359999966, 9874, 531.0, 3700, 2600, 144),
(1388.0797889999958, 9875, 531.0, 3700, 2600, 145),
(1388.1207989999966, 9876, 531.0, 3700, 2600, 146),
(1388.169808000006, 9877, 531.0, 3700, 2600, 147),
(1388.213407999996, 9878, 531.0, 3700, 2600, 148),
(1388.2623310000054, 9879, 531.0, 3700, 2600, 149),
(1388.3125609999988, 9880, 531.0, 3700, 2600, 150),
(1388.360725999999, 9881, 531.0, 3700, 2600, 151),
(1388.408859999996, 9882, 531.0, 3700, 2600, 152),
(1388.4585329999973, 9883, 531.0, 3700, 2600, 113),
(1388.5082050000055, 9884, 531.0, 3700, 2600, 114),
(1388.5523339999927, 9885, 531.0, 3700, 2600, 115),
(1388.5910589999985, 9886, 531.0, 3700, 2600, 116),
(1388.6335450000042, 9887, 531.0, 3700, 2600, 117),
(1388.6767859999964, 9888, 531.0, 3700, 2600, 118),
(1388.723324999999, 9889, 531.0, 3700, 2600, 119),
(1388.7712049999973, 9890, 531.0, 3700, 2600, 120),
(1388.8231399999931, 9891, 531.0, 3700, 2600, 121),
(1388.8657510000048, 9892, 531.0, 3700, 2600, 122),
(1388.908574999994, 9893, 531.0, 3700, 2600, 123),
(1388.9490760000044, 9894, 531.0, 3700, 2600, 124),
(1388.991876999993, 9895, 531.0, 3700, 2600, 125),
(1389.0351179999998, 9896, 531.0, 3700, 2600, 126),
(1389.0782920000056, 9897, 531.0, 3700, 2600, 127),
(1389.1189610000001, 9898, 531.0, 3700, 2600, 128),
(1389.1635160000005, 9899, 531.0, 3700, 2600, 129),
(1389.2063009999983, 9900, 531.0, 3700, 2600, 130),
(1389.2472149999958, 9901, 531.0, 3700, 2600, 131),
(1389.2891240000026, 9902, 531.0, 3700, 2600, 132),
(1389.3300730000046, 9903, 531.0, 3700, 2600, 133),
(1389.3691569999937, 9904, 531.0, 3700, 2600, 134),
(1389.4084650000004, 9905, 531.0, 3700, 2600, 135),
(1389.4444959999964, 9906, 531.0, 3700, 2600, 136),
(1389.4893960000045, 9907, 531.0, 3700, 2600, 137),
(1389.5402690000046, 9908, 531.0, 3700, 2600, 138),
(1389.5778250000003, 9909, 531.0, 3700, 2600, 139),
(1389.6192569999985, 9910, 531.0, 3700, 2600, 140),
(1389.6613070000021, 9911, 531.0, 3700, 2600, 141),
(1389.7076169999928, 9912, 531.0, 3700, 2600, 142),
(1389.7456859999947, 9913, 531.0, 3700, 2600, 143),
(1389.7858540000016, 9914, 531.0, 3700, 2600, 144),
(1389.822451999993, 9915, 531.0, 3700, 2600, 145),
(1389.8631750000059, 9916, 531.0, 3700, 2600, 146),
(1389.9048829999956, 9917, 531.0, 3700, 2600, 147),
(1389.9426689999964, 9918, 531.0, 3700, 2600, 148),
(1389.981415000002, 9919, 531.0, 3700, 2600, 149),
(1390.0256859999936, 9920, 531.0, 3700, 2600, 150),
(1390.0671109999967, 9921, 531.0, 3700, 2600, 151),
(1390.1100089999964, 9922, 531.0, 3700, 2600, 152),
(1390.1469530000031, 9923, 531.0, 3700, 2700, 112),
(1390.1911830000026, 9924, 531.0, 3700, 2700, 113),
(1390.229198999994, 9925, 531.0, 3700, 2700, 114),
(1390.2761449999962, 9926, 531.0, 3700, 2700, 115),
(1390.3149310000008, 9927, 531.0, 3700, 2700, 116),
(1390.3557940000028, 9928, 531.0, 3700, 2700, 117),
(1390.3920599999983, 9929, 531.0, 3700, 2700, 118),
(1390.4315769999957, 9930, 531.0, 3700, 2700, 119),
(1390.4713909999991, 9931, 531.0, 3700, 2700, 120),
(1390.5215759999992, 9932, 531.0, 3700, 2700, 121),
(1390.5683100000024, 9933, 531.0, 3700, 2700, 122),
(1390.6049170000042, 9934, 531.0, 3700, 2700, 123),
(1390.6432700000005, 9935, 531.0, 3700, 2700, 124),
(1390.6823449999938, 9936, 531.0, 3700, 2700, 125),
(1390.720245000004, 9937, 531.0, 3700, 2700, 126),
(1390.7586529999971, 9938, 531.0, 3700, 2700, 127),
(1390.7999060000002, 9939, 531.0, 3700, 2700, 128),
(1390.847378999999, 9940, 531.0, 3700, 2700, 129),
(1390.8927980000008, 9941, 531.0, 3700, 2700, 130),
(1390.9369270000025, 9942, 531.0, 3700, 2700, 131),
(1390.978449000002, 9943, 531.0, 3700, 2700, 132),
(1391.0188219999982, 9944, 531.0, 3700, 2700, 133),
(1391.076509999999, 9945, 531.0, 3700, 2700, 134),
(1391.126992000005, 9946, 531.0, 3700, 2700, 135),
(1391.1800490000023, 9947, 531.0, 3700, 2700, 136),
(1391.222922999994, 9948, 531.0, 3700, 2700, 137),
(1391.269948999994, 9949, 531.0, 3700, 2700, 138),
(1391.3140839999978, 9950, 531.0, 3700, 2700, 139),
(1391.3540210000065, 9951, 531.0, 3700, 2700, 140),
(1391.393630999999, 9952, 531.0, 3700, 2700, 141),
(1391.4300870000006, 9953, 531.0, 3700, 2700, 142),
(1391.4678600000043, 9954, 531.0, 3700, 2700, 143),
(1391.5086069999961, 9955, 531.0, 3700, 2700, 144),
(1391.5462629999965, 9956, 531.0, 3700, 2700, 145),
(1391.5860019999964, 9957, 531.0, 3700, 2700, 146),
(1391.6248849999974, 9958, 531.0, 3700, 2700, 147),
(1391.6716840000008, 9959, 531.0, 3700, 2700, 148),
(1391.713889999999, 9960, 531.0, 3700, 2700, 149),
(1391.7576339999941, 9961, 531.0, 3700, 2700, 150),
(1391.795907000007, 9962, 531.0, 3700, 2700, 151),
(1391.836374999999, 9963, 531.0, 3700, 2700, 152),
(1391.8757469999982, 9964, 531.0, 3700, 2700, 113),
(1391.9212310000003, 9965, 531.0, 3700, 2700, 114),
(1391.9700230000017, 9966, 531.0, 3700, 2700, 115),
(1392.0229309999995, 9967, 531.0, 3700, 2700, 116),
(1392.062076999995, 9968, 531.0, 3700, 2700, 117),
(1392.1068800000066, 9969, 531.0, 3700, 2700, 118),
(1392.1623370000016, 9970, 531.0, 3700, 2700, 119),
(1392.2225659999967, 9971, 531.0, 3700, 2700, 120),
(1392.2720470000058, 9972, 531.0, 3700, 2700, 121),
(1392.321563000005, 9973, 531.0, 3700, 2700, 122),
(1392.373001999993, 9974, 531.0, 3700, 2700, 123),
(1392.425933000006, 9975, 531.0, 3700, 2700, 124),
(1392.464718000003, 9976, 531.0, 3700, 2700, 125),
(1392.5064580000035, 9977, 531.0, 3700, 2700, 126),
(1392.546187999993, 9978, 531.0, 3700, 2700, 127),
(1392.5874159999948, 9979, 531.0, 3700, 2700, 128),
(1392.6275690000039, 9980, 531.0, 3700, 2700, 129),
(1392.669492000001, 9981, 531.0, 3700, 2700, 130),
(1392.7267750000028, 9982, 531.0, 3700, 2700, 131),
(1392.7641589999985, 9983, 531.0, 3700, 2700, 132),
(1392.8060160000023, 9984, 531.0, 3700, 2700, 133),
(1392.846411999999, 9985, 531.0, 3700, 2700, 134),
(1392.8902260000032, 9986, 531.0, 3700, 2700, 135),
(1392.9461600000068, 9987, 531.0, 3700, 2700, 136),
(1392.9966419999982, 9988, 531.0, 3700, 2700, 137),
(1393.0382269999973, 9989, 531.0, 3700, 2700, 138),
(1393.0817349999998, 9990, 531.0, 3700, 2700, 139),
(1393.1349190000037, 9991, 531.0, 3700, 2700, 140),
(1393.1721079999988, 9992, 531.0, 3700, 2700, 141),
(1393.209422999993, 9993, 531.0, 3700, 2700, 142),
(1393.2507420000038, 9994, 531.0, 3700, 2700, 143),
(1393.2974479999975, 9995, 531.0, 3700, 2700, 144),
(1393.3462209999998, 9996, 531.0, 3700, 2700, 145),
(1393.3918189999968, 9997, 531.0, 3700, 2700, 146),
(1393.445424999998, 9998, 531.0, 3700, 2700, 147),
(1393.4878150000004, 9999, 531.0, 3700, 2700, 148),
(1393.527344999995, 10000, 531.0, 3700, 2700, 149),
(1393.5730250000051, 10001, 531.0, 3700, 2700, 150),
(1393.6175740000035, 10002, 531.0, 3700, 2700, 151),
(1393.6615480000037, 10003, 531.0, 3700, 2700, 152),
(1393.711565000005, 10004, 531.0, 3700, 2700, 113),
(1393.7675989999989, 10005, 531.0, 3700, 2700, 114),
(1393.811784999998, 10006, 531.0, 3700, 2700, 115),
(1393.8514589999977, 10007, 531.0, 3700, 2700, 116),
(1393.8978789999965, 10008, 531.0, 3700, 2700, 117),
(1393.9432459999953, 10009, 531.0, 3700, 2700, 118),
(1393.9888150000043, 10010, 531.0, 3700, 2700, 119),
(1394.0296720000042, 10011, 531.0, 3700, 2700, 120),
(1394.068226999996, 10012, 531.0, 3700, 2700, 121),
(1394.1093399999954, 10013, 531.0, 3700, 2700, 122),
(1394.154423999993, 10014, 531.0, 3700, 2700, 123),
(1394.1963470000046, 10015, 531.0, 3700, 2700, 124),
(1394.2354709999927, 10016, 531.0, 3700, 2700, 125),
(1394.2771869999997, 10017, 531.0, 3700, 2700, 126),
(1394.3183620000054, 10018, 531.0, 3700, 2700, 127),
(1394.3587260000058, 10019, 531.0, 3700, 2700, 128),
(1394.396814000007, 10020, 531.0, 3700, 2700, 129),
(1394.437063999998, 10021, 531.0, 3700, 2700, 130),
(1394.4798350000056, 10022, 531.0, 3700, 2700, 131),
(1394.5216559999972, 10023, 531.0, 3700, 2700, 132),
(1394.5620440000057, 10024, 531.0, 3700, 2700, 133),
(1394.604674999995, 10025, 531.0, 3700, 2700, 134),
(1394.6455270000006, 10026, 531.0, 3700, 2700, 135),
(1394.6874510000052, 10027, 531.0, 3700, 2700, 136),
(1394.727371999994, 10028, 531.0, 3700, 2700, 137),
(1394.783580999996, 10029, 531.0, 3700, 2700, 138),
(1394.8215880000062, 10030, 531.0, 3700, 2700, 139),
(1394.861592000001, 10031, 531.0, 3700, 2700, 140),
(1394.9057769999927, 10032, 531.0, 3700, 2700, 141),
(1394.9479629999987, 10033, 531.0, 3700, 2700, 142),
(1394.9858390000009, 10034, 531.0, 3700, 2700, 143),
(1395.0286070000002, 10035, 531.0, 3700, 2700, 144),
(1395.0656060000038, 10036, 531.0, 3700, 2700, 145),
(1395.1097719999962, 10037, 531.0, 3700, 2700, 146),
(1395.159805999996, 10038, 531.0, 3700, 2700, 147),
(1395.2085610000067, 10039, 531.0, 3700, 2700, 148),
(1395.2584079999942, 10040, 531.0, 3700, 2700, 149),
(1395.3032280000043, 10041, 531.0, 3700, 2700, 150),
(1395.3477620000049, 10042, 531.0, 3700, 2700, 151),
(1395.3901049999986, 10043, 531.0, 3700, 2700, 152),
(1395.447193, 10044, 531.0, 3700, 2800, 112),
(1395.4889189999958, 10045, 531.0, 3700, 2800, 113),
(1395.528323999999, 10046, 531.0, 3700, 2800, 114),
(1395.567228, 10047, 531.0, 3700, 2800, 115),
(1395.6165529999998, 10048, 531.0, 3700, 2800, 116),
(1395.6586099999986, 10049, 531.0, 3700, 2800, 117),
(1395.7024680000031, 10050, 531.0, 3700, 2800, 118),
(1395.7449729999935, 10051, 531.0, 3700, 2800, 119),
(1395.7822310000047, 10052, 531.0, 3700, 2800, 120),
(1395.8227690000058, 10053, 531.0, 3700, 2800, 121),
(1395.8695180000068, 10054, 531.0, 3700, 2800, 122),
(1395.914281999998, 10055, 531.0, 3700, 2800, 123),
(1395.9571929999947, 10056, 531.0, 3700, 2800, 124),
(1396.0021220000053, 10057, 531.0, 3700, 2800, 125),
(1396.0430769999948, 10058, 531.0, 3700, 2800, 126),
(1396.080912999998, 10059, 531.0, 3700, 2800, 127),
(1396.1315849999955, 10060, 531.0, 3700, 2800, 128),
(1396.1817080000037, 10061, 531.0, 3700, 2800, 129),
(1396.2377600000036, 10062, 531.0, 3700, 2800, 130),
(1396.2836779999925, 10063, 531.0, 3700, 2800, 131),
(1396.3321390000056, 10064, 531.0, 3700, 2800, 132),
(1396.3768899999995, 10065, 531.0, 3700, 2800, 133),
(1396.4203359999956, 10066, 531.0, 3700, 2800, 134),
(1396.4706189999997, 10067, 531.0, 3700, 2800, 135),
(1396.5087950000016, 10068, 531.0, 3700, 2800, 136),
(1396.549979000003, 10069, 531.0, 3700, 2800, 137),
(1396.6015500000067, 10070, 531.0, 3700, 2800, 138),
(1396.6506780000054, 10071, 531.0, 3700, 2800, 139),
(1396.6915880000015, 10072, 531.0, 3700, 2800, 140),
(1396.7336340000038, 10073, 531.0, 3700, 2800, 141),
(1396.7786869999982, 10074, 531.0, 3700, 2800, 142),
(1396.8270099999936, 10075, 531.0, 3700, 2800, 143),
(1396.8795200000022, 10076, 531.0, 3700, 2800, 144),
(1396.9204230000032, 10077, 531.0, 3700, 2800, 145),
(1396.9811800000025, 10078, 531.0, 3700, 2800, 146),
(1397.0260319999943, 10079, 531.0, 3700, 2800, 147),
(1397.0699049999967, 10080, 531.0, 3700, 2800, 148),
(1397.1201169999986, 10081, 531.0, 3700, 2800, 149),
(1397.171061999994, 10082, 531.0, 3700, 2800, 150),
(1397.2207789999957, 10083, 531.0, 3700, 2800, 151),
(1397.2677790000016, 10084, 531.0, 3700, 2800, 152),
(1397.3116670000018, 10085, 531.0, 3700, 2800, 113),
(1397.3575560000027, 10086, 531.0, 3700, 2800, 114),
(1397.4029560000054, 10087, 531.0, 3700, 2800, 115),
(1397.4525560000038, 10088, 531.0, 3700, 2800, 116),
(1397.497411999997, 10089, 531.0, 3700, 2800, 117),
(1397.5330039999972, 10090, 531.0, 3700, 2800, 118),
(1397.5773670000053, 10091, 531.0, 3700, 2800, 119),
(1397.6223460000037, 10092, 531.0, 3700, 2800, 120),
(1397.6681430000026, 10093, 531.0, 3700, 2800, 121),
(1397.720988999994, 10094, 531.0, 3700, 2800, 122),
(1397.766180000006, 10095, 531.0, 3700, 2800, 123),
(1397.812699999995, 10096, 531.0, 3700, 2800, 124),
(1397.8564069999993, 10097, 531.0, 3700, 2800, 125),
(1397.911838, 10098, 531.0, 3700, 2800, 126),
(1397.9571089999954, 10099, 531.0, 3700, 2800, 127),
(1398.0012549999956, 10100, 531.0, 3700, 2800, 128),
(1398.0432949999959, 10101, 531.0, 3700, 2800, 129),
(1398.0810300000012, 10102, 531.0, 3700, 2800, 130),
(1398.1185560000013, 10103, 531.0, 3700, 2800, 131),
(1398.1551089999994, 10104, 531.0, 3700, 2800, 132),
(1398.1932979999983, 10105, 531.0, 3700, 2800, 133),
(1398.2324360000057, 10106, 531.0, 3700, 2800, 134),
(1398.281514000002, 10107, 531.0, 3700, 2800, 135),
(1398.326098999998, 10108, 531.0, 3700, 2800, 136),
(1398.368763999999, 10109, 531.0, 3700, 2800, 137),
(1398.4177970000019, 10110, 531.0, 3700, 2800, 138),
(1398.4626160000043, 10111, 531.0, 3700, 2800, 139),
(1398.5139150000032, 10112, 531.0, 3700, 2800, 140),
(1398.5643370000034, 10113, 531.0, 3700, 2800, 141),
(1398.610784000004, 10114, 531.0, 3700, 2800, 142),
(1398.659289999996, 10115, 531.0, 3700, 2800, 143),
(1398.698835999996, 10116, 531.0, 3700, 2800, 144),
(1398.7410249999957, 10117, 531.0, 3700, 2800, 145),
(1398.7798940000066, 10118, 531.0, 3700, 2800, 146),
(1398.8234999999986, 10119, 531.0, 3700, 2800, 147),
(1398.8614309999975, 10120, 531.0, 3700, 2800, 148),
(1398.902470000001, 10121, 531.0, 3700, 2800, 149),
(1398.949072000003, 10122, 531.0, 3700, 2800, 150),
(1398.997795000003, 10123, 531.0, 3700, 2800, 151),
(1399.0413109999936, 10124, 531.0, 3700, 2800, 152),
(1399.0835579999984, 10125, 531.0, 3700, 2800, 113),
(1399.129574000006, 10126, 531.0, 3700, 2800, 114),
(1399.1775380000036, 10127, 531.0, 3700, 2800, 115),
(1399.223165000003, 10128, 531.0, 3700, 2800, 116),
(1399.2646810000006, 10129, 531.0, 3700, 2800, 117),
(1399.3084709999966, 10130, 531.0, 3700, 2800, 118),
(1399.347145000007, 10131, 531.0, 3700, 2800, 119),
(1399.3865970000043, 10132, 531.0, 3700, 2800, 120),
(1399.4248240000015, 10133, 531.0, 3700, 2800, 121),
(1399.4632100000017, 10134, 531.0, 3700, 2800, 122),
(1399.502364, 10135, 531.0, 3700, 2800, 123),
(1399.540863999995, 10136, 531.0, 3700, 2800, 124),
(1399.5800129999989, 10137, 531.0, 3700, 2800, 125),
(1399.626178000006, 10138, 531.0, 3700, 2800, 126),
(1399.6669319999928, 10139, 531.0, 3700, 2800, 127),
(1399.7240489999967, 10140, 531.0, 3700, 2800, 128),
(1399.7661890000018, 10141, 531.0, 3700, 2800, 129),
(1399.8043369999941, 10142, 531.0, 3700, 2800, 130),
(1399.8419589999976, 10143, 531.0, 3700, 2800, 131),
(1399.880462999994, 10144, 531.0, 3700, 2800, 132),
(1399.9299960000062, 10145, 531.0, 3700, 2800, 133),
(1399.9795270000031, 10146, 531.0, 3700, 2800, 134),
(1400.0262419999926, 10147, 531.0, 3700, 2800, 135),
(1400.0699599999934, 10148, 531.0, 3700, 2800, 136),
(1400.1211029999977, 10149, 531.0, 3700, 2800, 137),
(1400.1598830000003, 10150, 531.0, 3700, 2800, 138),
(1400.2032539999927, 10151, 531.0, 3700, 2800, 139),
(1400.2484350000013, 10152, 531.0, 3700, 2800, 140),
(1400.291173000005, 10153, 531.0, 3700, 2800, 141),
(1400.3335859999934, 10154, 531.0, 3700, 2800, 142),
(1400.3768620000046, 10155, 531.0, 3700, 2800, 143),
(1400.4192159999948, 10156, 531.0, 3700, 2800, 144),
(1400.4606170000043, 10157, 531.0, 3700, 2800, 145),
(1400.4997199999925, 10158, 531.0, 3700, 2800, 146),
(1400.5452579999983, 10159, 531.0, 3700, 2800, 147),
(1400.586706999995, 10160, 531.0, 3700, 2800, 148),
(1400.6284259999957, 10161, 531.0, 3700, 2800, 149),
(1400.6763190000056, 10162, 531.0, 3700, 2800, 150),
(1400.7223349999986, 10163, 531.0, 3700, 2800, 151),
(1400.7633239999996, 10164, 531.0, 3700, 2800, 152),
(1400.804078999994, 10165, 531.0, 3700, 2900, 112),
(1400.8473300000041, 10166, 531.0, 3700, 2900, 113),
(1400.888248999996, 10167, 531.0, 3700, 2900, 114),
(1400.9300010000006, 10168, 531.0, 3700, 2900, 115),
(1400.9745129999937, 10169, 531.0, 3700, 2900, 116),
(1401.0268890000007, 10170, 531.0, 3700, 2900, 117),
(1401.0722229999956, 10171, 531.0, 3700, 2900, 118),
(1401.1101590000035, 10172, 531.0, 3700, 2900, 119),
(1401.151092, 10173, 531.0, 3700, 2900, 120),
(1401.1954010000045, 10174, 531.0, 3700, 2900, 121),
(1401.2454330000037, 10175, 531.0, 3700, 2900, 122),
(1401.287679000001, 10176, 531.0, 3700, 2900, 123),
(1401.3263659999939, 10177, 531.0, 3700, 2900, 124),
(1401.366789000007, 10178, 531.0, 3700, 2900, 125),
(1401.4058990000049, 10179, 531.0, 3700, 2900, 126),
(1401.4467909999948, 10180, 531.0, 3700, 2900, 127),
(1401.4866369999945, 10181, 531.0, 3700, 2900, 128),
(1401.5302970000048, 10182, 531.0, 3700, 2900, 129),
(1401.592101999995, 10183, 531.0, 3700, 2900, 130),
(1401.635976000005, 10184, 531.0, 3700, 2900, 131),
(1401.6860310000047, 10185, 531.0, 3700, 2900, 132),
(1401.7373859999934, 10186, 531.0, 3700, 2900, 133),
(1401.7783539999946, 10187, 531.0, 3700, 2900, 134),
(1401.816764999996, 10188, 531.0, 3700, 2900, 135),
(1401.857925999997, 10189, 531.0, 3700, 2900, 136),
(1401.8966579999978, 10190, 531.0, 3700, 2900, 137),
(1401.9380740000051, 10191, 531.0, 3700, 2900, 138),
(1401.978243000005, 10192, 531.0, 3700, 2900, 139),
(1402.0153010000067, 10193, 531.0, 3700, 2900, 140),
(1402.0536900000006, 10194, 531.0, 3700, 2900, 141),
(1402.0963400000037, 10195, 531.0, 3700, 2900, 142),
(1402.1350990000064, 10196, 531.0, 3700, 2900, 143),
(1402.1783469999937, 10197, 531.0, 3700, 2900, 144),
(1402.218399999998, 10198, 531.0, 3700, 2900, 145),
(1402.2671520000004, 10199, 531.0, 3700, 2900, 146),
(1402.3123480000068, 10200, 531.0, 3700, 2900, 147),
(1402.3633509999927, 10201, 531.0, 3700, 2900, 148),
(1402.409943999999, 10202, 531.0, 3700, 2900, 149),
(1402.4598149999947, 10203, 531.0, 3700, 2900, 150),
(1402.5154119999934, 10204, 531.0, 3700, 2900, 151),
(1402.5595389999944, 10205, 531.0, 3700, 2900, 152),
(1402.6001240000041, 10206, 531.0, 3700, 2900, 113),
(1402.647450999997, 10207, 531.0, 3700, 2900, 114),
(1402.6929830000008, 10208, 531.0, 3700, 2900, 115),
(1402.738618000003, 10209, 531.0, 3700, 2900, 116),
(1402.7786440000054, 10210, 531.0, 3700, 2900, 117),
(1402.8289990000048, 10211, 531.0, 3700, 2900, 118),
(1402.8726730000053, 10212, 531.0, 3700, 2900, 119),
(1402.910434000005, 10213, 531.0, 3700, 2900, 120),
(1402.9581440000038, 10214, 531.0, 3700, 2900, 121),
(1403.0080009999947, 10215, 531.0, 3700, 2900, 122),
(1403.0509040000034, 10216, 531.0, 3700, 2900, 123),
(1403.1101570000028, 10217, 531.0, 3700, 2900, 124),
(1403.1628269999928, 10218, 531.0, 3700, 2900, 125),
(1403.2141339999944, 10219, 531.0, 3700, 2900, 126),
(1403.2533010000043, 10220, 531.0, 3700, 2900, 127),
(1403.290770000007, 10221, 531.0, 3700, 2900, 128),
(1403.3366139999998, 10222, 531.0, 3700, 2900, 129),
(1403.380806999994, 10223, 531.0, 3700, 2900, 130),
(1403.4257780000044, 10224, 531.0, 3700, 2900, 131),
(1403.4780800000008, 10225, 531.0, 3700, 2900, 132),
(1403.5310460000037, 10226, 531.0, 3700, 2900, 133),
(1403.5688389999996, 10227, 531.0, 3700, 2900, 134),
(1403.6069739999948, 10228, 531.0, 3700, 2900, 135),
(1403.6513540000014, 10229, 531.0, 3700, 2900, 136),
(1403.690524000005, 10230, 531.0, 3700, 2900, 137),
(1403.7298829999927, 10231, 531.0, 3700, 2900, 138),
(1403.7686050000048, 10232, 531.0, 3700, 2900, 139),
(1403.8089139999938, 10233, 531.0, 3700, 2900, 140),
(1403.8520239999925, 10234, 531.0, 3700, 2900, 141),
(1403.893452999997, 10235, 531.0, 3700, 2900, 142),
(1403.9361939999944, 10236, 531.0, 3700, 2900, 143),
(1403.9750889999996, 10237, 531.0, 3700, 2900, 144),
(1404.0176800000045, 10238, 531.0, 3700, 2900, 145),
(1404.0586489999987, 10239, 531.0, 3700, 2900, 146),
(1404.1092470000003, 10240, 531.0, 3700, 2900, 147),
(1404.161844000002, 10241, 531.0, 3700, 2900, 148),
(1404.2174939999968, 10242, 531.0, 3700, 2900, 149),
(1404.266684999995, 10243, 531.0, 3700, 2900, 150),
(1404.3115700000053, 10244, 531.0, 3700, 2900, 151),
(1404.3509029999987, 10245, 531.0, 3700, 2900, 152),
(1404.398914999998, 10246, 531.0, 3700, 2900, 113),
(1404.4481760000053, 10247, 531.0, 3700, 2900, 114),
(1404.493380999993, 10248, 531.0, 3700, 2900, 115),
(1404.5438439999998, 10249, 531.0, 3700, 2900, 116),
(1404.5845569999947, 10250, 531.0, 3700, 2900, 117),
(1404.629375000004, 10251, 531.0, 3700, 2900, 118),
(1404.6688009999925, 10252, 531.0, 3700, 2900, 119),
(1404.7177439999941, 10253, 531.0, 3700, 2900, 120),
(1404.7657469999976, 10254, 531.0, 3700, 2900, 121),
(1404.811096999998, 10255, 531.0, 3700, 2900, 122),
(1404.858315000005, 10256, 531.0, 3700, 2900, 123),
(1404.9001779999962, 10257, 531.0, 3700, 2900, 124),
(1404.9438539999974, 10258, 531.0, 3700, 2900, 125),
(1404.9979080000048, 10259, 531.0, 3700, 2900, 126),
(1405.0415170000051, 10260, 531.0, 3700, 2900, 127),
(1405.0800140000065, 10261, 531.0, 3700, 2900, 128),
(1405.127330999996, 10262, 531.0, 3700, 2900, 129),
(1405.1670659999945, 10263, 531.0, 3700, 2900, 130),
(1405.2062359999982, 10264, 531.0, 3700, 2900, 131),
(1405.2456620000012, 10265, 531.0, 3700, 2900, 132),
(1405.285493999996, 10266, 531.0, 3700, 2900, 133),
(1405.326463999998, 10267, 531.0, 3700, 2900, 134),
(1405.366829000006, 10268, 531.0, 3700, 2900, 135),
(1405.4089470000035, 10269, 531.0, 3700, 2900, 136),
(1405.4636420000024, 10270, 531.0, 3700, 2900, 137),
(1405.5055500000017, 10271, 531.0, 3700, 2900, 138),
(1405.549576000005, 10272, 531.0, 3700, 2900, 139),
(1405.5945749999955, 10273, 531.0, 3700, 2900, 140),
(1405.6388219999935, 10274, 531.0, 3700, 2900, 141),
(1405.6818490000005, 10275, 531.0, 3700, 2900, 142),
(1405.7211640000023, 10276, 531.0, 3700, 2900, 143),
(1405.7674240000051, 10277, 531.0, 3700, 2900, 144),
(1405.8174209999997, 10278, 531.0, 3700, 2900, 145),
(1405.863096000001, 10279, 531.0, 3700, 2900, 146),
(1405.9087370000052, 10280, 531.0, 3700, 2900, 147),
(1405.9558939999988, 10281, 531.0, 3700, 2900, 148),
(1405.9998090000008, 10282, 531.0, 3700, 2900, 149),
(1406.0423650000012, 10283, 531.0, 3700, 2900, 150),
(1406.0848779999942, 10284, 531.0, 3700, 2900, 151),
(1406.1267640000005, 10285, 531.0, 3700, 2900, 152),
(1406.179892, 10286, 531.0, 3700, 3000, 112),
(1406.2334370000026, 10287, 531.0, 3700, 3000, 113),
(1406.2818949999928, 10288, 531.0, 3700, 3000, 114),
(1406.3252539999958, 10289, 531.0, 3700, 3000, 115),
(1406.3726380000007, 10290, 531.0, 3700, 3000, 116),
(1406.422166999997, 10291, 531.0, 3700, 3000, 117),
(1406.4658099999942, 10292, 531.0, 3700, 3000, 118),
(1406.5125949999929, 10293, 531.0, 3700, 3000, 119),
(1406.5588339999958, 10294, 531.0, 3700, 3000, 120),
(1406.6029410000046, 10295, 531.0, 3700, 3000, 121),
(1406.6512959999964, 10296, 531.0, 3700, 3000, 122),
(1406.695869999996, 10297, 531.0, 3700, 3000, 123),
(1406.7417220000061, 10298, 531.0, 3700, 3000, 124),
(1406.7879870000033, 10299, 531.0, 3700, 3000, 125),
(1406.8310800000036, 10300, 531.0, 3700, 3000, 126),
(1406.875033000004, 10301, 531.0, 3700, 3000, 127),
(1406.9247000000032, 10302, 531.0, 3700, 3000, 128),
(1406.9755429999932, 10303, 531.0, 3700, 3000, 129),
(1407.021213, 10304, 531.0, 3700, 3000, 130),
(1407.0605829999986, 10305, 531.0, 3700, 3000, 131),
(1407.1035499999998, 10306, 531.0, 3700, 3000, 132),
(1407.1506669999944, 10307, 531.0, 3700, 3000, 133),
(1407.2083920000005, 10308, 531.0, 3700, 3000, 134),
(1407.2576030000055, 10309, 531.0, 3700, 3000, 135),
(1407.3067949999968, 10310, 531.0, 3700, 3000, 136),
(1407.3517520000023, 10311, 531.0, 3700, 3000, 137),
(1407.3971480000037, 10312, 531.0, 3700, 3000, 138),
(1407.443438000002, 10313, 531.0, 3700, 3000, 139),
(1407.4877730000007, 10314, 531.0, 3700, 3000, 140),
(1407.5324499999988, 10315, 531.0, 3700, 3000, 141),
(1407.5838229999936, 10316, 531.0, 3700, 3000, 142),
(1407.6360390000045, 10317, 531.0, 3700, 3000, 143),
(1407.6778480000066, 10318, 531.0, 3700, 3000, 144),
(1407.7226470000023, 10319, 531.0, 3700, 3000, 145),
(1407.768074000007, 10320, 531.0, 3700, 3000, 146),
(1407.8169740000012, 10321, 531.0, 3700, 3000, 147),
(1407.868810999993, 10322, 531.0, 3700, 3000, 148),
(1407.9250270000048, 10323, 531.0, 3700, 3000, 149),
(1407.9718980000034, 10324, 531.0, 3700, 3000, 150),
(1408.017651999995, 10325, 531.0, 3700, 3000, 151),
(1408.0560269999987, 10326, 531.0, 3700, 3000, 152),
(1408.0998180000024, 10327, 531.0, 3700, 3000, 113),
(1408.1537399999943, 10328, 531.0, 3700, 3000, 114),
(1408.202363000004, 10329, 531.0, 3700, 3000, 115),
(1408.2397000000055, 10330, 531.0, 3700, 3000, 116),
(1408.2826029999997, 10331, 531.0, 3700, 3000, 117),
(1408.328355000005, 10332, 531.0, 3700, 3000, 118),
(1408.3785119999957, 10333, 531.0, 3700, 3000, 119),
(1408.424039000005, 10334, 531.0, 3700, 3000, 120),
(1408.470079000006, 10335, 531.0, 3700, 3000, 121),
(1408.5090469999996, 10336, 531.0, 3700, 3000, 122),
(1408.5666340000025, 10337, 531.0, 3700, 3000, 123),
(1408.6156590000028, 10338, 531.0, 3700, 3000, 124),
(1408.6592819999933, 10339, 531.0, 3700, 3000, 125),
(1408.6968729999935, 10340, 531.0, 3700, 3000, 126),
(1408.7365649999992, 10341, 531.0, 3700, 3000, 127),
(1408.7745839999989, 10342, 531.0, 3700, 3000, 128),
(1408.8127200000017, 10343, 531.0, 3700, 3000, 129),
(1408.8576369999937, 10344, 531.0, 3700, 3000, 130),
(1408.9002060000057, 10345, 531.0, 3700, 3000, 131),
(1408.950073999993, 10346, 531.0, 3700, 3000, 132),
(1408.9894700000004, 10347, 531.0, 3700, 3000, 133),
(1409.0277099999948, 10348, 531.0, 3700, 3000, 134),
(1409.0657860000065, 10349, 531.0, 3700, 3000, 135),
(1409.1035779999947, 10350, 531.0, 3700, 3000, 136),
(1409.145338000002, 10351, 531.0, 3700, 3000, 137),
(1409.1878029999934, 10352, 531.0, 3700, 3000, 138),
(1409.2386609999958, 10353, 531.0, 3700, 3000, 139),
(1409.2880189999996, 10354, 531.0, 3700, 3000, 140),
(1409.3315739999962, 10355, 531.0, 3700, 3000, 141),
(1409.3811909999931, 10356, 531.0, 3700, 3000, 142),
(1409.4366040000023, 10357, 531.0, 3700, 3000, 143),
(1409.486797000005, 10358, 531.0, 3700, 3000, 144),
(1409.5290079999977, 10359, 531.0, 3700, 3000, 145),
(1409.5750100000005, 10360, 531.0, 3700, 3000, 146),
(1409.6174900000042, 10361, 531.0, 3700, 3000, 147),
(1409.6621589999995, 10362, 531.0, 3700, 3000, 148),
(1409.7054869999993, 10363, 531.0, 3700, 3000, 149),
(1409.7521819999965, 10364, 531.0, 3700, 3000, 150),
(1409.7995689999952, 10365, 531.0, 3700, 3000, 151),
(1409.8506599999964, 10366, 531.0, 3700, 3000, 152),
(1409.8924410000036, 10367, 531.0, 3700, 3000, 113),
(1409.9391860000032, 10368, 531.0, 3700, 3000, 114),
(1409.9840569999942, 10369, 531.0, 3700, 3000, 115),
(1410.0267860000022, 10370, 531.0, 3700, 3000, 116),
(1410.065677999999, 10371, 531.0, 3700, 3000, 117),
(1410.1046550000028, 10372, 531.0, 3700, 3000, 118),
(1410.1475789999968, 10373, 531.0, 3700, 3000, 119),
(1410.1863840000005, 10374, 531.0, 3700, 3000, 120),
(1410.229296999998, 10375, 531.0, 3700, 3000, 121),
(1410.2819170000002, 10376, 531.0, 3700, 3000, 122),
(1410.3264199999976, 10377, 531.0, 3700, 3000, 123),
(1410.379356000005, 10378, 531.0, 3700, 3000, 124),
(1410.430726999999, 10379, 531.0, 3700, 3000, 125),
(1410.4777109999995, 10380, 531.0, 3700, 3000, 126),
(1410.5175580000068, 10381, 531.0, 3700, 3000, 127),
(1410.5655229999975, 10382, 531.0, 3700, 3000, 128),
(1410.6120399999927, 10383, 531.0, 3700, 3000, 129),
(1410.663096999997, 10384, 531.0, 3700, 3000, 130),
(1410.7056869999942, 10385, 531.0, 3700, 3000, 131),
(1410.744193000006, 10386, 531.0, 3700, 3000, 132),
(1410.7889390000055, 10387, 531.0, 3700, 3000, 133),
(1410.8548049999954, 10388, 531.0, 3700, 3000, 134),
(1410.9051250000048, 10389, 531.0, 3700, 3000, 135),
(1410.947583999994, 10390, 531.0, 3700, 3000, 136),
(1410.9901559999998, 10391, 531.0, 3700, 3000, 137),
(1411.0368809999927, 10392, 531.0, 3700, 3000, 138),
(1411.085997000002, 10393, 531.0, 3700, 3000, 139),
(1411.1479030000046, 10394, 531.0, 3700, 3000, 140),
(1411.1961250000022, 10395, 531.0, 3700, 3000, 141),
(1411.2407559999992, 10396, 531.0, 3700, 3000, 142),
(1411.2889489999943, 10397, 531.0, 3700, 3000, 143),
(1411.3367509999953, 10398, 531.0, 3700, 3000, 144),
(1411.3816099999967, 10399, 531.0, 3700, 3000, 145),
(1411.422842, 10400, 531.0, 3700, 3000, 146),
(1411.4624320000003, 10401, 531.0, 3700, 3000, 147),
(1411.5050199999969, 10402, 531.0, 3700, 3000, 148),
(1411.5488579999947, 10403, 531.0, 3700, 3000, 149),
(1411.6003090000013, 10404, 531.0, 3700, 3000, 150),
(1411.649059999996, 10405, 531.0, 3700, 3000, 151),
(1411.6956050000008, 10406, 531.0, 3700, 3000, 152),
(1411.7339650000067, 10407, 532.0, 3700, 3100, 112),
(1411.7763730000006, 10408, 532.0, 3700, 3100, 113),
(1411.8162020000018, 10409, 532.0, 3700, 3100, 114),
(1411.8703209999949, 10410, 532.0, 3700, 3100, 115),
(1411.9173719999962, 10411, 532.0, 3700, 3100, 116),
(1411.9609440000058, 10412, 532.0, 3700, 3100, 117),
(1412.0142309999937, 10413, 532.0, 3700, 3100, 118),
(1412.051735000001, 10414, 532.0, 3700, 3100, 119),
(1412.0967450000026, 10415, 532.0, 3700, 3100, 120),
(1412.1457590000064, 10416, 532.0, 3700, 3100, 121),
(1412.190963999994, 10417, 532.0, 3700, 3100, 122),
(1412.237294000006, 10418, 532.0, 3700, 3100, 123),
(1412.2856849999953, 10419, 532.0, 3700, 3100, 124),
(1412.3303250000026, 10420, 532.0, 3700, 3100, 125),
(1412.385215000002, 10421, 532.0, 3700, 3100, 126),
(1412.425887999998, 10422, 532.0, 3700, 3100, 127),
(1412.4759099999937, 10423, 532.0, 3700, 3100, 128),
(1412.5267590000003, 10424, 532.0, 3700, 3100, 129),
(1412.5821770000039, 10425, 532.0, 3700, 3100, 130),
(1412.649059000003, 10426, 532.0, 3700, 3100, 131),
(1412.693656000003, 10427, 532.0, 3700, 3100, 132),
(1412.738790000003, 10428, 532.0, 3700, 3100, 133),
(1412.782548999996, 10429, 532.0, 3700, 3100, 134),
(1412.829012000002, 10430, 532.0, 3700, 3100, 135),
(1412.8798910000041, 10431, 532.0, 3700, 3100, 136),
(1412.931958999994, 10432, 532.0, 3700, 3100, 137),
(1412.9786170000007, 10433, 532.0, 3700, 3100, 138),
(1413.0181140000059, 10434, 532.0, 3700, 3100, 139),
(1413.0608599999978, 10435, 532.0, 3700, 3100, 140),
(1413.0995229999971, 10436, 532.0, 3700, 3100, 141),
(1413.1502119999932, 10437, 532.0, 3700, 3100, 142),
(1413.200595000002, 10438, 532.0, 3700, 3100, 143),
(1413.2569240000012, 10439, 532.0, 3700, 3100, 144),
(1413.3174659999931, 10440, 532.0, 3700, 3100, 145),
(1413.3676799999957, 10441, 532.0, 3700, 3100, 146),
(1413.4124750000046, 10442, 532.0, 3700, 3100, 147),
(1413.4597099999955, 10443, 532.0, 3700, 3100, 148),
(1413.4994469999947, 10444, 532.0, 3700, 3100, 149),
(1413.556276999996, 10445, 532.0, 3700, 3100, 150),
(1413.5987219999952, 10446, 532.0, 3700, 3100, 151),
(1413.6510180000041, 10447, 532.0, 3700, 3100, 152),
(1413.7053610000003, 10448, 532.0, 3700, 3100, 113),
(1413.7569409999996, 10449, 532.0, 3700, 3100, 114),
(1413.8035189999937, 10450, 532.0, 3700, 3100, 115),
(1413.850609000001, 10451, 532.0, 3700, 3100, 116),
(1413.9019980000012, 10452, 532.0, 3700, 3100, 117),
(1413.9385619999957, 10453, 532.0, 3700, 3100, 118),
(1413.9761850000068, 10454, 532.0, 3700, 3100, 119),
(1414.0174089999928, 10455, 532.0, 3700, 3100, 120),
(1414.0561290000041, 10456, 532.0, 3700, 3100, 121),
(1414.0982229999936, 10457, 532.0, 3700, 3100, 122),
(1414.140327999994, 10458, 532.0, 3700, 3100, 123),
(1414.186646000002, 10459, 532.0, 3700, 3100, 124),
(1414.2255500000028, 10460, 532.0, 3700, 3100, 125),
(1414.2720390000031, 10461, 532.0, 3700, 3100, 126),
(1414.3196940000053, 10462, 532.0, 3700, 3100, 127),
(1414.3596359999938, 10463, 532.0, 3700, 3100, 128),
(1414.3992290000024, 10464, 532.0, 3700, 3100, 129),
(1414.440075000006, 10465, 532.0, 3700, 3100, 130),
(1414.4883269999991, 10466, 532.0, 3700, 3100, 131),
(1414.5297819999978, 10467, 532.0, 3700, 3100, 132),
(1414.5681949999998, 10468, 532.0, 3700, 3100, 133),
(1414.6106639999925, 10469, 532.0, 3700, 3100, 134),
(1414.6496349999943, 10470, 532.0, 3700, 3100, 135),
(1414.6971749999939, 10471, 532.0, 3700, 3100, 136),
(1414.7504090000002, 10472, 532.0, 3700, 3100, 137),
(1414.7919140000013, 10473, 532.0, 3700, 3100, 138),
(1414.8367440000002, 10474, 532.0, 3700, 3100, 139),
(1414.878555999996, 10475, 532.0, 3700, 3100, 140),
(1414.9193079999968, 10476, 532.0, 3700, 3100, 141),
(1414.9616899999965, 10477, 532.0, 3700, 3100, 142),
(1415.0221359999996, 10478, 532.0, 3700, 3100, 143),
(1415.0732160000043, 10479, 532.0, 3700, 3100, 144),
(1415.1114749999979, 10480, 532.0, 3700, 3100, 145),
(1415.1585690000065, 10481, 532.0, 3700, 3100, 146),
(1415.1984260000027, 10482, 532.0, 3700, 3100, 147),
(1415.2496660000033, 10483, 532.0, 3700, 3100, 148),
(1415.294842000003, 10484, 532.0, 3700, 3100, 149),
(1415.3382339999953, 10485, 532.0, 3700, 3100, 150),
(1415.3816340000049, 10486, 532.0, 3700, 3100, 151),
(1415.4269519999943, 10487, 532.0, 3700, 3100, 152),
(1415.4735139999975, 10488, 532.0, 3700, 3100, 113),
(1415.5233489999955, 10489, 532.0, 3700, 3100, 114),
(1415.5722979999991, 10490, 532.0, 3700, 3100, 115),
(1415.618757999997, 10491, 532.0, 3700, 3100, 116),
(1415.6657680000062, 10492, 532.0, 3700, 3100, 117),
(1415.7129669999995, 10493, 532.0, 3700, 3100, 118),
(1415.7518870000058, 10494, 532.0, 3700, 3100, 119),
(1415.802653000006, 10495, 532.0, 3700, 3100, 120),
(1415.8522130000056, 10496, 532.0, 3700, 3100, 121),
(1415.9052800000063, 10497, 532.0, 3700, 3100, 122),
(1415.9542829999991, 10498, 532.0, 3700, 3100, 123),
(1415.9935109999933, 10499, 532.0, 3700, 3100, 124),
(1416.0304990000004, 10500, 532.0, 3700, 3100, 125),
(1416.0703639999992, 10501, 532.0, 3700, 3100, 126),
(1416.1089780000038, 10502, 532.0, 3700, 3100, 127),
(1416.1452140000038, 10503, 532.0, 3700, 3100, 128),
(1416.1831340000062, 10504, 532.0, 3700, 3100, 129),
(1416.2264120000036, 10505, 532.0, 3700, 3100, 130),
(1416.265849000003, 10506, 532.0, 3700, 3100, 131),
(1416.303967999993, 10507, 532.0, 3700, 3100, 132),
(1416.343544000003, 10508, 532.0, 3700, 3100, 133),
(1416.3867089999985, 10509, 532.0, 3700, 3100, 134),
(1416.4579539999977, 10510, 532.0, 3700, 3100, 135),
(1416.5111509999988, 10511, 532.0, 3700, 3100, 136),
(1416.568975999995, 10512, 532.0, 3700, 3100, 137),
(1416.6334809999971, 10513, 532.0, 3700, 3100, 138),
(1416.6734480000014, 10514, 532.0, 3700, 3100, 139),
(1416.711460000006, 10515, 532.0, 3700, 3100, 140),
(1416.7496970000066, 10516, 532.0, 3700, 3100, 141),
(1416.786340999999, 10517, 532.0, 3700, 3100, 142),
(1416.824204000004, 10518, 532.0, 3700, 3100, 143),
(1416.8615379999974, 10519, 532.0, 3700, 3100, 144),
(1416.917042000001, 10520, 532.0, 3700, 3100, 145),
(1416.9689400000061, 10521, 532.0, 3700, 3100, 146),
(1417.020206000001, 10522, 532.0, 3700, 3100, 147),
(1417.058885999999, 10523, 532.0, 3700, 3100, 148),
(1417.0997369999968, 10524, 532.0, 3700, 3100, 149),
(1417.1451839999936, 10525, 532.0, 3700, 3100, 150),
(1417.195928999994, 10526, 532.0, 3700, 3100, 151),
(1417.2511760000052, 10527, 532.0, 3700, 3100, 152),
(1417.299696999995, 10528, 531.0, 3700, 3200, 112),
(1417.3540009999997, 10529, 531.0, 3700, 3200, 113),
(1417.4055780000053, 10530, 531.0, 3700, 3200, 114),
(1417.4624789999943, 10531, 531.0, 3700, 3200, 115),
(1417.5059080000065, 10532, 531.0, 3700, 3200, 116),
(1417.5651070000022, 10533, 531.0, 3700, 3200, 117),
(1417.6105569999927, 10534, 531.0, 3700, 3200, 118),
(1417.6602779999957, 10535, 531.0, 3700, 3200, 119),
(1417.7028080000018, 10536, 531.0, 3700, 3200, 120),
(1417.7490309999994, 10537, 531.0, 3700, 3200, 121),
(1417.7933309999935, 10538, 531.0, 3700, 3200, 122),
(1417.8395179999934, 10539, 531.0, 3700, 3200, 123),
(1417.886612000002, 10540, 531.0, 3700, 3200, 124),
(1417.9302730000054, 10541, 531.0, 3700, 3200, 125),
(1417.9722060000058, 10542, 531.0, 3700, 3200, 126),
(1418.018796999997, 10543, 531.0, 3700, 3200, 127),
(1418.0604109999986, 10544, 531.0, 3700, 3200, 128),
(1418.1058449999982, 10545, 531.0, 3700, 3200, 129),
(1418.1471670000028, 10546, 531.0, 3700, 3200, 130),
(1418.2059109999973, 10547, 531.0, 3700, 3200, 131),
(1418.2515790000034, 10548, 531.0, 3700, 3200, 132),
(1418.3033330000035, 10549, 531.0, 3700, 3200, 133),
(1418.3601729999937, 10550, 531.0, 3700, 3200, 134),
(1418.4040939999977, 10551, 531.0, 3700, 3200, 135),
(1418.4522089999955, 10552, 531.0, 3700, 3200, 136),
(1418.5019020000036, 10553, 531.0, 3700, 3200, 137),
(1418.5499589999963, 10554, 531.0, 3700, 3200, 138),
(1418.6001890000043, 10555, 531.0, 3700, 3200, 139),
(1418.6497609999933, 10556, 531.0, 3700, 3200, 140),
(1418.7038690000045, 10557, 531.0, 3700, 3200, 141),
(1418.7641399999993, 10558, 531.0, 3700, 3200, 142),
(1418.8182329999981, 10559, 531.0, 3700, 3200, 143),
(1418.8561040000059, 10560, 531.0, 3700, 3200, 144),
(1418.900840000002, 10561, 531.0, 3700, 3200, 145),
(1418.9539070000028, 10562, 531.0, 3700, 3200, 146),
(1418.9951690000016, 10563, 531.0, 3700, 3200, 147),
(1419.0366289999947, 10564, 531.0, 3700, 3200, 148),
(1419.0763009999937, 10565, 531.0, 3700, 3200, 149),
(1419.117803000001, 10566, 531.0, 3700, 3200, 150),
(1419.1663310000004, 10567, 531.0, 3700, 3200, 151),
(1419.2123339999962, 10568, 531.0, 3700, 3200, 152),
(1419.266690999997, 10569, 531.0, 3700, 3200, 113),
(1419.328515000001, 10570, 531.0, 3700, 3200, 114),
(1419.3858749999927, 10571, 531.0, 3700, 3200, 115),
(1419.4324389999965, 10572, 531.0, 3700, 3200, 116),
(1419.478793000002, 10573, 531.0, 3700, 3200, 117),
(1419.522782999993, 10574, 531.0, 3700, 3200, 118),
(1419.5703639999992, 10575, 531.0, 3700, 3200, 119),
(1419.6169769999979, 10576, 531.0, 3700, 3200, 120),
(1419.6669359999942, 10577, 531.0, 3700, 3200, 121),
(1419.7093460000033, 10578, 531.0, 3700, 3200, 122),
(1419.758400000006, 10579, 531.0, 3700, 3200, 123),
(1419.8060569999943, 10580, 531.0, 3700, 3200, 124),
(1419.8570659999968, 10581, 531.0, 3700, 3200, 125),
(1419.9023889999953, 10582, 531.0, 3700, 3200, 126),
(1419.9479790000041, 10583, 531.0, 3700, 3200, 127),
(1419.9898019999964, 10584, 531.0, 3700, 3200, 128),
(1420.037301999997, 10585, 531.0, 3700, 3200, 129),
(1420.0748770000064, 10586, 531.0, 3700, 3200, 130),
(1420.1232540000055, 10587, 531.0, 3700, 3200, 131),
(1420.177045000004, 10588, 531.0, 3700, 3200, 132),
(1420.222431000002, 10589, 531.0, 3700, 3200, 133),
(1420.2735200000025, 10590, 531.0, 3700, 3200, 134),
(1420.3201470000058, 10591, 531.0, 3700, 3200, 135),
(1420.3637880000024, 10592, 531.0, 3700, 3200, 136),
(1420.4166930000065, 10593, 531.0, 3700, 3200, 137),
(1420.4633020000038, 10594, 531.0, 3700, 3200, 138),
(1420.5092860000004, 10595, 531.0, 3700, 3200, 139),
(1420.5611749999953, 10596, 531.0, 3700, 3200, 140),
(1420.6088210000016, 10597, 531.0, 3700, 3200, 141),
(1420.6621520000044, 10598, 531.0, 3700, 3200, 142),
(1420.7044509999978, 10599, 531.0, 3700, 3200, 143),
(1420.7536830000026, 10600, 531.0, 3700, 3200, 144),
(1420.797842, 10601, 531.0, 3700, 3200, 145),
(1420.8413609999989, 10602, 531.0, 3700, 3200, 146),
(1420.8942229999957, 10603, 531.0, 3700, 3200, 147),
(1420.9428130000015, 10604, 531.0, 3700, 3200, 148),
(1420.9907039999962, 10605, 531.0, 3700, 3200, 149),
(1421.0434169999935, 10606, 531.0, 3700, 3200, 150),
(1421.1111300000048, 10607, 531.0, 3700, 3200, 151),
(1421.1848460000037, 10608, 531.0, 3700, 3200, 152),
(1421.2274900000048, 10609, 531.0, 3700, 3200, 113),
(1421.2800819999975, 10610, 531.0, 3700, 3200, 114),
(1421.3284730000014, 10611, 531.0, 3700, 3200, 115),
(1421.3748329999944, 10612, 531.0, 3700, 3200, 116),
(1421.4212129999942, 10613, 531.0, 3700, 3200, 117),
(1421.4650490000058, 10614, 531.0, 3700, 3200, 118),
(1421.5049759999965, 10615, 531.0, 3700, 3200, 119),
(1421.5456209999975, 10616, 531.0, 3700, 3200, 120),
(1421.5858290000033, 10617, 531.0, 3700, 3200, 121),
(1421.630090000006, 10618, 531.0, 3700, 3200, 122),
(1421.6804419999971, 10619, 531.0, 3700, 3200, 123),
(1421.7221189999982, 10620, 531.0, 3700, 3200, 124),
(1421.7676680000004, 10621, 531.0, 3700, 3200, 125),
(1421.8134259999933, 10622, 531.0, 3700, 3200, 126),
(1421.8696869999985, 10623, 531.0, 3700, 3200, 127),
(1421.9190970000054, 10624, 531.0, 3700, 3200, 128),
(1421.9615829999966, 10625, 531.0, 3700, 3200, 129),
(1422.0026870000002, 10626, 531.0, 3700, 3200, 130),
(1422.044424000007, 10627, 531.0, 3700, 3200, 131),
(1422.0847110000032, 10628, 531.0, 3700, 3200, 132),
(1422.1268830000045, 10629, 531.0, 3700, 3200, 133),
(1422.1759770000062, 10630, 531.0, 3700, 3200, 134),
(1422.2215940000024, 10631, 531.0, 3700, 3200, 135),
(1422.2677510000067, 10632, 531.0, 3700, 3200, 136),
(1422.3129920000065, 10633, 531.0, 3700, 3200, 137),
(1422.3702959999937, 10634, 531.0, 3700, 3200, 138),
(1422.4085480000067, 10635, 531.0, 3700, 3200, 139),
(1422.4495739999984, 10636, 531.0, 3700, 3200, 140),
(1422.4975390000036, 10637, 531.0, 3700, 3200, 141),
(1422.5355419999978, 10638, 531.0, 3700, 3200, 142),
(1422.5778299999947, 10639, 531.0, 3700, 3200, 143),
(1422.6225689999992, 10640, 531.0, 3700, 3200, 144),
(1422.6608080000005, 10641, 531.0, 3700, 3200, 145),
(1422.7035869999963, 10642, 531.0, 3700, 3200, 146),
(1422.7452829999966, 10643, 531.0, 3700, 3200, 147),
(1422.7854950000037, 10644, 531.0, 3700, 3200, 148),
(1422.8285699999979, 10645, 531.0, 3700, 3200, 149),
(1422.868942000001, 10646, 531.0, 3700, 3200, 150),
(1422.9074560000008, 10647, 531.0, 3700, 3200, 151),
(1422.9488969999948, 10648, 531.0, 3700, 3200, 152),
(1422.987878999993, 10649, 531.0, 3900, 2000, 112),
(1423.0288029999938, 10650, 531.0, 3900, 2000, 113),
(1423.0716070000053, 10651, 531.0, 3900, 2000, 114),
(1423.1152160000056, 10652, 531.0, 3900, 2000, 115),
(1423.1544580000045, 10653, 531.0, 3900, 2000, 116),
(1423.1975180000009, 10654, 531.0, 3900, 2000, 117),
(1423.2414290000015, 10655, 531.0, 3900, 2000, 118),
(1423.2836099999986, 10656, 531.0, 3900, 2000, 119),
(1423.3240789999982, 10657, 531.0, 3900, 2000, 120),
(1423.3707100000029, 10658, 531.0, 3900, 2000, 121),
(1423.4275280000002, 10659, 531.0, 3900, 2000, 122),
(1423.486315999995, 10660, 531.0, 3900, 2000, 123),
(1423.5300359999965, 10661, 531.0, 3900, 2000, 124),
(1423.5778410000057, 10662, 531.0, 3900, 2000, 125),
(1423.625258999993, 10663, 531.0, 3900, 2000, 126),
(1423.669424000007, 10664, 531.0, 3900, 2000, 127),
(1423.717021999997, 10665, 531.0, 3900, 2000, 128),
(1423.7721549999987, 10666, 531.0, 3900, 2000, 129),
(1423.8204960000003, 10667, 531.0, 3900, 2000, 130),
(1423.8697249999968, 10668, 531.0, 3900, 2000, 131),
(1423.9192040000053, 10669, 531.0, 3900, 2000, 132),
(1423.976702, 10670, 531.0, 3900, 2000, 133),
(1424.0218440000026, 10671, 531.0, 3900, 2000, 134),
(1424.0686279999936, 10672, 531.0, 3900, 2000, 135),
(1424.1168270000053, 10673, 531.0, 3900, 2000, 136),
(1424.1647050000029, 10674, 531.0, 3900, 2000, 137),
(1424.2132560000027, 10675, 531.0, 3900, 2000, 138),
(1424.2639729999937, 10676, 531.0, 3900, 2000, 139),
(1424.3084830000007, 10677, 531.0, 3900, 2000, 140),
(1424.3595760000026, 10678, 531.0, 3900, 2000, 141),
(1424.401773000005, 10679, 531.0, 3900, 2000, 142),
(1424.4472539999988, 10680, 531.0, 3900, 2000, 143),
(1424.490221999993, 10681, 531.0, 3900, 2000, 144),
(1424.5308890000015, 10682, 531.0, 3900, 2000, 145),
(1424.5799720000068, 10683, 531.0, 3900, 2000, 146),
(1424.6206200000015, 10684, 531.0, 3900, 2000, 147),
(1424.665718999997, 10685, 531.0, 3900, 2000, 148),
(1424.707521000004, 10686, 531.0, 3900, 2000, 149),
(1424.751415000006, 10687, 531.0, 3900, 2000, 150),
(1424.8070330000046, 10688, 531.0, 3900, 2000, 151),
(1424.8519490000035, 10689, 531.0, 3900, 2000, 152),
(1424.9017829999939, 10690, 531.0, 3900, 2000, 113),
(1424.9487729999964, 10691, 531.0, 3900, 2000, 114),
(1424.9899080000032, 10692, 531.0, 3900, 2000, 115),
(1425.0359980000067, 10693, 531.0, 3900, 2000, 116),
(1425.0800610000006, 10694, 531.0, 3900, 2000, 117),
(1425.1228059999994, 10695, 531.0, 3900, 2000, 118),
(1425.1665519999951, 10696, 531.0, 3900, 2000, 119),
(1425.218882999994, 10697, 531.0, 3900, 2000, 120),
(1425.2675420000014, 10698, 531.0, 3900, 2000, 121),
(1425.3180830000056, 10699, 531.0, 3900, 2000, 122),
(1425.3610909999989, 10700, 531.0, 3900, 2000, 123),
(1425.405958000003, 10701, 531.0, 3900, 2000, 124),
(1425.450582999998, 10702, 531.0, 3900, 2000, 125),
(1425.5041400000046, 10703, 531.0, 3900, 2000, 126),
(1425.5577950000006, 10704, 531.0, 3900, 2000, 127),
(1425.6058780000021, 10705, 531.0, 3900, 2000, 128),
(1425.6501730000018, 10706, 531.0, 3900, 2000, 129),
(1425.7015600000013, 10707, 531.0, 3900, 2000, 130),
(1425.742425000004, 10708, 531.0, 3900, 2000, 131),
(1425.7895699999935, 10709, 531.0, 3900, 2000, 132),
(1425.842552999995, 10710, 531.0, 3900, 2000, 133),
(1425.897238999998, 10711, 531.0, 3900, 2000, 134),
(1425.943299000006, 10712, 531.0, 3900, 2000, 135),
(1425.9953990000067, 10713, 531.0, 3900, 2000, 136),
(1426.0360190000065, 10714, 531.0, 3900, 2000, 137),
(1426.0817499999976, 10715, 531.0, 3900, 2000, 138),
(1426.1262120000029, 10716, 531.0, 3900, 2000, 139),
(1426.1785530000052, 10717, 531.0, 3900, 2000, 140),
(1426.2250300000014, 10718, 531.0, 3900, 2000, 141),
(1426.2718339999992, 10719, 531.0, 3900, 2000, 142),
(1426.3203289999947, 10720, 531.0, 3900, 2000, 143),
(1426.366876, 10721, 531.0, 3900, 2000, 144),
(1426.4095579999994, 10722, 531.0, 3900, 2000, 145),
(1426.4594559999969, 10723, 531.0, 3900, 2000, 146),
(1426.5138639999932, 10724, 531.0, 3900, 2000, 147),
(1426.5620869999984, 10725, 531.0, 3900, 2000, 148),
(1426.6116550000006, 10726, 531.0, 3900, 2000, 149),
(1426.6560750000062, 10727, 531.0, 3900, 2000, 150),
(1426.7099880000023, 10728, 531.0, 3900, 2000, 151),
(1426.7633020000067, 10729, 531.0, 3900, 2000, 152),
(1426.809196999995, 10730, 531.0, 3900, 2000, 113),
(1426.8539820000005, 10731, 531.0, 3900, 2000, 114),
(1426.9003410000005, 10732, 531.0, 3900, 2000, 115),
(1426.9470379999984, 10733, 531.0, 3900, 2000, 116),
(1426.9891059999936, 10734, 531.0, 3900, 2000, 117),
(1427.0282529999968, 10735, 531.0, 3900, 2000, 118),
(1427.070028000002, 10736, 531.0, 3900, 2000, 119),
(1427.1147280000005, 10737, 531.0, 3900, 2000, 120),
(1427.160229999994, 10738, 531.0, 3900, 2000, 121),
(1427.2095470000058, 10739, 531.0, 3900, 2000, 122),
(1427.2610609999974, 10740, 531.0, 3900, 2000, 123),
(1427.3137569999963, 10741, 531.0, 3900, 2000, 124),
(1427.3571609999926, 10742, 531.0, 3900, 2000, 125),
(1427.4024219999992, 10743, 531.0, 3900, 2000, 126),
(1427.4594840000063, 10744, 531.0, 3900, 2000, 127),
(1427.5034049999958, 10745, 531.0, 3900, 2000, 128),
(1427.5475149999984, 10746, 531.0, 3900, 2000, 129),
(1427.590771999996, 10747, 531.0, 3900, 2000, 130),
(1427.637686999995, 10748, 531.0, 3900, 2000, 131),
(1427.679965000003, 10749, 531.0, 3900, 2000, 132),
(1427.7217799999926, 10750, 531.0, 3900, 2000, 133),
(1427.7662249999994, 10751, 531.0, 3900, 2000, 134),
(1427.8065020000067, 10752, 531.0, 3900, 2000, 135),
(1427.8566699999938, 10753, 531.0, 3900, 2000, 136),
(1427.9025490000058, 10754, 531.0, 3900, 2000, 137),
(1427.9436270000006, 10755, 531.0, 3900, 2000, 138),
(1427.981952000002, 10756, 531.0, 3900, 2000, 139),
(1428.030184999996, 10757, 531.0, 3900, 2000, 140),
(1428.0710910000053, 10758, 531.0, 3900, 2000, 141),
(1428.1177809999936, 10759, 531.0, 3900, 2000, 142),
(1428.1709989999945, 10760, 531.0, 3900, 2000, 143),
(1428.2180260000023, 10761, 531.0, 3900, 2000, 144),
(1428.2673439999926, 10762, 531.0, 3900, 2000, 145),
(1428.3107279999967, 10763, 531.0, 3900, 2000, 146),
(1428.361023000005, 10764, 531.0, 3900, 2000, 147),
(1428.4096960000024, 10765, 531.0, 3900, 2000, 148),
(1428.459407000002, 10766, 531.0, 3900, 2000, 149),
(1428.5031580000068, 10767, 531.0, 3900, 2000, 150),
(1428.55386, 10768, 531.0, 3900, 2000, 151),
(1428.5946149999945, 10769, 531.0, 3900, 2000, 152),
(1428.6380230000068, 10770, 531.0, 3900, 2400, 112),
(1428.6884629999986, 10771, 531.0, 3900, 2400, 113),
(1428.7338279999967, 10772, 528.0, 3900, 2400, 114),
(1428.849304999996, 10774, 531.0, 3900, 2400, 116),
(1428.9631019999943, 10776, 531.0, 3900, 2400, 118),
(1429.0068750000064, 10777, 530.0, 3900, 2400, 119),
(1429.0483160000003, 10778, 531.0, 3900, 2400, 120),
(1429.0990440000023, 10779, 531.0, 3900, 2400, 121),
(1429.1491930000047, 10780, 531.0, 3900, 2400, 122),
(1429.2573490000068, 10782, 531.0, 3900, 2400, 124),
(1429.3715910000028, 10784, 531.0, 3900, 2400, 126),
(1429.4239789999992, 10785, 531.0, 3900, 2400, 127),
(1429.4713480000064, 10786, 528.0, 3900, 2400, 128),
(1429.599577999994, 10788, 531.0, 3900, 2400, 130),
(1429.7206520000036, 10790, 531.0, 3900, 2400, 132),
(1429.8210709999985, 10792, 531.0, 3900, 2400, 134),
(1429.8712439999945, 10793, 531.0, 3900, 2400, 135),
(1429.918623000005, 10794, 531.0, 3900, 2400, 136),
(1429.962652999995, 10795, 283.0, 3900, 2400, 137),
(1430.0085560000007, 10796, 531.0, 3900, 2400, 138),
(1430.0518480000028, 10797, 531.0, 3900, 2400, 139),
(1430.0969990000012, 10798, 596.0, 3900, 2400, 140),
(1430.2104350000009, 10800, 531.0, 3900, 2400, 142),
(1430.262474999996, 10801, 531.0, 3900, 2400, 143),
(1430.3073799999984, 10802, 531.0, 3900, 2400, 144),
(1430.3603650000005, 10803, 590.0, 3900, 2400, 145),
(1430.4036900000065, 10804, 531.0, 3900, 2400, 146),
(1430.4470659999934, 10805, 283.0, 3900, 2400, 147),
(1430.492922999998, 10806, 531.0, 3900, 2400, 148),
(1430.5360669999936, 10807, 531.0, 3900, 2400, 149),
(1430.5794210000022, 10808, 283.0, 3900, 2400, 150),
(1430.692796000003, 10810, 531.0, 3900, 2400, 152),
(1430.7305599999963, 10811, 531.0, 3900, 2400, 113),
(1430.7760719999933, 10812, 528.0, 3900, 2400, 114),
(1430.9028050000052, 10814, 531.0, 3900, 2400, 116),
(1431.0229240000044, 10816, 531.0, 3900, 2400, 118),
(1431.071081999995, 10817, 530.0, 3900, 2400, 119),
(1431.123384000006, 10818, 531.0, 3900, 2400, 120),
(1431.163618999999, 10819, 531.0, 3900, 2400, 121),
(1431.2113919999974, 10820, 531.0, 3900, 2400, 122),
(1431.3183229999995, 10822, 531.0, 3900, 2400, 124),
(1431.4326520000031, 10824, 531.0, 3900, 2400, 126),
(1431.4800709999981, 10825, 531.0, 3900, 2400, 127),
(1431.5259800000058, 10826, 528.0, 3900, 2400, 128),
(1431.6526040000026, 10828, 531.0, 3900, 2400, 130),
(1431.762619999994, 10830, 531.0, 3900, 2400, 132),
(1431.8689580000064, 10832, 531.0, 3900, 2400, 134),
(1431.9226650000055, 10833, 531.0, 3900, 2400, 135),
(1431.9701910000003, 10834, 531.0, 3900, 2400, 136),
(1432.017795000007, 10835, 283.0, 3900, 2400, 137),
(1432.0562610000052, 10836, 531.0, 3900, 2400, 138),
(1432.103587000005, 10837, 531.0, 3900, 2400, 139),
(1432.1530000000057, 10838, 596.0, 3900, 2400, 140),
(1432.2749110000004, 10840, 531.0, 3900, 2400, 142),
(1432.3164220000035, 10841, 531.0, 3900, 2400, 143),
(1432.3568859999941, 10842, 531.0, 3900, 2400, 144),
(1432.3987930000003, 10843, 590.0, 3900, 2400, 145),
(1432.4423110000062, 10844, 531.0, 3900, 2400, 146),
(1432.4892770000006, 10845, 283.0, 3900, 2400, 147),
(1432.5345189999935, 10846, 531.0, 3900, 2400, 148),
(1432.5754580000066, 10847, 531.0, 3900, 2400, 149),
(1432.6126640000002, 10848, 283.0, 3900, 2400, 150),
(1432.6501839999983, 10849, 531.0, 3900, 2400, 151),
(1432.6871300000057, 10850, 531.0, 3900, 2400, 152),
(1432.7249160000065, 10851, 531.0, 3900, 2400, 113),
(1432.7630630000058, 10852, 528.0, 3900, 2400, 114),
(1432.863605999999, 10854, 531.0, 3900, 2400, 116),
(1432.9716009999975, 10856, 531.0, 3900, 2400, 118),
(1433.025523999997, 10857, 530.0, 3900, 2400, 119),
(1433.065816000002, 10858, 531.0, 3900, 2400, 120),
(1433.1181639999995, 10859, 531.0, 3900, 2400, 121),
(1433.1678200000024, 10860, 531.0, 3900, 2400, 122),
(1433.2876240000041, 10862, 531.0, 3900, 2400, 124),
(1433.3992350000044, 10864, 531.0, 3900, 2400, 126),
(1433.442332999999, 10865, 531.0, 3900, 2400, 127),
(1433.490611000001, 10866, 528.0, 3900, 2400, 128),
(1433.606369000001, 10868, 531.0, 3900, 2400, 130),
(1433.7367320000048, 10870, 531.0, 3900, 2400, 132),
(1433.8562680000032, 10872, 531.0, 3900, 2400, 134),
(1433.9072429999942, 10873, 531.0, 3900, 2400, 135),
(1433.9509050000052, 10874, 531.0, 3900, 2400, 136),
(1433.992259000006, 10875, 283.0, 3900, 2400, 137),
(1434.033746999994, 10876, 531.0, 3900, 2400, 138),
(1434.0770069999999, 10877, 531.0, 3900, 2400, 139),
(1434.116618999993, 10878, 596.0, 3900, 2400, 140),
(1434.2224549999955, 10880, 531.0, 3900, 2400, 142),
(1434.2649729999976, 10881, 531.0, 3900, 2400, 143),
(1434.3063470000052, 10882, 531.0, 3900, 2400, 144),
(1434.3464309999981, 10883, 590.0, 3900, 2400, 145),
(1434.3866019999987, 10884, 531.0, 3900, 2400, 146),
(1434.426695999995, 10885, 283.0, 3900, 2400, 147),
(1434.4720830000006, 10886, 531.0, 3900, 2400, 148),
(1434.521762999997, 10887, 531.0, 3900, 2400, 149),
(1434.5773900000058, 10888, 283.0, 3900, 2400, 150),
(1434.6871059999976, 10890, 531.0, 3900, 2400, 152),
(1434.7374509999936, 10891, 531.0, 3900, 2800, 112),
(1434.7857829999994, 10892, 531.0, 3900, 2800, 113),
(1434.8408619999973, 10893, 528.0, 3900, 2800, 114),
(1434.959038999994, 10895, 531.0, 3900, 2800, 116),
(1435.0675009999977, 10897, 531.0, 3900, 2800, 118),
(1435.1141320000024, 10898, 530.0, 3900, 2800, 119),
(1435.1584259999945, 10899, 531.0, 3900, 2800, 120),
(1435.2100199999986, 10900, 531.0, 3900, 2800, 121),
(1435.2592000000004, 10901, 531.0, 3900, 2800, 122),
(1435.3686290000041, 10903, 531.0, 3900, 2800, 124),
(1435.480825000006, 10905, 531.0, 3900, 2800, 126),
(1435.521603999994, 10906, 531.0, 3900, 2800, 127),
(1435.5715939999936, 10907, 528.0, 3900, 2800, 128),
(1435.6791229999944, 10909, 531.0, 3900, 2800, 130),
(1435.7947920000006, 10911, 531.0, 3900, 2800, 132),
(1435.916836000004, 10913, 531.0, 3900, 2800, 134),
(1435.9658469999995, 10914, 531.0, 3900, 2800, 135),
(1436.0219300000026, 10915, 531.0, 3900, 2800, 136),
(1436.0637060000008, 10916, 283.0, 3900, 2800, 137),
(1436.1179450000054, 10917, 531.0, 3900, 2800, 138),
(1436.167419999998, 10918, 531.0, 3900, 2800, 139),
(1436.2101870000042, 10919, 596.0, 3900, 2800, 140),
(1436.3274729999976, 10921, 531.0, 3900, 2800, 142),
(1436.3744489999954, 10922, 531.0, 3900, 2800, 143),
(1436.4219690000027, 10923, 531.0, 3900, 2800, 144),
(1436.4724419999984, 10924, 590.0, 3900, 2800, 145),
(1436.5225659999996, 10925, 531.0, 3900, 2800, 146),
(1436.5708129999985, 10926, 283.0, 3900, 2800, 147),
(1436.6180420000019, 10927, 531.0, 3900, 2800, 148),
(1436.6685399999988, 10928, 531.0, 3900, 2800, 149),
(1436.7105210000009, 10929, 283.0, 3900, 2800, 150),
(1436.812512000004, 10931, 531.0, 3900, 2800, 152),
(1436.8658140000043, 10932, 531.0, 3900, 2800, 113),
(1436.907189999998, 10933, 528.0, 3900, 2800, 114),
(1437.0216099999961, 10935, 531.0, 3900, 2800, 116),
(1437.1294219999982, 10937, 531.0, 3900, 2800, 118),
(1437.174543000001, 10938, 530.0, 3900, 2800, 119),
(1437.2166219999926, 10939, 531.0, 3900, 2800, 120),
(1437.265155000001, 10940, 531.0, 3900, 2800, 121),
(1437.3103969999938, 10941, 531.0, 3900, 2800, 122),
(1437.4176230000012, 10943, 531.0, 3900, 2800, 124),
(1437.5286840000044, 10945, 531.0, 3900, 2800, 126),
(1437.5789890000015, 10946, 531.0, 3900, 2800, 127),
(1437.623225999996, 10947, 528.0, 3900, 2800, 128),
(1437.7386960000003, 10949, 531.0, 3900, 2800, 130),
(1437.8579230000032, 10951, 531.0, 3900, 2800, 132),
(1437.9796659999993, 10953, 531.0, 3900, 2800, 134),
(1438.0276779999986, 10954, 531.0, 3900, 2800, 135),
(1438.0688289999962, 10955, 531.0, 3900, 2800, 136),
(1438.1133629999968, 10956, 283.0, 3900, 2800, 137),
(1438.1664790000068, 10957, 531.0, 3900, 2800, 138),
(1438.2143249999936, 10958, 531.0, 3900, 2800, 139),
(1438.2618950000033, 10959, 596.0, 3900, 2800, 140),
(1438.368822000004, 10961, 531.0, 3900, 2800, 142),
(1438.4162840000063, 10962, 531.0, 3900, 2800, 143),
(1438.4614799999981, 10963, 531.0, 3900, 2800, 144),
(1438.51109, 10964, 590.0, 3900, 2800, 145),
(1438.5621709999978, 10965, 531.0, 3900, 2800, 146),
(1438.607898999995, 10966, 283.0, 3900, 2800, 147),
(1438.6601919999957, 10967, 531.0, 3900, 2800, 148),
(1438.7202749999997, 10968, 531.0, 3900, 2800, 149),
(1438.772656999994, 10969, 283.0, 3900, 2800, 150),
(1438.8839799999987, 10971, 531.0, 3900, 2800, 152),
(1438.9312840000057, 10972, 531.0, 3900, 2800, 113),
(1438.9818930000038, 10973, 528.0, 3900, 2800, 114),
(1439.0920599999954, 10975, 531.0, 3900, 2800, 116),
(1439.2008720000013, 10977, 531.0, 3900, 2800, 118),
(1439.2506509999948, 10978, 530.0, 3900, 2800, 119),
(1439.2958859999926, 10979, 531.0, 3900, 2800, 120),
(1439.3402849999984, 10980, 531.0, 3900, 2800, 121),
(1439.3885770000052, 10981, 531.0, 3900, 2800, 122),
(1439.4964310000069, 10983, 531.0, 3900, 2800, 124),
(1439.6079579999932, 10985, 531.0, 3900, 2800, 126),
(1439.6448649999948, 10986, 531.0, 3900, 2800, 127),
(1439.685897999996, 10987, 528.0, 3900, 2800, 128),
(1439.785990000004, 10989, 531.0, 3900, 2800, 130),
(1439.9074529999925, 10991, 531.0, 3900, 2800, 132),
(1440.025941999993, 10993, 531.0, 3900, 2800, 134),
(1440.068478999994, 10994, 531.0, 3900, 2800, 135),
(1440.118505999999, 10995, 531.0, 3900, 2800, 136),
(1440.1685600000055, 10996, 283.0, 3900, 2800, 137),
(1440.2151989999984, 10997, 531.0, 3900, 2800, 138),
(1440.2599060000066, 10998, 531.0, 3900, 2800, 139),
(1440.3039229999995, 10999, 596.0, 3900, 2800, 140),
(1440.418273999996, 11001, 531.0, 3900, 2800, 142),
(1440.4680939999962, 11002, 531.0, 3900, 2800, 143),
(1440.5201519999973, 11003, 531.0, 3900, 2800, 144),
(1440.5718199999974, 11004, 590.0, 3900, 2800, 145),
(1440.6196400000044, 11005, 531.0, 3900, 2800, 146),
(1440.6715669999976, 11006, 283.0, 3900, 2800, 147),
(1440.7181160000036, 11007, 531.0, 3900, 2800, 148),
(1440.7638020000013, 11008, 531.0, 3900, 2800, 149),
(1440.8080440000049, 11009, 283.0, 3900, 2800, 150),
(1440.9313010000042, 11011, 531.0, 3900, 2800, 152),
(1440.9836090000026, 11012, 531.0, 3900, 3200, 112),
(1441.0387069999997, 11013, 531.0, 3900, 3200, 113),
(1441.0816170000035, 11014, 531.0, 3900, 3200, 114),
(1441.1307369999995, 11015, 531.0, 3900, 3200, 115),
(1441.1811359999992, 11016, 531.0, 3900, 3200, 116),
(1441.2272609999927, 11017, 531.0, 3900, 3200, 117),
(1441.276085999998, 11018, 531.0, 3900, 3200, 118),
(1441.3203639999992, 11019, 531.0, 3900, 3200, 119),
(1441.3636960000003, 11020, 531.0, 3900, 3200, 120),
(1441.4111390000035, 11021, 531.0, 3900, 3200, 121),
(1441.4640579999977, 11022, 531.0, 3900, 3200, 122),
(1441.5088569999934, 11023, 531.0, 3900, 3200, 123),
(1441.5580820000032, 11024, 531.0, 3900, 3200, 124),
(1441.608540000001, 11025, 531.0, 3900, 3200, 125),
(1441.660394000006, 11026, 531.0, 3900, 3200, 126),
(1441.7052519999997, 11027, 531.0, 3900, 3200, 127),
(1441.751636999994, 11028, 531.0, 3900, 3200, 128),
(1441.8029079999978, 11029, 531.0, 3900, 3200, 129),
(1441.8507439999958, 11030, 531.0, 3900, 3200, 130),
(1441.8987259999994, 11031, 531.0, 3900, 3200, 131),
(1441.944617000001, 11032, 531.0, 3900, 3200, 132),
(1441.9947129999928, 11033, 531.0, 3900, 3200, 133),
(1442.036168000006, 11034, 531.0, 3900, 3200, 134),
(1442.0765669999964, 11035, 531.0, 3900, 3200, 135),
(1442.121815999999, 11036, 531.0, 3900, 3200, 136),
(1442.1682069999952, 11037, 531.0, 3900, 3200, 137),
(1442.210103999998, 11038, 531.0, 3900, 3200, 138),
(1442.2574920000043, 11039, 531.0, 3900, 3200, 139),
(1442.2994219999964, 11040, 531.0, 3900, 3200, 140),
(1442.347894999999, 11041, 531.0, 3900, 3200, 141),
(1442.3902369999996, 11042, 531.0, 3900, 3200, 142),
(1442.4304160000029, 11043, 531.0, 3900, 3200, 143),
(1442.4699649999966, 11044, 531.0, 3900, 3200, 144),
(1442.515855000005, 11045, 531.0, 3900, 3200, 145),
(1442.5598610000015, 11046, 531.0, 3900, 3200, 146),
(1442.6088489999966, 11047, 531.0, 3900, 3200, 147),
(1442.657235999999, 11048, 531.0, 3900, 3200, 148),
(1442.7052519999997, 11049, 531.0, 3900, 3200, 149),
(1442.750085000007, 11050, 531.0, 3900, 3200, 150),
(1442.8010510000022, 11051, 531.0, 3900, 3200, 151),
(1442.8439170000056, 11052, 531.0, 3900, 3200, 152),
(1442.8890989999927, 11053, 531.0, 3900, 3200, 113),
(1442.939136999994, 11054, 531.0, 3900, 3200, 114),
(1442.9919320000045, 11055, 531.0, 3900, 3200, 115),
(1443.0380549999973, 11056, 531.0, 3900, 3200, 116),
(1443.0800359999994, 11057, 531.0, 3900, 3200, 117),
(1443.1274910000066, 11058, 531.0, 3900, 3200, 118),
(1443.173855000001, 11059, 531.0, 3900, 3200, 119),
(1443.2172480000008, 11060, 531.0, 3900, 3200, 120),
(1443.2707539999974, 11061, 531.0, 3900, 3200, 121),
(1443.317446000001, 11062, 531.0, 3900, 3200, 122),
(1443.369126000005, 11063, 531.0, 3900, 3200, 123),
(1443.417367999995, 11064, 531.0, 3900, 3200, 124),
(1443.470002999995, 11065, 531.0, 3900, 3200, 125),
(1443.5173039999936, 11066, 531.0, 3900, 3200, 126),
(1443.561824000004, 11067, 531.0, 3900, 3200, 127),
(1443.6090140000015, 11068, 531.0, 3900, 3200, 128),
(1443.6591250000056, 11069, 531.0, 3900, 3200, 129),
(1443.7070160000003, 11070, 531.0, 3900, 3200, 130),
(1443.7501679999987, 11071, 531.0, 3900, 3200, 131),
(1443.8112399999955, 11072, 531.0, 3900, 3200, 132),
(1443.8580809999985, 11073, 531.0, 3900, 3200, 133),
(1443.9089289999974, 11074, 531.0, 3900, 3200, 134),
(1443.957309000005, 11075, 531.0, 3900, 3200, 135),
(1443.999907000005, 11076, 531.0, 3900, 3200, 136),
(1444.0429909999948, 11077, 531.0, 3900, 3200, 137),
(1444.090572000001, 11078, 531.0, 3900, 3200, 138),
(1444.1379149999993, 11079, 531.0, 3900, 3200, 139),
(1444.186023000002, 11080, 531.0, 3900, 3200, 140),
(1444.2367879999947, 11081, 531.0, 3900, 3200, 141),
(1444.2883849999926, 11082, 531.0, 3900, 3200, 142),
(1444.3313159999961, 11083, 531.0, 3900, 3200, 143),
(1444.3864230000036, 11084, 531.0, 3900, 3200, 144),
(1444.439790999997, 11085, 531.0, 3900, 3200, 145),
(1444.4862960000028, 11086, 531.0, 3900, 3200, 146),
(1444.5284419999953, 11087, 531.0, 3900, 3200, 147),
(1444.5868469999987, 11088, 531.0, 3900, 3200, 148),
(1444.635110999996, 11089, 531.0, 3900, 3200, 149),
(1444.6863339999982, 11090, 531.0, 3900, 3200, 150),
(1444.729978000003, 11091, 531.0, 3900, 3200, 151),
(1444.7758440000034, 11092, 531.0, 3900, 3200, 152),
(1444.8161339999933, 11093, 531.0, 3900, 3200, 113),
(1444.862559000001, 11094, 531.0, 3900, 3200, 114),
(1444.908276000002, 11095, 531.0, 3900, 3200, 115),
(1444.956026999993, 11096, 531.0, 3900, 3200, 116),
(1445.0024470000062, 11097, 531.0, 3900, 3200, 117),
(1445.0440539999981, 11098, 531.0, 3900, 3200, 118),
(1445.0886330000067, 11099, 531.0, 3900, 3200, 119),
(1445.1320290000003, 11100, 531.0, 3900, 3200, 120),
(1445.1820290000032, 11101, 531.0, 3900, 3200, 121),
(1445.226781999998, 11102, 531.0, 3900, 3200, 122),
(1445.270955, 11103, 531.0, 3900, 3200, 123),
(1445.3153420000017, 11104, 531.0, 3900, 3200, 124),
(1445.3625210000027, 11105, 531.0, 3900, 3200, 125),
(1445.4109150000004, 11106, 531.0, 3900, 3200, 126),
(1445.4606099999946, 11107, 531.0, 3900, 3200, 127),
(1445.510144999993, 11108, 531.0, 3900, 3200, 128),
(1445.5630200000014, 11109, 531.0, 3900, 3200, 129),
(1445.6034130000044, 11110, 531.0, 3900, 3200, 130),
(1445.656805000006, 11111, 531.0, 3900, 3200, 131),
(1445.7023079999926, 11112, 531.0, 3900, 3200, 132),
(1445.7497779999976, 11113, 531.0, 3900, 3200, 133),
(1445.7929469999945, 11114, 531.0, 3900, 3200, 134),
(1445.8402380000043, 11115, 531.0, 3900, 3200, 135),
(1445.8905579999991, 11116, 531.0, 3900, 3200, 136),
(1445.940300999995, 11117, 531.0, 3900, 3200, 137),
(1445.9869270000054, 11118, 531.0, 3900, 3200, 138),
(1446.028753999999, 11119, 531.0, 3900, 3200, 139),
(1446.0706570000038, 11120, 531.0, 3900, 3200, 140),
(1446.1120629999932, 11121, 531.0, 3900, 3200, 141),
(1446.1588699999993, 11122, 531.0, 3900, 3200, 142),
(1446.2001230000023, 11123, 531.0, 3900, 3200, 143),
(1446.2503120000038, 11124, 531.0, 3900, 3200, 144),
(1446.2950989999954, 11125, 531.0, 3900, 3200, 145),
(1446.3414000000048, 11126, 531.0, 3900, 3200, 146),
(1446.388282, 11127, 531.0, 3900, 3200, 147),
(1446.4355550000037, 11128, 531.0, 3900, 3200, 148),
(1446.4828710000002, 11129, 531.0, 3900, 3200, 149),
(1446.5320019999926, 11130, 531.0, 3900, 3200, 150),
(1446.5824330000032, 11131, 531.0, 3900, 3200, 151),
(1446.630594999995, 11132, 531.0, 3900, 3200, 152),
(1446.6734569999971, 11133, 532.0, 3900, 2200, 112),
(1446.7211510000052, 11134, 532.0, 3900, 2200, 113),
(1446.7621519999957, 11135, 532.0, 3900, 2200, 114),
(1446.8035390000005, 11136, 532.0, 3900, 2200, 115),
(1446.8518110000005, 11137, 532.0, 3900, 2200, 116),
(1446.8955140000035, 11138, 532.0, 3900, 2200, 117),
(1446.9414070000057, 11139, 532.0, 3900, 2200, 118),
(1446.9894639999984, 11140, 532.0, 3900, 2200, 119),
(1447.0325509999966, 11141, 532.0, 3900, 2200, 120),
(1447.0733060000057, 11142, 532.0, 3900, 2200, 121),
(1447.122927000004, 11143, 532.0, 3900, 2200, 122),
(1447.1687620000012, 11144, 532.0, 3900, 2200, 123),
(1447.224384999994, 11145, 532.0, 3900, 2200, 124),
(1447.2715139999927, 11146, 532.0, 3900, 2200, 125),
(1447.3174160000053, 11147, 532.0, 3900, 2200, 126),
(1447.360342, 11148, 532.0, 3900, 2200, 127),
(1447.405064999999, 11149, 532.0, 3900, 2200, 128),
(1447.4573410000012, 11150, 532.0, 3900, 2200, 129),
(1447.5019199999952, 11151, 532.0, 3900, 2200, 130),
(1447.5495260000025, 11152, 532.0, 3900, 2200, 131),
(1447.600007000001, 11153, 532.0, 3900, 2200, 132),
(1447.6505570000008, 11154, 532.0, 3900, 2200, 133),
(1447.6918359999981, 11155, 532.0, 3900, 2200, 134),
(1447.7395260000048, 11156, 532.0, 3900, 2200, 135),
(1447.7808519999962, 11157, 532.0, 3900, 2200, 136),
(1447.8295090000029, 11158, 532.0, 3900, 2200, 137),
(1447.8764609999926, 11159, 532.0, 3900, 2200, 138),
(1447.920306, 11160, 532.0, 3900, 2200, 139),
(1447.9623359999969, 11161, 532.0, 3900, 2200, 140),
(1448.004163000005, 11162, 532.0, 3900, 2200, 141),
(1448.0468319999927, 11163, 532.0, 3900, 2200, 142),
(1448.0854499999987, 11164, 532.0, 3900, 2200, 143),
(1448.1280700000061, 11165, 532.0, 3900, 2200, 144),
(1448.1769239999994, 11166, 532.0, 3900, 2200, 145),
(1448.2217879999953, 11167, 532.0, 3900, 2200, 146),
(1448.2692870000028, 11168, 532.0, 3900, 2200, 147),
(1448.3100700000068, 11169, 532.0, 3900, 2200, 148),
(1448.360725999999, 11170, 532.0, 3900, 2200, 149),
(1448.4099339999957, 11171, 532.0, 3900, 2200, 150),
(1448.4595070000069, 11172, 532.0, 3900, 2200, 151),
(1448.5022699999972, 11173, 532.0, 3900, 2200, 152),
(1448.552389999997, 11174, 532.0, 3900, 2200, 113),
(1448.5983010000054, 11175, 532.0, 3900, 2200, 114),
(1448.6475289999944, 11176, 532.0, 3900, 2200, 115),
(1448.6932470000029, 11177, 532.0, 3900, 2200, 116),
(1448.7420189999975, 11178, 532.0, 3900, 2200, 117),
(1448.7862639999948, 11179, 532.0, 3900, 2200, 118),
(1448.8270029999985, 11180, 532.0, 3900, 2200, 119),
(1448.8784009999945, 11181, 532.0, 3900, 2200, 120),
(1448.9431909999985, 11182, 532.0, 3900, 2200, 121),
(1448.9897689999925, 11183, 532.0, 3900, 2200, 122),
(1449.0354360000056, 11184, 532.0, 3900, 2200, 123),
(1449.076900999993, 11185, 532.0, 3900, 2200, 124),
(1449.1177940000052, 11186, 532.0, 3900, 2200, 125),
(1449.162031999993, 11187, 532.0, 3900, 2200, 126),
(1449.2110879999964, 11188, 532.0, 3900, 2200, 127),
(1449.2653480000008, 11189, 532.0, 3900, 2200, 128),
(1449.3111409999983, 11190, 532.0, 3900, 2200, 129),
(1449.369193000006, 11191, 532.0, 3900, 2200, 130),
(1449.4162919999944, 11192, 532.0, 3900, 2200, 131),
(1449.4597479999939, 11193, 532.0, 3900, 2200, 132),
(1449.5060760000051, 11194, 532.0, 3900, 2200, 133),
(1449.558136000007, 11195, 532.0, 3900, 2200, 134),
(1449.6056260000041, 11196, 532.0, 3900, 2200, 135),
(1449.648853000006, 11197, 532.0, 3900, 2200, 136),
(1449.6893980000023, 11198, 532.0, 3900, 2200, 137),
(1449.7348749999946, 11199, 532.0, 3900, 2200, 138),
(1449.7746069999994, 11200, 532.0, 3900, 2200, 139),
(1449.8210899999976, 11201, 532.0, 3900, 2200, 140),
(1449.8639140000014, 11202, 532.0, 3900, 2200, 141),
(1449.9088889999985, 11203, 532.0, 3900, 2200, 142),
(1449.9497379999957, 11204, 532.0, 3900, 2200, 143),
(1449.9967219999962, 11205, 532.0, 3900, 2200, 144),
(1450.0459430000046, 11206, 532.0, 3900, 2200, 145),
(1450.088361000002, 11207, 532.0, 3900, 2200, 146),
(1450.1321840000019, 11208, 532.0, 3900, 2200, 147),
(1450.1808639999945, 11209, 532.0, 3900, 2200, 148),
(1450.2288229999976, 11210, 532.0, 3900, 2200, 149),
(1450.2813770000066, 11211, 532.0, 3900, 2200, 150),
(1450.3240329999971, 11212, 532.0, 3900, 2200, 151),
(1450.363559999998, 11213, 532.0, 3900, 2200, 152),
(1450.4062010000052, 11214, 532.0, 3900, 2200, 113),
(1450.4468009999982, 11215, 532.0, 3900, 2200, 114),
(1450.4859089999954, 11216, 532.0, 3900, 2200, 115),
(1450.5332979999948, 11217, 532.0, 3900, 2200, 116),
(1450.578229000006, 11218, 532.0, 3900, 2200, 117),
(1450.6256909999938, 11219, 532.0, 3900, 2200, 118),
(1450.6728810000059, 11220, 532.0, 3900, 2200, 119),
(1450.7153799999942, 11221, 532.0, 3900, 2200, 120),
(1450.763797000007, 11222, 532.0, 3900, 2200, 121),
(1450.8126550000015, 11223, 532.0, 3900, 2200, 122),
(1450.8618120000028, 11224, 532.0, 3900, 2200, 123),
(1450.9099200000055, 11225, 532.0, 3900, 2200, 124),
(1450.9522350000043, 11226, 532.0, 3900, 2200, 125),
(1450.9932229999977, 11227, 532.0, 3900, 2200, 126),
(1451.0370129999937, 11228, 532.0, 3900, 2200, 127),
(1451.1137190000009, 11229, 532.0, 3900, 2200, 128),
(1451.1669300000067, 11230, 532.0, 3900, 2200, 129),
(1451.212148999999, 11231, 532.0, 3900, 2200, 130),
(1451.261381000004, 11232, 532.0, 3900, 2200, 131),
(1451.3048169999965, 11233, 532.0, 3900, 2200, 132),
(1451.352859999999, 11234, 532.0, 3900, 2200, 133),
(1451.4029040000023, 11235, 532.0, 3900, 2200, 134),
(1451.4512609999947, 11236, 532.0, 3900, 2200, 135),
(1451.491332000005, 11237, 532.0, 3900, 2200, 136),
(1451.5391939999972, 11238, 532.0, 3900, 2200, 137),
(1451.590670999998, 11239, 532.0, 3900, 2200, 138),
(1451.6303139999945, 11240, 532.0, 3900, 2200, 139),
(1451.7019140000048, 11241, 532.0, 3900, 2200, 140),
(1451.7499189999944, 11242, 532.0, 3900, 2200, 141),
(1451.7997599999944, 11243, 532.0, 3900, 2200, 142),
(1451.8506230000057, 11244, 532.0, 3900, 2200, 143),
(1451.9030679999996, 11245, 532.0, 3900, 2200, 144),
(1451.9640139999974, 11246, 532.0, 3900, 2200, 145),
(1452.0010029999976, 11247, 532.0, 3900, 2200, 146),
(1452.0437399999937, 11248, 532.0, 3900, 2200, 147),
(1452.0859199999977, 11249, 532.0, 3900, 2200, 148),
(1452.1252729999978, 11250, 532.0, 3900, 2200, 149),
(1452.1635130000068, 11251, 532.0, 3900, 2200, 150),
(1452.2075259999983, 11252, 532.0, 3900, 2200, 151),
(1452.2487770000007, 11253, 532.0, 3900, 2200, 152),
(1452.2899319999997, 11254, 531.0, 3900, 2400, 112),
(1452.3297630000015, 11255, 531.0, 3900, 2400, 113),
(1452.369623000006, 11256, 528.0, 3900, 2400, 114),
(1452.4659410000022, 11258, 531.0, 3900, 2400, 116),
(1452.5720690000016, 11260, 531.0, 3900, 2400, 118),
(1452.6181059999944, 11261, 530.0, 3900, 2400, 119),
(1452.6649270000053, 11262, 531.0, 3900, 2400, 120),
(1452.7089759999944, 11263, 531.0, 3900, 2400, 121),
(1452.7580400000006, 11264, 531.0, 3900, 2400, 122),
(1452.8681820000056, 11266, 531.0, 3900, 2400, 124),
(1452.968670000002, 11268, 531.0, 3900, 2400, 126),
(1453.0088079999987, 11269, 531.0, 3900, 2400, 127),
(1453.0486589999928, 11270, 528.0, 3900, 2400, 128),
(1453.1478260000004, 11272, 531.0, 3900, 2400, 130),
(1453.250383000006, 11274, 531.0, 3900, 2400, 132),
(1453.349709999995, 11276, 531.0, 3900, 2400, 134),
(1453.3893569999927, 11277, 531.0, 3900, 2400, 135),
(1453.4284659999976, 11278, 531.0, 3900, 2400, 136),
(1453.472815000001, 11279, 283.0, 3900, 2400, 137),
(1453.5283829999971, 11280, 531.0, 3900, 2400, 138),
(1453.5784949999943, 11281, 531.0, 3900, 2400, 139),
(1453.6306049999985, 11282, 596.0, 3900, 2400, 140),
(1453.7599719999998, 11284, 531.0, 3900, 2400, 142),
(1453.8108139999968, 11285, 531.0, 3900, 2400, 143),
(1453.8670100000018, 11286, 531.0, 3900, 2400, 144),
(1453.9177150000032, 11287, 590.0, 3900, 2400, 145),
(1453.9621559999941, 11288, 531.0, 3900, 2400, 146),
(1454.0266660000052, 11289, 283.0, 3900, 2400, 147),
(1454.0713320000068, 11290, 531.0, 3900, 2400, 148),
(1454.117259999999, 11291, 531.0, 3900, 2400, 149),
(1454.1588090000005, 11292, 283.0, 3900, 2400, 150),
(1454.2747369999997, 11294, 531.0, 3900, 2400, 152),
(1454.3153840000014, 11295, 531.0, 3900, 2400, 113),
(1454.3608899999963, 11296, 528.0, 3900, 2400, 114),
(1454.4812139999995, 11298, 531.0, 3900, 2400, 116),
(1454.5998749999999, 11300, 531.0, 3900, 2400, 118),
(1454.6456319999998, 11301, 530.0, 3900, 2400, 119),
(1454.691850999996, 11302, 531.0, 3900, 2400, 120),
(1454.7422689999948, 11303, 531.0, 3900, 2400, 121),
(1454.7908860000025, 11304, 531.0, 3900, 2400, 122),
(1454.9200629999978, 11306, 531.0, 3900, 2400, 124),
(1455.0325630000007, 11308, 531.0, 3900, 2400, 126),
(1455.0701129999943, 11309, 531.0, 3900, 2400, 127),
(1455.1170310000016, 11310, 528.0, 3900, 2400, 128),
(1455.232176000005, 11312, 531.0, 3900, 2400, 130),
(1455.3396559999965, 11314, 531.0, 3900, 2400, 132),
(1455.459170000002, 11316, 531.0, 3900, 2400, 134),
(1455.5067920000001, 11317, 531.0, 3900, 2400, 135),
(1455.5475270000024, 11318, 531.0, 3900, 2400, 136),
(1455.5905579999962, 11319, 283.0, 3900, 2400, 137),
(1455.6282820000051, 11320, 531.0, 3900, 2400, 138),
(1455.6697600000043, 11321, 531.0, 3900, 2400, 139),
(1455.7193949999928, 11322, 596.0, 3900, 2400, 140),
(1455.8382689999999, 11324, 531.0, 3900, 2400, 142),
(1455.8867860000028, 11325, 531.0, 3900, 2400, 143),
(1455.9382719999994, 11326, 531.0, 3900, 2400, 144),
(1455.983321000007, 11327, 590.0, 3900, 2400, 145),
(1456.0310679999966, 11328, 531.0, 3900, 2400, 146),
(1456.0692080000008, 11329, 283.0, 3900, 2400, 147),
(1456.1121259999927, 11330, 531.0, 3900, 2400, 148),
(1456.1586700000043, 11331, 531.0, 3900, 2400, 149),
(1456.2119450000027, 11332, 283.0, 3900, 2400, 150),
(1456.3217869999935, 11334, 531.0, 3900, 2400, 152),
(1456.3650650000054, 11335, 531.0, 3900, 2400, 113),
(1456.418650000007, 11336, 528.0, 3900, 2400, 114),
(1456.5395209999988, 11338, 531.0, 3900, 2400, 116),
(1456.656031999999, 11340, 531.0, 3900, 2400, 118),
(1456.6960950000066, 11341, 530.0, 3900, 2400, 119),
(1456.7370159999991, 11342, 531.0, 3900, 2400, 120),
(1456.778548999995, 11343, 531.0, 3900, 2400, 121),
(1456.8200760000036, 11344, 531.0, 3900, 2400, 122),
(1456.9276660000032, 11346, 531.0, 3900, 2400, 124),
(1457.0278499999986, 11348, 531.0, 3900, 2400, 126),
(1457.0661640000035, 11349, 531.0, 3900, 2400, 127),
(1457.1087299999926, 11350, 528.0, 3900, 2400, 128),
(1457.2098839999962, 11352, 531.0, 3900, 2400, 130),
(1457.3221800000028, 11354, 531.0, 3900, 2400, 132),
(1457.4236300000048, 11356, 531.0, 3900, 2400, 134),
(1457.465458000006, 11357, 531.0, 3900, 2400, 135),
(1457.5101209999993, 11358, 531.0, 3900, 2400, 136),
(1457.5626449999982, 11359, 283.0, 3900, 2400, 137),
(1457.6040199999989, 11360, 531.0, 3900, 2400, 138),
(1457.645252000002, 11361, 531.0, 3900, 2400, 139),
(1457.6863389999926, 11362, 596.0, 3900, 2400, 140),
(1457.7906070000026, 11364, 531.0, 3900, 2400, 142),
(1457.8311039999971, 11365, 531.0, 3900, 2400, 143),
(1457.8720020000037, 11366, 531.0, 3900, 2400, 144),
(1457.9163879999978, 11367, 593.0, 3900, 2400, 145),
(1457.955363999994, 11368, 531.0, 3900, 2400, 146),
(1457.9956390000007, 11369, 283.0, 3900, 2400, 147),
(1458.039214000004, 11370, 531.0, 3900, 2400, 148),
(1458.0806540000049, 11371, 531.0, 3900, 2400, 149),
(1458.1211679999979, 11372, 283.0, 3900, 2400, 150),
(1458.2221379999974, 11374, 531.0, 3900, 2400, 152),
(1458.2669670000032, 11375, 531.0, 3900, 2600, 112),
(1458.3091030000069, 11376, 531.0, 3900, 2600, 113),
(1458.3491070000018, 11377, 528.0, 3900, 2600, 114),
(1458.4497640000045, 11379, 531.0, 3900, 2600, 116),
(1458.558090000006, 11381, 531.0, 3900, 2600, 118),
(1458.6057440000004, 11382, 530.0, 3900, 2600, 119),
(1458.6474599999929, 11383, 531.0, 3900, 2600, 120),
(1458.6926720000047, 11384, 531.0, 3900, 2600, 121),
(1458.7471760000044, 11385, 531.0, 3900, 2600, 122),
(1458.849986000001, 11387, 531.0, 3900, 2600, 124),
(1458.9499229999929, 11389, 531.0, 3900, 2600, 126),
(1459.0002280000044, 11390, 531.0, 3900, 2600, 127),
(1459.0438270000013, 11391, 528.0, 3900, 2600, 128),
(1459.1494729999977, 11393, 531.0, 3900, 2600, 130),
(1459.2510290000064, 11395, 531.0, 3900, 2600, 132),
(1459.3530920000048, 11397, 531.0, 3900, 2600, 134),
(1459.4049899999955, 11398, 531.0, 3900, 2600, 135),
(1459.447847000003, 11399, 531.0, 3900, 2600, 136),
(1459.5015790000034, 11400, 283.0, 3900, 2600, 137),
(1459.5429250000016, 11401, 531.0, 3900, 2600, 138),
(1459.5873629999987, 11402, 531.0, 3900, 2600, 139),
(1459.634011999995, 11403, 596.0, 3900, 2600, 140),
(1459.7329129999998, 11405, 531.0, 3900, 2600, 142),
(1459.7778819999949, 11406, 531.0, 3900, 2600, 143),
(1459.819822000005, 11407, 531.0, 3900, 2600, 144),
(1459.8614309999975, 11408, 590.0, 3900, 2600, 145),
(1459.9028109999927, 11409, 531.0, 3900, 2600, 146),
(1459.9440990000003, 11410, 283.0, 3900, 2600, 147),
(1459.9829409999948, 11411, 531.0, 3900, 2600, 148),
(1460.0262159999984, 11412, 531.0, 3900, 2600, 149),
(1460.0705339999986, 11413, 283.0, 3900, 2600, 150),
(1460.1689789999946, 11415, 531.0, 3900, 2600, 152),
(1460.210202000002, 11416, 531.0, 3900, 2600, 113),
(1460.2516619999951, 11417, 528.0, 3900, 2600, 114),
(1460.374112999998, 11419, 531.0, 3900, 2600, 116),
(1460.5035360000038, 11421, 531.0, 3900, 2600, 118),
(1460.5525469999993, 11422, 530.0, 3900, 2600, 119),
(1460.602715000001, 11423, 531.0, 3900, 2600, 120),
(1460.647339999996, 11424, 531.0, 3900, 2600, 121),
(1460.6870210000052, 11425, 531.0, 3900, 2600, 122),
(1460.7975880000013, 11427, 531.0, 3900, 2600, 124),
(1460.8964500000002, 11429, 531.0, 3900, 2600, 126),
(1460.9374289999978, 11430, 531.0, 3900, 2600, 127),
(1460.9765869999974, 11431, 528.0, 3900, 2600, 128),
(1461.086077, 11433, 531.0, 3900, 2600, 130),
(1461.2156169999944, 11435, 531.0, 3900, 2600, 132),
(1461.3326349999988, 11437, 531.0, 3900, 2600, 134),
(1461.377397999997, 11438, 531.0, 3900, 2600, 135),
(1461.421616000007, 11439, 531.0, 3900, 2600, 136),
(1461.4682579999935, 11440, 283.0, 3900, 2600, 137),
(1461.5192769999994, 11441, 531.0, 3900, 2600, 138),
(1461.5662690000026, 11442, 531.0, 3900, 2600, 139),
(1461.6175430000003, 11443, 596.0, 3900, 2600, 140),
(1461.7459050000034, 11445, 531.0, 3900, 2600, 142),
(1461.7916969999933, 11446, 531.0, 3900, 2600, 143),
(1461.8413209999999, 11447, 531.0, 3900, 2600, 144),
(1461.8907429999963, 11448, 590.0, 3900, 2600, 145),
(1461.938043999995, 11449, 531.0, 3900, 2600, 146),
(1461.9816109999956, 11450, 283.0, 3900, 2600, 147),
(1462.029422000007, 11451, 531.0, 3900, 2600, 148),
(1462.0736400000023, 11452, 531.0, 3900, 2600, 149),
(1462.1178919999948, 11453, 283.0, 3900, 2600, 150),
(1462.2471459999942, 11455, 531.0, 3900, 2600, 152),
(1462.2928589999938, 11456, 531.0, 3900, 2600, 113),
(1462.3413940000028, 11457, 528.0, 3900, 2600, 114),
(1462.437506000002, 11459, 531.0, 3900, 2600, 116),
(1462.5435049999942, 11461, 531.0, 3900, 2600, 118),
(1462.5901259999955, 11462, 530.0, 3900, 2600, 119),
(1462.6304570000066, 11463, 531.0, 3900, 2600, 120),
(1462.6714999999967, 11464, 531.0, 3900, 2600, 121),
(1462.7108969999972, 11465, 531.0, 3900, 2600, 122),
(1462.8288570000004, 11467, 531.0, 3900, 2600, 124),
(1462.9480949999997, 11469, 531.0, 3900, 2600, 126),
(1462.989155999996, 11470, 531.0, 3900, 2600, 127),
(1463.0315209999972, 11471, 528.0, 3900, 2600, 128),
(1463.1356559999986, 11473, 531.0, 3900, 2600, 130),
(1463.234633999993, 11475, 531.0, 3900, 2600, 132),
(1463.3338249999942, 11477, 531.0, 3900, 2600, 134),
(1463.376707000003, 11478, 531.0, 3900, 2600, 135),
(1463.4168470000004, 11479, 531.0, 3900, 2600, 136),
(1463.4549200000038, 11480, 283.0, 3900, 2600, 137),
(1463.5001239999983, 11481, 531.0, 3900, 2600, 138),
(1463.5383449999936, 11482, 531.0, 3900, 2600, 139),
(1463.5804289999942, 11483, 596.0, 3900, 2600, 140),
(1463.6869429999933, 11485, 531.0, 3900, 2600, 142),
(1463.7285490000068, 11486, 531.0, 3900, 2600, 143),
(1463.7700299999997, 11487, 531.0, 3900, 2600, 144),
(1463.8125160000054, 11488, 590.0, 3900, 2600, 145),
(1463.852561000007, 11489, 531.0, 3900, 2600, 146),
(1463.8915689999994, 11490, 283.0, 3900, 2600, 147),
(1463.9321449999989, 11491, 531.0, 3900, 2600, 148),
(1463.970834000007, 11492, 531.0, 3900, 2600, 149),
(1464.012434999997, 11493, 283.0, 3900, 2600, 150),
(1464.1142149999941, 11495, 531.0, 3900, 2600, 152),
(1464.1611669999984, 11496, 531.0, 3900, 2800, 112),
(1464.2066670000058, 11497, 531.0, 3900, 2800, 113),
(1464.2464020000043, 11498, 528.0, 3900, 2800, 114),
(1464.351020999995, 11500, 531.0, 3900, 2800, 116),
(1464.4552589999948, 11502, 531.0, 3900, 2800, 118),
(1464.499926000004, 11503, 530.0, 3900, 2800, 119),
(1464.5419399999955, 11504, 531.0, 3900, 2800, 120),
(1464.585607000001, 11505, 531.0, 3900, 2800, 121),
(1464.6252729999978, 11506, 531.0, 3900, 2800, 122),
(1464.7290159999975, 11508, 531.0, 3900, 2800, 124),
(1464.8305830000027, 11510, 531.0, 3900, 2800, 126),
(1464.870538999996, 11511, 531.0, 3900, 2800, 127),
(1464.9118170000002, 11512, 528.0, 3900, 2800, 128),
(1465.020227999994, 11514, 531.0, 3900, 2800, 130),
(1465.1277299999929, 11516, 531.0, 3900, 2800, 132),
(1465.2349140000006, 11518, 531.0, 3900, 2800, 134),
(1465.2733790000057, 11519, 531.0, 3900, 2800, 135),
(1465.3145079999958, 11520, 531.0, 3900, 2800, 136),
(1465.3576599999942, 11521, 283.0, 3900, 2800, 137),
(1465.3963419999927, 11522, 531.0, 3900, 2800, 138),
(1465.4469649999955, 11523, 531.0, 3900, 2800, 139),
(1465.4965519999969, 11524, 596.0, 3900, 2800, 140),
(1465.6221400000068, 11526, 531.0, 3900, 2800, 142),
(1465.6701579999935, 11527, 531.0, 3900, 2800, 143),
(1465.7124380000023, 11528, 531.0, 3900, 2800, 144),
(1465.7564209999982, 11529, 590.0, 3900, 2800, 145),
(1465.7937220000022, 11530, 531.0, 3900, 2800, 146),
(1465.8387070000026, 11531, 283.0, 3900, 2800, 147),
(1465.8827040000033, 11532, 531.0, 3900, 2800, 148),
(1465.9272320000018, 11533, 531.0, 3900, 2800, 149),
(1465.9804839999997, 11534, 283.0, 3900, 2800, 150),
(1466.0907670000015, 11536, 531.0, 3900, 2800, 152),
(1466.1446480000013, 11537, 531.0, 3900, 2800, 113),
(1466.1894679999969, 11538, 528.0, 3900, 2800, 114),
(1466.2995170000067, 11540, 531.0, 3900, 2800, 116),
(1466.4203299999936, 11542, 531.0, 3900, 2800, 118),
(1466.4721759999957, 11543, 530.0, 3900, 2800, 119),
(1466.5227650000015, 11544, 531.0, 3900, 2800, 120),
(1466.5744980000018, 11545, 531.0, 3900, 2800, 121),
(1466.624179999999, 11546, 531.0, 3900, 2800, 122),
(1466.7429910000064, 11548, 531.0, 3900, 2800, 124),
(1466.86146, 11550, 531.0, 3900, 2800, 126),
(1466.909989000007, 11551, 531.0, 3900, 2800, 127),
(1466.9594309999957, 11552, 528.0, 3900, 2800, 128),
(1467.0722709999973, 11554, 531.0, 3900, 2800, 130),
(1467.183321000004, 11556, 531.0, 3900, 2800, 132),
(1467.3081689999963, 11558, 531.0, 3900, 2800, 134),
(1467.3557029999938, 11559, 531.0, 3900, 2800, 135),
(1467.405369, 11560, 531.0, 3900, 2800, 136),
(1467.4506240000046, 11561, 283.0, 3900, 2800, 137),
(1467.495808000007, 11562, 531.0, 3900, 2800, 138),
(1467.537611000007, 11563, 531.0, 3900, 2800, 139),
(1467.5860280000052, 11564, 596.0, 3900, 2800, 140),
(1467.7094329999964, 11566, 531.0, 3900, 2800, 142),
(1467.751741999993, 11567, 531.0, 3900, 2800, 143),
(1467.7985409999965, 11568, 531.0, 3900, 2800, 144),
(1467.8671199999953, 11569, 590.0, 3900, 2800, 145),
(1467.9030610000045, 11570, 531.0, 3900, 2800, 146),
(1467.9419579999958, 11571, 283.0, 3900, 2800, 147),
(1467.9816430000064, 11572, 531.0, 3900, 2800, 148),
(1468.0242160000053, 11573, 531.0, 3900, 2800, 149),
(1468.0672499999928, 11574, 283.0, 3900, 2800, 150),
(1468.1642830000055, 11576, 531.0, 3900, 2800, 152),
(1468.2112349999952, 11577, 531.0, 3900, 2800, 113),
(1468.249941999995, 11578, 528.0, 3900, 2800, 114),
(1468.3498169999948, 11580, 531.0, 3900, 2800, 116),
(1468.461421999993, 11582, 531.0, 3900, 2800, 118),
(1468.5106550000055, 11583, 530.0, 3900, 2800, 119),
(1468.5768729999982, 11584, 531.0, 3900, 2800, 120),
(1468.6159939999925, 11585, 531.0, 3900, 2800, 121),
(1468.659903000007, 11586, 531.0, 3900, 2800, 122),
(1468.7801270000055, 11588, 531.0, 3900, 2800, 124),
(1468.898159999997, 11590, 531.0, 3900, 2800, 126),
(1468.9426280000043, 11591, 531.0, 3900, 2800, 127),
(1468.990009000001, 11592, 528.0, 3900, 2800, 128),
(1469.0969080000068, 11594, 531.0, 3900, 2800, 130),
(1469.2194350000063, 11596, 531.0, 3900, 2800, 132),
(1469.329521000007, 11598, 531.0, 3900, 2800, 134),
(1469.3676279999927, 11599, 531.0, 3900, 2800, 135),
(1469.406409000003, 11600, 531.0, 3900, 2800, 136),
(1469.4456689999934, 11601, 283.0, 3900, 2800, 137),
(1469.4851849999977, 11602, 531.0, 3900, 2800, 138),
(1469.528462999995, 11603, 531.0, 3900, 2800, 139),
(1469.569518999997, 11604, 596.0, 3900, 2800, 140),
(1469.667413999996, 11606, 531.0, 3900, 2800, 142),
(1469.7117609999987, 11607, 531.0, 3900, 2800, 143),
(1469.756315000006, 11608, 531.0, 3900, 2800, 144),
(1469.8040579999943, 11609, 590.0, 3900, 2800, 145),
(1469.843590000004, 11610, 531.0, 3900, 2800, 146),
(1469.8834009999991, 11611, 283.0, 3900, 2800, 147),
(1469.9269110000023, 11612, 531.0, 3900, 2800, 148),
(1469.9645829999936, 11613, 531.0, 3900, 2800, 149),
(1470.0052730000025, 11614, 283.0, 3900, 2800, 150),
(1470.0967810000002, 11616, 531.0, 3900, 2800, 152),
(1470.1377959999954, 11617, 531.0, 3900, 3000, 112),
(1470.1797340000048, 11618, 531.0, 3900, 3000, 113),
(1470.2209290000028, 11619, 531.0, 3900, 3000, 114),
(1470.3284600000043, 11621, 531.0, 3900, 3000, 116),
(1470.3697649999958, 11622, 531.0, 3900, 3000, 117),
(1470.4091789999948, 11623, 531.0, 3900, 3000, 118),
(1470.4470900000015, 11624, 531.0, 3900, 3000, 119),
(1470.4860069999995, 11625, 531.0, 3900, 3000, 120),
(1470.5410030000057, 11626, 531.0, 3900, 3000, 121),
(1470.5872209999943, 11627, 531.0, 3900, 3000, 122),
(1470.6264859999937, 11628, 531.0, 3900, 3000, 123),
(1470.668749999997, 11629, 531.0, 3900, 3000, 124),
(1470.7070810000005, 11630, 531.0, 3900, 3000, 125),
(1470.7598049999942, 11631, 531.0, 3900, 3000, 126),
(1470.7976179999969, 11632, 531.0, 3900, 3000, 127),
(1470.8370670000004, 11633, 531.0, 3900, 3000, 128),
(1470.9496689999942, 11635, 531.0, 3900, 3000, 130),
(1470.9914819999976, 11636, 531.0, 3900, 3000, 131),
(1471.0422950000066, 11637, 531.0, 3900, 3000, 132),
(1471.0880590000015, 11638, 531.0, 3900, 3000, 133),
(1471.1303279999993, 11639, 531.0, 3900, 3000, 134),
(1471.1854420000018, 11640, 531.0, 3900, 3000, 135),
(1471.228111000004, 11641, 531.0, 3900, 3000, 136),
(1471.2666199999949, 11642, 531.0, 3900, 3000, 137),
(1471.3031230000051, 11643, 531.0, 3900, 3000, 138),
(1471.3417539999937, 11644, 531.0, 3900, 3000, 139),
(1471.3807030000025, 11645, 531.0, 3900, 3000, 140),
(1471.4184830000013, 11646, 531.0, 3900, 3000, 141),
(1471.4620529999956, 11647, 531.0, 3900, 3000, 142),
(1471.5093729999935, 11648, 531.0, 3900, 3000, 143),
(1471.5518029999948, 11649, 531.0, 3900, 3000, 144),
(1471.5979919999954, 11650, 531.0, 3900, 3000, 145),
(1471.6395489999995, 11651, 531.0, 3900, 3000, 146),
(1471.682077000005, 11652, 531.0, 3900, 3000, 147),
(1471.722769999993, 11653, 531.0, 3900, 3000, 148),
(1471.7690390000062, 11654, 531.0, 3900, 3000, 149),
(1471.8322900000057, 11655, 531.0, 3900, 3000, 150),
(1471.8955049999931, 11656, 531.0, 3900, 3000, 151),
(1471.9316099999996, 11657, 531.0, 3900, 3000, 152),
(1471.9714680000034, 11658, 531.0, 3900, 3000, 113),
(1472.0118550000043, 11659, 531.0, 3900, 3000, 114),
(1472.1171579999937, 11661, 531.0, 3900, 3000, 116),
(1472.16158, 11662, 531.0, 3900, 3000, 117),
(1472.2004659999948, 11663, 531.0, 3900, 3000, 118),
(1472.2389649999968, 11664, 531.0, 3900, 3000, 119),
(1472.2837969999964, 11665, 531.0, 3900, 3000, 120),
(1472.3290500000003, 11666, 531.0, 3900, 3000, 121),
(1472.3840159999963, 11667, 531.0, 3900, 3000, 122),
(1472.435003000006, 11668, 531.0, 3900, 3000, 123),
(1472.4804129999975, 11669, 531.0, 3900, 3000, 124),
(1472.5301429999963, 11670, 531.0, 3900, 3000, 125),
(1472.5714359999984, 11671, 531.0, 3900, 3000, 126),
(1472.6122040000046, 11672, 531.0, 3900, 3000, 127),
(1472.6567030000006, 11673, 531.0, 3900, 3000, 128),
(1472.7672560000065, 11675, 531.0, 3900, 3000, 130),
(1472.8081539999985, 11676, 531.0, 3900, 3000, 131),
(1472.8505149999983, 11677, 531.0, 3900, 3000, 132),
(1472.8965719999978, 11678, 531.0, 3900, 3000, 133),
(1472.9444229999935, 11679, 531.0, 3900, 3000, 134),
(1472.9959150000068, 11680, 531.0, 3900, 3000, 135),
(1473.0341340000014, 11681, 531.0, 3900, 3000, 136),
(1473.0740220000007, 11682, 531.0, 3900, 3000, 137),
(1473.1156880000053, 11683, 531.0, 3900, 3000, 138),
(1473.1606940000056, 11684, 531.0, 3900, 3000, 139),
(1473.2088300000032, 11685, 531.0, 3900, 3000, 140),
(1473.2478529999935, 11686, 531.0, 3900, 3000, 141),
(1473.2872260000004, 11687, 531.0, 3900, 3000, 142),
(1473.330243000004, 11688, 531.0, 3900, 3000, 143),
(1473.3721570000052, 11689, 531.0, 3900, 3000, 144),
(1473.4116030000005, 11690, 531.0, 3900, 3000, 145),
(1473.4528010000067, 11691, 531.0, 3900, 3000, 146),
(1473.4979120000062, 11692, 531.0, 3900, 3000, 147),
(1473.5382209999952, 11693, 531.0, 3900, 3000, 148),
(1473.5799039999984, 11694, 531.0, 3900, 3000, 149),
(1473.6181429999997, 11695, 531.0, 3900, 3000, 150),
(1473.6605140000029, 11696, 531.0, 3900, 3000, 151),
(1473.6999919999944, 11697, 531.0, 3900, 3000, 152),
(1473.740697000001, 11698, 531.0, 3900, 3000, 113),
(1473.7935739999957, 11699, 531.0, 3900, 3000, 114),
(1473.9108039999992, 11701, 531.0, 3900, 3000, 116),
(1473.9595529999933, 11702, 531.0, 3900, 3000, 117),
(1474.0075490000017, 11703, 531.0, 3900, 3000, 118),
(1474.046908999997, 11704, 531.0, 3900, 3000, 119),
(1474.0865849999973, 11705, 531.0, 3900, 3000, 120),
(1474.129157999996, 11706, 531.0, 3900, 3000, 121),
(1474.1665639999992, 11707, 531.0, 3900, 3000, 122),
(1474.206674999994, 11708, 531.0, 3900, 3000, 123),
(1474.246662000005, 11709, 531.0, 3900, 3000, 124),
(1474.2880580000055, 11710, 531.0, 3900, 3000, 125),
(1474.3299220000044, 11711, 531.0, 3900, 3000, 126),
(1474.377582999994, 11712, 531.0, 3900, 3000, 127),
(1474.4165899999934, 11713, 531.0, 3900, 3000, 128),
(1474.5177180000028, 11715, 531.0, 3900, 3000, 130),
(1474.5606470000057, 11716, 531.0, 3900, 3000, 131),
(1474.6069830000051, 11717, 531.0, 3900, 3000, 132),
(1474.657978000003, 11718, 531.0, 3900, 3000, 133),
(1474.7040500000003, 11719, 531.0, 3900, 3000, 134),
(1474.7633570000035, 11720, 531.0, 3900, 3000, 135),
(1474.8029740000056, 11721, 531.0, 3900, 3000, 136),
(1474.851542000004, 11722, 531.0, 3900, 3000, 137),
(1474.9035379999987, 11723, 531.0, 3900, 3000, 138),
(1474.953257000001, 11724, 531.0, 3900, 3000, 139),
(1475.007190999997, 11725, 531.0, 3900, 3000, 140),
(1475.0474260000046, 11726, 531.0, 3900, 3000, 141),
(1475.0958950000058, 11727, 531.0, 3900, 3000, 142),
(1475.1396249999962, 11728, 531.0, 3900, 3000, 143),
(1475.1890209999983, 11729, 531.0, 3900, 3000, 144),
(1475.2351009999984, 11730, 531.0, 3900, 3000, 145),
(1475.282705000005, 11731, 531.0, 3900, 3000, 146),
(1475.3292890000012, 11732, 531.0, 3900, 3000, 147),
(1475.3807839999936, 11733, 531.0, 3900, 3000, 148),
(1475.423066999996, 11734, 531.0, 3900, 3000, 149),
(1475.4728380000015, 11735, 531.0, 3900, 3000, 150),
(1475.5235269999976, 11736, 531.0, 3900, 3000, 151),
(1475.569862999997, 11737, 531.0, 3900, 3000, 152),
(1475.6197799999936, 11738, 531.0, 3900, 3200, 112),
(1475.669022999995, 11739, 531.0, 3900, 3200, 113),
(1475.718968999994, 11740, 531.0, 3900, 3200, 114),
(1475.770000000004, 11741, 531.0, 3900, 3200, 115),
(1475.8161959999998, 11742, 531.0, 3900, 3200, 116),
(1475.8625900000043, 11743, 531.0, 3900, 3200, 117),
(1475.899522000007, 11744, 531.0, 3900, 3200, 118),
(1475.9376920000068, 11745, 531.0, 3900, 3200, 119),
(1475.9871439999988, 11746, 531.0, 3900, 3200, 120),
(1476.0344690000056, 11747, 531.0, 3900, 3200, 121),
(1476.072079999998, 11748, 531.0, 3900, 3200, 122),
(1476.1121500000008, 11749, 531.0, 3900, 3200, 123),
(1476.1577010000037, 11750, 531.0, 3900, 3200, 124),
(1476.208866999994, 11751, 531.0, 3900, 3200, 125),
(1476.252152999994, 11752, 531.0, 3900, 3200, 126),
(1476.302463999993, 11753, 531.0, 3900, 3200, 127),
(1476.3503590000037, 11754, 531.0, 3900, 3200, 128),
(1476.4056739999942, 11755, 531.0, 3900, 3200, 129),
(1476.459898000001, 11756, 531.0, 3900, 3200, 130),
(1476.5037480000028, 11757, 531.0, 3900, 3200, 131),
(1476.5617119999952, 11758, 531.0, 3900, 3200, 132),
(1476.606553000005, 11759, 531.0, 3900, 3200, 133),
(1476.6479609999951, 11760, 531.0, 3900, 3200, 134),
(1476.6956199999986, 11761, 531.0, 3900, 3200, 135),
(1476.739803999997, 11762, 531.0, 3900, 3200, 136),
(1476.779699000006, 11763, 531.0, 3900, 3200, 137),
(1476.8193179999944, 11764, 531.0, 3900, 3200, 138),
(1476.8605119999993, 11765, 531.0, 3900, 3200, 139),
(1476.9006599999993, 11766, 531.0, 3900, 3200, 140),
(1476.939419000002, 11767, 531.0, 3900, 3200, 141),
(1476.980383000002, 11768, 531.0, 3900, 3200, 142),
(1477.0212880000036, 11769, 531.0, 3900, 3200, 143),
(1477.064652999994, 11770, 531.0, 3900, 3200, 144),
(1477.104926999993, 11771, 531.0, 3900, 3200, 145),
(1477.1475689999934, 11772, 531.0, 3900, 3200, 146),
(1477.1884969999956, 11773, 531.0, 3900, 3200, 147),
(1477.2294479999982, 11774, 531.0, 3900, 3200, 148),
(1477.2838000000047, 11775, 531.0, 3900, 3200, 149),
(1477.3222079999978, 11776, 531.0, 3900, 3200, 150),
(1477.3760949999996, 11777, 531.0, 3900, 3200, 151),
(1477.4158069999976, 11778, 531.0, 3900, 3200, 152),
(1477.4541820000013, 11779, 531.0, 3900, 3200, 113),
(1477.4981969999935, 11780, 531.0, 3900, 3200, 114),
(1477.5399789999938, 11781, 531.0, 3900, 3200, 115),
(1477.585355999996, 11782, 531.0, 3900, 3200, 116),
(1477.634149999998, 11783, 531.0, 3900, 3200, 117),
(1477.6878810000053, 11784, 531.0, 3900, 3200, 118),
(1477.7343799999944, 11785, 531.0, 3900, 3200, 119),
(1477.779622999995, 11786, 531.0, 3900, 3200, 120),
(1477.8278290000017, 11787, 531.0, 3900, 3200, 121),
(1477.8695330000046, 11788, 531.0, 3900, 3200, 122),
(1477.921067999996, 11789, 531.0, 3900, 3200, 123),
(1477.963717999999, 11790, 531.0, 3900, 3200, 124),
(1478.0072409999993, 11791, 531.0, 3900, 3200, 125),
(1478.050654000006, 11792, 531.0, 3900, 3200, 126),
(1478.104772000006, 11793, 531.0, 3900, 3200, 127),
(1478.1420539999963, 11794, 531.0, 3900, 3200, 128),
(1478.1898329999967, 11795, 531.0, 3900, 3200, 129),
(1478.229846000002, 11796, 531.0, 3900, 3200, 130),
(1478.2713559999975, 11797, 531.0, 3900, 3200, 131),
(1478.308560000005, 11798, 531.0, 3900, 3200, 132),
(1478.3465290000022, 11799, 531.0, 3900, 3200, 133),
(1478.3838669999968, 11800, 531.0, 3900, 3200, 134),
(1478.4273149999935, 11801, 531.0, 3900, 3200, 135),
(1478.4698119999957, 11802, 531.0, 3900, 3200, 136),
(1478.5092710000026, 11803, 531.0, 3900, 3200, 137),
(1478.5525320000015, 11804, 531.0, 3900, 3200, 138),
(1478.6004320000065, 11805, 531.0, 3900, 3200, 139),
(1478.6389130000025, 11806, 531.0, 3900, 3200, 140),
(1478.6793469999975, 11807, 531.0, 3900, 3200, 141),
(1478.7196450000047, 11808, 531.0, 3900, 3200, 142),
(1478.7636939999938, 11809, 531.0, 3900, 3200, 143),
(1478.8065760000027, 11810, 531.0, 3900, 3200, 144),
(1478.8455019999965, 11811, 531.0, 3900, 3200, 145),
(1478.8883329999953, 11812, 531.0, 3900, 3200, 146),
(1478.928018000006, 11813, 531.0, 3900, 3200, 147),
(1478.9671200000012, 11814, 531.0, 3900, 3200, 148),
(1479.011897000004, 11815, 531.0, 3900, 3200, 149),
(1479.0547110000043, 11816, 531.0, 3900, 3200, 150),
(1479.0981789999933, 11817, 531.0, 3900, 3200, 151),
(1479.1398320000008, 11818, 531.0, 3900, 3200, 152),
(1479.1796579999937, 11819, 531.0, 3900, 3200, 113),
(1479.2241159999976, 11820, 531.0, 3900, 3200, 114),
(1479.268790000002, 11821, 531.0, 3900, 3200, 115),
(1479.3186489999935, 11822, 531.0, 3900, 3200, 116),
(1479.3603909999947, 11823, 531.0, 3900, 3200, 117),
(1479.4112980000064, 11824, 531.0, 3900, 3200, 118),
(1479.466253999999, 11825, 531.0, 3900, 3200, 119),
(1479.521133999995, 11826, 531.0, 3900, 3200, 120),
(1479.5701899999985, 11827, 531.0, 3900, 3200, 121),
(1479.6137739999976, 11828, 531.0, 3900, 3200, 122),
(1479.656243000005, 11829, 531.0, 3900, 3200, 123),
(1479.6968840000045, 11830, 531.0, 3900, 3200, 124),
(1479.737817000001, 11831, 531.0, 3900, 3200, 125),
(1479.7821240000048, 11832, 531.0, 3900, 3200, 126),
(1479.8231919999962, 11833, 531.0, 3900, 3200, 127),
(1479.866498000003, 11834, 531.0, 3900, 3200, 128),
(1479.9095629999938, 11835, 531.0, 3900, 3200, 129),
(1479.9480179999955, 11836, 531.0, 3900, 3200, 130),
(1479.9874759999948, 11837, 531.0, 3900, 3200, 131),
(1480.0307380000013, 11838, 531.0, 3900, 3200, 132),
(1480.069214999996, 11839, 531.0, 3900, 3200, 133),
(1480.109169999996, 11840, 531.0, 3900, 3200, 134),
(1480.1496800000023, 11841, 531.0, 3900, 3200, 135),
(1480.1934959999926, 11842, 531.0, 3900, 3200, 136),
(1480.2352519999986, 11843, 531.0, 3900, 3200, 137),
(1480.2750919999962, 11844, 531.0, 3900, 3200, 138),
(1480.3162250000023, 11845, 531.0, 3900, 3200, 139),
(1480.3561139999947, 11846, 531.0, 3900, 3200, 140),
(1480.3968400000012, 11847, 531.0, 3900, 3200, 141),
(1480.4384430000064, 11848, 531.0, 3900, 3200, 142),
(1480.4775910000026, 11849, 531.0, 3900, 3200, 143),
(1480.5226700000057, 11850, 531.0, 3900, 3200, 144),
(1480.5656049999961, 11851, 531.0, 3900, 3200, 145),
(1480.607118999993, 11852, 531.0, 3900, 3200, 146),
(1480.6485419999954, 11853, 531.0, 3900, 3200, 147),
(1480.6895510000031, 11854, 531.0, 3900, 3200, 148),
(1480.7295569999987, 11855, 531.0, 3900, 3200, 149),
(1480.7723750000005, 11856, 531.0, 3900, 3200, 150),
(1480.811898, 11857, 531.0, 3900, 3200, 151),
(1480.8546150000038, 11858, 531.0, 3900, 3200, 152),
(1480.8935930000007, 11859, 531.0, 3900, 2100, 112),
(1480.9343649999937, 11860, 531.0, 3900, 2100, 113),
(1480.9727710000006, 11861, 531.0, 3900, 2100, 114),
(1481.085911000002, 11863, 531.0, 3900, 2100, 116),
(1481.163876000006, 11864, 531.0, 3900, 2100, 117),
(1481.2008709999936, 11865, 531.0, 3900, 2100, 118),
(1481.2417279999936, 11866, 531.0, 3900, 2100, 119),
(1481.2819089999975, 11867, 531.0, 3900, 2100, 120),
(1481.3236840000027, 11868, 531.0, 3900, 2100, 121),
(1481.3670850000053, 11869, 531.0, 3900, 2100, 122),
(1481.4127819999994, 11870, 531.0, 3900, 2100, 123),
(1481.4660949999961, 11871, 531.0, 3900, 2100, 124),
(1481.5148279999994, 11872, 531.0, 3900, 2100, 125),
(1481.558812999996, 11873, 531.0, 3900, 2100, 126),
(1481.6019039999956, 11874, 531.0, 3900, 2100, 127),
(1481.642651999995, 11875, 531.0, 3900, 2100, 128),
(1481.7468470000022, 11877, 531.0, 3900, 2100, 130),
(1481.7974010000034, 11878, 531.0, 3900, 2100, 131),
(1481.8455979999999, 11879, 531.0, 3900, 2100, 132),
(1481.884275999997, 11880, 531.0, 3900, 2100, 133),
(1481.9291890000022, 11881, 531.0, 3900, 2100, 134),
(1481.9660049999948, 11882, 531.0, 3900, 2100, 135),
(1482.0093289999932, 11883, 531.0, 3900, 2100, 136),
(1482.0485970000009, 11884, 531.0, 3900, 2100, 137),
(1482.0901929999964, 11885, 531.0, 3900, 2100, 138),
(1482.1313189999928, 11886, 531.0, 3900, 2100, 139),
(1482.1714550000033, 11887, 531.0, 3900, 2100, 140),
(1482.2164679999987, 11888, 531.0, 3900, 2100, 141),
(1482.2618039999943, 11889, 531.0, 3900, 2100, 142),
(1482.3023459999968, 11890, 531.0, 3900, 2100, 143),
(1482.3423909999983, 11891, 531.0, 3900, 2100, 144),
(1482.3859079999966, 11892, 531.0, 3900, 2100, 145),
(1482.4265500000038, 11893, 531.0, 3900, 2100, 146),
(1482.4659350000002, 11894, 531.0, 3900, 2100, 147),
(1482.5096720000001, 11895, 531.0, 3900, 2100, 148),
(1482.550338000001, 11896, 531.0, 3900, 2100, 149),
(1482.5916790000047, 11897, 531.0, 3900, 2100, 150),
(1482.6315929999982, 11898, 531.0, 3900, 2100, 151),
(1482.6751999999979, 11899, 531.0, 3900, 2100, 152),
(1482.7169620000059, 11900, 531.0, 3900, 2100, 113),
(1482.7607679999928, 11901, 531.0, 3900, 2100, 114),
(1482.8600480000023, 11903, 531.0, 3900, 2100, 116),
(1482.9027190000052, 11904, 531.0, 3900, 2100, 117),
(1482.9435130000056, 11905, 531.0, 3900, 2100, 118),
(1482.9868669999996, 11906, 531.0, 3900, 2100, 119),
(1483.030727999998, 11907, 531.0, 3900, 2100, 120),
(1483.0721279999998, 11908, 531.0, 3900, 2100, 121),
(1483.1129870000004, 11909, 531.0, 3900, 2100, 122),
(1483.152946000002, 11910, 531.0, 3900, 2100, 123),
(1483.1954379999952, 11911, 531.0, 3900, 2100, 124),
(1483.238584000006, 11912, 531.0, 3900, 2100, 125),
(1483.2803149999963, 11913, 531.0, 3900, 2100, 126),
(1483.3207330000005, 11914, 531.0, 3900, 2100, 127),
(1483.3639700000058, 11915, 531.0, 3900, 2100, 128),
(1483.4666989999969, 11917, 531.0, 3900, 2100, 130),
(1483.513518000007, 11918, 531.0, 3900, 2100, 131),
(1483.5562119999959, 11919, 531.0, 3900, 2100, 132),
(1483.600025000007, 11920, 531.0, 3900, 2100, 133),
(1483.6385840000003, 11921, 531.0, 3900, 2100, 134),
(1483.6796990000003, 11922, 531.0, 3900, 2100, 135),
(1483.7190830000036, 11923, 531.0, 3900, 2100, 136),
(1483.7589109999972, 11924, 531.0, 3900, 2100, 137),
(1483.8028729999933, 11925, 531.0, 3900, 2100, 138),
(1483.8422449999925, 11926, 531.0, 3900, 2100, 139),
(1483.8907279999985, 11927, 531.0, 3900, 2100, 140),
(1483.9331099999981, 11928, 531.0, 3900, 2100, 141),
(1483.9759239999985, 11929, 531.0, 3900, 2100, 142),
(1484.0191270000068, 11930, 531.0, 3900, 2100, 143),
(1484.0600819999963, 11931, 531.0, 3900, 2100, 144),
(1484.1003709999932, 11932, 531.0, 3900, 2100, 145),
(1484.1396600000007, 11933, 531.0, 3900, 2100, 146),
(1484.1812400000053, 11934, 531.0, 3900, 2100, 147),
(1484.2230109999946, 11935, 531.0, 3900, 2100, 148),
(1484.262864000004, 11936, 531.0, 3900, 2100, 149),
(1484.3028210000048, 11937, 531.0, 3900, 2100, 150),
(1484.3451029999997, 11938, 531.0, 3900, 2100, 151),
(1484.3833109999978, 11939, 531.0, 3900, 2100, 152),
(1484.426517999993, 11940, 531.0, 3900, 2100, 113),
(1484.4702859999961, 11941, 531.0, 3900, 2100, 114),
(1484.585653999995, 11943, 531.0, 3900, 2100, 116),
(1484.6257139999943, 11944, 531.0, 3900, 2100, 117),
(1484.6658279999974, 11945, 531.0, 3900, 2100, 118),
(1484.706388999999, 11946, 531.0, 3900, 2100, 119),
(1484.7479469999962, 11947, 531.0, 3900, 2100, 120),
(1484.7866360000044, 11948, 531.0, 3900, 2100, 121),
(1484.8377420000033, 11949, 531.0, 3900, 2100, 122),
(1484.8801320000057, 11950, 531.0, 3900, 2100, 123),
(1484.9197830000048, 11951, 531.0, 3900, 2100, 124),
(1484.9579439999943, 11952, 531.0, 3900, 2100, 125),
(1484.9999979999993, 11953, 531.0, 3900, 2100, 126),
(1485.042598999993, 11954, 531.0, 3900, 2100, 127),
(1485.081892999995, 11955, 531.0, 3900, 2100, 128),
(1485.1849139999977, 11957, 531.0, 3900, 2100, 130),
(1485.237175999995, 11958, 531.0, 3900, 2100, 131),
(1485.2850659999967, 11959, 531.0, 3900, 2100, 132),
(1485.3395849999943, 11960, 531.0, 3900, 2100, 133),
(1485.390631999995, 11961, 531.0, 3900, 2100, 134),
(1485.434500000003, 11962, 531.0, 3900, 2100, 135),
(1485.4792670000024, 11963, 531.0, 3900, 2100, 136),
(1485.5221029999957, 11964, 531.0, 3900, 2100, 137),
(1485.569199999998, 11965, 531.0, 3900, 2100, 138),
(1485.6149409999925, 11966, 531.0, 3900, 2100, 139),
(1485.661785999997, 11967, 531.0, 3900, 2100, 140),
(1485.7084009999962, 11968, 531.0, 3900, 2100, 141),
(1485.7556250000052, 11969, 531.0, 3900, 2100, 142),
(1485.8028760000016, 11970, 531.0, 3900, 2100, 143),
(1485.8581569999951, 11971, 531.0, 3900, 2100, 144),
(1485.902403999993, 11972, 531.0, 3900, 2100, 145),
(1485.940054000006, 11973, 531.0, 3900, 2100, 146),
(1485.9912760000007, 11974, 531.0, 3900, 2100, 147),
(1486.0374929999962, 11975, 531.0, 3900, 2100, 148),
(1486.0767309999937, 11976, 531.0, 3900, 2100, 149),
(1486.1207270000014, 11977, 531.0, 3900, 2100, 150),
(1486.1637539999938, 11978, 531.0, 3900, 2100, 151),
(1486.2060939999938, 11979, 531.0, 3900, 2100, 152),
(1486.2473170000012, 11980, 532.0, 3900, 2200, 112),
(1486.2871199999936, 11981, 532.0, 3900, 2200, 113),
(1486.3294469999964, 11982, 532.0, 3900, 2200, 114),
(1486.370477999997, 11983, 532.0, 3900, 2200, 115),
(1486.413750000007, 11984, 532.0, 3900, 2200, 116),
(1486.4550540000055, 11985, 532.0, 3900, 2200, 117),
(1486.4949409999972, 11986, 532.0, 3900, 2200, 118),
(1486.5347449999972, 11987, 532.0, 3900, 2200, 119),
(1486.587281, 11988, 532.0, 3900, 2200, 120),
(1486.6272889999964, 11989, 532.0, 3900, 2200, 121),
(1486.6693470000027, 11990, 532.0, 3900, 2200, 122),
(1486.7082700000028, 11991, 532.0, 3900, 2200, 123),
(1486.7526570000045, 11992, 532.0, 3900, 2200, 124),
(1486.7908540000062, 11993, 532.0, 3900, 2200, 125),
(1486.8351660000044, 11994, 532.0, 3900, 2200, 126),
(1486.8832370000018, 11995, 532.0, 3900, 2200, 127),
(1486.9279999999999, 11996, 532.0, 3900, 2200, 128),
(1486.970014000006, 11997, 532.0, 3900, 2200, 129),
(1487.023516000001, 11998, 532.0, 3900, 2200, 130),
(1487.0630979999987, 11999, 532.0, 3900, 2200, 131),
(1487.1077010000008, 12000, 532.0, 3900, 2200, 132),
(1487.1614229999977, 12001, 532.0, 3900, 2200, 133),
(1487.2074259999936, 12002, 532.0, 3900, 2200, 134),
(1487.2585390000022, 12003, 532.0, 3900, 2200, 135),
(1487.3085589999973, 12004, 532.0, 3900, 2200, 136),
(1487.3614859999943, 12005, 532.0, 3900, 2200, 137),
(1487.4044679999934, 12006, 532.0, 3900, 2200, 138),
(1487.4459720000013, 12007, 532.0, 3900, 2200, 139),
(1487.4847270000027, 12008, 532.0, 3900, 2200, 140),
(1487.5260899999994, 12009, 532.0, 3900, 2200, 141),
(1487.567253000001, 12010, 532.0, 3900, 2200, 142),
(1487.6064539999934, 12011, 532.0, 3900, 2200, 143),
(1487.6502829999954, 12012, 532.0, 3900, 2200, 144),
(1487.6884109999955, 12013, 532.0, 3900, 2200, 145),
(1487.737175000002, 12014, 532.0, 3900, 2200, 146),
(1487.7826239999995, 12015, 532.0, 3900, 2200, 147),
(1487.8231050000031, 12016, 532.0, 3900, 2200, 148),
(1487.8718890000018, 12017, 532.0, 3900, 2200, 149),
(1487.917386999994, 12018, 532.0, 3900, 2200, 150),
(1487.9591459999938, 12019, 532.0, 3900, 2200, 151),
(1488.0009419999988, 12020, 532.0, 3900, 2200, 152),
(1488.0456310000009, 12021, 532.0, 3900, 2200, 113),
(1488.085871000003, 12022, 532.0, 3900, 2200, 114),
(1488.1302600000054, 12023, 532.0, 3900, 2200, 115),
(1488.1694399999978, 12024, 532.0, 3900, 2200, 116),
(1488.2107819999947, 12025, 532.0, 3900, 2200, 117),
(1488.2585370000015, 12026, 532.0, 3900, 2200, 118),
(1488.2974720000057, 12027, 532.0, 3900, 2200, 119),
(1488.337771000006, 12028, 532.0, 3900, 2200, 120),
(1488.3779630000063, 12029, 532.0, 3900, 2200, 121),
(1488.418319999997, 12030, 532.0, 3900, 2200, 122),
(1488.4599650000018, 12031, 532.0, 3900, 2200, 123),
(1488.5008189999935, 12032, 532.0, 3900, 2200, 124),
(1488.5429929999955, 12033, 532.0, 3900, 2200, 125),
(1488.5843120000063, 12034, 532.0, 3900, 2200, 126),
(1488.6268310000014, 12035, 532.0, 3900, 2200, 127),
(1488.6671729999944, 12036, 532.0, 3900, 2200, 128),
(1488.7131700000027, 12037, 532.0, 3900, 2200, 129),
(1488.7541479999927, 12038, 532.0, 3900, 2200, 130),
(1488.7950799999962, 12039, 532.0, 3900, 2200, 131),
(1488.837732999993, 12040, 532.0, 3900, 2200, 132),
(1488.8769420000026, 12041, 532.0, 3900, 2200, 133),
(1488.919882999995, 12042, 532.0, 3900, 2200, 134),
(1488.958918000004, 12043, 532.0, 3900, 2200, 135),
(1488.9987140000012, 12044, 532.0, 3900, 2200, 136),
(1489.0405279999977, 12045, 532.0, 3900, 2200, 137),
(1489.0817890000035, 12046, 532.0, 3900, 2200, 138),
(1489.1220559999929, 12047, 532.0, 3900, 2200, 139),
(1489.1643179999955, 12048, 532.0, 3900, 2200, 140),
(1489.2073570000066, 12049, 532.0, 3900, 2200, 141),
(1489.2467219999962, 12050, 532.0, 3900, 2200, 142),
(1489.2870459999976, 12051, 532.0, 3900, 2200, 143),
(1489.3311689999973, 12052, 532.0, 3900, 2200, 144),
(1489.371404999998, 12053, 532.0, 3900, 2200, 145),
(1489.4129119999998, 12054, 532.0, 3900, 2200, 146),
(1489.4526690000057, 12055, 532.0, 3900, 2200, 147),
(1489.4940999999963, 12056, 532.0, 3900, 2200, 148),
(1489.534090000001, 12057, 532.0, 3900, 2200, 149),
(1489.5815759999969, 12058, 532.0, 3900, 2200, 150),
(1489.6332879999973, 12059, 532.0, 3900, 2200, 151),
(1489.6760170000052, 12060, 532.0, 3900, 2200, 152),
(1489.7173880000046, 12061, 532.0, 3900, 2200, 113),
(1489.756481000004, 12062, 532.0, 3900, 2200, 114),
(1489.7981109999964, 12063, 532.0, 3900, 2200, 115),
(1489.8396000000066, 12064, 532.0, 3900, 2200, 116),
(1489.8827540000057, 12065, 532.0, 3900, 2200, 117),
(1489.9257859999925, 12066, 532.0, 3900, 2200, 118),
(1489.9693589999952, 12067, 532.0, 3900, 2200, 119),
(1490.007740000001, 12068, 532.0, 3900, 2200, 120),
(1490.0492609999928, 12069, 532.0, 3900, 2200, 121),
(1490.092101999995, 12070, 532.0, 3900, 2200, 122),
(1490.1359260000027, 12071, 532.0, 3900, 2200, 123),
(1490.180364999993, 12072, 532.0, 3900, 2200, 124),
(1490.222431999995, 12073, 532.0, 3900, 2200, 125),
(1490.2675350000063, 12074, 532.0, 3900, 2200, 126),
(1490.3068689999927, 12075, 532.0, 3900, 2200, 127),
(1490.3490319999983, 12076, 532.0, 3900, 2200, 128),
(1490.387738999998, 12077, 532.0, 3900, 2200, 129),
(1490.4273209999956, 12078, 532.0, 3900, 2200, 130),
(1490.4670239999978, 12079, 532.0, 3900, 2200, 131),
(1490.5093259999994, 12080, 532.0, 3900, 2200, 132),
(1490.5512630000012, 12081, 532.0, 3900, 2200, 133),
(1490.5908829999971, 12082, 532.0, 3900, 2200, 134),
(1490.629556999993, 12083, 532.0, 3900, 2200, 135),
(1490.670662000004, 12084, 532.0, 3900, 2200, 136),
(1490.7128349999984, 12085, 532.0, 3900, 2200, 137),
(1490.7545140000002, 12086, 532.0, 3900, 2200, 138),
(1490.7941589999973, 12087, 532.0, 3900, 2200, 139),
(1490.8347400000057, 12088, 532.0, 3900, 2200, 140),
(1490.8849369999953, 12089, 532.0, 3900, 2200, 141),
(1490.9280609999987, 12090, 532.0, 3900, 2200, 142),
(1490.9702629999956, 12091, 532.0, 3900, 2200, 143),
(1491.0146200000017, 12092, 532.0, 3900, 2200, 144),
(1491.0549040000042, 12093, 532.0, 3900, 2200, 145),
(1491.1010030000034, 12094, 532.0, 3900, 2200, 146),
(1491.1451950000046, 12095, 532.0, 3900, 2200, 147),
(1491.197537, 12096, 532.0, 3900, 2200, 148),
(1491.2404530000058, 12097, 532.0, 3900, 2200, 149),
(1491.284983999998, 12098, 532.0, 3900, 2200, 150),
(1491.3352960000047, 12099, 532.0, 3900, 2200, 151),
(1491.3823470000061, 12100, 532.0, 3900, 2200, 152),
(1491.4350629999972, 12101, 532.0, 3900, 2300, 112),
(1491.4801239999942, 12102, 532.0, 3900, 2300, 113),
(1491.5320479999937, 12103, 528.0, 3900, 2300, 114),
(1491.6503450000018, 12105, 532.0, 3900, 2300, 116),
(1491.698894000001, 12106, 615.0, 3900, 2300, 117),
(1491.7443110000022, 12107, 532.0, 3900, 2300, 118),
(1491.791161999994, 12108, 532.0, 3900, 2300, 119),
(1491.850701999996, 12109, 531.0, 3900, 2300, 120),
(1491.9081520000036, 12110, 532.0, 3900, 2300, 121),
(1491.9480889999977, 12111, 531.0, 3900, 2300, 122),
(1491.994909999994, 12112, 532.0, 3900, 2300, 123),
(1492.0394979999983, 12113, 552.0, 3900, 2300, 124),
(1492.0807260000001, 12114, 532.0, 3900, 2300, 125),
(1492.122921999995, 12115, 531.0, 3900, 2300, 126),
(1492.1627569999982, 12116, 531.0, 3900, 2300, 127),
(1492.2031819999975, 12117, 532.0, 3900, 2300, 128),
(1492.2521140000026, 12118, 528.0, 3900, 2300, 129),
(1492.2934160000004, 12119, 532.0, 3900, 2300, 130),
(1492.396556000007, 12121, 529.0, 3900, 2300, 132),
(1492.4392099999968, 12122, 532.0, 3900, 2300, 133),
(1492.4779710000003, 12123, 531.0, 3900, 2300, 134),
(1492.5196230000001, 12124, 532.0, 3900, 2300, 135),
(1492.5712409999978, 12125, 532.0, 3900, 2300, 136),
(1492.623661000005, 12126, 283.0, 3900, 2300, 137),
(1492.7474309999961, 12128, 532.0, 3900, 2300, 139),
(1492.8071590000036, 12129, 596.0, 3900, 2300, 140),
(1492.8570469999977, 12130, 532.0, 3900, 2300, 141),
(1492.9027709999937, 12131, 531.0, 3900, 2300, 142),
(1492.944359000001, 12132, 532.0, 3900, 2300, 143),
(1492.9880549999943, 12133, 531.0, 3900, 2300, 144),
(1493.039739999993, 12134, 532.0, 3900, 2300, 145),
(1493.079727999997, 12135, 531.0, 3900, 2300, 146),
(1493.1222500000003, 12136, 532.0, 3900, 2300, 147),
(1493.1656599999988, 12137, 531.0, 3900, 2300, 148),
(1493.2089279999927, 12138, 531.0, 3900, 2300, 149),
(1493.260129000002, 12139, 283.0, 3900, 2300, 150),
(1493.299721999996, 12140, 280.0, 3900, 2300, 151),
(1493.3351200000034, 12141, 534.0, 3900, 2300, 152),
(1493.3729440000025, 12142, 532.0, 3900, 2300, 113),
(1493.4105180000042, 12143, 528.0, 3900, 2300, 114),
(1493.4521289999975, 12144, 532.0, 3900, 2300, 115),
(1493.4920039999997, 12145, 532.0, 3900, 2300, 116),
(1493.5334330000042, 12146, 532.0, 3900, 2300, 117),
(1493.572346999994, 12147, 532.0, 3900, 2300, 118),
(1493.6104130000022, 12148, 532.0, 3900, 2300, 119),
(1493.6494050000038, 12149, 532.0, 3900, 2300, 120),
(1493.689394000001, 12150, 531.0, 3900, 2300, 121),
(1493.726290000006, 12151, 532.0, 3900, 2300, 122),
(1493.8208719999966, 12153, 532.0, 3900, 2300, 124),
(1493.915255, 12155, 531.0, 3900, 2300, 126),
(1493.953045999995, 12156, 531.0, 3900, 2300, 127),
(1493.9913470000029, 12157, 532.0, 3900, 2300, 128),
(1494.0303370000038, 12158, 528.0, 3900, 2300, 129),
(1494.0729690000007, 12159, 533.0, 3900, 2300, 130),
(1494.1164160000044, 12160, 532.0, 3900, 2300, 131),
(1494.1570210000064, 12161, 531.0, 3900, 2300, 132),
(1494.1981150000065, 12162, 532.0, 3900, 2300, 133),
(1494.2504650000046, 12163, 532.0, 3900, 2300, 134),
(1494.3029130000068, 12164, 532.0, 3900, 2300, 135),
(1494.351886000004, 12165, 531.0, 3900, 2300, 136),
(1494.3994919999968, 12166, 532.0, 3900, 2300, 137),
(1494.4508309999947, 12167, 284.0, 3900, 2300, 138),
(1494.4885000000068, 12168, 531.0, 3900, 2300, 139),
(1494.5262479999947, 12169, 532.0, 3900, 2300, 140),
(1494.5637450000067, 12170, 614.0, 3900, 2300, 141),
(1494.6056039999967, 12171, 532.0, 3900, 2300, 142),
(1494.645172000004, 12172, 533.0, 3900, 2300, 143),
(1494.6863279999961, 12173, 532.0, 3900, 2300, 144),
(1494.8002459999989, 12175, 531.0, 3900, 2300, 146),
(1494.8425900000002, 12176, 532.0, 3900, 2300, 147),
(1494.8843170000036, 12177, 532.0, 3900, 2300, 148),
(1494.9227790000004, 12178, 531.0, 3900, 2300, 149),
(1494.9622329999984, 12179, 283.0, 3900, 2300, 150),
(1495.0055259999936, 12180, 532.0, 3900, 2300, 151),
(1495.0458669999935, 12181, 532.0, 3900, 2300, 152),
(1495.084680999993, 12182, 531.0, 3900, 2300, 113),
(1495.125847000003, 12183, 532.0, 3900, 2300, 114),
(1495.1678910000046, 12184, 528.0, 3900, 2300, 115),
(1495.205593000006, 12185, 532.0, 3900, 2300, 116),
(1495.3168920000026, 12187, 532.0, 3900, 2300, 118),
(1495.3715110000048, 12188, 551.0, 3900, 2300, 119),
(1495.4232210000046, 12189, 531.0, 3900, 2300, 120),
(1495.4703540000046, 12190, 532.0, 3900, 2300, 121),
(1495.512935000006, 12191, 531.0, 3900, 2300, 122),
(1495.5722589999932, 12192, 532.0, 3900, 2300, 123),
(1495.617305000007, 12193, 548.0, 3900, 2300, 124),
(1495.7204550000024, 12195, 532.0, 3900, 2300, 126),
(1495.7611199999956, 12196, 532.0, 3900, 2300, 127),
(1495.7997380000015, 12197, 529.0, 3900, 2300, 128),
(1495.8406539999996, 12198, 532.0, 3900, 2300, 129),
(1495.8795269999973, 12199, 533.0, 3900, 2300, 130),
(1495.9198690000048, 12200, 532.0, 3900, 2300, 131),
(1495.9583330000023, 12201, 528.0, 3900, 2300, 132),
(1496.0005819999933, 12202, 548.0, 3900, 2300, 133),
(1496.0419059999986, 12203, 532.0, 3900, 2300, 134),
(1496.0807919999934, 12204, 531.0, 3900, 2300, 135),
(1496.1236230000068, 12205, 531.0, 3900, 2300, 136),
(1496.1638059999968, 12206, 532.0, 3900, 2300, 137),
(1496.205786000006, 12207, 284.0, 3900, 2300, 138),
(1496.2516239999968, 12208, 531.0, 3900, 2300, 139),
(1496.2925010000035, 12209, 595.0, 3900, 2300, 140),
(1496.3333450000064, 12210, 532.0, 3900, 2300, 141),
(1496.3729049999965, 12211, 532.0, 3900, 2300, 142),
(1496.4128210000054, 12212, 531.0, 3900, 2300, 143),
(1496.4516169999988, 12213, 531.0, 3900, 2300, 144),
(1496.4902819999988, 12214, 532.0, 3900, 2300, 145),
(1496.5339200000017, 12215, 531.0, 3900, 2300, 146),
(1496.579442000002, 12216, 283.0, 3900, 2300, 147),
(1496.6259140000038, 12217, 531.0, 3900, 2300, 148),
(1496.6703500000003, 12218, 614.0, 3900, 2300, 149),
(1496.7149510000017, 12219, 283.0, 3900, 2300, 150),
(1496.7666999999929, 12220, 615.0, 3900, 2300, 151),
(1496.817194999996, 12221, 532.0, 3900, 2300, 152),
(1496.8582210000022, 12222, 531.0, 3900, 2400, 112),
(1496.9044060000015, 12223, 531.0, 3900, 2400, 113),
(1496.952952000007, 12224, 528.0, 3900, 2400, 114),
(1497.0510369999975, 12226, 531.0, 3900, 2400, 116),
(1497.1505060000054, 12228, 531.0, 3900, 2400, 118),
(1497.1893799999962, 12229, 530.0, 3900, 2400, 119),
(1497.2265210000041, 12230, 531.0, 3900, 2400, 120),
(1497.2637079999986, 12231, 531.0, 3900, 2400, 121),
(1497.301787000004, 12232, 531.0, 3900, 2400, 122),
(1497.3981809999968, 12234, 531.0, 3900, 2400, 124),
(1497.4941510000062, 12236, 531.0, 3900, 2400, 126),
(1497.5341219999973, 12237, 531.0, 3900, 2400, 127),
(1497.5754420000012, 12238, 528.0, 3900, 2400, 128),
(1497.682488999999, 12240, 531.0, 3900, 2400, 130),
(1497.8028679999989, 12242, 531.0, 3900, 2400, 132),
(1497.9143559999939, 12244, 531.0, 3900, 2400, 134),
(1497.9642840000015, 12245, 531.0, 3900, 2400, 135),
(1498.010295999993, 12246, 531.0, 3900, 2400, 136),
(1498.0586449999973, 12247, 283.0, 3900, 2400, 137),
(1498.1077400000067, 12248, 531.0, 3900, 2400, 138),
(1498.1528640000033, 12249, 531.0, 3900, 2400, 139),
(1498.201992000002, 12250, 596.0, 3900, 2400, 140),
(1498.3089199999959, 12252, 531.0, 3900, 2400, 142),
(1498.3507390000013, 12253, 531.0, 3900, 2400, 143),
(1498.3996749999933, 12254, 531.0, 3900, 2400, 144),
(1498.4405419999966, 12255, 590.0, 3900, 2400, 145),
(1498.4820069999987, 12256, 531.0, 3900, 2400, 146),
(1498.5250399999932, 12257, 283.0, 3900, 2400, 147),
(1498.5756490000058, 12258, 531.0, 3900, 2400, 148),
(1498.6239539999951, 12259, 531.0, 3900, 2400, 149),
(1498.6768940000038, 12260, 283.0, 3900, 2400, 150),
(1498.7892509999947, 12262, 531.0, 3900, 2400, 152),
(1498.8362729999935, 12263, 531.0, 3900, 2400, 113),
(1498.8863249999995, 12264, 528.0, 3900, 2400, 114),
(1499.0089810000063, 12266, 531.0, 3900, 2400, 116),
(1499.1167649999988, 12268, 531.0, 3900, 2400, 118),
(1499.1604280000029, 12269, 530.0, 3900, 2400, 119),
(1499.210109000007, 12270, 531.0, 3900, 2400, 120),
(1499.2572530000034, 12271, 531.0, 3900, 2400, 121),
(1499.301489999998, 12272, 531.0, 3900, 2400, 122),
(1499.4174179999973, 12274, 531.0, 3900, 2400, 124),
(1499.5228769999958, 12276, 531.0, 3900, 2400, 126),
(1499.5674109999964, 12277, 531.0, 3900, 2400, 127),
(1499.6070820000023, 12278, 528.0, 3900, 2400, 128),
(1499.7162620000017, 12280, 531.0, 3900, 2400, 130),
(1499.8309509999963, 12282, 531.0, 3900, 2400, 132),
(1499.9307470000058, 12284, 531.0, 3900, 2400, 134),
(1499.9691049999965, 12285, 531.0, 3900, 2400, 135),
(1500.0135750000045, 12286, 531.0, 3900, 2400, 136),
(1500.0539609999978, 12287, 283.0, 3900, 2400, 137),
(1500.0955629999953, 12288, 531.0, 3900, 2400, 138),
(1500.1365979999973, 12289, 531.0, 3900, 2400, 139),
(1500.180481000003, 12290, 596.0, 3900, 2400, 140),
(1500.28787, 12292, 531.0, 3900, 2400, 142),
(1500.3298749999958, 12293, 531.0, 3900, 2400, 143),
(1500.3732949999976, 12294, 531.0, 3900, 2400, 144),
(1500.4129240000038, 12295, 590.0, 3900, 2400, 145),
(1500.4511740000016, 12296, 531.0, 3900, 2400, 146),
(1500.4918940000061, 12297, 283.0, 3900, 2400, 147),
(1500.5302010000014, 12298, 531.0, 3900, 2400, 148),
(1500.5778690000006, 12299, 531.0, 3900, 2400, 149),
(1500.625211999999, 12300, 283.0, 3900, 2400, 150),
(1500.7245129999937, 12302, 531.0, 3900, 2400, 152),
(1500.7636289999937, 12303, 531.0, 3900, 2400, 113),
(1500.8064989999984, 12304, 528.0, 3900, 2400, 114),
(1500.9079289999936, 12306, 531.0, 3900, 2400, 116),
(1501.0090820000041, 12308, 531.0, 3900, 2400, 118),
(1501.0518109999975, 12309, 530.0, 3900, 2400, 119),
(1501.0918669999955, 12310, 531.0, 3900, 2400, 120),
(1501.1300150000025, 12311, 531.0, 3900, 2400, 121),
(1501.1707800000004, 12312, 531.0, 3900, 2400, 122),
(1501.2763509999932, 12314, 531.0, 3900, 2400, 124),
(1501.378509000002, 12316, 531.0, 3900, 2400, 126),
(1501.4232239999983, 12317, 531.0, 3900, 2400, 127),
(1501.474159999998, 12318, 528.0, 3900, 2400, 128),
(1501.6070089999994, 12320, 531.0, 3900, 2400, 130),
(1501.7262420000043, 12322, 531.0, 3900, 2400, 132),
(1501.8443370000023, 12324, 531.0, 3900, 2400, 134),
(1501.8961160000035, 12325, 531.0, 3900, 2400, 135),
(1501.9464109999972, 12326, 531.0, 3900, 2400, 136),
(1502.0025860000023, 12327, 283.0, 3900, 2400, 137),
(1502.0504689999943, 12328, 531.0, 3900, 2400, 138),
(1502.0919719999947, 12329, 531.0, 3900, 2400, 139),
(1502.1319870000007, 12330, 596.0, 3900, 2400, 140),
(1502.2296039999928, 12332, 531.0, 3900, 2400, 142),
(1502.2766540000011, 12333, 531.0, 3900, 2400, 143),
(1502.317339000001, 12334, 531.0, 3900, 2400, 144),
(1502.3567970000004, 12335, 593.0, 3900, 2400, 145),
(1502.3965719999978, 12336, 531.0, 3900, 2400, 146),
(1502.4374870000029, 12337, 283.0, 3900, 2400, 147),
(1502.4789730000048, 12338, 531.0, 3900, 2400, 148),
(1502.523046000002, 12339, 531.0, 3900, 2400, 149),
(1502.5638929999986, 12340, 283.0, 3900, 2400, 150),
(1502.6710259999963, 12342, 531.0, 3900, 2400, 152),
(1502.7090730000054, 12343, 531.0, 3900, 2500, 112),
(1502.7516739999992, 12344, 531.0, 3900, 2500, 113),
(1502.794676000005, 12345, 531.0, 3900, 2500, 114),
(1502.9068709999992, 12347, 531.0, 3900, 2500, 116),
(1503.0079319999932, 12349, 531.0, 3900, 2500, 118),
(1503.046417000005, 12350, 531.0, 3900, 2500, 119),
(1503.0847400000057, 12351, 531.0, 3900, 2500, 120),
(1503.1227639999997, 12352, 531.0, 3900, 2500, 121),
(1503.1621000000014, 12353, 531.0, 3900, 2500, 122),
(1503.261943999998, 12355, 531.0, 3900, 2500, 124),
(1503.3811410000053, 12357, 531.0, 3900, 2500, 126),
(1503.4346039999946, 12358, 531.0, 3900, 2500, 127),
(1503.4711550000065, 12359, 531.0, 3900, 2500, 128),
(1503.5667019999964, 12361, 531.0, 3900, 2500, 130),
(1503.6606429999956, 12363, 531.0, 3900, 2500, 132),
(1503.7021990000067, 12364, 531.0, 3900, 2500, 133),
(1503.7463480000006, 12365, 531.0, 3900, 2500, 134),
(1503.793393999993, 12366, 531.0, 3900, 2500, 135),
(1503.8362040000065, 12367, 531.0, 3900, 2500, 136),
(1503.875537, 12368, 283.0, 3900, 2500, 137),
(1503.9129289999983, 12369, 531.0, 3900, 2500, 138),
(1503.9508539999952, 12370, 531.0, 3900, 2500, 139),
(1503.9881049999967, 12371, 1833.0, 3900, 2500, 140),
(1504.025781999997, 12372, 531.0, 3900, 2500, 141),
(1504.064348999993, 12373, 531.0, 3900, 2500, 142),
(1504.1073270000052, 12374, 531.0, 3900, 2500, 143),
(1504.1521590000048, 12375, 531.0, 3900, 2500, 144),
(1504.1986400000023, 12376, 593.0, 3900, 2500, 145),
(1504.2415420000034, 12377, 531.0, 3900, 2500, 146),
(1504.2868350000062, 12378, 283.0, 3900, 2500, 147),
(1504.3313070000004, 12379, 531.0, 3900, 2500, 148),
(1504.3770809999987, 12380, 531.0, 3900, 2500, 149),
(1504.4825960000016, 12382, 531.0, 3900, 2500, 151),
(1504.5237000000052, 12383, 531.0, 3900, 2500, 152),
(1504.5717860000004, 12384, 531.0, 3900, 2500, 113),
(1504.6126019999938, 12385, 531.0, 3900, 2500, 114),
(1504.724138999998, 12387, 531.0, 3900, 2500, 116),
(1504.8412220000027, 12389, 531.0, 3900, 2500, 118),
(1504.8965719999978, 12390, 531.0, 3900, 2500, 119),
(1504.9498560000065, 12391, 531.0, 3900, 2500, 120),
(1505.0029159999976, 12392, 531.0, 3900, 2500, 121),
(1505.0493330000027, 12393, 531.0, 3900, 2500, 122),
(1505.1788870000019, 12395, 531.0, 3900, 2500, 124),
(1505.298530999993, 12397, 531.0, 3900, 2500, 126),
(1505.346537999998, 12398, 531.0, 3900, 2500, 127),
(1505.387600999995, 12399, 531.0, 3900, 2500, 128),
(1505.4810339999967, 12401, 531.0, 3900, 2500, 130),
(1505.576132999995, 12403, 531.0, 3900, 2500, 132),
(1505.6146909999952, 12404, 531.0, 3900, 2500, 133),
(1505.657997000002, 12405, 531.0, 3900, 2500, 134),
(1505.7017570000025, 12406, 531.0, 3900, 2500, 135),
(1505.7397700000001, 12407, 531.0, 3900, 2500, 136),
(1505.7904710000003, 12408, 283.0, 3900, 2500, 137),
(1505.8388969999942, 12409, 531.0, 3900, 2500, 138),
(1505.8899579999998, 12410, 531.0, 3900, 2500, 139),
(1505.9313649999967, 12411, 1833.0, 3900, 2500, 140),
(1505.9720490000036, 12412, 531.0, 3900, 2500, 141),
(1506.011679999996, 12413, 531.0, 3900, 2500, 142),
(1506.0534199999965, 12414, 531.0, 3900, 2500, 143),
(1506.0934830000042, 12415, 531.0, 3900, 2500, 144),
(1506.1311109999951, 12416, 593.0, 3900, 2500, 145),
(1506.181230999995, 12417, 531.0, 3900, 2500, 146),
(1506.2286809999932, 12418, 283.0, 3900, 2500, 147),
(1506.285493000003, 12419, 531.0, 3900, 2500, 148),
(1506.3229989999963, 12420, 531.0, 3900, 2500, 149),
(1506.4190570000064, 12422, 531.0, 3900, 2500, 151),
(1506.4676270000055, 12423, 531.0, 3900, 2500, 152),
(1506.5111340000003, 12424, 531.0, 3900, 2500, 113),
(1506.5644259999972, 12425, 531.0, 3900, 2500, 114),
(1506.6710560000065, 12427, 531.0, 3900, 2500, 116),
(1506.781501000005, 12429, 531.0, 3900, 2500, 118),
(1506.8228780000063, 12430, 531.0, 3900, 2500, 119),
(1506.866089999996, 12431, 531.0, 3900, 2500, 120),
(1506.9085369999957, 12432, 531.0, 3900, 2500, 121),
(1506.9501909999963, 12433, 531.0, 3900, 2500, 122),
(1507.0514309999999, 12435, 531.0, 3900, 2500, 124),
(1507.1460229999939, 12437, 531.0, 3900, 2500, 126),
(1507.1828240000032, 12438, 531.0, 3900, 2500, 127),
(1507.2265710000065, 12439, 531.0, 3900, 2500, 128),
(1507.3515519999928, 12441, 531.0, 3900, 2500, 130),
(1507.4782019999984, 12443, 531.0, 3900, 2500, 132),
(1507.527734000003, 12444, 531.0, 3900, 2500, 133),
(1507.5809319999971, 12445, 531.0, 3900, 2500, 134),
(1507.6316309999966, 12446, 531.0, 3900, 2500, 135),
(1507.6804059999995, 12447, 531.0, 3900, 2500, 136),
(1507.7375330000068, 12448, 283.0, 3900, 2500, 137),
(1507.7887829999963, 12449, 531.0, 3900, 2500, 138),
(1507.8357300000062, 12450, 531.0, 3900, 2500, 139),
(1507.8860370000039, 12451, 1833.0, 3900, 2500, 140),
(1507.9315999999963, 12452, 531.0, 3900, 2500, 141),
(1507.985560000001, 12453, 531.0, 3900, 2500, 142),
(1508.0329539999948, 12454, 531.0, 3900, 2500, 143),
(1508.0738649999985, 12455, 531.0, 3900, 2500, 144),
(1508.115797999999, 12456, 593.0, 3900, 2500, 145),
(1508.159507000004, 12457, 531.0, 3900, 2500, 146),
(1508.2000649999973, 12458, 283.0, 3900, 2500, 147),
(1508.2391179999977, 12459, 531.0, 3900, 2500, 148),
(1508.276377000002, 12460, 531.0, 3900, 2500, 149),
(1508.4017020000028, 12462, 531.0, 3900, 2500, 151),
(1508.4423740000057, 12463, 531.0, 3900, 2500, 152),
(1508.4804900000017, 12464, 531.0, 3900, 2600, 112),
(1508.5222459999932, 12465, 531.0, 3900, 2600, 113),
(1508.5593110000045, 12466, 528.0, 3900, 2600, 114),
(1508.6538180000061, 12468, 531.0, 3900, 2600, 116),
(1508.7483130000037, 12470, 531.0, 3900, 2600, 118),
(1508.7884369999956, 12471, 530.0, 3900, 2600, 119),
(1508.826350999996, 12472, 531.0, 3900, 2600, 120),
(1508.868684999994, 12473, 531.0, 3900, 2600, 121),
(1508.9061849999998, 12474, 531.0, 3900, 2600, 122),
(1509.0044849999977, 12476, 531.0, 3900, 2600, 124),
(1509.1075290000008, 12478, 531.0, 3900, 2600, 126),
(1509.1473689999984, 12479, 531.0, 3900, 2600, 127),
(1509.194764999993, 12480, 528.0, 3900, 2600, 128),
(1509.3169119999948, 12482, 531.0, 3900, 2600, 130),
(1509.418869000001, 12484, 531.0, 3900, 2600, 132),
(1509.519616000005, 12486, 531.0, 3900, 2600, 134),
(1509.5562539999955, 12487, 531.0, 3900, 2600, 135),
(1509.5943479999987, 12488, 531.0, 3900, 2600, 136),
(1509.6318290000054, 12489, 283.0, 3900, 2600, 137),
(1509.6726970000018, 12490, 531.0, 3900, 2600, 138),
(1509.7245609999954, 12491, 531.0, 3900, 2600, 139),
(1509.7805539999972, 12492, 596.0, 3900, 2600, 140),
(1509.8927339999937, 12494, 531.0, 3900, 2600, 142),
(1509.9403020000027, 12495, 531.0, 3900, 2600, 143),
(1509.9956340000062, 12496, 531.0, 3900, 2600, 144),
(1510.042883000002, 12497, 590.0, 3900, 2600, 145),
(1510.0797420000017, 12498, 531.0, 3900, 2600, 146),
(1510.1164270000008, 12499, 283.0, 3900, 2600, 147),
(1510.1550850000058, 12500, 531.0, 3900, 2600, 148),
(1510.195206999997, 12501, 531.0, 3900, 2600, 149),
(1510.2347140000056, 12502, 283.0, 3900, 2600, 150),
(1510.3435679999966, 12504, 531.0, 3900, 2600, 152),
(1510.3844249999966, 12505, 531.0, 3900, 2600, 113),
(1510.4314639999939, 12506, 528.0, 3900, 2600, 114),
(1510.5360159999982, 12508, 531.0, 3900, 2600, 116),
(1510.6401449999976, 12510, 531.0, 3900, 2600, 118),
(1510.682633000004, 12511, 530.0, 3900, 2600, 119),
(1510.7226050000027, 12512, 531.0, 3900, 2600, 120),
(1510.7600220000022, 12513, 531.0, 3900, 2600, 121),
(1510.7983099999983, 12514, 531.0, 3900, 2600, 122),
(1510.8912379999965, 12516, 531.0, 3900, 2600, 124),
(1510.9885119999963, 12518, 531.0, 3900, 2600, 126),
(1511.0285129999975, 12519, 531.0, 3900, 2600, 127),
(1511.0853510000015, 12520, 528.0, 3900, 2600, 128),
(1511.1961149999988, 12522, 531.0, 3900, 2600, 130),
(1511.295173000006, 12524, 531.0, 3900, 2600, 132),
(1511.394862000001, 12526, 531.0, 3900, 2600, 134),
(1511.4318899999926, 12527, 531.0, 3900, 2600, 135),
(1511.4749759999977, 12528, 531.0, 3900, 2600, 136),
(1511.519392000002, 12529, 283.0, 3900, 2600, 137),
(1511.561652000004, 12530, 531.0, 3900, 2600, 138),
(1511.605257999996, 12531, 531.0, 3900, 2600, 139),
(1511.6482410000026, 12532, 596.0, 3900, 2600, 140),
(1511.7751549999957, 12534, 531.0, 3900, 2600, 142),
(1511.8188729999965, 12535, 531.0, 3900, 2600, 143),
(1511.8672400000069, 12536, 531.0, 3900, 2600, 144),
(1511.915267000004, 12537, 590.0, 3900, 2600, 145),
(1511.9609889999992, 12538, 531.0, 3900, 2600, 146),
(1512.0096000000049, 12539, 283.0, 3900, 2600, 147),
(1512.058772999997, 12540, 531.0, 3900, 2600, 148),
(1512.1018089999998, 12541, 531.0, 3900, 2600, 149),
(1512.1441590000031, 12542, 283.0, 3900, 2600, 150),
(1512.2664490000025, 12544, 531.0, 3900, 2600, 152),
(1512.3104250000033, 12545, 531.0, 3900, 2600, 113),
(1512.3603589999984, 12546, 528.0, 3900, 2600, 114),
(1512.4801250000019, 12548, 531.0, 3900, 2600, 116),
(1512.5896930000017, 12550, 531.0, 3900, 2600, 118),
(1512.636360000004, 12551, 530.0, 3900, 2600, 119),
(1512.6839940000064, 12552, 531.0, 3900, 2600, 120),
(1512.730276999995, 12553, 531.0, 3900, 2600, 121),
(1512.7710709999956, 12554, 531.0, 3900, 2600, 122),
(1512.888730000006, 12556, 531.0, 3900, 2600, 124),
(1512.9820210000034, 12558, 531.0, 3900, 2600, 126),
(1513.0291810000053, 12559, 531.0, 3900, 2600, 127),
(1513.0704169999954, 12560, 528.0, 3900, 2600, 128),
(1513.1776890000037, 12562, 531.0, 3900, 2600, 130),
(1513.2966389999929, 12564, 531.0, 3900, 2600, 132),
(1513.3970410000038, 12566, 531.0, 3900, 2600, 134),
(1513.4403480000037, 12567, 531.0, 3900, 2600, 135),
(1513.4842119999958, 12568, 531.0, 3900, 2600, 136),
(1513.5265240000008, 12569, 283.0, 3900, 2600, 137),
(1513.5672489999997, 12570, 531.0, 3900, 2600, 138),
(1513.6033739999984, 12571, 531.0, 3900, 2600, 139),
(1513.640585000001, 12572, 596.0, 3900, 2600, 140),
(1513.747682000001, 12574, 531.0, 3900, 2600, 142),
(1513.8023939999985, 12575, 531.0, 3900, 2600, 143),
(1513.8472489999986, 12576, 531.0, 3900, 2600, 144),
(1513.900695000004, 12577, 590.0, 3900, 2600, 145),
(1513.9430830000056, 12578, 531.0, 3900, 2600, 146),
(1513.9884380000003, 12579, 283.0, 3900, 2600, 147),
(1514.0381510000007, 12580, 531.0, 3900, 2600, 148),
(1514.0785960000067, 12581, 531.0, 3900, 2600, 149),
(1514.125874999998, 12582, 283.0, 3900, 2600, 150),
(1514.1730510000052, 12583, 531.0, 3900, 2600, 151),
(1514.2227589999966, 12584, 531.0, 3900, 2600, 152),
(1514.2714660000056, 12585, 531.0, 3900, 2700, 112),
(1514.3233690000052, 12586, 531.0, 3900, 2700, 113),
(1514.3791650000057, 12587, 528.0, 3900, 2700, 114),
(1514.4763839999941, 12589, 531.0, 3900, 2700, 116),
(1514.5758659999992, 12591, 531.0, 3900, 2700, 118),
(1514.6136649999971, 12592, 530.0, 3900, 2700, 119),
(1514.650846000004, 12593, 531.0, 3900, 2700, 120),
(1514.6904229999927, 12594, 531.0, 3900, 2700, 121),
(1514.727509000004, 12595, 531.0, 3900, 2700, 122),
(1514.8202509999974, 12597, 531.0, 3900, 2700, 124),
(1514.916234000004, 12599, 531.0, 3900, 2700, 126),
(1514.955019999994, 12600, 531.0, 3900, 2700, 127),
(1514.9969279999932, 12601, 528.0, 3900, 2700, 128),
(1515.098020000005, 12603, 531.0, 3900, 2700, 130),
(1515.2197140000062, 12605, 531.0, 3900, 2700, 132),
(1515.3154119999963, 12607, 531.0, 3900, 2700, 134),
(1515.355899000002, 12608, 531.0, 3900, 2700, 135),
(1515.400385999994, 12609, 531.0, 3900, 2700, 136),
(1515.4423870000028, 12610, 283.0, 3900, 2700, 137),
(1515.4952970000013, 12611, 531.0, 3900, 2700, 138),
(1515.5344309999928, 12612, 531.0, 3900, 2700, 139),
(1515.5758599999972, 12613, 596.0, 3900, 2700, 140),
(1515.689824999994, 12615, 531.0, 3900, 2700, 142),
(1515.7312390000006, 12616, 531.0, 3900, 2700, 143),
(1515.7706719999987, 12617, 531.0, 3900, 2700, 144),
(1515.821173999997, 12618, 590.0, 3900, 2700, 145),
(1515.8705210000044, 12619, 531.0, 3900, 2700, 146),
(1515.920889999994, 12620, 283.0, 3900, 2700, 147),
(1515.9679159999941, 12621, 531.0, 3900, 2700, 148),
(1516.0115050000022, 12622, 531.0, 3900, 2700, 149),
(1516.0520079999988, 12623, 283.0, 3900, 2700, 150),
(1516.173714000004, 12625, 531.0, 3900, 2700, 152),
(1516.2239580000023, 12626, 531.0, 3900, 2700, 113),
(1516.2774959999952, 12627, 528.0, 3900, 2700, 114),
(1516.3989989999973, 12629, 531.0, 3900, 2700, 116),
(1516.5173899999936, 12631, 531.0, 3900, 2700, 118),
(1516.5732609999977, 12632, 530.0, 3900, 2700, 119),
(1516.614539999995, 12633, 531.0, 3900, 2700, 120),
(1516.6537320000061, 12634, 531.0, 3900, 2700, 121),
(1516.6967799999984, 12635, 531.0, 3900, 2700, 122),
(1516.8074650000053, 12637, 531.0, 3900, 2700, 124),
(1516.9241340000008, 12639, 531.0, 3900, 2700, 126),
(1516.9806399999943, 12640, 531.0, 3900, 2700, 127),
(1517.026417000001, 12641, 528.0, 3900, 2700, 128),
(1517.1435820000042, 12643, 531.0, 3900, 2700, 130),
(1517.2653620000056, 12645, 531.0, 3900, 2700, 132),
(1517.382673, 12647, 531.0, 3900, 2700, 134),
(1517.4285410000011, 12648, 531.0, 3900, 2700, 135),
(1517.477316000004, 12649, 531.0, 3900, 2700, 136),
(1517.5207689999952, 12650, 283.0, 3900, 2700, 137),
(1517.562837999998, 12651, 531.0, 3900, 2700, 138),
(1517.6113999999943, 12652, 531.0, 3900, 2700, 139),
(1517.651868999994, 12653, 596.0, 3900, 2700, 140),
(1517.7718330000062, 12655, 531.0, 3900, 2700, 142),
(1517.823789999995, 12656, 531.0, 3900, 2700, 143),
(1517.8694669999968, 12657, 531.0, 3900, 2700, 144),
(1517.9219960000046, 12658, 590.0, 3900, 2700, 145),
(1517.9718640000065, 12659, 531.0, 3900, 2700, 146),
(1518.0235910000047, 12660, 283.0, 3900, 2700, 147),
(1518.0675000000047, 12661, 531.0, 3900, 2700, 148),
(1518.1129740000033, 12662, 531.0, 3900, 2700, 149),
(1518.156805999999, 12663, 283.0, 3900, 2700, 150),
(1518.2597649999952, 12665, 531.0, 3900, 2700, 152),
(1518.3043780000007, 12666, 531.0, 3900, 2700, 113),
(1518.348822999993, 12667, 528.0, 3900, 2700, 114),
(1518.4442580000032, 12669, 531.0, 3900, 2700, 116),
(1518.543386999998, 12671, 531.0, 3900, 2700, 118),
(1518.5880570000008, 12672, 530.0, 3900, 2700, 119),
(1518.6255450000026, 12673, 531.0, 3900, 2700, 120),
(1518.6660509999929, 12674, 531.0, 3900, 2700, 121),
(1518.7155059999932, 12675, 531.0, 3900, 2700, 122),
(1518.8140520000015, 12677, 531.0, 3900, 2700, 124),
(1518.9102609999973, 12679, 531.0, 3900, 2700, 126),
(1518.9500059999991, 12680, 531.0, 3900, 2700, 127),
(1518.9894340000028, 12681, 528.0, 3900, 2700, 128),
(1519.0950929999963, 12683, 531.0, 3900, 2700, 130),
(1519.1912299999967, 12685, 531.0, 3900, 2700, 132),
(1519.2924990000029, 12687, 531.0, 3900, 2700, 134),
(1519.3336200000049, 12688, 531.0, 3900, 2700, 135),
(1519.374410999997, 12689, 531.0, 3900, 2700, 136),
(1519.4183489999996, 12690, 283.0, 3900, 2700, 137),
(1519.458931000001, 12691, 531.0, 3900, 2700, 138),
(1519.4978390000033, 12692, 531.0, 3900, 2700, 139),
(1519.5400430000009, 12693, 596.0, 3900, 2700, 140),
(1519.640870999996, 12695, 531.0, 3900, 2700, 142),
(1519.6802710000047, 12696, 531.0, 3900, 2700, 143),
(1519.7191829999938, 12697, 531.0, 3900, 2700, 144),
(1519.761366000006, 12698, 590.0, 3900, 2700, 145),
(1519.8116670000018, 12699, 531.0, 3900, 2700, 146),
(1519.8610929999995, 12700, 283.0, 3900, 2700, 147),
(1519.9048849999963, 12701, 531.0, 3900, 2700, 148),
(1519.9527209999942, 12702, 531.0, 3900, 2700, 149),
(1519.9995630000049, 12703, 283.0, 3900, 2700, 150),
(1520.0966409999965, 12705, 531.0, 3900, 2700, 152),
(1520.1370129999996, 12706, 531.0, 3900, 2800, 112),
(1520.1943400000018, 12707, 531.0, 3900, 2800, 113),
(1520.243512000001, 12708, 528.0, 3900, 2800, 114),
(1520.3486059999996, 12710, 531.0, 3900, 2800, 116),
(1520.446702000001, 12712, 531.0, 3900, 2800, 118),
(1520.488228999995, 12713, 530.0, 3900, 2800, 119),
(1520.5270619999937, 12714, 531.0, 3900, 2800, 120),
(1520.5643520000012, 12715, 531.0, 3900, 2800, 121),
(1520.6044439999969, 12716, 531.0, 3900, 2800, 122),
(1520.7035780000006, 12718, 531.0, 3900, 2800, 124),
(1520.8105099999957, 12720, 531.0, 3900, 2800, 126),
(1520.8598610000045, 12721, 531.0, 3900, 2800, 127),
(1520.9025059999985, 12722, 528.0, 3900, 2800, 128),
(1521.0188070000004, 12724, 531.0, 3900, 2800, 130),
(1521.1202389999962, 12726, 531.0, 3900, 2800, 132),
(1521.232554999995, 12728, 531.0, 3900, 2800, 134),
(1521.2858430000051, 12729, 531.0, 3900, 2800, 135),
(1521.3311939999985, 12730, 531.0, 3900, 2800, 136),
(1521.3833259999956, 12731, 283.0, 3900, 2800, 137),
(1521.4280960000033, 12732, 531.0, 3900, 2800, 138),
(1521.4756809999963, 12733, 531.0, 3900, 2800, 139),
(1521.524304999999, 12734, 596.0, 3900, 2800, 140),
(1521.6367690000043, 12736, 531.0, 3900, 2800, 142),
(1521.6838169999974, 12737, 531.0, 3900, 2800, 143),
(1521.730945000003, 12738, 531.0, 3900, 2800, 144),
(1521.7735200000025, 12739, 590.0, 3900, 2800, 145),
(1521.8157840000058, 12740, 531.0, 3900, 2800, 146),
(1521.8622789999936, 12741, 283.0, 3900, 2800, 147),
(1521.9092269999965, 12742, 531.0, 3900, 2800, 148),
(1521.9591559999972, 12743, 531.0, 3900, 2800, 149),
(1521.9992460000067, 12744, 283.0, 3900, 2800, 150),
(1522.1092579999968, 12746, 531.0, 3900, 2800, 152),
(1522.1559379999962, 12747, 531.0, 3900, 2800, 113),
(1522.2025730000023, 12748, 528.0, 3900, 2800, 114),
(1522.2971039999975, 12750, 531.0, 3900, 2800, 116),
(1522.3935179999971, 12752, 531.0, 3900, 2800, 118),
(1522.4335229999997, 12753, 530.0, 3900, 2800, 119),
(1522.4810149999976, 12754, 531.0, 3900, 2800, 120),
(1522.5344040000055, 12755, 531.0, 3900, 2800, 121),
(1522.5860110000067, 12756, 531.0, 3900, 2800, 122),
(1522.700238000005, 12758, 531.0, 3900, 2800, 124),
(1522.8338229999936, 12760, 531.0, 3900, 2800, 126),
(1522.8810130000056, 12761, 531.0, 3900, 2800, 127),
(1522.923523999998, 12762, 528.0, 3900, 2800, 128),
(1523.0295299999998, 12764, 531.0, 3900, 2800, 130),
(1523.1226989999996, 12766, 531.0, 3900, 2800, 132),
(1523.2366800000018, 12768, 531.0, 3900, 2800, 134),
(1523.2756850000005, 12769, 531.0, 3900, 2800, 135),
(1523.314624000006, 12770, 531.0, 3900, 2800, 136),
(1523.353667999996, 12771, 283.0, 3900, 2800, 137),
(1523.3939110000065, 12772, 531.0, 3900, 2800, 138),
(1523.4327639999974, 12773, 531.0, 3900, 2800, 139),
(1523.471445999996, 12774, 596.0, 3900, 2800, 140),
(1523.579475999999, 12776, 531.0, 3900, 2800, 142),
(1523.6203300000052, 12777, 531.0, 3900, 2800, 143),
(1523.6698250000045, 12778, 531.0, 3900, 2800, 144),
(1523.7159269999975, 12779, 590.0, 3900, 2800, 145),
(1523.753137000007, 12780, 531.0, 3900, 2800, 146),
(1523.7896869999968, 12781, 283.0, 3900, 2800, 147),
(1523.8303319999977, 12782, 531.0, 3900, 2800, 148),
(1523.871134000001, 12783, 531.0, 3900, 2800, 149),
(1523.9131539999944, 12784, 283.0, 3900, 2800, 150),
(1524.019346999994, 12786, 531.0, 3900, 2800, 152),
(1524.0620840000047, 12787, 531.0, 3900, 2800, 113),
(1524.1052400000044, 12788, 528.0, 3900, 2800, 114),
(1524.2294529999926, 12790, 531.0, 3900, 2800, 116),
(1524.3423020000046, 12792, 531.0, 3900, 2800, 118),
(1524.3915500000003, 12793, 530.0, 3900, 2800, 119),
(1524.4362240000046, 12794, 531.0, 3900, 2800, 120),
(1524.476232000001, 12795, 531.0, 3900, 2800, 121),
(1524.5234199999977, 12796, 531.0, 3900, 2800, 122),
(1524.6436950000061, 12798, 531.0, 3900, 2800, 124),
(1524.7709529999993, 12800, 531.0, 3900, 2800, 126),
(1524.8218420000048, 12801, 531.0, 3900, 2800, 127),
(1524.868663000001, 12802, 528.0, 3900, 2800, 128),
(1524.982170999996, 12804, 531.0, 3900, 2800, 130),
(1525.0882459999993, 12806, 531.0, 3900, 2800, 132),
(1525.2057840000052, 12808, 531.0, 3900, 2800, 134),
(1525.250211999999, 12809, 531.0, 3900, 2800, 135),
(1525.307501000003, 12810, 531.0, 3900, 2800, 136),
(1525.3600750000041, 12811, 283.0, 3900, 2800, 137),
(1525.4126019999967, 12812, 531.0, 3900, 2800, 138),
(1525.459759999998, 12813, 531.0, 3900, 2800, 139),
(1525.5092219999933, 12814, 596.0, 3900, 2800, 140),
(1525.631441000005, 12816, 531.0, 3900, 2800, 142),
(1525.6768659999943, 12817, 531.0, 3900, 2800, 143),
(1525.7241119999962, 12818, 531.0, 3900, 2800, 144),
(1525.770589000007, 12819, 590.0, 3900, 2800, 145),
(1525.8155879999977, 12820, 531.0, 3900, 2800, 146),
(1525.8636870000046, 12821, 283.0, 3900, 2800, 147),
(1525.9130500000028, 12822, 531.0, 3900, 2800, 148),
(1525.9604969999928, 12823, 531.0, 3900, 2800, 149),
(1526.0020419999928, 12824, 283.0, 3900, 2800, 150),
(1526.1054600000061, 12826, 531.0, 3900, 2800, 152),
(1526.153959999996, 12827, 532.0, 3900, 2900, 112),
(1526.2021229999955, 12828, 532.0, 3900, 2900, 113),
(1526.2528630000015, 12829, 532.0, 3900, 2900, 114),
(1526.2953109999944, 12830, 532.0, 3900, 2900, 115),
(1526.3340190000017, 12831, 532.0, 3900, 2900, 116),
(1526.375476000001, 12832, 532.0, 3900, 2900, 117),
(1526.4162210000068, 12833, 532.0, 3900, 2900, 118),
(1526.4599520000047, 12834, 532.0, 3900, 2900, 119),
(1526.4982299999974, 12835, 532.0, 3900, 2900, 120),
(1526.5368149999995, 12836, 532.0, 3900, 2900, 121),
(1526.5771740000055, 12837, 532.0, 3900, 2900, 122),
(1526.614950999996, 12838, 532.0, 3900, 2900, 123),
(1526.6535330000042, 12839, 532.0, 3900, 2900, 124),
(1526.6968579999957, 12840, 532.0, 3900, 2900, 125),
(1526.7389939999994, 12841, 532.0, 3900, 2900, 126),
(1526.780476, 12842, 532.0, 3900, 2900, 127),
(1526.8242610000016, 12843, 532.0, 3900, 2900, 128),
(1526.864281999995, 12844, 532.0, 3900, 2900, 129),
(1526.9032330000045, 12845, 532.0, 3900, 2900, 130),
(1526.9476319999958, 12846, 532.0, 3900, 2900, 131),
(1526.9857769999944, 12847, 532.0, 3900, 2900, 132),
(1527.0284919999976, 12848, 532.0, 3900, 2900, 133),
(1527.0667689999973, 12849, 532.0, 3900, 2900, 134),
(1527.1058809999959, 12850, 532.0, 3900, 2900, 135),
(1527.157858999999, 12851, 532.0, 3900, 2900, 136),
(1527.1982699999935, 12852, 532.0, 3900, 2900, 137),
(1527.2399520000035, 12853, 532.0, 3900, 2900, 138),
(1527.2818649999972, 12854, 532.0, 3900, 2900, 139),
(1527.3249849999993, 12855, 532.0, 3900, 2900, 140),
(1527.3643759999977, 12856, 532.0, 3900, 2900, 141),
(1527.4042460000055, 12857, 532.0, 3900, 2900, 142),
(1527.4413389999972, 12858, 532.0, 3900, 2900, 143),
(1527.4777900000045, 12859, 532.0, 3900, 2900, 144),
(1527.5166999999929, 12860, 532.0, 3900, 2900, 145),
(1527.5612770000007, 12861, 532.0, 3900, 2900, 146),
(1527.6037450000003, 12862, 532.0, 3900, 2900, 147),
(1527.641140000007, 12863, 532.0, 3900, 2900, 148),
(1527.681242999999, 12864, 532.0, 3900, 2900, 149),
(1527.7196399999957, 12865, 532.0, 3900, 2900, 150),
(1527.7655749999976, 12866, 532.0, 3900, 2900, 151),
(1527.811354999998, 12867, 532.0, 3900, 2900, 152),
(1527.862089000002, 12868, 532.0, 3900, 2900, 113),
(1527.9118000000017, 12869, 532.0, 3900, 2900, 114),
(1527.9519909999945, 12870, 532.0, 3900, 2900, 115),
(1527.9908120000036, 12871, 532.0, 3900, 2900, 116),
(1528.028084999998, 12872, 532.0, 3900, 2900, 117),
(1528.065392000004, 12873, 532.0, 3900, 2900, 118),
(1528.111520999999, 12874, 532.0, 3900, 2900, 119),
(1528.155322000006, 12875, 532.0, 3900, 2900, 120),
(1528.1934570000012, 12876, 532.0, 3900, 2900, 121),
(1528.2369920000056, 12877, 532.0, 3900, 2900, 122),
(1528.280058999997, 12878, 532.0, 3900, 2900, 123),
(1528.3354850000032, 12879, 532.0, 3900, 2900, 124),
(1528.3824239999958, 12880, 532.0, 3900, 2900, 125),
(1528.4299100000062, 12881, 532.0, 3900, 2900, 126),
(1528.4741769999964, 12882, 532.0, 3900, 2900, 127),
(1528.5162419999979, 12883, 532.0, 3900, 2900, 128),
(1528.5553579999978, 12884, 532.0, 3900, 2900, 129),
(1528.5953350000054, 12885, 532.0, 3900, 2900, 130),
(1528.6427120000008, 12886, 532.0, 3900, 2900, 131),
(1528.6972499999974, 12887, 532.0, 3900, 2900, 132),
(1528.7491279999958, 12888, 532.0, 3900, 2900, 133),
(1528.7870759999932, 12889, 532.0, 3900, 2900, 134),
(1528.8265769999998, 12890, 532.0, 3900, 2900, 135),
(1528.866366999995, 12891, 532.0, 3900, 2900, 136),
(1528.9057270000048, 12892, 532.0, 3900, 2900, 137),
(1528.944088999997, 12893, 532.0, 3900, 2900, 138),
(1528.9838109999982, 12894, 532.0, 3900, 2900, 139),
(1529.0229059999983, 12895, 532.0, 3900, 2900, 140),
(1529.061262000003, 12896, 532.0, 3900, 2900, 141),
(1529.1002270000026, 12897, 532.0, 3900, 2900, 142),
(1529.1429459999927, 12898, 532.0, 3900, 2900, 143),
(1529.188565000004, 12899, 532.0, 3900, 2900, 144),
(1529.225808999996, 12900, 532.0, 3900, 2900, 145),
(1529.2630179999978, 12901, 532.0, 3900, 2900, 146),
(1529.3099400000065, 12902, 532.0, 3900, 2900, 147),
(1529.350105000005, 12903, 532.0, 3900, 2900, 148),
(1529.4076849999983, 12904, 532.0, 3900, 2900, 149),
(1529.4479509999946, 12905, 532.0, 3900, 2900, 150),
(1529.4839700000011, 12906, 532.0, 3900, 2900, 151),
(1529.520663000003, 12907, 532.0, 3900, 2900, 152),
(1529.559454999995, 12908, 532.0, 3900, 2900, 113),
(1529.5978380000015, 12909, 532.0, 3900, 2900, 114),
(1529.6362870000012, 12910, 532.0, 3900, 2900, 115),
(1529.6742360000062, 12911, 532.0, 3900, 2900, 116),
(1529.720742999998, 12912, 532.0, 3900, 2900, 117),
(1529.7728260000004, 12913, 532.0, 3900, 2900, 118),
(1529.820928000001, 12914, 532.0, 3900, 2900, 119),
(1529.8675870000006, 12915, 532.0, 3900, 2900, 120),
(1529.9061110000039, 12916, 532.0, 3900, 2900, 121),
(1529.9510449999943, 12917, 532.0, 3900, 2900, 122),
(1529.9890920000034, 12918, 532.0, 3900, 2900, 123),
(1530.0256450000015, 12919, 532.0, 3900, 2900, 124),
(1530.0658229999972, 12920, 532.0, 3900, 2900, 125),
(1530.1042659999948, 12921, 532.0, 3900, 2900, 126),
(1530.1459389999945, 12922, 532.0, 3900, 2900, 127),
(1530.1860650000017, 12923, 532.0, 3900, 2900, 128),
(1530.225489000004, 12924, 532.0, 3900, 2900, 129),
(1530.2763960000011, 12925, 532.0, 3900, 2900, 130),
(1530.3171129999973, 12926, 532.0, 3900, 2900, 131),
(1530.3542809999926, 12927, 532.0, 3900, 2900, 132),
(1530.399755999999, 12928, 532.0, 3900, 2900, 133),
(1530.438878999994, 12929, 532.0, 3900, 2900, 134),
(1530.4766600000003, 12930, 532.0, 3900, 2900, 135),
(1530.5174189999962, 12931, 532.0, 3900, 2900, 136),
(1530.558508999995, 12932, 532.0, 3900, 2900, 137),
(1530.6000029999996, 12933, 532.0, 3900, 2900, 138),
(1530.6355219999969, 12934, 532.0, 3900, 2900, 139),
(1530.6742609999928, 12935, 532.0, 3900, 2900, 140),
(1530.7113459999964, 12936, 532.0, 3900, 2900, 141),
(1530.7576240000053, 12937, 532.0, 3900, 2900, 142),
(1530.8038649999944, 12938, 532.0, 3900, 2900, 143),
(1530.8486069999926, 12939, 532.0, 3900, 2900, 144),
(1530.8978990000032, 12940, 532.0, 3900, 2900, 145),
(1530.947245000003, 12941, 532.0, 3900, 2900, 146),
(1530.9971119999973, 12942, 532.0, 3900, 2900, 147),
(1531.0404160000035, 12943, 532.0, 3900, 2900, 148),
(1531.0784710000007, 12944, 532.0, 3900, 2900, 149),
(1531.1181639999995, 12945, 532.0, 3900, 2900, 150),
(1531.155224000002, 12946, 532.0, 3900, 2900, 151),
(1531.200423000002, 12947, 532.0, 3900, 2900, 152),
(1531.2476109999989, 12948, 531.0, 3900, 3000, 112),
(1531.2928530000063, 12949, 531.0, 3900, 3000, 113),
(1531.3376879999996, 12950, 531.0, 3900, 3000, 114),
(1531.4418399999995, 12952, 531.0, 3900, 3000, 116),
(1531.482130999997, 12953, 531.0, 3900, 3000, 117),
(1531.5254290000012, 12954, 531.0, 3900, 3000, 118),
(1531.5770000000048, 12955, 531.0, 3900, 3000, 119),
(1531.6222410000046, 12956, 531.0, 3900, 3000, 120),
(1531.6689179999958, 12957, 531.0, 3900, 3000, 121),
(1531.7100459999929, 12958, 531.0, 3900, 3000, 122),
(1531.7522259999969, 12959, 531.0, 3900, 3000, 123),
(1531.791354999994, 12960, 531.0, 3900, 3000, 124),
(1531.8396260000009, 12961, 531.0, 3900, 3000, 125),
(1531.8891509999958, 12962, 531.0, 3900, 3000, 126),
(1531.9359209999966, 12963, 531.0, 3900, 3000, 127),
(1531.9835630000016, 12964, 531.0, 3900, 3000, 128),
(1532.0880840000027, 12966, 531.0, 3900, 3000, 130),
(1532.1336199999932, 12967, 531.0, 3900, 3000, 131),
(1532.175602999996, 12968, 531.0, 3900, 3000, 132),
(1532.2263539999985, 12969, 531.0, 3900, 3000, 133),
(1532.2678489999962, 12970, 531.0, 3900, 3000, 134),
(1532.3162480000028, 12971, 531.0, 3900, 3000, 135),
(1532.374846000006, 12972, 531.0, 3900, 3000, 136),
(1532.4197339999955, 12973, 531.0, 3900, 3000, 137),
(1532.4663540000038, 12974, 531.0, 3900, 3000, 138),
(1532.5146039999963, 12975, 531.0, 3900, 3000, 139),
(1532.5621090000059, 12976, 531.0, 3900, 3000, 140),
(1532.6097359999985, 12977, 531.0, 3900, 3000, 141),
(1532.6592110000056, 12978, 531.0, 3900, 3000, 142),
(1532.7054869999993, 12979, 531.0, 3900, 3000, 143),
(1532.745861000003, 12980, 531.0, 3900, 3000, 144),
(1532.7924950000015, 12981, 531.0, 3900, 3000, 145),
(1532.839380999998, 12982, 531.0, 3900, 3000, 146),
(1532.895040000003, 12983, 531.0, 3900, 3000, 147),
(1532.9544049999968, 12984, 531.0, 3900, 3000, 148),
(1533.0007849999965, 12985, 531.0, 3900, 3000, 149),
(1533.0437970000057, 12986, 531.0, 3900, 3000, 150),
(1533.0824149999971, 12987, 531.0, 3900, 3000, 151),
(1533.1245499999932, 12988, 531.0, 3900, 3000, 152),
(1533.1708530000033, 12989, 531.0, 3900, 3000, 113),
(1533.2152780000033, 12990, 531.0, 3900, 3000, 114),
(1533.3112189999956, 12992, 531.0, 3900, 3000, 116),
(1533.3630719999928, 12993, 531.0, 3900, 3000, 117),
(1533.417214000001, 12994, 531.0, 3900, 3000, 118),
(1533.4628850000008, 12995, 531.0, 3900, 3000, 119),
(1533.5152260000032, 12996, 531.0, 3900, 3000, 120),
(1533.571054, 12997, 531.0, 3900, 3000, 121),
(1533.623842999994, 12998, 531.0, 3900, 3000, 122),
(1533.6713980000059, 12999, 531.0, 3900, 3000, 123),
(1533.7179440000036, 13000, 531.0, 3900, 3000, 124),
(1533.7641069999954, 13001, 531.0, 3900, 3000, 125),
(1533.812156999993, 13002, 531.0, 3900, 3000, 126),
(1533.8608720000047, 13003, 531.0, 3900, 3000, 127),
(1533.9084390000062, 13004, 531.0, 3900, 3000, 128),
(1534.0200179999956, 13006, 531.0, 3900, 3000, 130),
(1534.0653310000052, 13007, 531.0, 3900, 3000, 131),
(1534.106369000001, 13008, 531.0, 3900, 3000, 132),
(1534.1522160000022, 13009, 531.0, 3900, 3000, 133),
(1534.2017829999968, 13010, 531.0, 3900, 3000, 134),
(1534.2502720000048, 13011, 531.0, 3900, 3000, 135),
(1534.3037610000029, 13012, 531.0, 3900, 3000, 136),
(1534.3581209999975, 13013, 531.0, 3900, 3000, 137),
(1534.397087999998, 13014, 531.0, 3900, 3000, 138),
(1534.4369810000062, 13015, 531.0, 3900, 3000, 139),
(1534.4749770000053, 13016, 531.0, 3900, 3000, 140),
(1534.5158850000007, 13017, 531.0, 3900, 3000, 141),
(1534.5545520000014, 13018, 531.0, 3900, 3000, 142),
(1534.6002759999974, 13019, 531.0, 3900, 3000, 143),
(1534.6491249999963, 13020, 531.0, 3900, 3000, 144),
(1534.6993329999968, 13021, 531.0, 3900, 3000, 145),
(1534.744544999994, 13022, 531.0, 3900, 3000, 146),
(1534.7879350000003, 13023, 531.0, 3900, 3000, 147),
(1534.8303330000053, 13024, 531.0, 3900, 3000, 148),
(1534.8722540000017, 13025, 531.0, 3900, 3000, 149),
(1534.9107550000044, 13026, 531.0, 3900, 3000, 150),
(1534.9524859999947, 13027, 531.0, 3900, 3000, 151),
(1534.9919070000033, 13028, 531.0, 3900, 3000, 152),
(1535.0301130000007, 13029, 531.0, 3900, 3000, 113),
(1535.073755000005, 13030, 531.0, 3900, 3000, 114),
(1535.1761350000015, 13032, 531.0, 3900, 3000, 116),
(1535.2170849999966, 13033, 531.0, 3900, 3000, 117),
(1535.257356999995, 13034, 531.0, 3900, 3000, 118),
(1535.2994139999937, 13035, 531.0, 3900, 3000, 119),
(1535.343240000002, 13036, 531.0, 3900, 3000, 120),
(1535.3822139999975, 13037, 531.0, 3900, 3000, 121),
(1535.4285910000035, 13038, 531.0, 3900, 3000, 122),
(1535.4676550000004, 13039, 531.0, 3900, 3000, 123),
(1535.5228720000014, 13040, 531.0, 3900, 3000, 124),
(1535.5658689999982, 13041, 531.0, 3900, 3000, 125),
(1535.6194019999966, 13042, 531.0, 3900, 3000, 126),
(1535.6617569999944, 13043, 531.0, 3900, 3000, 127),
(1535.7043790000025, 13044, 531.0, 3900, 3000, 128),
(1535.808044999998, 13046, 531.0, 3900, 3000, 130),
(1535.8497630000056, 13047, 531.0, 3900, 3000, 131),
(1535.888804999995, 13048, 531.0, 3900, 3000, 132),
(1535.9322799999936, 13049, 531.0, 3900, 3000, 133),
(1535.9759699999995, 13050, 531.0, 3900, 3000, 134),
(1536.0376950000064, 13051, 531.0, 3900, 3000, 135),
(1536.0787169999967, 13052, 531.0, 3900, 3000, 136),
(1536.1263089999993, 13053, 531.0, 3900, 3000, 137),
(1536.1671320000023, 13054, 531.0, 3900, 3000, 138),
(1536.212446999998, 13055, 531.0, 3900, 3000, 139),
(1536.250107999993, 13056, 531.0, 3900, 3000, 140),
(1536.2966210000013, 13057, 531.0, 3900, 3000, 141),
(1536.3346299999976, 13058, 531.0, 3900, 3000, 142),
(1536.3762549999956, 13059, 531.0, 3900, 3000, 143),
(1536.4160030000057, 13060, 531.0, 3900, 3000, 144),
(1536.4619609999936, 13061, 531.0, 3900, 3000, 145),
(1536.499914999993, 13062, 531.0, 3900, 3000, 146),
(1536.5379930000054, 13063, 531.0, 3900, 3000, 147),
(1536.584103000001, 13064, 531.0, 3900, 3000, 148),
(1536.6281179999933, 13065, 531.0, 3900, 3000, 149),
(1536.666287999993, 13066, 531.0, 3900, 3000, 150),
(1536.7072519999929, 13067, 531.0, 3900, 3000, 151),
(1536.7462220000016, 13068, 531.0, 3900, 3000, 152),
(1536.7906499999954, 13069, 531.0, 3900, 3100, 112),
(1536.832819999996, 13070, 531.0, 3900, 3100, 113),
(1536.8746930000052, 13071, 531.0, 3900, 3100, 114),
(1536.9187559999991, 13072, 531.0, 3900, 3100, 115),
(1536.9580480000004, 13073, 531.0, 3900, 3100, 116),
(1536.9964920000057, 13074, 531.0, 3900, 3100, 117),
(1537.0364490000065, 13075, 531.0, 3900, 3100, 118),
(1537.0784450000065, 13076, 531.0, 3900, 3100, 119),
(1537.1225660000055, 13077, 531.0, 3900, 3100, 120),
(1537.1772740000015, 13078, 531.0, 3900, 3100, 121),
(1537.2231400000019, 13079, 531.0, 3900, 3100, 122),
(1537.2755739999993, 13080, 531.0, 3900, 3100, 123),
(1537.3194099999964, 13081, 531.0, 3900, 3100, 124),
(1537.3697189999948, 13082, 531.0, 3900, 3100, 125),
(1537.4173509999964, 13083, 531.0, 3900, 3100, 126),
(1537.4724129999959, 13084, 531.0, 3900, 3100, 127),
(1537.517749999999, 13085, 531.0, 3900, 3100, 128),
(1537.5636430000013, 13086, 531.0, 3900, 3100, 129),
(1537.6138470000005, 13087, 531.0, 3900, 3100, 130),
(1537.6567510000023, 13088, 531.0, 3900, 3100, 131),
(1537.7016520000034, 13089, 531.0, 3900, 3100, 132),
(1537.7416269999958, 13090, 531.0, 3900, 3100, 133),
(1537.7823800000042, 13091, 531.0, 3900, 3100, 134),
(1537.8252890000003, 13092, 531.0, 3900, 3100, 135),
(1537.8696559999953, 13093, 531.0, 3900, 3100, 136),
(1537.9233010000025, 13094, 531.0, 3900, 3100, 137),
(1537.9808740000008, 13095, 531.0, 3900, 3100, 138),
(1538.0383350000047, 13096, 531.0, 3900, 3100, 139),
(1538.0825420000037, 13097, 531.0, 3900, 3100, 140),
(1538.1236449999997, 13098, 531.0, 3900, 3100, 141),
(1538.1665099999955, 13099, 531.0, 3900, 3100, 142),
(1538.2044040000037, 13100, 531.0, 3900, 3100, 143),
(1538.2425950000033, 13101, 531.0, 3900, 3100, 144),
(1538.2799760000053, 13102, 531.0, 3900, 3100, 145),
(1538.3203700000013, 13103, 531.0, 3900, 3100, 146),
(1538.3587319999933, 13104, 531.0, 3900, 3100, 147),
(1538.3985760000069, 13105, 531.0, 3900, 3100, 148),
(1538.443717000002, 13106, 531.0, 3900, 3100, 149),
(1538.498934000003, 13107, 531.0, 3900, 3100, 150),
(1538.5430389999965, 13108, 531.0, 3900, 3100, 151),
(1538.586976999999, 13109, 531.0, 3900, 3100, 152),
(1538.6294789999956, 13110, 531.0, 3900, 3100, 113),
(1538.6885150000016, 13111, 531.0, 3900, 3100, 114),
(1538.7282089999935, 13112, 531.0, 3900, 3100, 115),
(1538.7649340000062, 13113, 531.0, 3900, 3100, 116),
(1538.8043619999953, 13114, 531.0, 3900, 3100, 117),
(1538.8456370000058, 13115, 531.0, 3900, 3100, 118),
(1538.892823000002, 13116, 531.0, 3900, 3100, 119),
(1538.9349070000026, 13117, 531.0, 3900, 3100, 120),
(1538.9820349999936, 13118, 531.0, 3900, 3100, 121),
(1539.0209440000035, 13119, 531.0, 3900, 3100, 122),
(1539.0584360000066, 13120, 531.0, 3900, 3100, 123),
(1539.0997889999999, 13121, 531.0, 3900, 3100, 124),
(1539.1393729999982, 13122, 531.0, 3900, 3100, 125),
(1539.17972, 13123, 531.0, 3900, 3100, 126),
(1539.218789000006, 13124, 531.0, 3900, 3100, 127),
(1539.257255000004, 13125, 531.0, 3900, 3100, 128),
(1539.295683000004, 13126, 531.0, 3900, 3100, 129),
(1539.3358060000028, 13127, 531.0, 3900, 3100, 130),
(1539.3772219999955, 13128, 531.0, 3900, 3100, 131),
(1539.4197069999937, 13129, 531.0, 3900, 3100, 132),
(1539.4690100000007, 13130, 531.0, 3900, 3100, 133),
(1539.5157409999956, 13131, 531.0, 3900, 3100, 134),
(1539.5610460000025, 13132, 531.0, 3900, 3100, 135),
(1539.59908, 13133, 531.0, 3900, 3100, 136),
(1539.6443319999962, 13134, 531.0, 3900, 3100, 137),
(1539.6827329999942, 13135, 531.0, 3900, 3100, 138),
(1539.7328290000005, 13136, 531.0, 3900, 3100, 139),
(1539.776079999996, 13137, 531.0, 3900, 3100, 140),
(1539.8180620000057, 13138, 531.0, 3900, 3100, 141),
(1539.8570880000043, 13139, 531.0, 3900, 3100, 142),
(1539.8976410000032, 13140, 531.0, 3900, 3100, 143),
(1539.9385029999976, 13141, 531.0, 3900, 3100, 144),
(1539.9803470000043, 13142, 531.0, 3900, 3100, 145),
(1540.025020999994, 13143, 531.0, 3900, 3100, 146),
(1540.0642139999982, 13144, 531.0, 3900, 3100, 147),
(1540.107686999996, 13145, 531.0, 3900, 3100, 148),
(1540.1477670000022, 13146, 531.0, 3900, 3100, 149),
(1540.1845310000062, 13147, 531.0, 3900, 3100, 150),
(1540.2247780000034, 13148, 531.0, 3900, 3100, 151),
(1540.2683980000002, 13149, 531.0, 3900, 3100, 152),
(1540.3121539999993, 13150, 531.0, 3900, 3100, 113),
(1540.3553919999977, 13151, 531.0, 3900, 3100, 114),
(1540.3959100000066, 13152, 531.0, 3900, 3100, 115),
(1540.4387450000067, 13153, 531.0, 3900, 3100, 116),
(1540.4787840000063, 13154, 531.0, 3900, 3100, 117),
(1540.5216470000014, 13155, 531.0, 3900, 3100, 118),
(1540.5830220000062, 13156, 531.0, 3900, 3100, 119),
(1540.6254409999965, 13157, 531.0, 3900, 3100, 120),
(1540.6675959999993, 13158, 531.0, 3900, 3100, 121),
(1540.7064260000043, 13159, 531.0, 3900, 3100, 122),
(1540.7464020000043, 13160, 531.0, 3900, 3100, 123),
(1540.7893710000062, 13161, 531.0, 3900, 3100, 124),
(1540.8299819999957, 13162, 531.0, 3900, 3100, 125),
(1540.8688939999993, 13163, 531.0, 3900, 3100, 126),
(1540.919102999993, 13164, 531.0, 3900, 3100, 127),
(1540.957316, 13165, 531.0, 3900, 3100, 128),
(1540.9962349999987, 13166, 531.0, 3900, 3100, 129),
(1541.0428129999927, 13167, 531.0, 3900, 3100, 130),
(1541.1135749999958, 13168, 531.0, 3900, 3100, 131),
(1541.1787639999966, 13169, 531.0, 3900, 3100, 132),
(1541.217915000001, 13170, 531.0, 3900, 3100, 133),
(1541.2669730000052, 13171, 531.0, 3900, 3100, 134),
(1541.322595000005, 13172, 531.0, 3900, 3100, 135),
(1541.367001999999, 13173, 531.0, 3900, 3100, 136),
(1541.4197540000023, 13174, 531.0, 3900, 3100, 137),
(1541.460905999993, 13175, 531.0, 3900, 3100, 138),
(1541.498139999996, 13176, 531.0, 3900, 3100, 139),
(1541.543485000002, 13177, 531.0, 3900, 3100, 140),
(1541.592524000007, 13178, 531.0, 3900, 3100, 141),
(1541.630244999993, 13179, 531.0, 3900, 3100, 142),
(1541.672940999997, 13180, 531.0, 3900, 3100, 143),
(1541.7163129999972, 13181, 531.0, 3900, 3100, 144),
(1541.765836000006, 13182, 531.0, 3900, 3100, 145),
(1541.8190060000052, 13183, 531.0, 3900, 3100, 146),
(1541.8596280000056, 13184, 531.0, 3900, 3100, 147),
(1541.9087750000035, 13185, 531.0, 3900, 3100, 148),
(1541.950979000001, 13186, 531.0, 3900, 3100, 149),
(1541.989910999997, 13187, 531.0, 3900, 3100, 150),
(1542.029813999994, 13188, 531.0, 3900, 3100, 151),
(1542.0758320000023, 13189, 531.0, 3900, 3100, 152),
(1542.121100999997, 13190, 531.0, 3900, 3200, 112),
(1542.1789839999983, 13191, 531.0, 3900, 3200, 113),
(1542.223570000002, 13192, 531.0, 3900, 3200, 114),
(1542.276291999995, 13193, 531.0, 3900, 3200, 115),
(1542.328038000007, 13194, 531.0, 3900, 3200, 116),
(1542.3825039999938, 13195, 531.0, 3900, 3200, 117),
(1542.4298660000059, 13196, 531.0, 3900, 3200, 118),
(1542.477304999993, 13197, 531.0, 3900, 3200, 119),
(1542.5211929999932, 13198, 531.0, 3900, 3200, 120),
(1542.563764000006, 13199, 531.0, 3900, 3200, 121),
(1542.6061340000015, 13200, 531.0, 3900, 3200, 122),
(1542.6515249999939, 13201, 531.0, 3900, 3200, 123),
(1542.7087420000025, 13202, 531.0, 3900, 3200, 124),
(1542.758296999993, 13203, 531.0, 3900, 3200, 125),
(1542.8087700000033, 13204, 531.0, 3900, 3200, 126),
(1542.8580879999936, 13205, 531.0, 3900, 3200, 127),
(1542.9071160000021, 13206, 531.0, 3900, 3200, 128),
(1542.9578060000058, 13207, 531.0, 3900, 3200, 129),
(1543.0016109999997, 13208, 531.0, 3900, 3200, 130),
(1543.0450410000049, 13209, 531.0, 3900, 3200, 131),
(1543.081548999995, 13210, 531.0, 3900, 3200, 132),
(1543.1227760000038, 13211, 531.0, 3900, 3200, 133),
(1543.1695429999963, 13212, 531.0, 3900, 3200, 134),
(1543.2102900000027, 13213, 531.0, 3900, 3200, 135),
(1543.2511640000012, 13214, 531.0, 3900, 3200, 136),
(1543.2959629999968, 13215, 531.0, 3900, 3200, 137),
(1543.3370310000028, 13216, 531.0, 3900, 3200, 138),
(1543.3780439999973, 13217, 531.0, 3900, 3200, 139),
(1543.4204940000054, 13218, 531.0, 3900, 3200, 140),
(1543.4614719999954, 13219, 531.0, 3900, 3200, 141),
(1543.504381000006, 13220, 531.0, 3900, 3200, 142),
(1543.5468039999978, 13221, 531.0, 3900, 3200, 143),
(1543.593399999998, 13222, 531.0, 3900, 3200, 144),
(1543.6383059999935, 13223, 531.0, 3900, 3200, 145),
(1543.676496999993, 13224, 531.0, 3900, 3200, 146),
(1543.714577000006, 13225, 531.0, 3900, 3200, 147),
(1543.7507389999955, 13226, 531.0, 3900, 3200, 148),
(1543.789665999997, 13227, 531.0, 3900, 3200, 149),
(1543.827701999995, 13228, 531.0, 3900, 3200, 150),
(1543.8680380000005, 13229, 531.0, 3900, 3200, 151),
(1543.911328000002, 13230, 531.0, 3900, 3200, 152),
(1543.961903000003, 13231, 531.0, 3900, 3200, 113),
(1544.011043999999, 13232, 531.0, 3900, 3200, 114),
(1544.0608599999978, 13233, 531.0, 3900, 3200, 115),
(1544.101874999993, 13234, 531.0, 3900, 3200, 116),
(1544.150112999996, 13235, 531.0, 3900, 3200, 117),
(1544.206965999998, 13236, 531.0, 3900, 3200, 118),
(1544.2585890000046, 13237, 531.0, 3900, 3200, 119),
(1544.310157999993, 13238, 531.0, 3900, 3200, 120),
(1544.3621240000066, 13239, 531.0, 3900, 3200, 121),
(1544.402243000004, 13240, 531.0, 3900, 3200, 122),
(1544.4460689999978, 13241, 531.0, 3900, 3200, 123),
(1544.4905779999972, 13242, 531.0, 3900, 3200, 124),
(1544.5436340000015, 13243, 531.0, 3900, 3200, 125),
(1544.5861830000067, 13244, 531.0, 3900, 3200, 126),
(1544.630158, 13245, 531.0, 3900, 3200, 127),
(1544.678601000007, 13246, 531.0, 3900, 3200, 128),
(1544.7154889999947, 13247, 531.0, 3900, 3200, 129),
(1544.759388999999, 13248, 531.0, 3900, 3200, 130),
(1544.8124499999976, 13249, 531.0, 3900, 3200, 131),
(1544.8673810000037, 13250, 531.0, 3900, 3200, 132),
(1544.9123560000007, 13251, 531.0, 3900, 3200, 133),
(1544.9630999999936, 13252, 531.0, 3900, 3200, 134),
(1545.007534000004, 13253, 531.0, 3900, 3200, 135),
(1545.0568899999926, 13254, 531.0, 3900, 3200, 136),
(1545.1003829999972, 13255, 531.0, 3900, 3200, 137),
(1545.1482249999972, 13256, 531.0, 3900, 3200, 138),
(1545.1979350000038, 13257, 531.0, 3900, 3200, 139),
(1545.2529309999954, 13258, 531.0, 3900, 3200, 140),
(1545.3018520000041, 13259, 531.0, 3900, 3200, 141),
(1545.3460079999932, 13260, 531.0, 3900, 3200, 142),
(1545.3929199999984, 13261, 531.0, 3900, 3200, 143),
(1545.4452109999984, 13262, 531.0, 3900, 3200, 144),
(1545.4899779999978, 13263, 531.0, 3900, 3200, 145),
(1545.5399789999938, 13264, 531.0, 3900, 3200, 146),
(1545.5907549999974, 13265, 531.0, 3900, 3200, 147),
(1545.6321339999995, 13266, 531.0, 3900, 3200, 148),
(1545.6797570000053, 13267, 531.0, 3900, 3200, 149),
(1545.719232000003, 13268, 531.0, 3900, 3200, 150),
(1545.7600280000042, 13269, 531.0, 3900, 3200, 151),
(1545.806481000007, 13270, 531.0, 3900, 3200, 152),
(1545.849835000001, 13271, 531.0, 3900, 3200, 113),
(1545.8923849999992, 13272, 531.0, 3900, 3200, 114),
(1545.9308630000014, 13273, 531.0, 3900, 3200, 115),
(1545.978787999993, 13274, 531.0, 3900, 3200, 116),
(1546.021231000006, 13275, 531.0, 3900, 3200, 117),
(1546.0668659999938, 13276, 531.0, 3900, 3200, 118),
(1546.1097549999977, 13277, 531.0, 3900, 3200, 119),
(1546.1503099999973, 13278, 531.0, 3900, 3200, 120),
(1546.1903960000054, 13279, 531.0, 3900, 3200, 121),
(1546.230911999999, 13280, 531.0, 3900, 3200, 122),
(1546.2755489999981, 13281, 531.0, 3900, 3200, 123),
(1546.3168739999965, 13282, 531.0, 3900, 3200, 124),
(1546.356283000001, 13283, 531.0, 3900, 3200, 125),
(1546.395457999999, 13284, 531.0, 3900, 3200, 126),
(1546.4347660000058, 13285, 531.0, 3900, 3200, 127),
(1546.4817789999943, 13286, 531.0, 3900, 3200, 128),
(1546.529456999997, 13287, 531.0, 3900, 3200, 129),
(1546.5824100000027, 13288, 531.0, 3900, 3200, 130),
(1546.631687999994, 13289, 531.0, 3900, 3200, 131),
(1546.6787259999983, 13290, 531.0, 3900, 3200, 132),
(1546.7209900000016, 13291, 531.0, 3900, 3200, 133),
(1546.767022, 13292, 531.0, 3900, 3200, 134),
(1546.809150999994, 13293, 531.0, 3900, 3200, 135),
(1546.856918000005, 13294, 531.0, 3900, 3200, 136),
(1546.8997269999963, 13295, 531.0, 3900, 3200, 137),
(1546.9468510000006, 13296, 531.0, 3900, 3200, 138),
(1546.9966249999998, 13297, 531.0, 3900, 3200, 139),
(1547.0438379999978, 13298, 531.0, 3900, 3200, 140),
(1547.0839810000034, 13299, 531.0, 3900, 3200, 141),
(1547.1368070000026, 13300, 531.0, 3900, 3200, 142),
(1547.1890949999943, 13301, 531.0, 3900, 3200, 143),
(1547.2372739999992, 13302, 531.0, 3900, 3200, 144),
(1547.2835259999993, 13303, 531.0, 3900, 3200, 145),
(1547.328972000003, 13304, 531.0, 3900, 3200, 146),
(1547.3788769999956, 13305, 531.0, 3900, 3200, 147),
(1547.4271180000069, 13306, 531.0, 3900, 3200, 148),
(1547.4659879999963, 13307, 531.0, 3900, 3200, 149),
(1547.5097169999935, 13308, 531.0, 3900, 3200, 150),
(1547.548873000007, 13309, 531.0, 3900, 3200, 151),
(1547.5906359999935, 13310, 531.0, 3900, 3200, 152),
(1547.6322530000034, 13311, 531.0, 4100, 2000, 112),
(1547.6816180000023, 13312, 531.0, 4100, 2000, 113),
(1547.7304770000046, 13313, 531.0, 4100, 2000, 114),
(1547.8442950000026, 13315, 531.0, 4100, 2000, 116),
(1547.968968000001, 13317, 531.0, 4100, 2000, 118),
(1548.0096579999954, 13318, 531.0, 4100, 2000, 119),
(1548.0492950000043, 13319, 531.0, 4100, 2000, 120),
(1548.0890669999935, 13320, 531.0, 4100, 2000, 121),
(1548.1400449999928, 13321, 531.0, 4100, 2000, 122),
(1548.268704999995, 13323, 531.0, 4100, 2000, 124),
(1548.3836440000014, 13325, 531.0, 4100, 2000, 126),
(1548.4312740000023, 13326, 531.0, 4100, 2000, 127),
(1548.4739379999955, 13327, 531.0, 4100, 2000, 128),
(1548.5802450000047, 13329, 531.0, 4100, 2000, 130),
(1548.7003879999975, 13331, 531.0, 4100, 2000, 132),
(1548.7461970000004, 13332, 531.0, 4100, 2000, 133),
(1548.7903970000043, 13333, 531.0, 4100, 2000, 134),
(1548.8344119999965, 13334, 531.0, 4100, 2000, 135),
(1548.8895690000063, 13335, 531.0, 4100, 2000, 136),
(1548.932918999999, 13336, 281.0, 4100, 2000, 137),
(1548.9781070000026, 13337, 531.0, 4100, 2000, 138),
(1549.0273589999997, 13338, 531.0, 4100, 2000, 139),
(1549.0677080000023, 13339, 1833.0, 4100, 2000, 140),
(1549.113989000005, 13340, 531.0, 4100, 2000, 141),
(1549.1674280000007, 13341, 531.0, 4100, 2000, 142),
(1549.2139560000069, 13342, 531.0, 4100, 2000, 143),
(1549.2624039999937, 13343, 531.0, 4100, 2000, 144),
(1549.3095230000035, 13344, 531.0, 4100, 2000, 145),
(1549.3612489999941, 13345, 531.0, 4100, 2000, 146),
(1549.4140099999931, 13346, 531.0, 4100, 2000, 147),
(1549.4583180000045, 13347, 531.0, 4100, 2000, 148),
(1549.5067180000042, 13348, 531.0, 4100, 2000, 149),
(1549.6326350000018, 13350, 531.0, 4100, 2000, 151),
(1549.6813249999977, 13351, 531.0, 4100, 2000, 152),
(1549.7338170000003, 13352, 531.0, 4100, 2000, 113),
(1549.777826999998, 13353, 531.0, 4100, 2000, 114),
(1549.890314999997, 13355, 531.0, 4100, 2000, 116),
(1550.0003020000004, 13357, 531.0, 4100, 2000, 118),
(1550.0428649999958, 13358, 531.0, 4100, 2000, 119),
(1550.0862469999993, 13359, 531.0, 4100, 2000, 120),
(1550.1291219999985, 13360, 531.0, 4100, 2000, 121),
(1550.170616000003, 13361, 531.0, 4100, 2000, 122),
(1550.2707579999988, 13363, 531.0, 4100, 2000, 124),
(1550.3789490000054, 13365, 531.0, 4100, 2000, 126),
(1550.4256049999967, 13366, 531.0, 4100, 2000, 127),
(1550.4675870000065, 13367, 531.0, 4100, 2000, 128),
(1550.5740249999944, 13369, 531.0, 4100, 2000, 130),
(1550.6812409999984, 13371, 531.0, 4100, 2000, 132),
(1550.7287150000047, 13372, 531.0, 4100, 2000, 133),
(1550.7783550000022, 13373, 531.0, 4100, 2000, 134),
(1550.8153659999953, 13374, 531.0, 4100, 2000, 135),
(1550.8586039999936, 13375, 531.0, 4100, 2000, 136),
(1550.8983429999935, 13376, 281.0, 4100, 2000, 137),
(1550.9372529999964, 13377, 531.0, 4100, 2000, 138),
(1550.9736399999965, 13378, 531.0, 4100, 2000, 139),
(1551.0127349999966, 13379, 1833.0, 4100, 2000, 140),
(1551.0531069999997, 13380, 531.0, 4100, 2000, 141),
(1551.094471000004, 13381, 531.0, 4100, 2000, 142),
(1551.1341399999947, 13382, 531.0, 4100, 2000, 143),
(1551.1757720000023, 13383, 531.0, 4100, 2000, 144),
(1551.2177170000068, 13384, 531.0, 4100, 2000, 145),
(1551.256693000003, 13385, 531.0, 4100, 2000, 146),
(1551.3040429999965, 13386, 531.0, 4100, 2000, 147),
(1551.345908999996, 13387, 531.0, 4100, 2000, 148),
(1551.3845109999966, 13388, 531.0, 4100, 2000, 149),
(1551.485719999997, 13390, 531.0, 4100, 2000, 151),
(1551.5281539999996, 13391, 531.0, 4100, 2000, 152),
(1551.5655870000046, 13392, 531.0, 4100, 2000, 113),
(1551.6075870000059, 13393, 531.0, 4100, 2000, 114),
(1551.7161440000054, 13395, 531.0, 4100, 2000, 116),
(1551.8148139999976, 13397, 531.0, 4100, 2000, 118),
(1551.8569480000006, 13398, 531.0, 4100, 2000, 119),
(1551.9056680000067, 13399, 531.0, 4100, 2000, 120),
(1551.9587579999934, 13400, 531.0, 4100, 2000, 121),
(1552.0058889999927, 13401, 531.0, 4100, 2000, 122),
(1552.1077950000035, 13403, 531.0, 4100, 2000, 124),
(1552.2257399999944, 13405, 531.0, 4100, 2000, 126),
(1552.2735799999937, 13406, 531.0, 4100, 2000, 127),
(1552.3167660000036, 13407, 531.0, 4100, 2000, 128),
(1552.4288740000047, 13409, 531.0, 4100, 2000, 130),
(1552.525800000003, 13411, 531.0, 4100, 2000, 132),
(1552.5713289999985, 13412, 531.0, 4100, 2000, 133),
(1552.6129959999962, 13413, 531.0, 4100, 2000, 134),
(1552.6524459999928, 13414, 531.0, 4100, 2000, 135),
(1552.7009620000026, 13415, 531.0, 4100, 2000, 136),
(1552.7548649999953, 13416, 281.0, 4100, 2000, 137),
(1552.7916019999975, 13417, 531.0, 4100, 2000, 138),
(1552.8301650000067, 13418, 531.0, 4100, 2000, 139),
(1552.8704350000044, 13419, 1833.0, 4100, 2000, 140),
(1552.9111240000057, 13420, 531.0, 4100, 2000, 141),
(1552.9486789999937, 13421, 531.0, 4100, 2000, 142),
(1552.9856839999993, 13422, 531.0, 4100, 2000, 143),
(1553.026436, 13423, 531.0, 4100, 2000, 144),
(1553.070676999996, 13424, 531.0, 4100, 2000, 145),
(1553.1138789999968, 13425, 531.0, 4100, 2000, 146),
(1553.1590129999968, 13426, 531.0, 4100, 2000, 147),
(1553.2017199999973, 13427, 531.0, 4100, 2000, 148),
(1553.2565570000006, 13428, 531.0, 4100, 2000, 149),
(1553.3020930000057, 13429, 531.0, 4100, 2000, 150),
(1553.356547000003, 13430, 531.0, 4100, 2000, 151),
(1553.4057369999937, 13431, 531.0, 4100, 2000, 152),
(1553.4519440000004, 13432, 532.0, 4100, 2400, 112),
(1553.4981499999994, 13433, 552.0, 4100, 2400, 113),
(1561.5137350000005, 13440, 531.0, 4100, 2400, 120),
(1561.5522860000056, 13441, 532.0, 4100, 2400, 121),
(1561.6081629999971, 13442, 552.0, 4100, 2400, 122),
(1569.4862900000007, 13445, 531.0, 4100, 2400, 125),
(1569.5301929999987, 13446, 532.0, 4100, 2400, 126),
(1569.582051999998, 13447, 552.0, 4100, 2400, 127),
(1577.4210560000065, 13450, 554.0, 4100, 2400, 130),
(1577.6539210000046, 13454, 531.0, 4100, 2400, 134),
(1577.6980020000046, 13455, 532.0, 4100, 2400, 135),
(1577.7395939999988, 13456, 552.0, 4100, 2400, 136),
(1585.529011000006, 13459, 552.0, 4100, 2400, 139),
(1593.2584639999986, 13462, 531.0, 4100, 2400, 142),
(1593.2996330000024, 13463, 532.0, 4100, 2400, 143),
(1593.3412970000063, 13464, 552.0, 4100, 2400, 144),
(1601.1035390000034, 13467, 531.0, 4100, 2400, 147),
(1601.1526199999935, 13468, 532.0, 4100, 2400, 148),
(1601.2234089999984, 13469, 552.0, 4100, 2400, 149),
(1609.1069730000017, 13473, 552.0, 4100, 2400, 113),
(1617.1670670000021, 13480, 531.0, 4100, 2400, 120),
(1617.208442999996, 13481, 532.0, 4100, 2400, 121),
(1617.2487879999971, 13482, 552.0, 4100, 2400, 122),
(1624.9900630000047, 13485, 531.0, 4100, 2400, 125),
(1625.031541999997, 13486, 532.0, 4100, 2400, 126),
(1625.0709919999936, 13487, 552.0, 4100, 2400, 127),
(1632.7872369999968, 13490, 554.0, 4100, 2400, 130),
(1633.0013710000057, 13494, 531.0, 4100, 2400, 134),
(1633.0428470000043, 13495, 532.0, 4100, 2400, 135),
(1633.084612999999, 13496, 552.0, 4100, 2400, 136),
(1640.8977149999992, 13499, 552.0, 4100, 2400, 139),
(1648.7277599999943, 13502, 531.0, 4100, 2400, 142),
(1648.772954, 13503, 532.0, 4100, 2400, 143),
(1648.8238169999968, 13504, 552.0, 4100, 2400, 144),
(1656.667684, 13507, 531.0, 4100, 2400, 147),
(1656.7089540000015, 13508, 532.0, 4100, 2400, 148),
(1656.7504740000004, 13509, 552.0, 4100, 2400, 149),
(1664.603845000005, 13513, 552.0, 4100, 2400, 113),
(1672.6762069999968, 13520, 531.0, 4100, 2400, 120),
(1672.7146119999961, 13521, 532.0, 4100, 2400, 121),
(1672.7569550000044, 13522, 552.0, 4100, 2400, 122),
(1680.488083999997, 13525, 531.0, 4100, 2400, 125),
(1680.5311430000002, 13526, 532.0, 4100, 2400, 126),
(1680.5773880000052, 13527, 552.0, 4100, 2400, 127),
(1688.3846210000047, 13530, 554.0, 4100, 2400, 130),
(1688.6179739999934, 13534, 531.0, 4100, 2400, 134),
(1688.6579490000004, 13535, 532.0, 4100, 2400, 135),
(1688.6973549999966, 13536, 552.0, 4100, 2400, 136),
(1696.4486789999937, 13539, 552.0, 4100, 2400, 139),
(1704.2091139999975, 13542, 531.0, 4100, 2400, 142),
(1704.2494399999996, 13543, 532.0, 4100, 2400, 143),
(1704.296589999998, 13544, 552.0, 4100, 2400, 144),
(1712.038413000002, 13547, 531.0, 4100, 2400, 147),
(1712.0849929999968, 13548, 532.0, 4100, 2400, 148),
(1712.1256180000055, 13549, 552.0, 4100, 2400, 149),
(1719.9599060000037, 13553, 531.0, 4100, 2800, 112),
