(0.0, 1, 512.0, 3500, 2000, 112),
(0.046643000008771196, 2, 512.0, 3500, 2000, 113),
(0.09273800000664778, 3, 512.0, 3500, 2000, 114),
(0.13289300000178628, 4, 512.0, 3500, 2000, 115),
(0.17279599999892525, 5, 512.0, 3500, 2000, 116),
(0.21254500000213739, 6, 512.0, 3500, 2000, 117),
(0.2534799999993993, 7, 512.0, 3500, 2000, 118),
(0.2939790000091307, 8, 512.0, 3500, 2000, 119),
(0.3351669999974547, 9, 512.0, 3500, 2000, 120),
(0.37592700000095647, 10, 512.0, 3500, 2000, 121),
(0.4161339999991469, 11, 512.0, 3500, 2000, 122),
(0.45514099999854807, 12, 512.0, 3500, 2000, 123),
(0.49946200000704266, 13, 512.0, 3500, 2000, 124),
(0.5373340000078315, 14, 512.0, 3500, 2000, 125),
(0.5809589999989839, 15, 512.0, 3500, 2000, 126),
(0.6335590000089724, 16, 512.0, 3500, 2000, 127),
(0.6740700000082143, 17, 512.0, 3500, 2000, 128),
(0.7300620000023628, 18, 512.0, 3500, 2000, 129),
(0.7698789999994915, 19, 512.0, 3500, 2000, 130),
(0.8124360000074375, 20, 512.0, 3500, 2000, 131),
(0.8509100000082981, 21, 512.0, 3500, 2000, 132),
(0.8910160000086762, 22, 512.0, 3500, 2000, 133),
(0.9309460000076797, 23, 512.0, 3500, 2000, 134),
(0.9710679999989225, 24, 512.0, 3500, 2000, 135),
(1.0107590000116033, 25, 512.0, 3500, 2000, 136),
(1.0507010000001173, 26, 512.0, 3500, 2000, 137),
(1.1011030000081519, 27, 512.0, 3500, 2000, 138),
(1.1407770000078017, 28, 512.0, 3500, 2000, 139),
(1.183130000004894, 29, 512.0, 3500, 2000, 140),
(1.226636999999755, 30, 512.0, 3500, 2000, 141),
(1.2645590000029188, 31, 512.0, 3500, 2000, 142),
(1.3029890000034356, 32, 512.0, 3500, 2000, 143),
(1.3451230000064243, 33, 512.0, 3500, 2000, 144),
(1.3838059999980032, 34, 512.0, 3500, 2000, 145),
(1.4343210000079125, 35, 512.0, 3500, 2000, 146),
(1.4802720000006957, 36, 512.0, 3500, 2000, 147),
(1.5219910000014352, 37, 512.0, 3500, 2000, 148),
(1.566833000004408, 38, 512.0, 3500, 2000, 149),
(1.608330000002752, 39, 512.0, 3500, 2000, 150),
(1.6464249999989988, 40, 512.0, 3500, 2000, 151),
(1.6864429999986896, 41, 512.0, 3500, 2000, 152),
(1.7243560000060825, 42, 512.0, 3500, 2000, 113),
(1.7652250000101048, 43, 512.0, 3500, 2000, 114),
(1.8045620000048075, 44, 512.0, 3500, 2000, 115),
(1.8488100000104168, 45, 512.0, 3500, 2000, 116),
(1.886329000000842, 46, 512.0, 3500, 2000, 117),
(1.9291060000105062, 47, 512.0, 3500, 2000, 118),
(1.9693810000026133, 48, 512.0, 3500, 2000, 119),
(2.0074960000056308, 49, 512.0, 3500, 2000, 120),
(2.052313000007416, 50, 512.0, 3500, 2000, 121),
(2.099358999999822, 51, 512.0, 3500, 2000, 122),
(2.143649000005098, 52, 512.0, 3500, 2000, 123),
(2.1862200000032317, 53, 512.0, 3500, 2000, 124),
(2.2289310000051046, 54, 512.0, 3500, 2000, 125),
(2.27037100000598, 55, 512.0, 3500, 2000, 126),
(2.311879000000772, 56, 512.0, 3500, 2000, 127),
(2.351144000000204, 57, 512.0, 3500, 2000, 128),
(2.3915130000095814, 58, 512.0, 3500, 2000, 129),
(2.430097000004025, 59, 512.0, 3500, 2000, 130),
(2.4691190000012284, 60, 512.0, 3500, 2000, 131),
(2.5088160000013886, 61, 512.0, 3500, 2000, 132),
(2.5479580000101123, 62, 512.0, 3500, 2000, 133),
(2.585915000003297, 63, 512.0, 3500, 2000, 134),
(2.621408999999403, 64, 512.0, 3500, 2000, 135),
(2.6584730000031414, 65, 512.0, 3500, 2000, 136),
(2.70863000000827, 66, 512.0, 3500, 2000, 137),
(2.748946000006981, 67, 512.0, 3500, 2000, 138),
(2.786636000004364, 68, 512.0, 3500, 2000, 139),
(2.830383000007714, 69, 512.0, 3500, 2000, 140),
(2.8689890000096057, 70, 512.0, 3500, 2000, 141),
(2.9091630000039004, 71, 512.0, 3500, 2000, 142),
(2.948604000004707, 72, 512.0, 3500, 2000, 143),
(2.9882940000097733, 73, 512.0, 3500, 2000, 144),
(3.029982000007294, 74, 512.0, 3500, 2000, 145),
(3.069736000004923, 75, 512.0, 3500, 2000, 146),
(3.113916000002064, 76, 512.0, 3500, 2000, 147),
(3.154020000001765, 77, 512.0, 3500, 2000, 148),
(3.1931770000082906, 78, 512.0, 3500, 2000, 149),
(3.2397880000062287, 79, 512.0, 3500, 2000, 150),
(3.2833450000034645, 80, 512.0, 3500, 2000, 151),
(3.325709000011557, 81, 512.0, 3500, 2000, 152),
(3.370485000006738, 82, 512.0, 3500, 2000, 113),
(3.4111660000053234, 83, 512.0, 3500, 2000, 114),
(3.4544800000003306, 84, 512.0, 3500, 2000, 115),
(3.4956099999981234, 85, 512.0, 3500, 2000, 116),
(3.5343850000062957, 86, 512.0, 3500, 2000, 117),
(3.5739370000083, 87, 512.0, 3500, 2000, 118),
(3.613379000002169, 88, 512.0, 3500, 2000, 119),
(3.6664290000044275, 89, 512.0, 3500, 2000, 120),
(3.7070890000031795, 90, 512.0, 3500, 2000, 121),
(3.744539999999688, 91, 512.0, 3500, 2000, 122),
(3.7827370000013616, 92, 512.0, 3500, 2000, 123),
(3.822299000006751, 93, 512.0, 3500, 2000, 124),
(3.866810000006808, 94, 512.0, 3500, 2000, 125),
(3.9035430000076303, 95, 512.0, 3500, 2000, 126),
(3.9521289999975124, 96, 512.0, 3500, 2000, 127),
(3.991938000006485, 97, 512.0, 3500, 2000, 128),
(4.0297280000086175, 98, 512.0, 3500, 2000, 129),
(4.068016000004718, 99, 512.0, 3500, 2000, 130),
(4.106742000003578, 100, 512.0, 3500, 2000, 131),
(4.148364000007859, 101, 512.0, 3500, 2000, 132),
(4.18589000000793, 102, 512.0, 3500, 2000, 133),
(4.231481000009808, 103, 512.0, 3500, 2000, 134),
(4.271587000010186, 104, 512.0, 3500, 2000, 135),
(4.3122609999991255, 105, 512.0, 3500, 2000, 136),
(4.350094000008539, 106, 512.0, 3500, 2000, 137),
(4.38681200001156, 107, 512.0, 3500, 2000, 138),
(4.425219000011566, 108, 512.0, 3500, 2000, 139),
(4.467871000000741, 109, 512.0, 3500, 2000, 140),
(4.505697000000509, 110, 512.0, 3500, 2000, 141),
(4.55162100000598, 111, 512.0, 3500, 2000, 142),
(4.593405000006896, 112, 512.0, 3500, 2000, 143),
(4.635236000001896, 113, 512.0, 3500, 2000, 144),
(4.679619000002276, 114, 512.0, 3500, 2000, 145),
(4.71735200000694, 115, 512.0, 3500, 2000, 146),
(4.754979999997886, 116, 512.0, 3500, 2000, 147),
(4.792280000008759, 117, 512.0, 3500, 2000, 148),
(4.833489000011468, 118, 512.0, 3500, 2000, 149),
(4.87999500001024, 119, 512.0, 3500, 2000, 150),
(4.92383100000734, 120, 512.0, 3500, 2000, 151),
(4.975871000002371, 121, 512.0, 3500, 2000, 152),
(5.021405999999843, 122, 512.0, 3500, 2400, 112),
(5.077421000009053, 123, 512.0, 3500, 2400, 113),
(5.143274000001838, 124, 512.0, 3500, 2400, 114),
(5.19468900001084, 125, 512.0, 3500, 2400, 115),
(5.239175000009709, 126, 512.0, 3500, 2400, 116),
(5.28707900000154, 127, 512.0, 3500, 2400, 117),
(5.3263110000116285, 128, 512.0, 3500, 2400, 118),
(5.365587000007508, 129, 512.0, 3500, 2400, 119),
(5.404720000005909, 130, 512.0, 3500, 2400, 120),
(5.44385599999805, 131, 512.0, 3500, 2400, 121),
(5.485587000002852, 132, 512.0, 3500, 2400, 122),
(5.527707000001101, 133, 512.0, 3500, 2400, 123),
(5.567095000005793, 134, 512.0, 3500, 2400, 124),
(5.607803000006243, 135, 512.0, 3500, 2400, 125),
(5.648176000002422, 136, 512.0, 3500, 2400, 126),
(5.691928000000189, 137, 512.0, 3500, 2400, 127),
(5.7415860000037355, 138, 512.0, 3500, 2400, 128),
(5.780410000006668, 139, 512.0, 3500, 2400, 129),
(5.817668000003323, 140, 512.0, 3500, 2400, 130),
(5.855618000001414, 141, 512.0, 3500, 2400, 131),
(5.8963760000042384, 142, 512.0, 3500, 2400, 132),
(5.93570400000317, 143, 512.0, 3500, 2400, 133),
(5.975537999998778, 144, 512.0, 3500, 2400, 134),
(6.0137030000041705, 145, 512.0, 3500, 2400, 135),
(6.052049999998417, 146, 512.0, 3500, 2400, 136),
(6.094988000011654, 147, 512.0, 3500, 2400, 137),
(6.135301000002073, 148, 512.0, 3500, 2400, 138),
(6.178323000000091, 149, 512.0, 3500, 2400, 139),
(6.21786499999871, 150, 512.0, 3500, 2400, 140),
(6.259558999998262, 151, 512.0, 3500, 2400, 141),
(6.307097000011709, 152, 512.0, 3500, 2400, 142),
(6.351506999999401, 153, 512.0, 3500, 2400, 143),
(6.39910600001167, 154, 512.0, 3500, 2400, 144),
(6.439557000005152, 155, 512.0, 3500, 2400, 145),
(6.47848000000522, 156, 512.0, 3500, 2400, 146),
(6.5226780000084545, 157, 512.0, 3500, 2400, 147),
(6.565240000010817, 158, 512.0, 3500, 2400, 148),
(6.605286999998498, 159, 512.0, 3500, 2400, 149),
(6.648586000010255, 160, 512.0, 3500, 2400, 150),
(6.6895050000021, 161, 512.0, 3500, 2400, 151),
(6.7337420000112616, 162, 512.0, 3500, 2400, 152),
(6.774375000008149, 163, 512.0, 3500, 2400, 113),
(6.820776000007754, 164, 512.0, 3500, 2400, 114),
(6.861516000004485, 165, 512.0, 3500, 2400, 115),
(6.909383999998681, 166, 512.0, 3500, 2400, 116),
(6.955051000011736, 167, 512.0, 3500, 2400, 117),
(7.006352000011248, 168, 512.0, 3500, 2400, 118),
(7.048177000004216, 169, 512.0, 3500, 2400, 119),
(7.096621999997296, 170, 512.0, 3500, 2400, 120),
(7.140630000008969, 171, 512.0, 3500, 2400, 121),
(7.181672000006074, 172, 512.0, 3500, 2400, 122),
(7.219443000009051, 173, 512.0, 3500, 2400, 123),
(7.258832999999868, 174, 512.0, 3500, 2400, 124),
(7.299483000009786, 175, 512.0, 3500, 2400, 125),
(7.338608000005479, 176, 512.0, 3500, 2400, 126),
(7.379394000003231, 177, 512.0, 3500, 2400, 127),
(7.419714000003296, 178, 512.0, 3500, 2400, 128),
(7.467201999999816, 179, 512.0, 3500, 2400, 129),
(7.504579000000376, 180, 512.0, 3500, 2400, 130),
(7.544057000006433, 181, 512.0, 3500, 2400, 131),
(7.585795999999391, 182, 512.0, 3500, 2400, 132),
(7.629974000010407, 183, 512.0, 3500, 2400, 133),
(7.674030000009225, 184, 512.0, 3500, 2400, 134),
(7.714329000009457, 185, 512.0, 3500, 2400, 135),
(7.75128300000506, 186, 512.0, 3500, 2400, 136),
(7.788367000001017, 187, 512.0, 3500, 2400, 137),
(7.831528000009712, 188, 512.0, 3500, 2400, 138),
(7.872383000008995, 189, 512.0, 3500, 2400, 139),
(7.914204000000609, 190, 512.0, 3500, 2400, 140),
(7.956184000009671, 191, 512.0, 3500, 2400, 141),
(7.9965680000022985, 192, 512.0, 3500, 2400, 142),
(8.03694700000051, 193, 512.0, 3500, 2400, 143),
(8.080377000005683, 194, 512.0, 3500, 2400, 144),
(8.122404000008828, 195, 512.0, 3500, 2400, 145),
(8.161877999998978, 196, 512.0, 3500, 2400, 146),
(8.200207000001683, 197, 512.0, 3500, 2400, 147),
(8.2430880000029, 198, 512.0, 3500, 2400, 148),
(8.29032400000142, 199, 512.0, 3500, 2400, 149),
(8.333071000000928, 200, 512.0, 3500, 2400, 150),
(8.372461000006297, 201, 512.0, 3500, 2400, 151),
(8.41131100000348, 202, 512.0, 3500, 2400, 152),
(8.45122600000468, 203, 512.0, 3500, 2400, 113),
(8.492645999998786, 204, 512.0, 3500, 2400, 114),
(8.532007000001613, 205, 512.0, 3500, 2400, 115),
(8.572312000003876, 206, 512.0, 3500, 2400, 116),
(8.620683000001009, 207, 512.0, 3500, 2400, 117),
(8.66708600000129, 208, 512.0, 3500, 2400, 118),
(8.711605000004056, 209, 512.0, 3500, 2400, 119),
(8.753347000005306, 210, 512.0, 3500, 2400, 120),
(8.80529600000591, 211, 512.0, 3500, 2400, 121),
(8.849408000009134, 212, 512.0, 3500, 2400, 122),
(8.889960000000428, 213, 512.0, 3500, 2400, 123),
(8.928702999997768, 214, 512.0, 3500, 2400, 124),
(8.96925700000429, 215, 512.0, 3500, 2400, 125),
(9.012146000008215, 216, 512.0, 3500, 2400, 126),
(9.057706000006874, 217, 512.0, 3500, 2400, 127),
(9.102682000011555, 218, 512.0, 3500, 2400, 128),
(9.146516000007978, 219, 512.0, 3500, 2400, 129),
(9.189452999999048, 220, 512.0, 3500, 2400, 130),
(9.234647999997833, 221, 512.0, 3500, 2400, 131),
(9.278507000009995, 222, 512.0, 3500, 2400, 132),
(9.316059000004316, 223, 512.0, 3500, 2400, 133),
(9.35401300000376, 224, 512.0, 3500, 2400, 134),
(9.397584999998799, 225, 512.0, 3500, 2400, 135),
(9.438552999999956, 226, 512.0, 3500, 2400, 136),
(9.480424000008497, 227, 512.0, 3500, 2400, 137),
(9.518861000004108, 228, 512.0, 3500, 2400, 138),
(9.559045000001788, 229, 512.0, 3500, 2400, 139),
(9.598733000006177, 230, 512.0, 3500, 2400, 140),
(9.640422000011313, 231, 512.0, 3500, 2400, 141),
(9.682005000009667, 232, 512.0, 3500, 2400, 142),
(9.719041000003926, 233, 512.0, 3500, 2400, 143),
(9.762864000003901, 234, 512.0, 3500, 2400, 144),
(9.80161200001021, 235, 512.0, 3500, 2400, 145),
(9.840170000010403, 236, 512.0, 3500, 2400, 146),
(9.882939000002807, 237, 512.0, 3500, 2400, 147),
(9.920454999999492, 238, 512.0, 3500, 2400, 148),
(9.965595000001485, 239, 512.0, 3500, 2400, 149),
(10.004637999998522, 240, 512.0, 3500, 2400, 150),
(10.051226000010502, 241, 512.0, 3500, 2400, 151),
(10.09216600000218, 242, 512.0, 3500, 2400, 152),
(10.134457000007387, 243, 512.0, 3500, 2800, 112),
(10.179902000003494, 244, 512.0, 3500, 2800, 113),
(10.217839999997523, 245, 512.0, 3500, 2800, 114),
(10.269412000008742, 246, 512.0, 3500, 2800, 115),
(10.313980000006268, 247, 512.0, 3500, 2800, 116),
(10.356167000005371, 248, 512.0, 3500, 2800, 117),
(10.396640999999363, 249, 512.0, 3500, 2800, 118),
(10.441317999997409, 250, 512.0, 3500, 2800, 119),
(10.487820000009378, 251, 512.0, 3500, 2800, 120),
(10.529166000007535, 252, 512.0, 3500, 2800, 121),
(10.57137099999818, 253, 512.0, 3500, 2800, 122),
(10.617307000007713, 254, 512.0, 3500, 2800, 123),
(10.660255000009784, 255, 512.0, 3500, 2800, 124),
(10.70039500000712, 256, 512.0, 3500, 2800, 125),
(10.742584999999963, 257, 512.0, 3500, 2800, 126),
(10.780410000006668, 258, 512.0, 3500, 2800, 127),
(10.819830000007642, 259, 512.0, 3500, 2800, 128),
(10.86175500000536, 260, 512.0, 3500, 2800, 129),
(10.903757000007317, 261, 512.0, 3500, 2800, 130),
(10.95010000000184, 262, 512.0, 3500, 2800, 131),
(10.98969100000977, 263, 512.0, 3500, 2800, 132),
(11.036694000009447, 264, 512.0, 3500, 2800, 133),
(11.07763800000248, 265, 512.0, 3500, 2800, 134),
(11.115128000004916, 266, 512.0, 3500, 2800, 135),
(11.151663000011467, 267, 512.0, 3500, 2800, 136),
(11.189431999999215, 268, 512.0, 3500, 2800, 137),
(11.229112000000896, 269, 512.0, 3500, 2800, 138),
(11.266520999997738, 270, 512.0, 3500, 2800, 139),
(11.303046000000904, 271, 512.0, 3500, 2800, 140),
(11.350144000010914, 272, 512.0, 3500, 2800, 141),
(11.393851000000723, 273, 512.0, 3500, 2800, 142),
(11.437135000000126, 274, 512.0, 3500, 2800, 143),
(11.480695000005653, 275, 512.0, 3500, 2800, 144),
(11.522047999998904, 276, 512.0, 3500, 2800, 145),
(11.565126000001328, 277, 512.0, 3500, 2800, 146),
(11.603996000005282, 278, 512.0, 3500, 2800, 147),
(11.646592999997665, 279, 512.0, 3500, 2800, 148),
(11.692217000003438, 280, 512.0, 3500, 2800, 149),
(11.734133999998448, 281, 512.0, 3500, 2800, 150),
(11.774895000009565, 282, 512.0, 3500, 2800, 151),
(11.81414699999732, 283, 512.0, 3500, 2800, 152),
(11.854397000002791, 284, 512.0, 3500, 2800, 113),
(11.894289000003482, 285, 512.0, 3500, 2800, 114),
(11.934531000006245, 286, 512.0, 3500, 2800, 115),
(11.982857000009972, 287, 512.0, 3500, 2800, 116),
(12.02127900000778, 288, 512.0, 3500, 2800, 117),
(12.065448000008473, 289, 512.0, 3500, 2800, 118),
(12.102119000002858, 290, 512.0, 3500, 2800, 119),
(12.138868000009097, 291, 512.0, 3500, 2800, 120),
(12.17915599999833, 292, 512.0, 3500, 2800, 121),
(12.218275000006543, 293, 512.0, 3500, 2800, 122),
(12.258576000007452, 294, 512.0, 3500, 2800, 123),
(12.3063070000062, 295, 512.0, 3500, 2800, 124),
(12.351974999997765, 296, 512.0, 3500, 2800, 125),
(12.39165000000503, 297, 512.0, 3500, 2800, 126),
(12.43800700000429, 298, 512.0, 3500, 2800, 127),
(12.483036000005086, 299, 512.0, 3500, 2800, 128),
(12.529778000010992, 300, 512.0, 3500, 2800, 129),
(12.571086000010837, 301, 512.0, 3500, 2800, 130),
(12.619310000009136, 302, 512.0, 3500, 2800, 131),
(12.656958000006853, 303, 512.0, 3500, 2800, 132),
(12.692925000010291, 304, 512.0, 3500, 2800, 133),
(12.72942800000601, 305, 512.0, 3500, 2800, 134),
(12.766476999997394, 306, 512.0, 3500, 2800, 135),
(12.804973000005702, 307, 512.0, 3500, 2800, 136),
(12.8427789999987, 308, 512.0, 3500, 2800, 137),
(12.88008400000399, 309, 512.0, 3500, 2800, 138),
(12.918159000008018, 310, 512.0, 3500, 2800, 139),
(12.96188100001018, 311, 512.0, 3500, 2800, 140),
(13.000712000008207, 312, 512.0, 3500, 2800, 141),
(13.042732000001706, 313, 512.0, 3500, 2800, 142),
(13.0812900000019, 314, 512.0, 3500, 2800, 143),
(13.122105000002193, 315, 512.0, 3500, 2800, 144),
(13.166896000009729, 316, 512.0, 3500, 2800, 145),
(13.207497000010335, 317, 512.0, 3500, 2800, 146),
(13.246438000001945, 318, 512.0, 3500, 2800, 147),
(13.289157999999588, 319, 512.0, 3500, 2800, 148),
(13.3327019999997, 320, 512.0, 3500, 2800, 149),
(13.369967000006, 321, 512.0, 3500, 2800, 150),
(13.407030000002123, 322, 512.0, 3500, 2800, 151),
(13.45330800001102, 323, 512.0, 3500, 2800, 152),
(13.501580000011018, 324, 512.0, 3500, 2800, 113),
(13.54925200001162, 325, 512.0, 3500, 2800, 114),
(13.591169999999693, 326, 512.0, 3500, 2800, 115),
(13.627603000000818, 327, 512.0, 3500, 2800, 116),
(13.666177000006428, 328, 512.0, 3500, 2800, 117),
(13.702465000009397, 329, 512.0, 3500, 2800, 118),
(13.751843000005465, 330, 512.0, 3500, 2800, 119),
(13.796723999999813, 331, 512.0, 3500, 2800, 120),
(13.833731999999145, 332, 512.0, 3500, 2800, 121),
(13.874649999997928, 333, 512.0, 3500, 2800, 122),
(13.920294000010472, 334, 512.0, 3500, 2800, 123),
(13.95784500001173, 335, 512.0, 3500, 2800, 124),
(14.005376000000979, 336, 512.0, 3500, 2800, 125),
(14.04350900001009, 337, 512.0, 3500, 2800, 126),
(14.082606000010855, 338, 512.0, 3500, 2800, 127),
(14.121587000001455, 339, 512.0, 3500, 2800, 128),
(14.159450000006473, 340, 512.0, 3500, 2800, 129),
(14.199689000000944, 341, 512.0, 3500, 2800, 130),
(14.23861100000795, 342, 512.0, 3500, 2800, 131),
(14.284132000000682, 343, 512.0, 3500, 2800, 132),
(14.324147999999695, 344, 512.0, 3500, 2800, 133),
(14.364672000010614, 345, 512.0, 3500, 2800, 134),
(14.403971000007004, 346, 512.0, 3500, 2800, 135),
(14.447953000009875, 347, 512.0, 3500, 2800, 136),
(14.488224000000628, 348, 512.0, 3500, 2800, 137),
(14.528218000006746, 349, 512.0, 3500, 2800, 138),
(14.564869000008912, 350, 512.0, 3500, 2800, 139),
(14.608367000008002, 351, 512.0, 3500, 2800, 140),
(14.64887699999963, 352, 512.0, 3500, 2800, 141),
(14.687785000001895, 353, 512.0, 3500, 2800, 142),
(14.73048800000106, 354, 512.0, 3500, 2800, 143),
(14.770214000003762, 355, 512.0, 3500, 2800, 144),
(14.816193000006024, 356, 512.0, 3500, 2800, 145),
(14.868499000003794, 357, 512.0, 3500, 2800, 146),
(14.91301800000656, 358, 512.0, 3500, 2800, 147),
(14.958058000003803, 359, 512.0, 3500, 2800, 148),
(15.007664000004297, 360, 512.0, 3500, 2800, 149),
(15.057956000004197, 361, 512.0, 3500, 2800, 150),
(15.100153999999748, 362, 512.0, 3500, 2800, 151),
(15.143032000007224, 363, 512.0, 3500, 2800, 152),
(15.181498999998439, 364, 512.0, 3500, 3200, 112),
(15.219859999997425, 365, 512.0, 3500, 3200, 113),
(15.261043000005884, 366, 512.0, 3500, 3200, 114),
(15.301390000007814, 367, 512.0, 3500, 3200, 115),
(15.3492350000015, 368, 512.0, 3500, 3200, 116),
(15.39001200000348, 369, 512.0, 3500, 3200, 117),
(15.429122000001371, 370, 512.0, 3500, 3200, 118),
(15.467205000008107, 371, 512.0, 3500, 3200, 119),
(15.508694000003743, 372, 512.0, 3500, 3200, 120),
(15.551783000002615, 373, 512.0, 3500, 3200, 121),
(15.597343000001274, 374, 512.0, 3500, 3200, 122),
(15.636962000004132, 375, 512.0, 3500, 3200, 123),
(15.67600800000946, 376, 512.0, 3500, 3200, 124),
(15.719764000008581, 377, 512.0, 3500, 3200, 125),
(15.766096000006655, 378, 512.0, 3500, 3200, 126),
(15.807589000003645, 379, 512.0, 3500, 3200, 127),
(15.853039000008721, 380, 512.0, 3500, 3200, 128),
(15.897628999999142, 381, 512.0, 3500, 3200, 129),
(15.93930700000783, 382, 512.0, 3500, 3200, 130),
(15.980428000009852, 383, 512.0, 3500, 3200, 131),
(16.02009000000544, 384, 512.0, 3500, 3200, 132),
(16.059880000000703, 385, 512.0, 3500, 3200, 133),
(16.101410000002943, 386, 512.0, 3500, 3200, 134),
(16.14087400000426, 387, 512.0, 3500, 3200, 135),
(16.18012699999963, 388, 512.0, 3500, 3200, 136),
(16.218923000007635, 389, 512.0, 3500, 3200, 137),
(16.26376300000993, 390, 512.0, 3500, 3200, 138),
(16.300841000003857, 391, 512.0, 3500, 3200, 139),
(16.339403000005404, 392, 512.0, 3500, 3200, 140),
(16.377645000000484, 393, 512.0, 3500, 3200, 141),
(16.4176870000083, 394, 512.0, 3500, 3200, 142),
(16.457034000006388, 395, 512.0, 3500, 3200, 143),
(16.501092000005883, 396, 512.0, 3500, 3200, 144),
(16.546283000003314, 397, 512.0, 3500, 3200, 145),
(16.58400000000256, 398, 512.0, 3500, 3200, 146),
(16.622111999997287, 399, 512.0, 3500, 3200, 147),
(16.667265000010957, 400, 512.0, 3500, 3200, 148),
(16.716801000002306, 401, 512.0, 3500, 3200, 149),
(16.768435999998474, 402, 512.0, 3500, 3200, 150),
(16.813128000008874, 403, 512.0, 3500, 3200, 151),
(16.85782299999846, 404, 512.0, 3500, 3200, 152),
(16.898660000006203, 405, 512.0, 3500, 3200, 113),
(16.945198000001255, 406, 512.0, 3500, 3200, 114),
(16.985140999997384, 407, 512.0, 3500, 3200, 115),
(17.027024000009988, 408, 512.0, 3500, 3200, 116),
(17.066239000007045, 409, 512.0, 3500, 3200, 117),
(17.103989000010188, 410, 512.0, 3500, 3200, 118),
(17.144253000005847, 411, 512.0, 3500, 3200, 119),
(17.18351500001154, 412, 512.0, 3500, 3200, 120),
(17.22406000000774, 413, 512.0, 3500, 3200, 121),
(17.26406100000895, 414, 512.0, 3500, 3200, 122),
(17.301454000000376, 415, 512.0, 3500, 3200, 123),
(17.3373680000077, 416, 512.0, 3500, 3200, 124),
(17.38287400000263, 417, 512.0, 3500, 3200, 125),
(17.421086000002106, 418, 512.0, 3500, 3200, 126),
(17.461825999998837, 419, 512.0, 3500, 3200, 127),
(17.50318200000038, 420, 512.0, 3500, 3200, 128),
(17.541460000007646, 421, 512.0, 3500, 3200, 129),
(17.579192000004696, 422, 512.0, 3500, 3200, 130),
(17.619186000010814, 423, 512.0, 3500, 3200, 131),
(17.659325000000536, 424, 512.0, 3500, 3200, 132),
(17.70700600001146, 425, 512.0, 3500, 3200, 133),
(17.757752000004984, 426, 512.0, 3500, 3200, 134),
(17.800365000002785, 427, 512.0, 3500, 3200, 135),
(17.838878000009572, 428, 512.0, 3500, 3200, 136),
(17.87858099999721, 429, 512.0, 3500, 3200, 137),
(17.917633999997634, 430, 512.0, 3500, 3200, 138),
(17.957302000009804, 431, 512.0, 3500, 3200, 139),
(17.999932000006083, 432, 512.0, 3500, 3200, 140),
(18.0407600000035, 433, 512.0, 3500, 3200, 141),
(18.08306000000448, 434, 512.0, 3500, 3200, 142),
(18.122933999999077, 435, 512.0, 3500, 3200, 143),
(18.162593000000925, 436, 512.0, 3500, 3200, 144),
(18.203596000006655, 437, 512.0, 3500, 3200, 145),
(18.244489999997313, 438, 512.0, 3500, 3200, 146),
(18.28244400001131, 439, 512.0, 3500, 3200, 147),
(18.318938000011258, 440, 512.0, 3500, 3200, 148),
(18.362936000004993, 441, 512.0, 3500, 3200, 149),
(18.40366900000663, 442, 512.0, 3500, 3200, 150),
(18.442746000000625, 443, 512.0, 3500, 3200, 151),
(18.48568100000557, 444, 512.0, 3500, 3200, 152),
(18.52989499999967, 445, 512.0, 3500, 3200, 113),
(18.56848600000376, 446, 512.0, 3500, 3200, 114),
(18.60726699999941, 447, 512.0, 3500, 3200, 115),
(18.656435000011697, 448, 512.0, 3500, 3200, 116),
(18.700680000009015, 449, 512.0, 3500, 3200, 117),
(18.739535000000615, 450, 512.0, 3500, 3200, 118),
(18.77995799999917, 451, 512.0, 3500, 3200, 119),
(18.82070000001113, 452, 512.0, 3500, 3200, 120),
(18.86296399999992, 453, 512.0, 3500, 3200, 121),
(18.899747000003117, 454, 512.0, 3500, 3200, 122),
(18.936577000000398, 455, 512.0, 3500, 3200, 123),
(18.992740000001504, 456, 512.0, 3500, 3200, 124),
(19.041127000004053, 457, 512.0, 3500, 3200, 125),
(19.08977400000731, 458, 512.0, 3500, 3200, 126),
(19.128333000000566, 459, 512.0, 3500, 3200, 127),
(19.173781000004965, 460, 512.0, 3500, 3200, 128),
(19.214443999997457, 461, 512.0, 3500, 3200, 129),
(19.26000500000373, 462, 512.0, 3500, 3200, 130),
(19.299179000008735, 463, 512.0, 3500, 3200, 131),
(19.344013000009, 464, 512.0, 3500, 3200, 132),
(19.38319500000216, 465, 512.0, 3500, 3200, 133),
(19.421993000010843, 466, 512.0, 3500, 3200, 134),
(19.46024300000863, 467, 512.0, 3500, 3200, 135),
(19.501992000004975, 468, 512.0, 3500, 3200, 136),
(19.542977999997674, 469, 512.0, 3500, 3200, 137),
(19.583403000011458, 470, 512.0, 3500, 3200, 138),
(19.62242700000934, 471, 512.0, 3500, 3200, 139),
(19.665581000008387, 472, 512.0, 3500, 3200, 140),
(19.708134000000427, 473, 512.0, 3500, 3200, 141),
(19.748377000010805, 474, 512.0, 3500, 3200, 142),
(19.787198000005446, 475, 512.0, 3500, 3200, 143),
(19.82810199999949, 476, 512.0, 3500, 3200, 144),
(19.87153699999908, 477, 512.0, 3500, 3200, 145),
(19.913037999998778, 478, 512.0, 3500, 3200, 146),
(19.95376899999974, 479, 512.0, 3500, 3200, 147),
(20.000597000005655, 480, 512.0, 3500, 3200, 148),
(20.046364000008907, 481, 512.0, 3500, 3200, 149),
(20.089059999998426, 482, 512.0, 3500, 3200, 150),
(20.133998999997857, 483, 512.0, 3500, 3200, 151),
(20.178318999998737, 484, 512.0, 3500, 3200, 152),
(20.217367000004742, 485, 532.0, 3500, 2200, 112),
(20.258803999997326, 486, 532.0, 3500, 2200, 113),
(20.298233000008622, 487, 532.0, 3500, 2200, 114),
(20.33557500000461, 488, 532.0, 3500, 2200, 115),
(20.380780999999843, 489, 532.0, 3500, 2200, 116),
(20.418290000001434, 490, 532.0, 3500, 2200, 117),
(20.45737899999949, 491, 532.0, 3500, 2200, 118),
(20.50065000000177, 492, 532.0, 3500, 2200, 119),
(20.543602000005194, 493, 532.0, 3500, 2200, 120),
(20.581974000000628, 494, 532.0, 3500, 2200, 121),
(20.623216000007233, 495, 532.0, 3500, 2200, 122),
(20.6674239999993, 496, 532.0, 3500, 2200, 123),
(20.713940000001458, 497, 532.0, 3500, 2200, 124),
(20.760252000007313, 498, 532.0, 3500, 2200, 125),
(20.80398399999831, 499, 532.0, 3500, 2200, 126),
(20.843949000001885, 500, 532.0, 3500, 2200, 127),
(20.88287400000263, 501, 532.0, 3500, 2200, 128),
(20.920223000008264, 502, 532.0, 3500, 2200, 129),
(20.960456000000704, 503, 532.0, 3500, 2200, 130),
(21.005203000007896, 504, 532.0, 3500, 2200, 131),
(21.047034000002895, 505, 532.0, 3500, 2200, 132),
(21.08957999999984, 506, 532.0, 3500, 2200, 133),
(21.135093000004417, 507, 532.0, 3500, 2200, 134),
(21.179295000009006, 508, 532.0, 3500, 2200, 135),
(21.230340000009164, 509, 532.0, 3500, 2200, 136),
(21.270556000003126, 510, 532.0, 3500, 2200, 137),
(21.314656000002287, 511, 532.0, 3500, 2200, 138),
(21.36405299999751, 512, 532.0, 3500, 2200, 139),
(21.41110199999821, 513, 532.0, 3500, 2200, 140),
(21.455203999998048, 514, 532.0, 3500, 2200, 141),
(21.49645099999907, 515, 532.0, 3500, 2200, 142),
(21.53746000000683, 516, 532.0, 3500, 2200, 143),
(21.576800000009825, 517, 532.0, 3500, 2200, 144),
(21.615363000004436, 518, 532.0, 3500, 2200, 145),
(21.652814000000944, 519, 532.0, 3500, 2200, 146),
(21.700582999998005, 520, 532.0, 3500, 2200, 147),
(21.74047600000631, 521, 532.0, 3500, 2200, 148),
(21.779816000009305, 522, 532.0, 3500, 2200, 149),
(21.817110000003595, 523, 532.0, 3500, 2200, 150),
(21.85683699999936, 524, 532.0, 3500, 2200, 151),
(21.894928000008804, 525, 532.0, 3500, 2200, 152),
(21.932713000001968, 526, 532.0, 3500, 2200, 113),
(21.97415799999726, 527, 532.0, 3500, 2200, 114),
(22.029655000005732, 528, 532.0, 3500, 2200, 115),
(22.077839000005042, 529, 532.0, 3500, 2200, 116),
(22.117975000001024, 530, 532.0, 3500, 2200, 117),
(22.168442000009236, 531, 532.0, 3500, 2200, 118),
(22.20921700001054, 532, 532.0, 3500, 2200, 119),
(22.248799000008148, 533, 532.0, 3500, 2200, 120),
(22.286447999998927, 534, 532.0, 3500, 2200, 121),
(22.331693000000087, 535, 532.0, 3500, 2200, 122),
(22.368276000008336, 536, 532.0, 3500, 2200, 123),
(22.406709000002593, 537, 532.0, 3500, 2200, 124),
(22.44595000000845, 538, 532.0, 3500, 2200, 125),
(22.48430000001099, 539, 532.0, 3500, 2200, 126),
(22.524692999999388, 540, 532.0, 3500, 2200, 127),
(22.56549600001017, 541, 532.0, 3500, 2200, 128),
(22.60991600000125, 542, 532.0, 3500, 2200, 129),
(22.65331400001014, 543, 532.0, 3500, 2200, 130),
(22.68887700000778, 544, 532.0, 3500, 2200, 131),
(22.725176000007195, 545, 532.0, 3500, 2200, 132),
(22.76375100000587, 546, 532.0, 3500, 2200, 133),
(22.800308000005316, 547, 532.0, 3500, 2200, 134),
(22.83738500000618, 548, 532.0, 3500, 2200, 135),
(22.88210600000457, 549, 532.0, 3500, 2200, 136),
(22.920599000004586, 550, 532.0, 3500, 2200, 137),
(22.96371999999974, 551, 532.0, 3500, 2200, 138),
(23.01805100000638, 552, 532.0, 3500, 2200, 139),
(23.060452999998233, 553, 532.0, 3500, 2200, 140),
(23.097934000004898, 554, 532.0, 3500, 2200, 141),
(23.137335000006715, 555, 532.0, 3500, 2200, 142),
(23.17963400000008, 556, 532.0, 3500, 2200, 143),
(23.217459000006784, 557, 532.0, 3500, 2200, 144),
(23.254776000001584, 558, 532.0, 3500, 2200, 145),
(23.300535000002128, 559, 532.0, 3500, 2200, 146),
(23.338401000000886, 560, 532.0, 3500, 2200, 147),
(23.387421000006725, 561, 532.0, 3500, 2200, 148),
(23.429178000005777, 562, 532.0, 3500, 2200, 149),
(23.46753200000967, 563, 532.0, 3500, 2200, 150),
(23.50752199999988, 564, 532.0, 3500, 2200, 151),
(23.555440000011004, 565, 532.0, 3500, 2200, 152),
(23.600359000003664, 566, 532.0, 3500, 2200, 113),
(23.642569000003277, 567, 532.0, 3500, 2200, 114),
(23.681884999998147, 568, 532.0, 3500, 2200, 115),
(23.718393000002834, 569, 532.0, 3500, 2200, 116),
(23.769597000005888, 570, 532.0, 3500, 2200, 117),
(23.810305000006338, 571, 532.0, 3500, 2200, 118),
(23.854810999997426, 572, 532.0, 3500, 2200, 119),
(23.904806999998982, 573, 532.0, 3500, 2200, 120),
(23.945183000003453, 574, 532.0, 3500, 2200, 121),
(23.99192000000039, 575, 532.0, 3500, 2200, 122),
(24.038042000000132, 576, 532.0, 3500, 2200, 123),
(24.08564400000614, 577, 532.0, 3500, 2200, 124),
(24.125797000000603, 578, 532.0, 3500, 2200, 125),
(24.168574000010267, 579, 532.0, 3500, 2200, 126),
(24.207546000005095, 580, 532.0, 3500, 2200, 127),
(24.247684000001755, 581, 532.0, 3500, 2200, 128),
(24.286959999997634, 582, 532.0, 3500, 2200, 129),
(24.334255000008852, 583, 532.0, 3500, 2200, 130),
(24.37490599999728, 584, 532.0, 3500, 2200, 131),
(24.419684000007692, 585, 532.0, 3500, 2200, 132),
(24.46494900000107, 586, 532.0, 3500, 2200, 133),
(24.503860000011628, 587, 532.0, 3500, 2200, 134),
(24.541081000003032, 588, 532.0, 3500, 2200, 135),
(24.593825000003562, 589, 532.0, 3500, 2200, 136),
(24.635443999999552, 590, 532.0, 3500, 2200, 137),
(24.674360000004526, 591, 532.0, 3500, 2200, 138),
(24.718514000007417, 592, 532.0, 3500, 2200, 139),
(24.75747900000715, 593, 532.0, 3500, 2200, 140),
(24.80510399999912, 594, 532.0, 3500, 2200, 141),
(24.847753000009106, 595, 532.0, 3500, 2200, 142),
(24.895661000002292, 596, 532.0, 3500, 2200, 143),
(24.954580999998143, 597, 532.0, 3500, 2200, 144),
(25.004704999999376, 598, 532.0, 3500, 2200, 145),
(25.04397600000084, 599, 532.0, 3500, 2200, 146),
(25.083144000003813, 600, 532.0, 3500, 2200, 147),
(25.124549000000115, 601, 532.0, 3500, 2200, 148),
(25.17378599999938, 602, 532.0, 3500, 2200, 149),
(25.21199300000444, 603, 532.0, 3500, 2200, 150),
(25.250427999999374, 604, 532.0, 3500, 2200, 151),
(25.290134000009857, 605, 532.0, 3500, 2200, 152),
(25.335050000008778, 606, 512.0, 3500, 2400, 112),
(25.37602200001129, 607, 512.0, 3500, 2400, 113),
(25.415485000004992, 608, 512.0, 3500, 2400, 114),
(25.451511000006576, 609, 512.0, 3500, 2400, 115),
(25.49295600000187, 610, 512.0, 3500, 2400, 116),
(25.530018999997992, 611, 512.0, 3500, 2400, 117),
(25.568815000005998, 612, 512.0, 3500, 2400, 118),
(25.609047000005376, 613, 512.0, 3500, 2400, 119),
(25.648674000010942, 614, 512.0, 3500, 2400, 120),
(25.690001000009943, 615, 512.0, 3500, 2400, 121),
(25.733549000011408, 616, 512.0, 3500, 2400, 122),
(25.77469600000768, 617, 512.0, 3500, 2400, 123),
(25.820734000008088, 618, 512.0, 3500, 2400, 124),
(25.864031000004616, 619, 512.0, 3500, 2400, 125),
(25.90581199999724, 620, 512.0, 3500, 2400, 126),
(25.94542000000365, 621, 512.0, 3500, 2400, 127),
(25.986312000008184, 622, 512.0, 3500, 2400, 128),
(26.03410900000017, 623, 512.0, 3500, 2400, 129),
(26.08035899999959, 624, 512.0, 3500, 2400, 130),
(26.1251889999985, 625, 512.0, 3500, 2400, 131),
(26.166791000010562, 626, 512.0, 3500, 2400, 132),
(26.21251399999892, 627, 512.0, 3500, 2400, 133),
(26.260190000000875, 628, 512.0, 3500, 2400, 134),
(26.30930000000808, 629, 512.0, 3500, 2400, 135),
(26.352843000000576, 630, 512.0, 3500, 2400, 136),
(26.39721300000383, 631, 512.0, 3500, 2400, 137),
(26.438430000009248, 632, 512.0, 3500, 2400, 138),
(26.481779000008828, 633, 512.0, 3500, 2400, 139),
(26.5253090000042, 634, 512.0, 3500, 2400, 140),
(26.56664400000591, 635, 512.0, 3500, 2400, 141),
(26.609496999997646, 636, 512.0, 3500, 2400, 142),
(26.652150000008987, 637, 512.0, 3500, 2400, 143),
(26.694715999998152, 638, 512.0, 3500, 2400, 144),
(26.736562000005506, 639, 512.0, 3500, 2400, 145),
(26.792700999998488, 640, 512.0, 3500, 2400, 146),
(26.83641699999862, 641, 512.0, 3500, 2400, 147),
(26.875897999998415, 642, 512.0, 3500, 2400, 148),
(26.915268000011565, 643, 512.0, 3500, 2400, 149),
(26.954303999998956, 644, 512.0, 3500, 2400, 150),
(26.994116000001668, 645, 512.0, 3500, 2400, 151),
(27.032411000007414, 646, 512.0, 3500, 2400, 152),
(27.071791000009398, 647, 512.0, 3500, 2400, 113),
(27.117041999998037, 648, 512.0, 3500, 2400, 114),
(27.15691700000025, 649, 512.0, 3500, 2400, 115),
(27.19976499999757, 650, 512.0, 3500, 2400, 116),
(27.23976500000572, 651, 512.0, 3500, 2400, 117),
(27.277461999998195, 652, 512.0, 3500, 2400, 118),
(27.318421000003582, 653, 512.0, 3500, 2400, 119),
(27.364541000002646, 654, 512.0, 3500, 2400, 120),
(27.40401600000041, 655, 512.0, 3500, 2400, 121),
(27.45185900000797, 656, 512.0, 3500, 2400, 122),
(27.494007000001147, 657, 512.0, 3500, 2400, 123),
(27.53645100000722, 658, 512.0, 3500, 2400, 124),
(27.580321000001277, 659, 512.0, 3500, 2400, 125),
(27.620197000011103, 660, 512.0, 3500, 2400, 126),
(27.662321000010706, 661, 512.0, 3500, 2400, 127),
(27.70027200000186, 662, 512.0, 3500, 2400, 128),
(27.74119700001029, 663, 512.0, 3500, 2400, 129),
(27.780523000008543, 664, 512.0, 3500, 2400, 130),
(27.819507000007434, 665, 512.0, 3500, 2400, 131),
(27.86673100000189, 666, 512.0, 3500, 2400, 132),
(27.907237000006717, 667, 512.0, 3500, 2400, 133),
(27.945281000007526, 668, 512.0, 3500, 2400, 134),
(27.982982000001357, 669, 512.0, 3500, 2400, 135),
(28.025854000006802, 670, 512.0, 3500, 2400, 136),
(28.063492000001133, 671, 512.0, 3500, 2400, 137),
(28.10108200000832, 672, 512.0, 3500, 2400, 138),
(28.144335000004503, 673, 512.0, 3500, 2400, 139),
(28.194476000004215, 674, 512.0, 3500, 2400, 140),
(28.238636000009137, 675, 512.0, 3500, 2400, 141),
(28.283881000010297, 676, 512.0, 3500, 2400, 142),
(28.324252999998862, 677, 512.0, 3500, 2400, 143),
(28.36246299999766, 678, 512.0, 3500, 2400, 144),
(28.39922600000864, 679, 512.0, 3500, 2400, 145),
(28.44139500000165, 680, 512.0, 3500, 2400, 146),
(28.481972000008682, 681, 512.0, 3500, 2400, 147),
(28.519456000009086, 682, 512.0, 3500, 2400, 148),
(28.56803100000252, 683, 512.0, 3500, 2400, 149),
(28.613282999998773, 684, 512.0, 3500, 2400, 150),
(28.651663000011467, 685, 512.0, 3500, 2400, 151),
(28.691202000001795, 686, 512.0, 3500, 2400, 152),
(28.732772000003024, 687, 512.0, 3500, 2400, 113),
(28.78259000000253, 688, 512.0, 3500, 2400, 114),
(28.82984600000782, 689, 512.0, 3500, 2400, 115),
(28.871185000010883, 690, 512.0, 3500, 2400, 116),
(28.913314999997965, 691, 512.0, 3500, 2400, 117),
(28.957808999999543, 692, 512.0, 3500, 2400, 118),
(29.00019500000053, 693, 512.0, 3500, 2400, 119),
(29.047225000002072, 694, 512.0, 3500, 2400, 120),
(29.098331000001053, 695, 512.0, 3500, 2400, 121),
(29.14531400000851, 696, 512.0, 3500, 2400, 122),
(29.194020000009914, 697, 512.0, 3500, 2400, 123),
(29.234233000010136, 698, 512.0, 3500, 2400, 124),
(29.27345000000787, 699, 512.0, 3500, 2400, 125),
(29.31623500000569, 700, 512.0, 3500, 2400, 126),
(29.354353000002448, 701, 512.0, 3500, 2400, 127),
(29.397219999998924, 702, 512.0, 3500, 2400, 128),
(29.441551000010804, 703, 512.0, 3500, 2400, 129),
(29.48403099999996, 704, 512.0, 3500, 2400, 130),
(29.523335000005318, 705, 512.0, 3500, 2400, 131),
(29.56679399999848, 706, 512.0, 3500, 2400, 132),
(29.605775000003632, 707, 512.0, 3500, 2400, 133),
(29.646410000001197, 708, 512.0, 3500, 2400, 134),
(29.68522300000768, 709, 512.0, 3500, 2400, 135),
(29.72632899999735, 710, 512.0, 3500, 2400, 136),
(29.764827000006335, 711, 512.0, 3500, 2400, 137),
(29.803335999997216, 712, 512.0, 3500, 2400, 138),
(29.84464100000332, 713, 512.0, 3500, 2400, 139),
(29.88518500000646, 714, 512.0, 3500, 2400, 140),
(29.925178000004962, 715, 512.0, 3500, 2400, 141),
(29.970627000002423, 716, 512.0, 3500, 2400, 142),
(30.014692000011564, 717, 512.0, 3500, 2400, 143),
(30.058946000004653, 718, 512.0, 3500, 2400, 144),
(30.09844700001122, 719, 512.0, 3500, 2400, 145),
(30.136422000010498, 720, 512.0, 3500, 2400, 146),
(30.17897800001083, 721, 512.0, 3500, 2400, 147),
(30.21875500000897, 722, 512.0, 3500, 2400, 148),
(30.26064100000076, 723, 512.0, 3500, 2400, 149),
(30.299992000000202, 724, 512.0, 3500, 2400, 150),
(30.338476000004448, 725, 512.0, 3500, 2400, 151),
(30.37484800000675, 726, 512.0, 3500, 2400, 152),
(30.416607999999542, 727, 512.0, 3500, 2600, 112),
(30.45703499999945, 728, 512.0, 3500, 2600, 113),
(30.498483000003034, 729, 512.0, 3500, 2600, 114),
(30.54198500000348, 730, 512.0, 3500, 2600, 115),
(30.58708700000716, 731, 512.0, 3500, 2600, 116),
(30.63167699999758, 732, 512.0, 3500, 2600, 117),
(30.679501999999047, 733, 512.0, 3500, 2600, 118),
(30.72118700000283, 734, 512.0, 3500, 2600, 119),
(30.760357999999542, 735, 512.0, 3500, 2600, 120),
(30.810217999998713, 736, 512.0, 3500, 2600, 121),
(30.85702000001038, 737, 512.0, 3500, 2600, 122),
(30.906291999999667, 738, 512.0, 3500, 2600, 123),
(30.951740000004065, 739, 512.0, 3500, 2600, 124),
(30.99337999999989, 740, 512.0, 3500, 2600, 125),
(31.03474200000346, 741, 512.0, 3500, 2600, 126),
(31.07554099999834, 742, 512.0, 3500, 2600, 127),
(31.115614000009373, 743, 512.0, 3500, 2600, 128),
(31.153379000010318, 744, 512.0, 3500, 2600, 129),
(31.19350900000427, 745, 512.0, 3500, 2600, 130),
(31.233651000002283, 746, 512.0, 3500, 2600, 131),
(31.273515000008047, 747, 512.0, 3500, 2600, 132),
(31.314996000000974, 748, 512.0, 3500, 2600, 133),
(31.35197300001164, 749, 512.0, 3500, 2600, 134),
(31.3881010000041, 750, 512.0, 3500, 2600, 135),
(31.434411000009277, 751, 512.0, 3500, 2600, 136),
(31.477020999998786, 752, 512.0, 3500, 2600, 137),
(31.521329000010155, 753, 512.0, 3500, 2600, 138),
(31.56457300001057, 754, 512.0, 3500, 2600, 139),
(31.605777999997372, 755, 512.0, 3500, 2600, 140),
(31.64631900000677, 756, 512.0, 3500, 2600, 141),
(31.685040000011213, 757, 512.0, 3500, 2600, 142),
(31.733443000004627, 758, 512.0, 3500, 2600, 143),
(31.784404999998515, 759, 512.0, 3500, 2600, 144),
(31.833442000002833, 760, 512.0, 3500, 2600, 145),
(31.875488999998197, 761, 512.0, 3500, 2600, 146),
(31.91400099999737, 762, 512.0, 3500, 2600, 147),
(31.951652000003378, 763, 512.0, 3500, 2600, 148),
(31.993866000004346, 764, 512.0, 3500, 2600, 149),
(32.03500400000485, 765, 512.0, 3500, 2600, 150),
(32.075205000001006, 766, 512.0, 3500, 2600, 151),
(32.116812000007485, 767, 512.0, 3500, 2600, 152),
(32.1613420000067, 768, 512.0, 3500, 2600, 113),
(32.20335000001069, 769, 512.0, 3500, 2600, 114),
(32.24257200000284, 770, 512.0, 3500, 2600, 115),
(32.28253500000574, 771, 512.0, 3500, 2600, 116),
(32.31952800000727, 772, 512.0, 3500, 2600, 117),
(32.369860000006156, 773, 512.0, 3500, 2600, 118),
(32.40772899999865, 774, 512.0, 3500, 2600, 119),
(32.447226000003866, 775, 512.0, 3500, 2600, 120),
(32.48878300000797, 776, 512.0, 3500, 2600, 121),
(32.538200000009965, 777, 512.0, 3500, 2600, 122),
(32.58123599999817, 778, 512.0, 3500, 2600, 123),
(32.62799000000814, 779, 512.0, 3500, 2600, 124),
(32.67410600000585, 780, 512.0, 3500, 2600, 125),
(32.724110000010114, 781, 512.0, 3500, 2600, 126),
(32.75861200000509, 782, 512.0, 3500, 2600, 127),
(32.7940840000083, 783, 512.0, 3500, 2600, 128),
(32.833152999999584, 784, 512.0, 3500, 2600, 129),
(32.87008400000923, 785, 512.0, 3500, 2600, 130),
(32.91055700001016, 786, 512.0, 3500, 2600, 131),
(32.94965300000331, 787, 512.0, 3500, 2600, 132),
(32.994593000010354, 788, 512.0, 3500, 2600, 133),
(33.04781800000637, 789, 512.0, 3500, 2600, 134),
(33.09378200001083, 790, 512.0, 3500, 2600, 135),
(33.14110800001072, 791, 512.0, 3500, 2600, 136),
(33.186979999998584, 792, 512.0, 3500, 2600, 137),
(33.22486700001173, 793, 512.0, 3500, 2600, 138),
(33.26557899999898, 794, 512.0, 3500, 2600, 139),
(33.308099000001675, 795, 512.0, 3500, 2600, 140),
(33.348150999998325, 796, 512.0, 3500, 2600, 141),
(33.38665000000037, 797, 512.0, 3500, 2600, 142),
(33.42768700000306, 798, 512.0, 3500, 2600, 143),
(33.47308700000576, 799, 512.0, 3500, 2600, 144),
(33.51868600001035, 800, 512.0, 3500, 2600, 145),
(33.55908000000636, 801, 512.0, 3500, 2600, 146),
(33.604630000001634, 802, 512.0, 3500, 2600, 147),
(33.64220000000205, 803, 512.0, 3500, 2600, 148),
(33.680334999997285, 804, 512.0, 3500, 2600, 149),
(33.71873600000981, 805, 512.0, 3500, 2600, 150),
(33.757729000004474, 806, 512.0, 3500, 2600, 151),
(33.79611500000465, 807, 512.0, 3500, 2600, 152),
(33.83863100000599, 808, 512.0, 3500, 2600, 113),
(33.88627200000337, 809, 512.0, 3500, 2600, 114),
(33.923543000011705, 810, 512.0, 3500, 2600, 115),
(33.96530900000653, 811, 512.0, 3500, 2600, 116),
(34.01123499999812, 812, 512.0, 3500, 2600, 117),
(34.05360400000063, 813, 512.0, 3500, 2600, 118),
(34.09473300000536, 814, 512.0, 3500, 2600, 119),
(34.134814999997616, 815, 512.0, 3500, 2600, 120),
(34.17783200000122, 816, 512.0, 3500, 2600, 121),
(34.22255000000587, 817, 512.0, 3500, 2600, 122),
(34.27425200000289, 818, 512.0, 3500, 2600, 123),
(34.314426000011736, 819, 512.0, 3500, 2600, 124),
(34.352452999999514, 820, 512.0, 3500, 2600, 125),
(34.3899170000077, 821, 512.0, 3500, 2600, 126),
(34.430950000009034, 822, 512.0, 3500, 2600, 127),
(34.472294999999576, 823, 512.0, 3500, 2600, 128),
(34.5193419999996, 824, 512.0, 3500, 2600, 129),
(34.556051000006846, 825, 512.0, 3500, 2600, 130),
(34.59608300001128, 826, 512.0, 3500, 2600, 131),
(34.63790100000915, 827, 512.0, 3500, 2600, 132),
(34.685238000005484, 828, 512.0, 3500, 2600, 133),
(34.72498600000108, 829, 512.0, 3500, 2600, 134),
(34.77199900000414, 830, 512.0, 3500, 2600, 135),
(34.8101800000004, 831, 512.0, 3500, 2600, 136),
(34.850248000002466, 832, 512.0, 3500, 2600, 137),
(34.88730800000485, 833, 512.0, 3500, 2600, 138),
(34.93024400000286, 834, 512.0, 3500, 2600, 139),
(34.971696000007796, 835, 512.0, 3500, 2600, 140),
(35.013699000002816, 836, 512.0, 3500, 2600, 141),
(35.05735800000548, 837, 512.0, 3500, 2600, 142),
(35.11579599999823, 838, 512.0, 3500, 2600, 143),
(35.164927000005264, 839, 512.0, 3500, 2600, 144),
(35.22907600000326, 840, 512.0, 3500, 2600, 145),
(35.273941999999806, 841, 512.0, 3500, 2600, 146),
(35.321427000002586, 842, 512.0, 3500, 2600, 147),
(35.36373399999866, 843, 512.0, 3500, 2600, 148),
(35.40380900001037, 844, 512.0, 3500, 2600, 149),
(35.44720900000539, 845, 512.0, 3500, 2600, 150),
(35.485985999999684, 846, 512.0, 3500, 2600, 151),
(35.528404000011506, 847, 512.0, 3500, 2600, 152),
(35.56759600000805, 848, 512.0, 3500, 2800, 112),
(35.61469100000977, 849, 512.0, 3500, 2800, 113),
(35.65394699999888, 850, 512.0, 3500, 2800, 114),
(35.69806999999855, 851, 512.0, 3500, 2800, 115),
(35.737094000010984, 852, 512.0, 3500, 2800, 116),
(35.775820000009844, 853, 512.0, 3500, 2800, 117),
(35.818106999999145, 854, 512.0, 3500, 2800, 118),
(35.8652010000078, 855, 512.0, 3500, 2800, 119),
(35.90605000000505, 856, 512.0, 3500, 2800, 120),
(35.955770000000484, 857, 512.0, 3500, 2800, 121),
(36.005638000002364, 858, 512.0, 3500, 2800, 122),
(36.05503499999759, 859, 512.0, 3500, 2800, 123),
(36.102393000008306, 860, 512.0, 3500, 2800, 124),
(36.142153000007966, 861, 512.0, 3500, 2800, 125),
(36.18791200000851, 862, 512.0, 3500, 2800, 126),
(36.229919999997946, 863, 512.0, 3500, 2800, 127),
(36.26823100000911, 864, 512.0, 3500, 2800, 128),
(36.31204499999876, 865, 512.0, 3500, 2800, 129),
(36.35217199999897, 866, 512.0, 3500, 2800, 130),
(36.390681000004406, 867, 512.0, 3500, 2800, 131),
(36.42946600000141, 868, 512.0, 3500, 2800, 132),
(36.46743299999798, 869, 512.0, 3500, 2800, 133),
(36.503825000007055, 870, 512.0, 3500, 2800, 134),
(36.55115100000694, 871, 512.0, 3500, 2800, 135),
(36.59155900000769, 872, 512.0, 3500, 2800, 136),
(36.62855500000296, 873, 512.0, 3500, 2800, 137),
(36.66927399999986, 874, 512.0, 3500, 2800, 138),
(36.713000000003376, 875, 512.0, 3500, 2800, 139),
(36.75577100001101, 876, 512.0, 3500, 2800, 140),
(36.802556000009645, 877, 512.0, 3500, 2800, 141),
(36.846229000002495, 878, 512.0, 3500, 2800, 142),
(36.899437000000034, 879, 512.0, 3500, 2800, 143),
(36.950815000003786, 880, 512.0, 3500, 2800, 144),
(37.00046599999769, 881, 512.0, 3500, 2800, 145),
(37.042035999998916, 882, 512.0, 3500, 2800, 146),
(37.081165000010515, 883, 512.0, 3500, 2800, 147),
(37.12614100000064, 884, 512.0, 3500, 2800, 148),
(37.17294899999979, 885, 512.0, 3500, 2800, 149),
(37.217004000005545, 886, 512.0, 3500, 2800, 150),
(37.25584300000628, 887, 512.0, 3500, 2800, 151),
(37.29505300000892, 888, 512.0, 3500, 2800, 152),
(37.33562399999937, 889, 512.0, 3500, 2800, 113),
(37.37538300000597, 890, 512.0, 3500, 2800, 114),
(37.413337999998475, 891, 512.0, 3500, 2800, 115),
(37.45031500000914, 892, 512.0, 3500, 2800, 116),
(37.49068000000261, 893, 512.0, 3500, 2800, 117),
(37.52963200000522, 894, 512.0, 3500, 2800, 118),
(37.5670250000112, 895, 512.0, 3500, 2800, 119),
(37.608571000004304, 896, 512.0, 3500, 2800, 120),
(37.657970000000205, 897, 512.0, 3500, 2800, 121),
(37.69762200000696, 898, 512.0, 3500, 2800, 122),
(37.73933799999941, 899, 512.0, 3500, 2800, 123),
(37.778759000007994, 900, 512.0, 3500, 2800, 124),
(37.82019900000887, 901, 512.0, 3500, 2800, 125),
(37.86062000000675, 902, 512.0, 3500, 2800, 126),
(37.906228000007104, 903, 512.0, 3500, 2800, 127),
(37.95036300001084, 904, 512.0, 3500, 2800, 128),
(37.992505000001984, 905, 512.0, 3500, 2800, 129),
(38.03094399999827, 906, 512.0, 3500, 2800, 130),
(38.07021600000735, 907, 512.0, 3500, 2800, 131),
(38.10931500000879, 908, 512.0, 3500, 2800, 132),
(38.14768300000287, 909, 512.0, 3500, 2800, 133),
(38.187470000004396, 910, 512.0, 3500, 2800, 134),
(38.235146999999415, 911, 512.0, 3500, 2800, 135),
(38.273804000011296, 912, 512.0, 3500, 2800, 136),
(38.312180000008084, 913, 512.0, 3500, 2800, 137),
(38.35025200000382, 914, 512.0, 3500, 2800, 138),
(38.39102799999819, 915, 512.0, 3500, 2800, 139),
(38.42870100001164, 916, 512.0, 3500, 2800, 140),
(38.466331000003265, 917, 512.0, 3500, 2800, 141),
(38.5055740000098, 918, 512.0, 3500, 2800, 142),
(38.545467000003555, 919, 512.0, 3500, 2800, 143),
(38.58315099999891, 920, 512.0, 3500, 2800, 144),
(38.620951000004425, 921, 512.0, 3500, 2800, 145),
(38.66364300000714, 922, 512.0, 3500, 2800, 146),
(38.70205100000021, 923, 512.0, 3500, 2800, 147),
(38.7488250000024, 924, 512.0, 3500, 2800, 148),
(38.791291000001365, 925, 512.0, 3500, 2800, 149),
(38.834273000000394, 926, 512.0, 3500, 2800, 150),
(38.8763340000005, 927, 512.0, 3500, 2800, 151),
(38.918736999999965, 928, 512.0, 3500, 2800, 152),
(38.967780000006314, 929, 512.0, 3500, 2800, 113),
(39.01642900001025, 930, 512.0, 3500, 2800, 114),
(39.062040000004345, 931, 512.0, 3500, 2800, 115),
(39.10992500001157, 932, 512.0, 3500, 2800, 116),
(39.15138999999908, 933, 512.0, 3500, 2800, 117),
(39.19741300000169, 934, 512.0, 3500, 2800, 118),
(39.243989000009606, 935, 512.0, 3500, 2800, 119),
(39.28499900001043, 936, 512.0, 3500, 2800, 120),
(39.32920200000808, 937, 512.0, 3500, 2800, 121),
(39.374861000003875, 938, 512.0, 3500, 2800, 122),
(39.41408400000364, 939, 512.0, 3500, 2800, 123),
(39.454209000003175, 940, 512.0, 3500, 2800, 124),
(39.49507299999823, 941, 512.0, 3500, 2800, 125),
(39.53382500000589, 942, 512.0, 3500, 2800, 126),
(39.573717999999644, 943, 512.0, 3500, 2800, 127),
(39.61336499999743, 944, 512.0, 3500, 2800, 128),
(39.65337100000761, 945, 512.0, 3500, 2800, 129),
(39.69579700000759, 946, 512.0, 3500, 2800, 130),
(39.74196600000141, 947, 512.0, 3500, 2800, 131),
(39.78790900000604, 948, 512.0, 3500, 2800, 132),
(39.837527000010596, 949, 512.0, 3500, 2800, 133),
(39.886338000011165, 950, 512.0, 3500, 2800, 134),
(39.92616000000271, 951, 512.0, 3500, 2800, 135),
(39.96339699999953, 952, 512.0, 3500, 2800, 136),
(40.00305300000764, 953, 512.0, 3500, 2800, 137),
(40.04366000001028, 954, 512.0, 3500, 2800, 138),
(40.08180600000196, 955, 512.0, 3500, 2800, 139),
(40.12049800000386, 956, 512.0, 3500, 2800, 140),
(40.16383700000006, 957, 512.0, 3500, 2800, 141),
(40.209803000005195, 958, 512.0, 3500, 2800, 142),
(40.25470099999802, 959, 512.0, 3500, 2800, 143),
(40.296541000003344, 960, 512.0, 3500, 2800, 144),
(40.33409699999902, 961, 512.0, 3500, 2800, 145),
(40.37906200000725, 962, 512.0, 3500, 2800, 146),
(40.421644000001834, 963, 512.0, 3500, 2800, 147),
(40.45979100000113, 964, 512.0, 3500, 2800, 148),
(40.50460200000089, 965, 512.0, 3500, 2800, 149),
(40.55001099999936, 966, 512.0, 3500, 2800, 150),
(40.590228000000934, 967, 512.0, 3500, 2800, 151),
(40.6297510000004, 968, 512.0, 3500, 2800, 152),
(40.67308400000911, 969, 512.0, 3500, 3000, 112),
(40.719121000001905, 970, 512.0, 3500, 3000, 113),
(40.76152400000137, 971, 512.0, 3500, 3000, 114),
(40.80573700000241, 972, 512.0, 3500, 3000, 115),
(40.84792000000016, 973, 512.0, 3500, 3000, 116),
(40.88889000000199, 974, 512.0, 3500, 3000, 117),
(40.93335800000932, 975, 512.0, 3500, 3000, 118),
(40.97460800000408, 976, 512.0, 3500, 3000, 119),
(41.013025000007474, 977, 512.0, 3500, 3000, 120),
(41.05206100000942, 978, 512.0, 3500, 3000, 121),
(41.09190200000012, 979, 512.0, 3500, 3000, 122),
(41.12864400001126, 980, 512.0, 3500, 3000, 123),
(41.16831800001091, 981, 512.0, 3500, 3000, 124),
(41.213713000004645, 982, 512.0, 3500, 3000, 125),
(41.25745600000664, 983, 512.0, 3500, 3000, 126),
(41.296641000008094, 984, 512.0, 3500, 3000, 127),
(41.33362200000556, 985, 512.0, 3500, 3000, 128),
(41.37195500000962, 986, 512.0, 3500, 3000, 129),
(41.416872000001604, 987, 512.0, 3500, 3000, 130),
(41.45542700000806, 988, 512.0, 3500, 3000, 131),
(41.49275000000489, 989, 512.0, 3500, 3000, 132),
(41.53201999999874, 990, 512.0, 3500, 3000, 133),
(41.56898700000602, 991, 512.0, 3500, 3000, 134),
(41.609342000010656, 992, 512.0, 3500, 3000, 135),
(41.653456000000006, 993, 512.0, 3500, 3000, 136),
(41.69931599999836, 994, 512.0, 3500, 3000, 137),
(41.742740000001504, 995, 512.0, 3500, 3000, 138),
(41.785224000006565, 996, 512.0, 3500, 3000, 139),
(41.82760099999723, 997, 512.0, 3500, 3000, 140),
(41.87159200001042, 998, 512.0, 3500, 3000, 141),
(41.9083810000011, 999, 512.0, 3500, 3000, 142),
(41.94715000000724, 1000, 512.0, 3500, 3000, 143),
(41.98534800000198, 1001, 512.0, 3500, 3000, 144),
(42.02607400000852, 1002, 512.0, 3500, 3000, 145),
(42.064618000003975, 1003, 512.0, 3500, 3000, 146),
(42.10378700000001, 1004, 512.0, 3500, 3000, 147),
(42.143647999997484, 1005, 512.0, 3500, 3000, 148),
(42.18431500000588, 1006, 512.0, 3500, 3000, 149),
(42.22811599999841, 1007, 512.0, 3500, 3000, 150),
(42.26911100000143, 1008, 512.0, 3500, 3000, 151),
(42.3088010000065, 1009, 512.0, 3500, 3000, 152),
(42.350384999997914, 1010, 512.0, 3500, 3000, 113),
(42.38762600001064, 1011, 512.0, 3500, 3000, 114),
(42.432987000007415, 1012, 512.0, 3500, 3000, 115),
(42.470828000004985, 1013, 512.0, 3500, 3000, 116),
(42.51327100000344, 1014, 512.0, 3500, 3000, 117),
(42.55866200001037, 1015, 512.0, 3500, 3000, 118),
(42.597515000001295, 1016, 512.0, 3500, 3000, 119),
(42.63538700000208, 1017, 512.0, 3500, 3000, 120),
(42.67341699999815, 1018, 512.0, 3500, 3000, 121),
(42.71678800000518, 1019, 512.0, 3500, 3000, 122),
(42.75742500000342, 1020, 512.0, 3500, 3000, 123),
(42.79344700000365, 1021, 512.0, 3500, 3000, 124),
(42.830140000005485, 1022, 512.0, 3500, 3000, 125),
(42.87232700000459, 1023, 512.0, 3500, 3000, 126),
(42.91197900001134, 1024, 512.0, 3500, 3000, 127),
(42.94954100000905, 1025, 512.0, 3500, 3000, 128),
(42.98621300001105, 1026, 512.0, 3500, 3000, 129),
(43.02533000000403, 1027, 512.0, 3500, 3000, 130),
(43.064031000001705, 1028, 512.0, 3500, 3000, 131),
(43.10313300001144, 1029, 512.0, 3500, 3000, 132),
(43.14258600000176, 1030, 512.0, 3500, 3000, 133),
(43.18164200001047, 1031, 512.0, 3500, 3000, 134),
(43.221008000007714, 1032, 512.0, 3500, 3000, 135),
(43.262467000007746, 1033, 512.0, 3500, 3000, 136),
(43.29885099999956, 1034, 512.0, 3500, 3000, 137),
(43.335132000007434, 1035, 512.0, 3500, 3000, 138),
(43.375073000002885, 1036, 512.0, 3500, 3000, 139),
(43.41143700000248, 1037, 512.0, 3500, 3000, 140),
(43.451686000000336, 1038, 512.0, 3500, 3000, 141),
(43.49868200000492, 1039, 512.0, 3500, 3000, 142),
(43.53933600000164, 1040, 512.0, 3500, 3000, 143),
(43.589887000009185, 1041, 512.0, 3500, 3000, 144),
(43.635183999998844, 1042, 512.0, 3500, 3000, 145),
(43.67921500001103, 1043, 512.0, 3500, 3000, 146),
(43.72228400000313, 1044, 512.0, 3500, 3000, 147),
(43.76963400001114, 1045, 512.0, 3500, 3000, 148),
(43.8080750000081, 1046, 512.0, 3500, 3000, 149),
(43.84675199999765, 1047, 512.0, 3500, 3000, 150),
(43.88465300000098, 1048, 512.0, 3500, 3000, 151),
(43.925903000010294, 1049, 512.0, 3500, 3000, 152),
(43.967534000010346, 1050, 512.0, 3500, 3000, 113),
(44.0094059999974, 1051, 512.0, 3500, 3000, 114),
(44.052502000005916, 1052, 512.0, 3500, 3000, 115),
(44.09773900000437, 1053, 512.0, 3500, 3000, 116),
(44.13459700001113, 1054, 512.0, 3500, 3000, 117),
(44.17399200001091, 1055, 512.0, 3500, 3000, 118),
(44.213226000007126, 1056, 512.0, 3500, 3000, 119),
(44.25212800000736, 1057, 512.0, 3500, 3000, 120),
(44.29956700000912, 1058, 512.0, 3500, 3000, 121),
(44.34268100000918, 1059, 512.0, 3500, 3000, 122),
(44.385527999998885, 1060, 512.0, 3500, 3000, 123),
(44.43445600000268, 1061, 512.0, 3500, 3000, 124),
(44.48766800000158, 1062, 512.0, 3500, 3000, 125),
(44.52935199999774, 1063, 512.0, 3500, 3000, 126),
(44.5674030000082, 1064, 512.0, 3500, 3000, 127),
(44.60485699999845, 1065, 512.0, 3500, 3000, 128),
(44.641898000001675, 1066, 512.0, 3500, 3000, 129),
(44.686140999998315, 1067, 512.0, 3500, 3000, 130),
(44.736877000003005, 1068, 512.0, 3500, 3000, 131),
(44.78518000000622, 1069, 512.0, 3500, 3000, 132),
(44.829043000005186, 1070, 512.0, 3500, 3000, 133),
(44.8742290000082, 1071, 512.0, 3500, 3000, 134),
(44.915743999998085, 1072, 512.0, 3500, 3000, 135),
(44.954246000008425, 1073, 512.0, 3500, 3000, 136),
(44.992055000009714, 1074, 512.0, 3500, 3000, 137),
(45.030939000003855, 1075, 512.0, 3500, 3000, 138),
(45.072011000011116, 1076, 512.0, 3500, 3000, 139),
(45.10990400001174, 1077, 512.0, 3500, 3000, 140),
(45.15023199999996, 1078, 512.0, 3500, 3000, 141),
(45.19719500000065, 1079, 512.0, 3500, 3000, 142),
(45.2411870000069, 1080, 512.0, 3500, 3000, 143),
(45.2839590000076, 1081, 512.0, 3500, 3000, 144),
(45.32707100000698, 1082, 512.0, 3500, 3000, 145),
(45.36747700000706, 1083, 512.0, 3500, 3000, 146),
(45.41956100000243, 1084, 512.0, 3500, 3000, 147),
(45.46502600000531, 1085, 512.0, 3500, 3000, 148),
(45.51359400000365, 1086, 512.0, 3500, 3000, 149),
(45.55424500000663, 1087, 512.0, 3500, 3000, 150),
(45.61357100000896, 1088, 512.0, 3500, 3000, 151),
(45.65414199999941, 1089, 512.0, 3500, 3000, 152),
(45.69564700000046, 1090, 512.0, 3500, 3200, 112),
(45.740448000011384, 1091, 512.0, 3500, 3200, 113),
(45.77975000000151, 1092, 512.0, 3500, 3200, 114),
(45.82177400001092, 1093, 512.0, 3500, 3200, 115),
(45.868789000000106, 1094, 512.0, 3500, 3200, 116),
(45.91049999999814, 1095, 512.0, 3500, 3200, 117),
(45.948394000006374, 1096, 512.0, 3500, 3200, 118),
(45.987745000005816, 1097, 512.0, 3500, 3200, 119),
(46.02788900000451, 1098, 512.0, 3500, 3200, 120),
(46.066219000000274, 1099, 512.0, 3500, 3200, 121),
(46.10599200001161, 1100, 512.0, 3500, 3200, 122),
(46.14596999999776, 1101, 512.0, 3500, 3200, 123),
(46.18474900000729, 1102, 512.0, 3500, 3200, 124),
(46.227585000000545, 1103, 512.0, 3500, 3200, 125),
(46.26650900000823, 1104, 512.0, 3500, 3200, 126),
(46.305670000001555, 1105, 512.0, 3500, 3200, 127),
(46.35077400000591, 1106, 512.0, 3500, 3200, 128),
(46.38923000000068, 1107, 512.0, 3500, 3200, 129),
(46.42871700000251, 1108, 512.0, 3500, 3200, 130),
(46.47061800000665, 1109, 512.0, 3500, 3200, 131),
(46.51768200000515, 1110, 512.0, 3500, 3200, 132),
(46.55986100000155, 1111, 512.0, 3500, 3200, 133),
(46.60645600000862, 1112, 512.0, 3500, 3200, 134),
(46.64528599999903, 1113, 512.0, 3500, 3200, 135),
(46.684992000009515, 1114, 512.0, 3500, 3200, 136),
(46.72514600001159, 1115, 512.0, 3500, 3200, 137),
(46.7718440000026, 1116, 512.0, 3500, 3200, 138),
(46.81819499999983, 1117, 512.0, 3500, 3200, 139),
(46.863624000005075, 1118, 512.0, 3500, 3200, 140),
(46.91270900001109, 1119, 512.0, 3500, 3200, 141),
(46.95466400000441, 1120, 512.0, 3500, 3200, 142),
(46.993522000004305, 1121, 512.0, 3500, 3200, 143),
(47.03835000000254, 1122, 512.0, 3500, 3200, 144),
(47.082216000009794, 1123, 512.0, 3500, 3200, 145),
(47.12012500000128, 1124, 512.0, 3500, 3200, 146),
(47.162914000000455, 1125, 512.0, 3500, 3200, 147),
(47.201514000000316, 1126, 512.0, 3500, 3200, 148),
(47.24079399999755, 1127, 512.0, 3500, 3200, 149),
(47.28193500000634, 1128, 512.0, 3500, 3200, 150),
(47.321581000011065, 1129, 512.0, 3500, 3200, 151),
(47.360356000004685, 1130, 512.0, 3500, 3200, 152),
(47.40031500000623, 1131, 512.0, 3500, 3200, 113),
(47.4462760000024, 1132, 512.0, 3500, 3200, 114),
(47.48635400000785, 1133, 512.0, 3500, 3200, 115),
(47.52380599999742, 1134, 512.0, 3500, 3200, 116),
(47.568611000009696, 1135, 512.0, 3500, 3200, 117),
(47.615734999999404, 1136, 512.0, 3500, 3200, 118),
(47.66132300000754, 1137, 512.0, 3500, 3200, 119),
(47.699686000007205, 1138, 512.0, 3500, 3200, 120),
(47.74020600000222, 1139, 512.0, 3500, 3200, 121),
(47.78610100000515, 1140, 512.0, 3500, 3200, 122),
(47.82864700000209, 1141, 512.0, 3500, 3200, 123),
(47.87004999999772, 1142, 512.0, 3500, 3200, 124),
(47.91347900000983, 1143, 512.0, 3500, 3200, 125),
(47.95257700000366, 1144, 512.0, 3500, 3200, 126),
(47.99264799999946, 1145, 512.0, 3500, 3200, 127),
(48.03131600000779, 1146, 512.0, 3500, 3200, 128),
(48.072346000000834, 1147, 512.0, 3500, 3200, 129),
(48.11259699999937, 1148, 512.0, 3500, 3200, 130),
(48.15101900001173, 1149, 512.0, 3500, 3200, 131),
(48.18874100000539, 1150, 512.0, 3500, 3200, 132),
(48.23342400000547, 1151, 512.0, 3500, 3200, 133),
(48.28206300000602, 1152, 512.0, 3500, 3200, 134),
(48.33007799999905, 1153, 512.0, 3500, 3200, 135),
(48.37107300000207, 1154, 512.0, 3500, 3200, 136),
(48.41255500000261, 1155, 512.0, 3500, 3200, 137),
(48.45398099999875, 1156, 512.0, 3500, 3200, 138),
(48.50233300001128, 1157, 512.0, 3500, 3200, 139),
(48.542677000004915, 1158, 512.0, 3500, 3200, 140),
(48.58540599999833, 1159, 512.0, 3500, 3200, 141),
(48.62636100000236, 1160, 512.0, 3500, 3200, 142),
(48.66886800000793, 1161, 512.0, 3500, 3200, 143),
(48.70647800000734, 1162, 512.0, 3500, 3200, 144),
(48.74524200000451, 1163, 512.0, 3500, 3200, 145),
(48.78223700000672, 1164, 512.0, 3500, 3200, 146),
(48.821742000000086, 1165, 512.0, 3500, 3200, 147),
(48.86044400000537, 1166, 512.0, 3500, 3200, 148),
(48.898323000001255, 1167, 512.0, 3500, 3200, 149),
(48.93473300000187, 1168, 512.0, 3500, 3200, 150),
(48.97273999999743, 1169, 512.0, 3500, 3200, 151),
(49.01047800001106, 1170, 512.0, 3500, 3200, 152),
(49.055515000000014, 1171, 512.0, 3500, 3200, 113),
(49.09551199999987, 1172, 512.0, 3500, 3200, 114),
(49.13663800001086, 1173, 512.0, 3500, 3200, 115),
(49.17476200000965, 1174, 512.0, 3500, 3200, 116),
(49.2167300000001, 1175, 512.0, 3500, 3200, 117),
(49.25421600000118, 1176, 512.0, 3500, 3200, 118),
(49.2999400000117, 1177, 512.0, 3500, 3200, 119),
(49.344645000004675, 1178, 512.0, 3500, 3200, 120),
(49.38866300000518, 1179, 512.0, 3500, 3200, 121),
(49.436845000003814, 1180, 512.0, 3500, 3200, 122),
(49.47670100000687, 1181, 512.0, 3500, 3200, 123),
(49.5160509999987, 1182, 512.0, 3500, 3200, 124),
(49.55815799999982, 1183, 512.0, 3500, 3200, 125),
(49.600694000007934, 1184, 512.0, 3500, 3200, 126),
(49.6387309999991, 1185, 512.0, 3500, 3200, 127),
(49.690310999998474, 1186, 512.0, 3500, 3200, 128),
(49.72946000000229, 1187, 512.0, 3500, 3200, 129),
(49.77121900000202, 1188, 512.0, 3500, 3200, 130),
(49.817986000009114, 1189, 512.0, 3500, 3200, 131),
(49.866434000010486, 1190, 512.0, 3500, 3200, 132),
(49.91379800000868, 1191, 512.0, 3500, 3200, 133),
(49.963085000010324, 1192, 512.0, 3500, 3200, 134),
(50.00303300000087, 1193, 512.0, 3500, 3200, 135),
(50.04916600001161, 1194, 512.0, 3500, 3200, 136),
(50.09316000000399, 1195, 512.0, 3500, 3200, 137),
(50.1339910000097, 1196, 512.0, 3500, 3200, 138),
(50.17383100000734, 1197, 512.0, 3500, 3200, 139),
(50.21263100000215, 1198, 512.0, 3500, 3200, 140),
(50.250937999997404, 1199, 512.0, 3500, 3200, 141),
(50.290359999999055, 1200, 512.0, 3500, 3200, 142),
(50.33230600001116, 1201, 512.0, 3500, 3200, 143),
(50.373036000004504, 1202, 512.0, 3500, 3200, 144),
(50.417502000011154, 1203, 512.0, 3500, 3200, 145),
(50.45957600000838, 1204, 512.0, 3500, 3200, 146),
(50.50456900001154, 1205, 512.0, 3500, 3200, 147),
(50.55470700000296, 1206, 512.0, 3500, 3200, 148),
(50.59807700000238, 1207, 512.0, 3500, 3200, 149),
(50.63534800001071, 1208, 512.0, 3500, 3200, 150),
(50.676241000008304, 1209, 512.0, 3500, 3200, 151),
(50.71773600000597, 1210, 512.0, 3500, 3200, 152),
(50.757491000011214, 1211, 512.0, 3500, 2100, 112),
(50.79919800000789, 1212, 512.0, 3500, 2100, 113),
(50.83875100000296, 1213, 512.0, 3500, 2100, 114),
(50.88800900000206, 1214, 512.0, 3500, 2100, 115),
(50.92770900001051, 1215, 512.0, 3500, 2100, 116),
(50.97067400001106, 1216, 512.0, 3500, 2100, 117),
(51.01305600001069, 1217, 512.0, 3500, 2100, 118),
(51.054613000000245, 1218, 512.0, 3500, 2100, 119),
(51.093963000006624, 1219, 512.0, 3500, 2100, 120),
(51.1327200000087, 1220, 512.0, 3500, 2100, 121),
(51.17596800001047, 1221, 512.0, 3500, 2100, 122),
(51.2163040000014, 1222, 512.0, 3500, 2100, 123),
(51.258817000009, 1223, 512.0, 3500, 2100, 124),
(51.29933600001095, 1224, 512.0, 3500, 2100, 125),
(51.34527600000729, 1225, 512.0, 3500, 2100, 126),
(51.386980000010226, 1226, 512.0, 3500, 2100, 127),
(51.4314180000074, 1227, 512.0, 3500, 2100, 128),
(51.46996699999727, 1228, 512.0, 3500, 2100, 129),
(51.50977099999727, 1229, 512.0, 3500, 2100, 130),
(51.55012100000749, 1230, 512.0, 3500, 2100, 131),
(51.59244400000898, 1231, 512.0, 3500, 2100, 132),
(51.63148700000602, 1232, 512.0, 3500, 2100, 133),
(51.68108999999822, 1233, 512.0, 3500, 2100, 134),
(51.721014000009745, 1234, 512.0, 3500, 2100, 135),
(51.76327700000547, 1235, 512.0, 3500, 2100, 136),
(51.803845000002184, 1236, 512.0, 3500, 2100, 137),
(51.84901499999978, 1237, 512.0, 3500, 2100, 138),
(51.89487000000372, 1238, 512.0, 3500, 2100, 139),
(51.94131400001061, 1239, 512.0, 3500, 2100, 140),
(51.98363600000448, 1240, 512.0, 3500, 2100, 141),
(52.02366800000891, 1241, 512.0, 3500, 2100, 142),
(52.06197300000349, 1242, 512.0, 3500, 2100, 143),
(52.10066999999981, 1243, 512.0, 3500, 2100, 144),
(52.14414899999974, 1244, 512.0, 3500, 2100, 145),
(52.1877780000068, 1245, 512.0, 3500, 2100, 146),
(52.22772100000293, 1246, 512.0, 3500, 2100, 147),
(52.267860000007204, 1247, 512.0, 3500, 2100, 148),
(52.30635900000925, 1248, 512.0, 3500, 2100, 149),
(52.34889200000907, 1249, 512.0, 3500, 2100, 150),
(52.388613000002806, 1250, 512.0, 3500, 2100, 151),
(52.429570000007516, 1251, 512.0, 3500, 2100, 152),
(52.471922000011546, 1252, 512.0, 3500, 2100, 113),
(52.51547600000049, 1253, 512.0, 3500, 2100, 114),
(52.554742000007536, 1254, 512.0, 3500, 2100, 115),
(52.60386600000493, 1255, 512.0, 3500, 2100, 116),
(52.6484930000006, 1256, 512.0, 3500, 2100, 117),
(52.69113400000788, 1257, 512.0, 3500, 2100, 118),
(52.736986000003526, 1258, 512.0, 3500, 2100, 119),
(52.78203800000483, 1259, 512.0, 3500, 2100, 120),
(52.816975000008824, 1260, 512.0, 3500, 2100, 121),
(52.85261100000935, 1261, 512.0, 3500, 2100, 122),
(52.89711800000805, 1262, 512.0, 3500, 2100, 123),
(52.93365900000208, 1263, 512.0, 3500, 2100, 124),
(52.97302099999797, 1264, 512.0, 3500, 2100, 125),
(53.01174100000935, 1265, 512.0, 3500, 2100, 126),
(53.050368000011076, 1266, 512.0, 3500, 2100, 127),
(53.08722400000261, 1267, 512.0, 3500, 2100, 128),
(53.12574200000381, 1268, 512.0, 3500, 2100, 129),
(53.16864899999928, 1269, 512.0, 3500, 2100, 130),
(53.21524499999941, 1270, 512.0, 3500, 2100, 131),
(53.25823800000944, 1271, 512.0, 3500, 2100, 132),
(53.30491500000062, 1272, 512.0, 3500, 2100, 133),
(53.3456770000048, 1273, 512.0, 3500, 2100, 134),
(53.38756499999727, 1274, 512.0, 3500, 2100, 135),
(53.434459000010975, 1275, 512.0, 3500, 2100, 136),
(53.47863199999847, 1276, 512.0, 3500, 2100, 137),
(53.51954000000842, 1277, 512.0, 3500, 2100, 138),
(53.55995599999733, 1278, 512.0, 3500, 2100, 139),
(53.598423000003095, 1279, 512.0, 3500, 2100, 140),
(53.634780000007595, 1280, 512.0, 3500, 2100, 141),
(53.671463999999105, 1281, 512.0, 3500, 2100, 142),
(53.71518400000059, 1282, 512.0, 3500, 2100, 143),
(53.75293600000441, 1283, 512.0, 3500, 2100, 144),
(53.797091000000364, 1284, 512.0, 3500, 2100, 145),
(53.83622700000706, 1285, 512.0, 3500, 2100, 146),
(53.87345100000675, 1286, 512.0, 3500, 2100, 147),
(53.91145800000231, 1287, 512.0, 3500, 2100, 148),
(53.95389299999806, 1288, 512.0, 3500, 2100, 149),
(54.0020050000021, 1289, 512.0, 3500, 2100, 150),
(54.04956800000218, 1290, 512.0, 3500, 2100, 151),
(54.0960960000084, 1291, 512.0, 3500, 2100, 152),
(54.13906700001098, 1292, 512.0, 3500, 2100, 113),
(54.17892500000016, 1293, 512.0, 3500, 2100, 114),
(54.21520099999907, 1294, 512.0, 3500, 2100, 115),
(54.25543900000048, 1295, 512.0, 3500, 2100, 116),
(54.29727300000377, 1296, 512.0, 3500, 2100, 117),
(54.3371310000075, 1297, 512.0, 3500, 2100, 118),
(54.382228000002215, 1298, 512.0, 3500, 2100, 119),
(54.423506000006455, 1299, 512.0, 3500, 2100, 120),
(54.46236299999873, 1300, 512.0, 3500, 2100, 121),
(54.49999100000423, 1301, 512.0, 3500, 2100, 122),
(54.536833999998635, 1302, 512.0, 3500, 2100, 123),
(54.57960900000762, 1303, 512.0, 3500, 2100, 124),
(54.621555999998236, 1304, 512.0, 3500, 2100, 125),
(54.67507700000715, 1305, 512.0, 3500, 2100, 126),
(54.72125100000994, 1306, 512.0, 3500, 2100, 127),
(54.77436100000341, 1307, 512.0, 3500, 2100, 128),
(54.81242700001167, 1308, 512.0, 3500, 2100, 129),
(54.85103499999968, 1309, 512.0, 3500, 2100, 130),
(54.893777000004775, 1310, 512.0, 3500, 2100, 131),
(54.93595800000185, 1311, 512.0, 3500, 2100, 132),
(54.9807540000038, 1312, 512.0, 3500, 2100, 133),
(55.02294200001052, 1313, 512.0, 3500, 2100, 134),
(55.06790799999726, 1314, 512.0, 3500, 2100, 135),
(55.1096120000002, 1315, 512.0, 3500, 2100, 136),
(55.14783400000306, 1316, 512.0, 3500, 2100, 137),
(55.187667000005604, 1317, 512.0, 3500, 2100, 138),
(55.234087000004365, 1318, 512.0, 3500, 2100, 139),
(55.27639199999976, 1319, 512.0, 3500, 2100, 140),
(55.32095600001048, 1320, 512.0, 3500, 2100, 141),
(55.36752400000114, 1321, 512.0, 3500, 2100, 142),
(55.407629000008455, 1322, 512.0, 3500, 2100, 143),
(55.44942699999956, 1323, 512.0, 3500, 2100, 144),
(55.49345500000345, 1324, 512.0, 3500, 2100, 145),
(55.53619700000854, 1325, 512.0, 3500, 2100, 146),
(55.58002900000429, 1326, 512.0, 3500, 2100, 147),
(55.62717100000009, 1327, 512.0, 3500, 2100, 148),
(55.66378899999836, 1328, 512.0, 3500, 2100, 149),
(55.703877000007196, 1329, 512.0, 3500, 2100, 150),
(55.746555999998236, 1330, 512.0, 3500, 2100, 151),
(55.7910899999988, 1331, 512.0, 3500, 2100, 152),
(55.83260500000324, 1332, 532.0, 3500, 2200, 112),
(55.87644100000034, 1333, 532.0, 3500, 2200, 113),
(55.915531999999075, 1334, 532.0, 3500, 2200, 114),
(55.95196700000088, 1335, 532.0, 3500, 2200, 115),
(55.99053300000378, 1336, 532.0, 3500, 2200, 116),
(56.03262100000575, 1337, 532.0, 3500, 2200, 117),
(56.06926299999759, 1338, 532.0, 3500, 2200, 118),
(56.11535100000037, 1339, 532.0, 3500, 2200, 119),
(56.154381000000285, 1340, 532.0, 3500, 2200, 120),
(56.19481500000984, 1341, 532.0, 3500, 2200, 121),
(56.23610000000917, 1342, 532.0, 3500, 2200, 122),
(56.27493600000162, 1343, 532.0, 3500, 2200, 123),
(56.31856100000732, 1344, 532.0, 3500, 2200, 124),
(56.36169700000028, 1345, 532.0, 3500, 2200, 125),
(56.39927300000272, 1346, 532.0, 3500, 2200, 126),
(56.438495000009425, 1347, 532.0, 3500, 2200, 127),
(56.475460000001476, 1348, 532.0, 3500, 2200, 128),
(56.517442000011215, 1349, 532.0, 3500, 2200, 129),
(56.562000000005355, 1350, 532.0, 3500, 2200, 130),
(56.59926899999846, 1351, 532.0, 3500, 2200, 131),
(56.63680600000953, 1352, 532.0, 3500, 2200, 132),
(56.678360999998404, 1353, 532.0, 3500, 2200, 133),
(56.72021900000982, 1354, 532.0, 3500, 2200, 134),
(56.76479300000938, 1355, 532.0, 3500, 2200, 135),
(56.809224000011454, 1356, 532.0, 3500, 2200, 136),
(56.85089100000914, 1357, 532.0, 3500, 2200, 137),
(56.88869200000772, 1358, 532.0, 3500, 2200, 138),
(56.928633000003174, 1359, 532.0, 3500, 2200, 139),
(56.966611000010744, 1360, 532.0, 3500, 2200, 140),
(57.005676000000676, 1361, 532.0, 3500, 2200, 141),
(57.04866500000935, 1362, 532.0, 3500, 2200, 142),
(57.08819300000323, 1363, 532.0, 3500, 2200, 143),
(57.127823000002536, 1364, 532.0, 3500, 2200, 144),
(57.16777100000763, 1365, 532.0, 3500, 2200, 145),
(57.21456500000204, 1366, 532.0, 3500, 2200, 146),
(57.251339000009466, 1367, 532.0, 3500, 2200, 147),
(57.29124400000728, 1368, 532.0, 3500, 2200, 148),
(57.33629500000097, 1369, 532.0, 3500, 2200, 149),
(57.38226700000814, 1370, 532.0, 3500, 2200, 150),
(57.42767299999832, 1371, 532.0, 3500, 2200, 151),
(57.46727800001099, 1372, 532.0, 3500, 2200, 152),
(57.50838100000692, 1373, 532.0, 3500, 2200, 113),
(57.54882900000666, 1374, 532.0, 3500, 2200, 114),
(57.591523000010056, 1375, 532.0, 3500, 2200, 115),
(57.62988900000346, 1376, 532.0, 3500, 2200, 116),
(57.66748100001132, 1377, 532.0, 3500, 2200, 117),
(57.704364000004716, 1378, 532.0, 3500, 2200, 118),
(57.744189999997616, 1379, 532.0, 3500, 2200, 119),
(57.78897800001141, 1380, 532.0, 3500, 2200, 120),
(57.83218700000725, 1381, 532.0, 3500, 2200, 121),
(57.87243100001069, 1382, 532.0, 3500, 2200, 122),
(57.915334000004805, 1383, 532.0, 3500, 2200, 123),
(57.95391500000551, 1384, 532.0, 3500, 2200, 124),
(57.99423100000422, 1385, 532.0, 3500, 2200, 125),
(58.037804999999935, 1386, 532.0, 3500, 2200, 126),
(58.08334100000502, 1387, 532.0, 3500, 2200, 127),
(58.12089200000628, 1388, 532.0, 3500, 2200, 128),
(58.16860099999758, 1389, 532.0, 3500, 2200, 129),
(58.206543000007514, 1390, 532.0, 3500, 2200, 130),
(58.24517300000298, 1391, 532.0, 3500, 2200, 131),
(58.284262000001036, 1392, 532.0, 3500, 2200, 132),
(58.32505400000082, 1393, 532.0, 3500, 2200, 133),
(58.36611699999776, 1394, 532.0, 3500, 2200, 134),
(58.404885000010836, 1395, 532.0, 3500, 2200, 135),
(58.451150000008056, 1396, 532.0, 3500, 2200, 136),
(58.495934000005946, 1397, 532.0, 3500, 2200, 137),
(58.537246000007144, 1398, 532.0, 3500, 2200, 138),
(58.5803339999984, 1399, 532.0, 3500, 2200, 139),
(58.629767999998876, 1400, 532.0, 3500, 2200, 140),
(58.67080300000089, 1401, 532.0, 3500, 2200, 141),
(58.714283000008436, 1402, 532.0, 3500, 2200, 142),
(58.753894000008586, 1403, 532.0, 3500, 2200, 143),
(58.797183000002406, 1404, 532.0, 3500, 2200, 144),
(58.837653000009595, 1405, 532.0, 3500, 2200, 145),
(58.88415700000769, 1406, 532.0, 3500, 2200, 146),
(58.92873800000234, 1407, 532.0, 3500, 2200, 147),
(58.97780700000294, 1408, 532.0, 3500, 2200, 148),
(59.02364200000011, 1409, 532.0, 3500, 2200, 149),
(59.07158200000413, 1410, 532.0, 3500, 2200, 150),
(59.109911999999895, 1411, 532.0, 3500, 2200, 151),
(59.14783100000932, 1412, 532.0, 3500, 2200, 152),
(59.18512600001122, 1413, 532.0, 3500, 2200, 113),
(59.223391999999876, 1414, 532.0, 3500, 2200, 114),
(59.26458000000275, 1415, 532.0, 3500, 2200, 115),
(59.30643500000588, 1416, 532.0, 3500, 2200, 116),
(59.348276999997324, 1417, 532.0, 3500, 2200, 117),
(59.38778900000034, 1418, 532.0, 3500, 2200, 118),
(59.42595900000015, 1419, 532.0, 3500, 2200, 119),
(59.463421000007656, 1420, 532.0, 3500, 2200, 120),
(59.501634000000195, 1421, 532.0, 3500, 2200, 121),
(59.540139000004274, 1422, 532.0, 3500, 2200, 122),
(59.581615000002785, 1423, 532.0, 3500, 2200, 123),
(59.619548000002396, 1424, 532.0, 3500, 2200, 124),
(59.65561700001126, 1425, 532.0, 3500, 2200, 125),
(59.70186700001068, 1426, 532.0, 3500, 2200, 126),
(59.742078000010224, 1427, 532.0, 3500, 2200, 127),
(59.80041300000448, 1428, 532.0, 3500, 2200, 128),
(59.83864000000176, 1429, 532.0, 3500, 2200, 129),
(59.88774099999864, 1430, 532.0, 3500, 2200, 130),
(59.93627099999867, 1431, 532.0, 3500, 2200, 131),
(59.975116000001435, 1432, 532.0, 3500, 2200, 132),
(60.017877999998746, 1433, 532.0, 3500, 2200, 133),
(60.06629800000519, 1434, 532.0, 3500, 2200, 134),
(60.10937000000558, 1435, 532.0, 3500, 2200, 135),
(60.150860000008834, 1436, 532.0, 3500, 2200, 136),
(60.20208899999852, 1437, 532.0, 3500, 2200, 137),
(60.246375000002445, 1438, 532.0, 3500, 2200, 138),
(60.293851000009454, 1439, 532.0, 3500, 2200, 139),
(60.33475600001111, 1440, 532.0, 3500, 2200, 140),
(60.37805500000832, 1441, 532.0, 3500, 2200, 141),
(60.41473899999983, 1442, 532.0, 3500, 2200, 142),
(60.4540810000035, 1443, 532.0, 3500, 2200, 143),
(60.495781999998144, 1444, 532.0, 3500, 2200, 144),
(60.53338600001007, 1445, 532.0, 3500, 2200, 145),
(60.58432000000903, 1446, 532.0, 3500, 2200, 146),
(60.63198000000557, 1447, 532.0, 3500, 2200, 147),
(60.67770200000086, 1448, 532.0, 3500, 2200, 148),
(60.719722000008915, 1449, 532.0, 3500, 2200, 149),
(60.76178600000276, 1450, 532.0, 3500, 2200, 150),
(60.80076100000588, 1451, 532.0, 3500, 2200, 151),
(60.83973100000003, 1452, 532.0, 3500, 2200, 152),
(61.02892900000734, 1454, 517.0, 3500, 2300, 113),
(76.2604879999999, 1458, 535.0, 3500, 2300, 117),
(106.84108700000797, 1467, 571.0, 3500, 2300, 126),
(106.89071800000966, 1468, 607.0, 3500, 2300, 127),
(106.98434599999746, 1470, 578.0, 3500, 2300, 129),
(122.50009700001101, 1475, 575.0, 3500, 2300, 134),
(153.7399890000088, 1484, 611.0, 3500, 2300, 143),
(169.29448300000513, 1488, 279.0, 3500, 2300, 147),
(232.2421350000077, 1502, 602.0, 3500, 2300, 121),
(287.4341850000055, 1519, 279.0, 3500, 2300, 138),
(310.9804320000112, 1524, 273.0, 3500, 2300, 143),
(326.681620000003, 1529, 572.0, 3500, 2300, 148),
(326.74407100000826, 1530, 285.0, 3500, 2300, 149),
(326.9398829999991, 1532, 620.0, 3500, 2300, 151),
(358.5216389999987, 1542, 539.0, 3500, 2300, 121),
(375.0616020000016, 1550, 575.0, 3500, 2300, 129),
(399.0802459999977, 1557, 280.0, 3500, 2300, 136),
(438.41217500000494, 1565, 111227.25, 3500, 2300, 144),
(463.2266040000104, 1568, 290.0, 3500, 2300, 147),
(480.4654370000062, 1574, 512.0, 3500, 2400, 112),
(488.2215419999993, 1575, 512.0, 3500, 2400, 113),
(488.2835810000106, 1576, 512.0, 3500, 2400, 114),
(488.33173600000737, 1577, 512.0, 3500, 2400, 115),
(488.3809390000097, 1578, 512.0, 3500, 2400, 116),
(488.42860300000757, 1579, 512.0, 3500, 2400, 117),
(488.47326300000714, 1580, 512.0, 3500, 2400, 118),
(488.53026100000716, 1581, 512.0, 3500, 2400, 119),
(488.57536300001084, 1582, 512.0, 3500, 2400, 120),
(488.63253500001156, 1583, 512.0, 3500, 2400, 121),
(488.6805030000105, 1584, 512.0, 3500, 2400, 122),
(488.72901300000376, 1585, 512.0, 3500, 2400, 123),
(488.7723190000106, 1586, 512.0, 3500, 2400, 124),
(488.82309600000735, 1587, 512.0, 3500, 2400, 125),
(488.8743860000104, 1588, 512.0, 3500, 2400, 126),
(488.92380800000683, 1589, 512.0, 3500, 2400, 127),
(488.97300900000846, 1590, 512.0, 3500, 2400, 128),
(489.0319720000116, 1591, 512.0, 3500, 2400, 129),
(489.0726360000117, 1592, 512.0, 3500, 2400, 130),
(489.13165599999775, 1593, 512.0, 3500, 2400, 131),
(489.1759759999986, 1594, 512.0, 3500, 2400, 132),
(489.22525699999824, 1595, 512.0, 3500, 2400, 133),
(489.27384600001096, 1596, 512.0, 3500, 2400, 134),
(489.33168200000364, 1597, 512.0, 3500, 2400, 135),
(489.3757830000104, 1598, 512.0, 3500, 2400, 136),
(489.42042700000457, 1599, 512.0, 3500, 2400, 137),
(489.4696560000011, 1600, 512.0, 3500, 2400, 138),
(489.5193750000035, 1601, 512.0, 3500, 2400, 139),
(489.5660280000011, 1602, 512.0, 3500, 2400, 140),
(489.61368100000254, 1603, 512.0, 3500, 2400, 141),
(489.6606210000027, 1604, 512.0, 3500, 2400, 142),
(489.7042310000106, 1605, 512.0, 3500, 2400, 143),
(489.75315400000545, 1606, 512.0, 3500, 2400, 144),
(489.7950920000003, 1607, 512.0, 3500, 2400, 145),
(489.84773100000166, 1608, 512.0, 3500, 2400, 146),
(489.89705200000026, 1609, 512.0, 3500, 2400, 147),
(489.9395050000021, 1610, 512.0, 3500, 2400, 148),
(489.985858, 1611, 512.0, 3500, 2400, 149),
(490.03205200000957, 1612, 512.0, 3500, 2400, 150),
(490.0837940000056, 1613, 512.0, 3500, 2400, 151),
(490.13506900001084, 1614, 512.0, 3500, 2400, 152),
(490.18390600000566, 1615, 512.0, 3500, 2400, 113),
(490.2334800000099, 1616, 512.0, 3500, 2400, 114),
(490.27119400000083, 1617, 512.0, 3500, 2400, 115),
(490.32233599999745, 1618, 512.0, 3500, 2400, 116),
(490.36323300001095, 1619, 512.0, 3500, 2400, 117),
(490.40781800000696, 1620, 512.0, 3500, 2400, 118),
(490.4592130000092, 1621, 512.0, 3500, 2400, 119),
(490.5055200000061, 1622, 512.0, 3500, 2400, 120),
(490.5553230000078, 1623, 512.0, 3500, 2400, 121),
(490.6137799999997, 1624, 512.0, 3500, 2400, 122),
(490.66295500000706, 1625, 512.0, 3500, 2400, 123),
(490.70522200000414, 1626, 512.0, 3500, 2400, 124),
(490.758348000003, 1627, 512.0, 3500, 2400, 125),
(490.8044680000021, 1628, 512.0, 3500, 2400, 126),
(490.8526150000107, 1629, 512.0, 3500, 2400, 127),
(490.8965270000044, 1630, 512.0, 3500, 2400, 128),
(490.9467740000109, 1631, 512.0, 3500, 2400, 129),
(490.99019599999883, 1632, 512.0, 3500, 2400, 130),
(491.04591100000835, 1633, 512.0, 3500, 2400, 131),
(491.0853320000024, 1634, 512.0, 3500, 2400, 132),
(491.1306610000029, 1635, 512.0, 3500, 2400, 133),
(491.1747469999973, 1636, 512.0, 3500, 2400, 134),
(491.22327000000223, 1637, 512.0, 3500, 2400, 135),
(491.2706620000099, 1638, 512.0, 3500, 2400, 136),
(491.31407000000763, 1639, 512.0, 3500, 2400, 137),
(491.35626300000877, 1640, 512.0, 3500, 2400, 138),
(491.4017969999986, 1641, 512.0, 3500, 2400, 139),
(491.43984099999943, 1642, 512.0, 3500, 2400, 140),
(491.4951989999972, 1643, 512.0, 3500, 2400, 141),
(491.55044700000144, 1644, 512.0, 3500, 2400, 142),
(491.59567799999786, 1645, 512.0, 3500, 2400, 143),
(491.6394280000095, 1646, 512.0, 3500, 2400, 144),
(491.6927399999986, 1647, 512.0, 3500, 2400, 145),
(491.7423700000072, 1648, 512.0, 3500, 2400, 146),
(491.7821970000077, 1649, 512.0, 3500, 2400, 147),
(491.82336600001145, 1650, 512.0, 3500, 2400, 148),
(491.87049200000183, 1651, 512.0, 3500, 2400, 149),
(491.9179560000048, 1652, 512.0, 3500, 2400, 150),
(491.98624800000107, 1653, 512.0, 3500, 2400, 151),
(492.0329180000117, 1654, 512.0, 3500, 2400, 152),
(492.08816800000204, 1655, 512.0, 3500, 2400, 113),
(492.13318900000013, 1656, 512.0, 3500, 2400, 114),
(492.1744420000032, 1657, 512.0, 3500, 2400, 115),
(492.21981100000266, 1658, 512.0, 3500, 2400, 116),
(492.26162900000054, 1659, 512.0, 3500, 2400, 117),
(492.3161669999972, 1660, 512.0, 3500, 2400, 118),
(492.3572609999974, 1661, 512.0, 3500, 2400, 119),
(492.4048150000017, 1662, 512.0, 3500, 2400, 120),
(492.4429170000076, 1663, 512.0, 3500, 2400, 121),
(492.4894110000023, 1664, 512.0, 3500, 2400, 122),
(492.53869700001087, 1665, 512.0, 3500, 2400, 123),
(492.5846770000062, 1666, 512.0, 3500, 2400, 124),
(492.6367390000087, 1667, 512.0, 3500, 2400, 125),
(492.6852710000094, 1668, 512.0, 3500, 2400, 126),
(492.7262980000087, 1669, 512.0, 3500, 2400, 127),
(492.77742900000885, 1670, 512.0, 3500, 2400, 128),
(492.83087600000727, 1671, 512.0, 3500, 2400, 129),
(492.875, 1672, 512.0, 3500, 2400, 130),
(492.92038200001116, 1673, 512.0, 3500, 2400, 131),
(492.9630840000027, 1674, 512.0, 3500, 2400, 132),
(493.01378600001044, 1675, 512.0, 3500, 2400, 133),
(493.0616910000099, 1676, 512.0, 3500, 2400, 134),
(493.110697000011, 1677, 512.0, 3500, 2400, 135),
(493.1514529999986, 1678, 512.0, 3500, 2400, 136),
(493.1925990000018, 1679, 512.0, 3500, 2400, 137),
(493.2477190000063, 1680, 512.0, 3500, 2400, 138),
(493.29246100000455, 1681, 512.0, 3500, 2400, 139),
(493.3472060000058, 1682, 512.0, 3500, 2400, 140),
(493.4098950000043, 1683, 512.0, 3500, 2400, 141),
(493.45236000001023, 1684, 512.0, 3500, 2400, 142),
(493.5011280000035, 1685, 512.0, 3500, 2400, 143),
(493.55131500000425, 1686, 512.0, 3500, 2400, 144),
(493.6026669999992, 1687, 512.0, 3500, 2400, 145),
(493.64782900000864, 1688, 512.0, 3500, 2400, 146),
(493.69117299999925, 1689, 512.0, 3500, 2400, 147),
(493.73454600000696, 1690, 512.0, 3500, 2400, 148),
(493.78366300000926, 1691, 512.0, 3500, 2400, 149),
(493.8294840000017, 1692, 512.0, 3500, 2400, 150),
(493.8747810000059, 1693, 512.0, 3500, 2400, 151),
(493.9229020000057, 1694, 512.0, 3500, 2400, 152),
(493.96981799999776, 1695, 512.0, 3500, 2500, 112),
(494.0165560000023, 1696, 512.0, 3500, 2500, 113),
(494.0561410000082, 1697, 512.0, 3500, 2500, 114),
(494.10322400000587, 1698, 512.0, 3500, 2500, 115),
(494.14991900000314, 1699, 512.0, 3500, 2500, 116),
(494.19166300000506, 1700, 512.0, 3500, 2500, 117),
(494.2433319999982, 1701, 512.0, 3500, 2500, 118),
(494.282944999999, 1702, 512.0, 3500, 2500, 119),
(494.33253900001, 1703, 512.0, 3500, 2500, 120),
(494.3856680000026, 1704, 512.0, 3500, 2500, 121),
(494.43567299999995, 1705, 512.0, 3500, 2500, 122),
(494.47806800001126, 1706, 512.0, 3500, 2500, 123),
(494.5228449999995, 1707, 512.0, 3500, 2500, 124),
(494.5749369999976, 1708, 512.0, 3500, 2500, 125),
(494.61701800000446, 1709, 512.0, 3500, 2500, 126),
(494.66670899999735, 1710, 512.0, 3500, 2500, 127),
(494.71295500000997, 1711, 512.0, 3500, 2500, 128),
(494.7517550000048, 1712, 512.0, 3500, 2500, 129),
(494.7973469999997, 1713, 512.0, 3500, 2500, 130),
(494.84135100001004, 1714, 512.0, 3500, 2500, 131),
(494.88437200000044, 1715, 512.0, 3500, 2500, 132),
(494.93181600001117, 1716, 512.0, 3500, 2500, 133),
(494.98387500000536, 1717, 512.0, 3500, 2500, 134),
(495.0356770000071, 1718, 512.0, 3500, 2500, 135),
(495.0778500000015, 1719, 512.0, 3500, 2500, 136),
(495.12580100000196, 1720, 512.0, 3500, 2500, 137),
(495.1669360000087, 1721, 512.0, 3500, 2500, 138),
(495.2124659999972, 1722, 512.0, 3500, 2500, 139),
(495.2625540000008, 1723, 512.0, 3500, 2500, 140),
(495.30927900000825, 1724, 512.0, 3500, 2500, 141),
(495.3537720000022, 1725, 512.0, 3500, 2500, 142),
(495.40483500000846, 1726, 512.0, 3500, 2500, 143),
(495.4578080000065, 1727, 512.0, 3500, 2500, 144),
(495.5048749999987, 1728, 512.0, 3500, 2500, 145),
(495.5532349999994, 1729, 512.0, 3500, 2500, 146),
(495.5957380000036, 1730, 512.0, 3500, 2500, 147),
(495.6428300000116, 1731, 512.0, 3500, 2500, 148),
(495.6848949999985, 1732, 512.0, 3500, 2500, 149),
(495.7296580000111, 1733, 512.0, 3500, 2500, 150),
(495.7712940000056, 1734, 512.0, 3500, 2500, 151),
(495.81958300000406, 1735, 512.0, 3500, 2500, 152),
(495.8626640000002, 1736, 512.0, 3500, 2500, 113),
(495.91068200000154, 1737, 512.0, 3500, 2500, 114),
(495.951945000008, 1738, 512.0, 3500, 2500, 115),
(495.99651700000686, 1739, 512.0, 3500, 2500, 116),
(496.0400010000012, 1740, 512.0, 3500, 2500, 117),
(496.09093000000576, 1741, 512.0, 3500, 2500, 118),
(496.13486700000067, 1742, 512.0, 3500, 2500, 119),
(496.1821980000095, 1743, 512.0, 3500, 2500, 120),
(496.23345100000734, 1744, 512.0, 3500, 2500, 121),
(496.28594899999734, 1745, 512.0, 3500, 2500, 122),
(496.3364530000108, 1746, 512.0, 3500, 2500, 123),
(496.38579200000095, 1747, 512.0, 3500, 2500, 124),
(496.4358790000115, 1748, 512.0, 3500, 2500, 125),
(496.48116700000537, 1749, 512.0, 3500, 2500, 126),
(496.529939, 1750, 512.0, 3500, 2500, 127),
(496.5818130000116, 1751, 512.0, 3500, 2500, 128),
(496.6248140000098, 1752, 512.0, 3500, 2500, 129),
(496.67059300000255, 1753, 512.0, 3500, 2500, 130),
(496.7243850000086, 1754, 512.0, 3500, 2500, 131),
(496.77941600000486, 1755, 512.0, 3500, 2500, 132),
(496.8320139999996, 1756, 512.0, 3500, 2500, 133),
(496.8840909999999, 1757, 512.0, 3500, 2500, 134),
(496.9323860000004, 1758, 512.0, 3500, 2500, 135),
(496.98271000001114, 1759, 512.0, 3500, 2500, 136),
(497.02636899999925, 1760, 512.0, 3500, 2500, 137),
(497.0750090000074, 1761, 512.0, 3500, 2500, 138),
(497.13123100000666, 1762, 512.0, 3500, 2500, 139),
(497.17582299999776, 1763, 512.0, 3500, 2500, 140),
(497.22452400000475, 1764, 512.0, 3500, 2500, 141),
(497.28162500000326, 1765, 512.0, 3500, 2500, 142),
(497.32455499999924, 1766, 512.0, 3500, 2500, 143),
(497.3745909999998, 1767, 512.0, 3500, 2500, 144),
(497.41785500000697, 1768, 512.0, 3500, 2500, 145),
(497.4675900000002, 1769, 512.0, 3500, 2500, 146),
(497.51361700000416, 1770, 512.0, 3500, 2500, 147),
(497.56301600000006, 1771, 512.0, 3500, 2500, 148),
(497.6035520000005, 1772, 512.0, 3500, 2500, 149),
(497.65329400000337, 1773, 512.0, 3500, 2500, 150),
(497.696477999998, 1774, 512.0, 3500, 2500, 151),
(497.73737300001085, 1775, 512.0, 3500, 2500, 152),
(497.78029100000276, 1776, 512.0, 3500, 2500, 113),
(497.8322460000054, 1777, 512.0, 3500, 2500, 114),
(497.88481899999897, 1778, 512.0, 3500, 2500, 115),
(497.92523600001005, 1779, 512.0, 3500, 2500, 116),
(497.98403099999996, 1780, 512.0, 3500, 2500, 117),
(498.02558200000203, 1781, 512.0, 3500, 2500, 118),
(498.06977500001085, 1782, 512.0, 3500, 2500, 119),
(498.1140500000038, 1783, 512.0, 3500, 2500, 120),
(498.1659159999981, 1784, 512.0, 3500, 2500, 121),
(498.2131570000056, 1785, 512.0, 3500, 2500, 122),
(498.26314000001, 1786, 512.0, 3500, 2500, 123),
(498.30840200000966, 1787, 512.0, 3500, 2500, 124),
(498.35407800000394, 1788, 512.0, 3500, 2500, 125),
(498.40644299999985, 1789, 512.0, 3500, 2500, 126),
(498.457441999999, 1790, 512.0, 3500, 2500, 127),
(498.5117089999985, 1791, 512.0, 3500, 2500, 128),
(498.5623770000093, 1792, 512.0, 3500, 2500, 129),
(498.60177400000975, 1793, 512.0, 3500, 2500, 130),
(498.6465940000053, 1794, 512.0, 3500, 2500, 131),
(498.703640000007, 1795, 512.0, 3500, 2500, 132),
(498.7603950000048, 1796, 512.0, 3500, 2500, 133),
(498.7989040000102, 1797, 512.0, 3500, 2500, 134),
(498.83766200000537, 1798, 512.0, 3500, 2500, 135),
(498.8854940000019, 1799, 512.0, 3500, 2500, 136),
(498.9253730000055, 1800, 512.0, 3500, 2500, 137),
(498.9697739999974, 1801, 512.0, 3500, 2500, 138),
(499.023921, 1802, 512.0, 3500, 2500, 139),
(499.067756000004, 1803, 512.0, 3500, 2500, 140),
(499.1089290000091, 1804, 512.0, 3500, 2500, 141),
(499.163453000001, 1805, 512.0, 3500, 2500, 142),
(499.205793000001, 1806, 512.0, 3500, 2500, 143),
(499.2631260000053, 1807, 512.0, 3500, 2500, 144),
(499.30512699999963, 1808, 512.0, 3500, 2500, 145),
(499.34628800000064, 1809, 512.0, 3500, 2500, 146),
(499.3990610000037, 1810, 512.0, 3500, 2500, 147),
(499.4477160000097, 1811, 512.0, 3500, 2500, 148),
(499.4969490000076, 1812, 512.0, 3500, 2500, 149),
(499.5566240000044, 1813, 512.0, 3500, 2500, 150),
(499.59722200001124, 1814, 512.0, 3500, 2500, 151),
(499.64574400000856, 1815, 512.0, 3500, 2500, 152),
(499.6968840000045, 1816, 512.0, 3500, 2600, 112),
(499.74993299999915, 1817, 512.0, 3500, 2600, 113),
(499.78801800000656, 1818, 512.0, 3500, 2600, 114),
(499.8380310000066, 1819, 512.0, 3500, 2600, 115),
(499.88416000000143, 1820, 512.0, 3500, 2600, 116),
(499.9246640000056, 1821, 512.0, 3500, 2600, 117),
(499.9760079999978, 1822, 512.0, 3500, 2600, 118),
(500.0203920000058, 1823, 512.0, 3500, 2600, 119),
(500.0626740000007, 1824, 512.0, 3500, 2600, 120),
(500.1018830000103, 1825, 512.0, 3500, 2600, 121),
(500.1463970000041, 1826, 512.0, 3500, 2600, 122),
(500.1918600000063, 1827, 512.0, 3500, 2600, 123),
(500.2368450000067, 1828, 512.0, 3500, 2600, 124),
(500.29620300000533, 1829, 512.0, 3500, 2600, 125),
(500.34266000000935, 1830, 512.0, 3500, 2600, 126),
(500.3913040000043, 1831, 512.0, 3500, 2600, 127),
(500.4342370000086, 1832, 512.0, 3500, 2600, 128),
(500.4767270000011, 1833, 512.0, 3500, 2600, 129),
(500.522793000011, 1834, 512.0, 3500, 2600, 130),
(500.5814769999997, 1835, 512.0, 3500, 2600, 131),
(500.63247900000715, 1836, 512.0, 3500, 2600, 132),
(500.67387900000904, 1837, 512.0, 3500, 2600, 133),
(500.71763500000816, 1838, 512.0, 3500, 2600, 134),
(500.76752400000987, 1839, 512.0, 3500, 2600, 135),
(500.8084550000058, 1840, 512.0, 3500, 2600, 136),
(500.85710800001107, 1841, 512.0, 3500, 2600, 137),
(500.90139199999976, 1842, 512.0, 3500, 2600, 138),
(500.94500900000276, 1843, 512.0, 3500, 2600, 139),
(500.9938300000067, 1844, 512.0, 3500, 2600, 140),
(501.0366750000103, 1845, 512.0, 3500, 2600, 141),
(501.0840759999992, 1846, 512.0, 3500, 2600, 142),
(501.1317950000084, 1847, 512.0, 3500, 2600, 143),
(501.1771810000064, 1848, 512.0, 3500, 2600, 144),
(501.22324800000933, 1849, 512.0, 3500, 2600, 145),
(501.2648410000111, 1850, 512.0, 3500, 2600, 146),
(501.3116650000011, 1851, 512.0, 3500, 2600, 147),
(501.3555070000002, 1852, 512.0, 3500, 2600, 148),
(501.4001760000101, 1853, 512.0, 3500, 2600, 149),
(501.44784300000174, 1854, 512.0, 3500, 2600, 150),
(501.49472600000445, 1855, 512.0, 3500, 2600, 151),
(501.5396250000049, 1856, 512.0, 3500, 2600, 152),
(501.58724300000176, 1857, 512.0, 3500, 2600, 113),
(501.63120699999854, 1858, 512.0, 3500, 2600, 114),
(501.67695500000264, 1859, 512.0, 3500, 2600, 115),
(501.7178750000021, 1860, 512.0, 3500, 2600, 116),
(501.7639210000052, 1861, 512.0, 3500, 2600, 117),
(501.81598600000143, 1862, 512.0, 3500, 2600, 118),
(501.8775800000003, 1863, 512.0, 3500, 2600, 119),
(501.928018000006, 1864, 512.0, 3500, 2600, 120),
(501.98463300000003, 1865, 512.0, 3500, 2600, 121),
(502.0525040000066, 1866, 512.0, 3500, 2600, 122),
(502.1034840000066, 1867, 512.0, 3500, 2600, 123),
(502.15223000000697, 1868, 512.0, 3500, 2600, 124),
(502.205243000004, 1869, 512.0, 3500, 2600, 125),
(502.24815800000215, 1870, 512.0, 3500, 2600, 126),
(502.28982600000745, 1871, 512.0, 3500, 2600, 127),
(502.3389060000045, 1872, 512.0, 3500, 2600, 128),
(502.38262200000463, 1873, 512.0, 3500, 2600, 129),
(502.4257900000084, 1874, 512.0, 3500, 2600, 130),
(502.4793100000097, 1875, 512.0, 3500, 2600, 131),
(502.5326639999985, 1876, 512.0, 3500, 2600, 132),
(502.5872559999989, 1877, 512.0, 3500, 2600, 133),
(502.63798100000713, 1878, 512.0, 3500, 2600, 134),
(502.70268100000976, 1879, 512.0, 3500, 2600, 135),
(502.75072300000465, 1880, 512.0, 3500, 2600, 136),
(502.8080210000044, 1881, 512.0, 3500, 2600, 137),
(502.8562230000098, 1882, 512.0, 3500, 2600, 138),
(502.9153040000092, 1883, 512.0, 3500, 2600, 139),
(502.9661100000085, 1884, 512.0, 3500, 2600, 140),
(503.01160500000697, 1885, 512.0, 3500, 2600, 141),
(503.06502400001045, 1886, 512.0, 3500, 2600, 142),
(503.1163329999981, 1887, 512.0, 3500, 2600, 143),
(503.1554699999979, 1888, 512.0, 3500, 2600, 144),
(503.2027300000045, 1889, 512.0, 3500, 2600, 145),
(503.24639800000296, 1890, 512.0, 3500, 2600, 146),
(503.2946520000114, 1891, 512.0, 3500, 2600, 147),
(503.3522099999973, 1892, 512.0, 3500, 2600, 148),
(503.4041440000001, 1893, 512.0, 3500, 2600, 149),
(503.4513020000013, 1894, 512.0, 3500, 2600, 150),
(503.5050970000011, 1895, 512.0, 3500, 2600, 151),
(503.55499099999724, 1896, 512.0, 3500, 2600, 152),
(503.60700400000496, 1897, 512.0, 3500, 2600, 113),
(503.65723500000604, 1898, 512.0, 3500, 2600, 114),
(503.7054780000035, 1899, 512.0, 3500, 2600, 115),
(503.7565820000018, 1900, 512.0, 3500, 2600, 116),
(503.8140320000093, 1901, 512.0, 3500, 2600, 117),
(503.8620710000105, 1902, 512.0, 3500, 2600, 118),
(503.91240200000175, 1903, 512.0, 3500, 2600, 119),
(503.9573410000012, 1904, 512.0, 3500, 2600, 120),
(504.01192200000514, 1905, 512.0, 3500, 2600, 121),
(504.05466200000956, 1906, 512.0, 3500, 2600, 122),
(504.10546600000816, 1907, 512.0, 3500, 2600, 123),
(504.1679790000053, 1908, 512.0, 3500, 2600, 124),
(504.210671000008, 1909, 512.0, 3500, 2600, 125),
(504.2525200000091, 1910, 512.0, 3500, 2600, 126),
(504.2982190000039, 1911, 512.0, 3500, 2600, 127),
(504.35549600000377, 1912, 512.0, 3500, 2600, 128),
(504.415101999999, 1913, 512.0, 3500, 2600, 129),
(504.47114500000316, 1914, 512.0, 3500, 2600, 130),
(504.54117399999814, 1915, 512.0, 3500, 2600, 131),
(504.5881150000059, 1916, 512.0, 3500, 2600, 132),
(504.6374219999998, 1917, 512.0, 3500, 2600, 133),
(504.69120100000873, 1918, 512.0, 3500, 2600, 134),
(504.74036999999953, 1919, 512.0, 3500, 2600, 135),
(504.7913860000117, 1920, 512.0, 3500, 2600, 136),
(504.8490540000057, 1921, 512.0, 3500, 2600, 137),
(504.8904940000066, 1922, 512.0, 3500, 2600, 138),
(504.94286300000385, 1923, 512.0, 3500, 2600, 139),
(505.0037740000116, 1924, 512.0, 3500, 2600, 140),
(505.04228800001147, 1925, 512.0, 3500, 2600, 141),
(505.0941359999997, 1926, 512.0, 3500, 2600, 142),
(505.1419140000071, 1927, 512.0, 3500, 2600, 143),
(505.1913260000001, 1928, 512.0, 3500, 2600, 144),
(505.23663100000704, 1929, 512.0, 3500, 2600, 145),
(505.28347600001143, 1930, 512.0, 3500, 2600, 146),
(505.3259309999994, 1931, 512.0, 3500, 2600, 147),
(505.3743530000065, 1932, 512.0, 3500, 2600, 148),
(505.4178200000024, 1933, 512.0, 3500, 2600, 149),
(505.47262300000875, 1934, 512.0, 3500, 2600, 150),
(505.5209840000025, 1935, 512.0, 3500, 2600, 151),
(505.56406800000696, 1936, 512.0, 3500, 2600, 152),
(505.601090000011, 1937, 512.0, 3500, 2700, 112),
(505.64146600000095, 1938, 512.0, 3500, 2700, 113),
(505.6966410000023, 1939, 512.0, 3500, 2700, 114),
(505.7396180000069, 1940, 512.0, 3500, 2700, 115),
(505.78094399999827, 1941, 512.0, 3500, 2700, 116),
(505.8290080000006, 1942, 512.0, 3500, 2700, 117),
(505.8723000000027, 1943, 512.0, 3500, 2700, 118),
(505.93126500000653, 1944, 512.0, 3500, 2700, 119),
(505.9734759999992, 1945, 512.0, 3500, 2700, 120),
(506.02204700000584, 1946, 512.0, 3500, 2700, 121),
(506.0729980000033, 1947, 512.0, 3500, 2700, 122),
(506.1223190000019, 1948, 512.0, 3500, 2700, 123),
(506.17012100000284, 1949, 512.0, 3500, 2700, 124),
(506.21478500000376, 1950, 512.0, 3500, 2700, 125),
(506.26195200000075, 1951, 512.0, 3500, 2700, 126),
(506.3051240000059, 1952, 512.0, 3500, 2700, 127),
(506.3535980000015, 1953, 512.0, 3500, 2700, 128),
(506.4001040000003, 1954, 512.0, 3500, 2700, 129),
(506.44635800000106, 1955, 512.0, 3500, 2700, 130),
(506.4966710000008, 1956, 512.0, 3500, 2700, 131),
(506.5437180000008, 1957, 512.0, 3500, 2700, 132),
(506.60015500000736, 1958, 512.0, 3500, 2700, 133),
(506.64385700000275, 1959, 512.0, 3500, 2700, 134),
(506.68409500000416, 1960, 512.0, 3500, 2700, 135),
(506.73043500000495, 1961, 512.0, 3500, 2700, 136),
(506.784599000006, 1962, 512.0, 3500, 2700, 137),
(506.8538100000005, 1963, 512.0, 3500, 2700, 138),
(506.89263400000345, 1964, 512.0, 3500, 2700, 139),
(506.94159200000286, 1965, 512.0, 3500, 2700, 140),
(506.98240700000315, 1966, 512.0, 3500, 2700, 141),
(507.03295600001, 1967, 512.0, 3500, 2700, 142),
(507.07957500001066, 1968, 512.0, 3500, 2700, 143),
(507.12376800000493, 1969, 512.0, 3500, 2700, 144),
(507.16320000000997, 1970, 512.0, 3500, 2700, 145),
(507.2064810000011, 1971, 512.0, 3500, 2700, 146),
(507.2551420000091, 1972, 512.0, 3500, 2700, 147),
(507.2963230000023, 1973, 512.0, 3500, 2700, 148),
(507.34071100001165, 1974, 512.0, 3500, 2700, 149),
(507.38208300000406, 1975, 512.0, 3500, 2700, 150),
(507.43725699999777, 1976, 512.0, 3500, 2700, 151),
(507.49670100001094, 1977, 512.0, 3500, 2700, 152),
(507.5638029999973, 1978, 512.0, 3500, 2700, 113),
(507.61886100000993, 1979, 512.0, 3500, 2700, 114),
(507.66262899999856, 1980, 512.0, 3500, 2700, 115),
(507.70099100000516, 1981, 512.0, 3500, 2700, 116),
(507.75053299999854, 1982, 512.0, 3500, 2700, 117),
(507.80954700001166, 1983, 512.0, 3500, 2700, 118),
(507.8452050000051, 1984, 512.0, 3500, 2700, 119),
(507.90281700000924, 1985, 512.0, 3500, 2700, 120),
(507.95227100000193, 1986, 512.0, 3500, 2700, 121),
(507.9965510000038, 1987, 512.0, 3500, 2700, 122),
(508.05103800000506, 1988, 512.0, 3500, 2700, 123),
(508.11290200000803, 1989, 512.0, 3500, 2700, 124),
(508.1619190000056, 1990, 512.0, 3500, 2700, 125),
(508.20326600001135, 1991, 512.0, 3500, 2700, 126),
(508.24658000000636, 1992, 512.0, 3500, 2700, 127),
(508.29433000000427, 1993, 512.0, 3500, 2700, 128),
(508.34126000000106, 1994, 512.0, 3500, 2700, 129),
(508.38252700000885, 1995, 512.0, 3500, 2700, 130),
(508.4298560000025, 1996, 512.0, 3500, 2700, 131),
(508.4757490000047, 1997, 512.0, 3500, 2700, 132),
(508.51648400000704, 1998, 512.0, 3500, 2700, 133),
(508.57351899999776, 1999, 512.0, 3500, 2700, 134),
(508.6158149999974, 2000, 512.0, 3500, 2700, 135),
(508.6676850000076, 2001, 512.0, 3500, 2700, 136),
(508.71044000000984, 2002, 512.0, 3500, 2700, 137),
(508.75807599999825, 2003, 512.0, 3500, 2700, 138),
(508.8044230000087, 2004, 512.0, 3500, 2700, 139),
(508.8631430000096, 2005, 512.0, 3500, 2700, 140),
(508.9036460000061, 2006, 512.0, 3500, 2700, 141),
(508.9589890000061, 2007, 512.0, 3500, 2700, 142),
(509.0036519999994, 2008, 512.0, 3500, 2700, 143),
(509.06424700000207, 2009, 512.0, 3500, 2700, 144),
(509.11008500000753, 2010, 512.0, 3500, 2700, 145),
(509.1569230000023, 2011, 512.0, 3500, 2700, 146),
(509.206177, 2012, 512.0, 3500, 2700, 147),
(509.2610510000086, 2013, 512.0, 3500, 2700, 148),
(509.3021430000081, 2014, 512.0, 3500, 2700, 149),
(509.35195199999725, 2015, 512.0, 3500, 2700, 150),
(509.40164599999844, 2016, 512.0, 3500, 2700, 151),
(509.45442999999796, 2017, 512.0, 3500, 2700, 152),
(509.50006800000847, 2018, 512.0, 3500, 2700, 113),
(509.5398189999978, 2019, 512.0, 3500, 2700, 114),
(509.58204500000284, 2020, 512.0, 3500, 2700, 115),
(509.62484800000675, 2021, 512.0, 3500, 2700, 116),
(509.6758120000013, 2022, 512.0, 3500, 2700, 117),
(509.72540000001027, 2023, 512.0, 3500, 2700, 118),
(509.7734100000089, 2024, 512.0, 3500, 2700, 119),
(509.816816999999, 2025, 512.0, 3500, 2700, 120),
(509.86650600000576, 2026, 512.0, 3500, 2700, 121),
(509.91441500000656, 2027, 512.0, 3500, 2700, 122),
(509.9703210000007, 2028, 512.0, 3500, 2700, 123),
(510.022828000001, 2029, 512.0, 3500, 2700, 124),
(510.07336500000383, 2030, 512.0, 3500, 2700, 125),
(510.1149710000027, 2031, 512.0, 3500, 2700, 126),
(510.16659400000935, 2032, 512.0, 3500, 2700, 127),
(510.21377600000415, 2033, 512.0, 3500, 2700, 128),
(510.2652340000059, 2034, 512.0, 3500, 2700, 129),
(510.3096030000015, 2035, 512.0, 3500, 2700, 130),
(510.3562749999983, 2036, 512.0, 3500, 2700, 131),
(510.40588400000706, 2037, 512.0, 3500, 2700, 132),
(510.4481930000038, 2038, 512.0, 3500, 2700, 133),
(510.4939260000101, 2039, 512.0, 3500, 2700, 134),
(510.53811100000166, 2040, 512.0, 3500, 2700, 135),
(510.5832700000028, 2041, 512.0, 3500, 2700, 136),
(510.6400560000038, 2042, 512.0, 3500, 2700, 137),
(510.6889100000117, 2043, 512.0, 3500, 2700, 138),
(510.74253000000317, 2044, 512.0, 3500, 2700, 139),
(510.7964179999981, 2045, 512.0, 3500, 2700, 140),
(510.8425370000041, 2046, 512.0, 3500, 2700, 141),
(510.8903760000103, 2047, 512.0, 3500, 2700, 142),
(510.93794000000344, 2048, 512.0, 3500, 2700, 143),
(510.9832460000034, 2049, 512.0, 3500, 2700, 144),
(511.03372600000876, 2050, 512.0, 3500, 2700, 145),
(511.07583200000226, 2051, 512.0, 3500, 2700, 146),
(511.1125380000012, 2052, 512.0, 3500, 2700, 147),
(511.1550450000068, 2053, 512.0, 3500, 2700, 148),
(511.2038750000065, 2054, 512.0, 3500, 2700, 149),
(511.2649999999994, 2055, 512.0, 3500, 2700, 150),
(511.310095000008, 2056, 512.0, 3500, 2700, 151),
(511.3556349999999, 2057, 512.0, 3500, 2700, 152),
(511.3969350000116, 2058, 512.0, 3500, 2800, 112),
(511.43335500000103, 2059, 512.0, 3500, 2800, 113),
(511.4812810000003, 2060, 512.0, 3500, 2800, 114),
(511.5304960000067, 2061, 512.0, 3500, 2800, 115),
(511.5924309999973, 2062, 512.0, 3500, 2800, 116),
(511.63884100000723, 2063, 512.0, 3500, 2800, 117),
(511.68423600000096, 2064, 512.0, 3500, 2800, 118),
(511.7323000000033, 2065, 512.0, 3500, 2800, 119),
(511.7736930000101, 2066, 512.0, 3500, 2800, 120),
(511.8245540000062, 2067, 512.0, 3500, 2800, 121),
(511.8735490000108, 2068, 512.0, 3500, 2800, 122),
(511.91718400000536, 2069, 512.0, 3500, 2800, 123),
(511.9603849999985, 2070, 512.0, 3500, 2800, 124),
(512.0010299999994, 2071, 512.0, 3500, 2800, 125),
(512.053098000004, 2072, 512.0, 3500, 2800, 126),
(512.0963500000071, 2073, 512.0, 3500, 2800, 127),
(512.1466230000078, 2074, 512.0, 3500, 2800, 128),
(512.2001820000005, 2075, 512.0, 3500, 2800, 129),
(512.2464570000011, 2076, 512.0, 3500, 2800, 130),
(512.2942650000041, 2077, 512.0, 3500, 2800, 131),
(512.3466320000007, 2078, 512.0, 3500, 2800, 132),
(512.3886429999984, 2079, 512.0, 3500, 2800, 133),
(512.4351230000029, 2080, 512.0, 3500, 2800, 134),
(512.4863489999989, 2081, 512.0, 3500, 2800, 135),
(512.5352150000108, 2082, 512.0, 3500, 2800, 136),
(512.585241000008, 2083, 512.0, 3500, 2800, 137),
(512.6267850000004, 2084, 512.0, 3500, 2800, 138),
(512.6807249999983, 2085, 512.0, 3500, 2800, 139),
(512.7327060000098, 2086, 512.0, 3500, 2800, 140),
(512.7810460000037, 2087, 512.0, 3500, 2800, 141),
(512.8266710000025, 2088, 512.0, 3500, 2800, 142),
(512.8755500000116, 2089, 512.0, 3500, 2800, 143),
(512.9251599999989, 2090, 512.0, 3500, 2800, 144),
(512.9730560000025, 2091, 512.0, 3500, 2800, 145),
(513.0221960000054, 2092, 512.0, 3500, 2800, 146),
(513.0657710000087, 2093, 512.0, 3500, 2800, 147),
(513.115088999999, 2094, 512.0, 3500, 2800, 148),
(513.1530930000008, 2095, 512.0, 3500, 2800, 149),
(513.202547000008, 2096, 512.0, 3500, 2800, 150),
(513.2455150000023, 2097, 512.0, 3500, 2800, 151),
(513.2925289999985, 2098, 512.0, 3500, 2800, 152),
(513.3413470000087, 2099, 512.0, 3500, 2800, 113),
(513.3896610000083, 2100, 512.0, 3500, 2800, 114),
(513.4323920000024, 2101, 512.0, 3500, 2800, 115),
(513.4739879999979, 2102, 512.0, 3500, 2800, 116),
(513.534467000005, 2103, 512.0, 3500, 2800, 117),
(513.5730699999986, 2104, 512.0, 3500, 2800, 118),
(513.6239280000009, 2105, 512.0, 3500, 2800, 119),
(513.6768050000101, 2106, 512.0, 3500, 2800, 120),
(513.7231109999993, 2107, 512.0, 3500, 2800, 121),
(513.7771700000012, 2108, 512.0, 3500, 2800, 122),
(513.8235750000022, 2109, 512.0, 3500, 2800, 123),
(513.8698569999979, 2110, 512.0, 3500, 2800, 124),
(513.9254840000067, 2111, 512.0, 3500, 2800, 125),
(513.969007000007, 2112, 512.0, 3500, 2800, 126),
(514.0236839999998, 2113, 512.0, 3500, 2800, 127),
(514.0704280000064, 2114, 512.0, 3500, 2800, 128),
(514.1182210000115, 2115, 512.0, 3500, 2800, 129),
(514.1624070000107, 2116, 512.0, 3500, 2800, 130),
(514.2218560000038, 2117, 512.0, 3500, 2800, 131),
(514.2765530000033, 2118, 512.0, 3500, 2800, 132),
(514.323224000007, 2119, 512.0, 3500, 2800, 133),
(514.3728600000031, 2120, 512.0, 3500, 2800, 134),
(514.4277940000029, 2121, 512.0, 3500, 2800, 135),
(514.4863650000043, 2122, 512.0, 3500, 2800, 136),
(514.5265840000066, 2123, 512.0, 3500, 2800, 137),
(514.5719680000038, 2124, 512.0, 3500, 2800, 138),
(514.6258440000092, 2125, 512.0, 3500, 2800, 139),
(514.6757120000111, 2126, 512.0, 3500, 2800, 140),
(514.721675000008, 2127, 512.0, 3500, 2800, 141),
(514.7637990000076, 2128, 512.0, 3500, 2800, 142),
(514.8049580000079, 2129, 512.0, 3500, 2800, 143),
(514.8525860000082, 2130, 512.0, 3500, 2800, 144),
(514.8960179999995, 2131, 512.0, 3500, 2800, 145),
(514.9428860000044, 2132, 512.0, 3500, 2800, 146),
(515.0074860000022, 2133, 512.0, 3500, 2800, 147),
(515.0937669999985, 2134, 512.0, 3500, 2800, 148),
(515.1642229999998, 2135, 512.0, 3500, 2800, 149),
(515.2216889999982, 2136, 512.0, 3500, 2800, 150),
(515.2651080000069, 2137, 512.0, 3500, 2800, 151),
(515.3196730000054, 2138, 512.0, 3500, 2800, 152),
(515.3657920000114, 2139, 512.0, 3500, 2800, 113),
(515.4161700000113, 2140, 512.0, 3500, 2800, 114),
(515.4626710000011, 2141, 512.0, 3500, 2800, 115),
(515.516054000007, 2142, 512.0, 3500, 2800, 116),
(515.5633400000079, 2143, 512.0, 3500, 2800, 117),
(515.6173820000113, 2144, 512.0, 3500, 2800, 118),
(515.6710770000063, 2145, 512.0, 3500, 2800, 119),
(515.7349830000021, 2146, 512.0, 3500, 2800, 120),
(515.7908210000023, 2147, 512.0, 3500, 2800, 121),
(515.84214600001, 2148, 512.0, 3500, 2800, 122),
(515.8932630000054, 2149, 512.0, 3500, 2800, 123),
(515.9440040000045, 2150, 512.0, 3500, 2800, 124),
(515.9974310000107, 2151, 512.0, 3500, 2800, 125),
(516.0507480000088, 2152, 512.0, 3500, 2800, 126),
(516.1027470000117, 2153, 512.0, 3500, 2800, 127),
(516.1508990000002, 2154, 512.0, 3500, 2800, 128),
(516.193849000003, 2155, 512.0, 3500, 2800, 129),
(516.2403639999975, 2156, 512.0, 3500, 2800, 130),
(516.292220000003, 2157, 512.0, 3500, 2800, 131),
(516.3330690000003, 2158, 512.0, 3500, 2800, 132),
(516.385037, 2159, 512.0, 3500, 2800, 133),
(516.4310459999979, 2160, 512.0, 3500, 2800, 134),
(516.480143000008, 2161, 512.0, 3500, 2800, 135),
(516.5276030000095, 2162, 512.0, 3500, 2800, 136),
(516.5747150000097, 2163, 512.0, 3500, 2800, 137),
(516.6316960000113, 2164, 512.0, 3500, 2800, 138),
(516.683355000001, 2165, 512.0, 3500, 2800, 139),
(516.7297110000072, 2166, 512.0, 3500, 2800, 140),
(516.7863090000028, 2167, 512.0, 3500, 2800, 141),
(516.8335159999988, 2168, 512.0, 3500, 2800, 142),
(516.8839799999987, 2169, 512.0, 3500, 2800, 143),
(516.9292850000056, 2170, 512.0, 3500, 2800, 144),
(516.9800200000027, 2171, 512.0, 3500, 2800, 145),
(517.0239189999993, 2172, 512.0, 3500, 2800, 146),
(517.082309999998, 2173, 512.0, 3500, 2800, 147),
(517.1247390000062, 2174, 512.0, 3500, 2800, 148),
(517.1730300000054, 2175, 512.0, 3500, 2800, 149),
(517.2297620000027, 2176, 512.0, 3500, 2800, 150),
(517.2854200000002, 2177, 512.0, 3500, 2800, 151),
(517.3295389999985, 2178, 512.0, 3500, 2800, 152),
(517.3720600000088, 2179, 512.0, 3500, 2900, 112),
(517.4208599999984, 2180, 512.0, 3500, 2900, 113),
(517.4669780000113, 2181, 512.0, 3500, 2900, 114),
(517.5138600000064, 2182, 512.0, 3500, 2900, 115),
(517.578680999999, 2183, 512.0, 3500, 2900, 116),
(517.6406430000061, 2184, 512.0, 3500, 2900, 117),
(517.6988500000007, 2185, 512.0, 3500, 2900, 118),
(517.7488000000012, 2186, 512.0, 3500, 2900, 119),
(517.7931820000085, 2187, 512.0, 3500, 2900, 120),
(517.8348430000042, 2188, 512.0, 3500, 2900, 121),
(517.8882410000078, 2189, 512.0, 3500, 2900, 122),
(517.9446410000091, 2190, 512.0, 3500, 2900, 123),
(517.9965720000037, 2191, 512.0, 3500, 2900, 124),
(518.0555700000114, 2192, 512.0, 3500, 2900, 125),
(518.0978160000086, 2193, 512.0, 3500, 2900, 126),
(518.1559960000013, 2194, 512.0, 3500, 2900, 127),
(518.2099120000057, 2195, 512.0, 3500, 2900, 128),
(518.2528759999987, 2196, 512.0, 3500, 2900, 129),
(518.3000200000097, 2197, 512.0, 3500, 2900, 130),
(518.3489430000045, 2198, 512.0, 3500, 2900, 131),
(518.3946870000073, 2199, 512.0, 3500, 2900, 132),
(518.4398930000025, 2200, 512.0, 3500, 2900, 133),
(518.4827220000006, 2201, 512.0, 3500, 2900, 134),
(518.5317920000089, 2202, 512.0, 3500, 2900, 135),
(518.5819580000098, 2203, 512.0, 3500, 2900, 136),
(518.6342339999974, 2204, 512.0, 3500, 2900, 137),
(518.6758709999995, 2205, 512.0, 3500, 2900, 138),
(518.737420999998, 2206, 512.0, 3500, 2900, 139),
(518.7822260000103, 2207, 512.0, 3500, 2900, 140),
(518.8221300000005, 2208, 512.0, 3500, 2900, 141),
(518.8832269999984, 2209, 512.0, 3500, 2900, 142),
(518.9223770000099, 2210, 512.0, 3500, 2900, 143),
(518.9705320000066, 2211, 512.0, 3500, 2900, 144),
(519.0205340000102, 2212, 512.0, 3500, 2900, 145),
(519.0663730000088, 2213, 512.0, 3500, 2900, 146),
(519.1046639999986, 2214, 512.0, 3500, 2900, 147),
(519.1506720000034, 2215, 512.0, 3500, 2900, 148),
(519.1997980000015, 2216, 512.0, 3500, 2900, 149),
(519.2407119999989, 2217, 512.0, 3500, 2900, 150),
(519.2929740000109, 2218, 512.0, 3500, 2900, 151),
(519.3358490000101, 2219, 512.0, 3500, 2900, 152),
(519.392491000006, 2220, 512.0, 3500, 2900, 113),
(519.4318449999992, 2221, 512.0, 3500, 2900, 114),
(519.4823100000067, 2222, 512.0, 3500, 2900, 115),
(519.5258250000043, 2223, 512.0, 3500, 2900, 116),
(519.5778460000001, 2224, 512.0, 3500, 2900, 117),
(519.6272319999989, 2225, 512.0, 3500, 2900, 118),
(519.6801070000074, 2226, 512.0, 3500, 2900, 119),
(519.7250029999996, 2227, 512.0, 3500, 2900, 120),
(519.7801240000117, 2228, 512.0, 3500, 2900, 121),
(519.8281720000086, 2229, 512.0, 3500, 2900, 122),
(519.8709900000104, 2230, 512.0, 3500, 2900, 123),
(519.9159060000093, 2231, 512.0, 3500, 2900, 124),
(519.9651960000047, 2232, 512.0, 3500, 2900, 125),
(520.0234409999975, 2233, 512.0, 3500, 2900, 126),
(520.0833790000033, 2234, 512.0, 3500, 2900, 127),
(520.1276490000018, 2235, 512.0, 3500, 2900, 128),
(520.1768930000108, 2236, 512.0, 3500, 2900, 129),
(520.2301100000041, 2237, 512.0, 3500, 2900, 130),
(520.2759220000007, 2238, 512.0, 3500, 2900, 131),
(520.332241000011, 2239, 512.0, 3500, 2900, 132),
(520.3770010000007, 2240, 512.0, 3500, 2900, 133),
(520.4286710000015, 2241, 512.0, 3500, 2900, 134),
(520.4852050000045, 2242, 512.0, 3500, 2900, 135),
(520.5431210000097, 2243, 512.0, 3500, 2900, 136),
(520.5989899999986, 2244, 512.0, 3500, 2900, 137),
(520.657652000009, 2245, 512.0, 3500, 2900, 138),
(520.7007630000007, 2246, 512.0, 3500, 2900, 139),
(520.7542910000047, 2247, 512.0, 3500, 2900, 140),
(520.805336999998, 2248, 512.0, 3500, 2900, 141),
(520.8515340000013, 2249, 512.0, 3500, 2900, 142),
(520.9000800000067, 2250, 512.0, 3500, 2900, 143),
(520.9570650000096, 2251, 512.0, 3500, 2900, 144),
(521.0051370000001, 2252, 512.0, 3500, 2900, 145),
(521.0483550000063, 2253, 512.0, 3500, 2900, 146),
(521.0905140000104, 2254, 512.0, 3500, 2900, 147),
(521.1372530000081, 2255, 512.0, 3500, 2900, 148),
(521.1769050000003, 2256, 512.0, 3500, 2900, 149),
(521.2270760000101, 2257, 512.0, 3500, 2900, 150),
(521.280494000006, 2258, 512.0, 3500, 2900, 151),
(521.3466279999993, 2259, 512.0, 3500, 2900, 152),
(521.3999670000048, 2260, 512.0, 3500, 2900, 113),
(521.4436300000089, 2261, 512.0, 3500, 2900, 114),
(521.4845740000019, 2262, 512.0, 3500, 2900, 115),
(521.5370650000114, 2263, 512.0, 3500, 2900, 116),
(521.5886620000092, 2264, 512.0, 3500, 2900, 117),
(521.6468790000072, 2265, 512.0, 3500, 2900, 118),
(521.7134300000034, 2266, 512.0, 3500, 2900, 119),
(521.7530680000054, 2267, 512.0, 3500, 2900, 120),
(521.8006890000106, 2268, 512.0, 3500, 2900, 121),
(521.8428439999989, 2269, 512.0, 3500, 2900, 122),
(521.889187000008, 2270, 512.0, 3500, 2900, 123),
(521.9404800000048, 2271, 512.0, 3500, 2900, 124),
(521.9834180000034, 2272, 512.0, 3500, 2900, 125),
(522.0387310000078, 2273, 512.0, 3500, 2900, 126),
(522.085281000007, 2274, 512.0, 3500, 2900, 127),
(522.1370560000069, 2275, 512.0, 3500, 2900, 128),
(522.1880979999987, 2276, 512.0, 3500, 2900, 129),
(522.2320069999987, 2277, 512.0, 3500, 2900, 130),
(522.2817140000116, 2278, 512.0, 3500, 2900, 131),
(522.3259110000072, 2279, 512.0, 3500, 2900, 132),
(522.3695549999975, 2280, 512.0, 3500, 2900, 133),
(522.4161470000108, 2281, 512.0, 3500, 2900, 134),
(522.4572110000008, 2282, 512.0, 3500, 2900, 135),
(522.5031230000022, 2283, 512.0, 3500, 2900, 136),
(522.5448719999986, 2284, 512.0, 3500, 2900, 137),
(522.5921979999985, 2285, 512.0, 3500, 2900, 138),
(522.6437589999987, 2286, 512.0, 3500, 2900, 139),
(522.6894250000041, 2287, 512.0, 3500, 2900, 140),
(522.7339130000037, 2288, 512.0, 3500, 2900, 141),
(522.7773690000031, 2289, 512.0, 3500, 2900, 142),
(522.8251660000096, 2290, 512.0, 3500, 2900, 143),
(522.8641940000089, 2291, 512.0, 3500, 2900, 144),
(522.9047700000083, 2292, 512.0, 3500, 2900, 145),
(522.9413120000099, 2293, 512.0, 3500, 2900, 146),
(522.9890210000012, 2294, 512.0, 3500, 2900, 147),
(523.040771, 2295, 512.0, 3500, 2900, 148),
(523.0899120000104, 2296, 512.0, 3500, 2900, 149),
(523.1348740000103, 2297, 512.0, 3500, 2900, 150),
(523.1863230000017, 2298, 512.0, 3500, 2900, 151),
(523.2342840000056, 2299, 512.0, 3500, 2900, 152),
(523.2892859999993, 2300, 512.0, 3500, 3000, 112),
(523.3338690000091, 2301, 512.0, 3500, 3000, 113),
(523.3741399999999, 2302, 512.0, 3500, 3000, 114),
(523.4137780000019, 2303, 512.0, 3500, 3000, 115),
(523.4531920000009, 2304, 512.0, 3500, 3000, 116),
(523.5053469999984, 2305, 512.0, 3500, 3000, 117),
(523.5691340000049, 2306, 512.0, 3500, 3000, 118),
(523.6138560000109, 2307, 512.0, 3500, 3000, 119),
(523.6536650000053, 2308, 512.0, 3500, 3000, 120),
(523.7011570000031, 2309, 512.0, 3500, 3000, 121),
(523.7453300000052, 2310, 512.0, 3500, 3000, 122),
(523.7900640000007, 2311, 512.0, 3500, 3000, 123),
(523.849503999998, 2312, 512.0, 3500, 3000, 124),
(523.8939690000116, 2313, 512.0, 3500, 3000, 125),
(523.9516740000108, 2314, 512.0, 3500, 3000, 126),
(524.0041990000027, 2315, 512.0, 3500, 3000, 127),
(524.043325000006, 2316, 512.0, 3500, 3000, 128),
(524.0953890000092, 2317, 512.0, 3500, 3000, 129),
(524.1423000000068, 2318, 512.0, 3500, 3000, 130),
(524.1870330000093, 2319, 512.0, 3500, 3000, 131),
(524.2355070000049, 2320, 512.0, 3500, 3000, 132),
(524.2951690000045, 2321, 512.0, 3500, 3000, 133),
(524.3441590000002, 2322, 512.0, 3500, 3000, 134),
(524.3973830000032, 2323, 512.0, 3500, 3000, 135),
(524.4425180000108, 2324, 512.0, 3500, 3000, 136),
(524.488783000008, 2325, 512.0, 3500, 3000, 137),
(524.5417529999977, 2326, 512.0, 3500, 3000, 138),
(524.5935739999986, 2327, 512.0, 3500, 3000, 139),
(524.6421630000114, 2328, 512.0, 3500, 3000, 140),
(524.69513800001, 2329, 512.0, 3500, 3000, 141),
(524.7453870000027, 2330, 512.0, 3500, 3000, 142),
(524.787354, 2331, 512.0, 3500, 3000, 143),
(524.829196000006, 2332, 512.0, 3500, 3000, 144),
(524.8707770000037, 2333, 512.0, 3500, 3000, 145),
(524.9162550000037, 2334, 512.0, 3500, 3000, 146),
(524.9628280000034, 2335, 512.0, 3500, 3000, 147),
(525.020343000011, 2336, 512.0, 3500, 3000, 148),
(525.0674870000075, 2337, 512.0, 3500, 3000, 149),
(525.1128250000038, 2338, 512.0, 3500, 3000, 150),
(525.1660150000098, 2339, 512.0, 3500, 3000, 151),
(525.2118080000073, 2340, 512.0, 3500, 3000, 152),
(525.2523400000064, 2341, 512.0, 3500, 3000, 113),
(525.294511, 2342, 512.0, 3500, 3000, 114),
(525.343445999999, 2343, 512.0, 3500, 3000, 115),
(525.3832260000054, 2344, 512.0, 3500, 3000, 116),
(525.4278290000075, 2345, 512.0, 3500, 3000, 117),
(525.4748760000075, 2346, 512.0, 3500, 3000, 118),
(525.5326040000073, 2347, 512.0, 3500, 3000, 119),
(525.5781930000085, 2348, 512.0, 3500, 3000, 120),
(525.6213490000082, 2349, 512.0, 3500, 3000, 121),
(525.6668890000001, 2350, 512.0, 3500, 3000, 122),
(525.7128190000076, 2351, 512.0, 3500, 3000, 123),
(525.7545519999985, 2352, 512.0, 3500, 3000, 124),
(525.8025500000076, 2353, 512.0, 3500, 3000, 125),
(525.8530699999974, 2354, 512.0, 3500, 3000, 126),
(525.9111439999979, 2355, 512.0, 3500, 3000, 127),
(525.9513940000033, 2356, 512.0, 3500, 3000, 128),
(525.988234000004, 2357, 512.0, 3500, 3000, 129),
(526.0384150000027, 2358, 512.0, 3500, 3000, 130),
(526.0813170000038, 2359, 512.0, 3500, 3000, 131),
(526.1280930000066, 2360, 512.0, 3500, 3000, 132),
(526.1784840000037, 2361, 512.0, 3500, 3000, 133),
(526.2176850000105, 2362, 512.0, 3500, 3000, 134),
(526.260844000004, 2363, 512.0, 3500, 3000, 135),
(526.3088209999987, 2364, 512.0, 3500, 3000, 136),
(526.3563660000073, 2365, 512.0, 3500, 3000, 137),
(526.4048440000042, 2366, 512.0, 3500, 3000, 138),
(526.4495509999979, 2367, 512.0, 3500, 3000, 139),
(526.4922610000067, 2368, 512.0, 3500, 3000, 140),
(526.537611000007, 2369, 512.0, 3500, 3000, 141),
(526.5960750000086, 2370, 512.0, 3500, 3000, 142),
(526.6456590000016, 2371, 512.0, 3500, 3000, 143),
(526.6913090000016, 2372, 512.0, 3500, 3000, 144),
(526.7435939999996, 2373, 512.0, 3500, 3000, 145),
(526.7924950000015, 2374, 512.0, 3500, 3000, 146),
(526.844093000007, 2375, 512.0, 3500, 3000, 147),
(526.8972420000064, 2376, 512.0, 3500, 3000, 148),
(526.9452250000031, 2377, 512.0, 3500, 3000, 149),
(526.9970529999991, 2378, 512.0, 3500, 3000, 150),
(527.0386790000048, 2379, 512.0, 3500, 3000, 151),
(527.0799750000006, 2380, 512.0, 3500, 3000, 152),
(527.1250200000068, 2381, 512.0, 3500, 3000, 113),
(527.170186000003, 2382, 512.0, 3500, 3000, 114),
(527.2204530000017, 2383, 512.0, 3500, 3000, 115),
(527.2636980000098, 2384, 512.0, 3500, 3000, 116),
(527.302463, 2385, 512.0, 3500, 3000, 117),
(527.3542750000051, 2386, 512.0, 3500, 3000, 118),
(527.3958060000004, 2387, 512.0, 3500, 3000, 119),
(527.4459320000024, 2388, 512.0, 3500, 3000, 120),
(527.4953200000018, 2389, 512.0, 3500, 3000, 121),
(527.5384510000004, 2390, 512.0, 3500, 3000, 122),
(527.586479000005, 2391, 512.0, 3500, 3000, 123),
(527.6334490000008, 2392, 512.0, 3500, 3000, 124),
(527.6861320000025, 2393, 512.0, 3500, 3000, 125),
(527.731850000011, 2394, 512.0, 3500, 3000, 126),
(527.7802630000078, 2395, 512.0, 3500, 3000, 127),
(527.8257580000063, 2396, 512.0, 3500, 3000, 128),
(527.866227999999, 2397, 512.0, 3500, 3000, 129),
(527.9161640000093, 2398, 512.0, 3500, 3000, 130),
(527.9567040000111, 2399, 512.0, 3500, 3000, 131),
(527.9997720000101, 2400, 512.0, 3500, 3000, 132),
(528.0529160000006, 2401, 512.0, 3500, 3000, 133),
(528.1036470000108, 2402, 512.0, 3500, 3000, 134),
(528.1544060000015, 2403, 512.0, 3500, 3000, 135),
(528.1948660000053, 2404, 512.0, 3500, 3000, 136),
(528.2462270000105, 2405, 512.0, 3500, 3000, 137),
(528.2894450000022, 2406, 512.0, 3500, 3000, 138),
(528.3353599999973, 2407, 512.0, 3500, 3000, 139),
(528.3850090000051, 2408, 512.0, 3500, 3000, 140),
(528.4281530000007, 2409, 512.0, 3500, 3000, 141),
(528.4718200000061, 2410, 512.0, 3500, 3000, 142),
(528.516174000004, 2411, 512.0, 3500, 3000, 143),
(528.5634189999982, 2412, 512.0, 3500, 3000, 144),
(528.6090700000059, 2413, 512.0, 3500, 3000, 145),
(528.6536840000044, 2414, 512.0, 3500, 3000, 146),
(528.7011570000031, 2415, 512.0, 3500, 3000, 147),
(528.7465070000035, 2416, 512.0, 3500, 3000, 148),
(528.7911730000051, 2417, 512.0, 3500, 3000, 149),
(528.8407460000017, 2418, 512.0, 3500, 3000, 150),
(528.8913759999996, 2419, 512.0, 3500, 3000, 151),
(528.9394370000082, 2420, 512.0, 3500, 3000, 152),
(528.9862680000078, 2421, 512.0, 3500, 3100, 112),
(529.0370019999973, 2422, 512.0, 3500, 3100, 113),
(529.0872530000051, 2423, 512.0, 3500, 3100, 114),
(529.1345450000081, 2424, 512.0, 3500, 3100, 115),
(529.1782320000057, 2425, 512.0, 3500, 3100, 116),
(529.221755999999, 2426, 512.0, 3500, 3100, 117),
(529.2702760000102, 2427, 512.0, 3500, 3100, 118),
(529.3211090000113, 2428, 512.0, 3500, 3100, 119),
(529.3660040000104, 2429, 512.0, 3500, 3100, 120),
(529.4062330000015, 2430, 512.0, 3500, 3100, 121),
(529.4550630000012, 2431, 512.0, 3500, 3100, 122),
(529.5014380000066, 2432, 512.0, 3500, 3100, 123),
(529.5538270000106, 2433, 512.0, 3500, 3100, 124),
(529.6051230000012, 2434, 512.0, 3500, 3100, 125),
(529.6629749999993, 2435, 512.0, 3500, 3100, 126),
(529.7041390000086, 2436, 512.0, 3500, 3100, 127),
(529.7549790000048, 2437, 512.0, 3500, 3100, 128),
(529.7972430000082, 2438, 512.0, 3500, 3100, 129),
(529.8460790000099, 2439, 512.0, 3500, 3100, 130),
(529.890545000002, 2440, 512.0, 3500, 3100, 131),
(529.9392420000077, 2441, 512.0, 3500, 3100, 132),
(529.9870380000066, 2442, 512.0, 3500, 3100, 133),
(530.0384950000007, 2443, 512.0, 3500, 3100, 134),
(530.0867910000088, 2444, 512.0, 3500, 3100, 135),
(530.1423110000032, 2445, 512.0, 3500, 3100, 136),
(530.1857280000113, 2446, 512.0, 3500, 3100, 137),
(530.232216000004, 2447, 512.0, 3500, 3100, 138),
(530.2805450000014, 2448, 512.0, 3500, 3100, 139),
(530.3222480000113, 2449, 512.0, 3500, 3100, 140),
(530.3707649999997, 2450, 512.0, 3500, 3100, 141),
(530.4204710000049, 2451, 512.0, 3500, 3100, 142),
(530.4660940000031, 2452, 512.0, 3500, 3100, 143),
(530.5135040000023, 2453, 512.0, 3500, 3100, 144),
(530.5626639999973, 2454, 512.0, 3500, 3100, 145),
(530.6138360000041, 2455, 512.0, 3500, 3100, 146),
(530.6629390000016, 2456, 512.0, 3500, 3100, 147),
(530.71342, 2457, 512.0, 3500, 3100, 148),
(530.7647100000031, 2458, 512.0, 3500, 3100, 149),
(530.8167729999986, 2459, 512.0, 3500, 3100, 150),
(530.858149000007, 2460, 512.0, 3500, 3100, 151),
(530.9023660000094, 2461, 512.0, 3500, 3100, 152),
(530.9532790000085, 2462, 512.0, 3500, 3100, 113),
(530.9939060000033, 2463, 512.0, 3500, 3100, 114),
(531.0407010000054, 2464, 512.0, 3500, 3100, 115),
(531.0836039999995, 2465, 512.0, 3500, 3100, 116),
(531.123906000008, 2466, 512.0, 3500, 3100, 117),
(531.1735980000085, 2467, 512.0, 3500, 3100, 118),
(531.2236479999992, 2468, 512.0, 3500, 3100, 119),
(531.2711070000078, 2469, 512.0, 3500, 3100, 120),
(531.3170709999977, 2470, 512.0, 3500, 3100, 121),
(531.3587370000023, 2471, 512.0, 3500, 3100, 122),
(531.4007560000027, 2472, 512.0, 3500, 3100, 123),
(531.4492690000043, 2473, 512.0, 3500, 3100, 124),
(531.4860340000014, 2474, 512.0, 3500, 3100, 125),
(531.5381659999985, 2475, 512.0, 3500, 3100, 126),
(531.5919640000066, 2476, 512.0, 3500, 3100, 127),
(531.6425089999975, 2477, 512.0, 3500, 3100, 128),
(531.6857509999973, 2478, 512.0, 3500, 3100, 129),
(531.7260020000103, 2479, 512.0, 3500, 3100, 130),
(531.7753329999978, 2480, 512.0, 3500, 3100, 131),
(531.8383000000031, 2481, 512.0, 3500, 3100, 132),
(531.8828560000111, 2482, 512.0, 3500, 3100, 133),
(531.9324860000052, 2483, 512.0, 3500, 3100, 134),
(531.9833720000024, 2484, 512.0, 3500, 3100, 135),
(532.0232780000078, 2485, 512.0, 3500, 3100, 136),
(532.0737610000069, 2486, 512.0, 3500, 3100, 137),
(532.1177200000093, 2487, 512.0, 3500, 3100, 138),
(532.1739860000089, 2488, 512.0, 3500, 3100, 139),
(532.2314290000068, 2489, 512.0, 3500, 3100, 140),
(532.2841920000064, 2490, 512.0, 3500, 3100, 141),
(532.3310610000044, 2491, 512.0, 3500, 3100, 142),
(532.3795430000027, 2492, 512.0, 3500, 3100, 143),
(532.4256350000069, 2493, 512.0, 3500, 3100, 144),
(532.4749690000026, 2494, 512.0, 3500, 3100, 145),
(532.519895999998, 2495, 512.0, 3500, 3100, 146),
(532.5708670000022, 2496, 512.0, 3500, 3100, 147),
(532.6202849999972, 2497, 512.0, 3500, 3100, 148),
(532.6681950000057, 2498, 512.0, 3500, 3100, 149),
(532.7114359999978, 2499, 512.0, 3500, 3100, 150),
(532.7506830000057, 2500, 512.0, 3500, 3100, 151),
(532.7950899999996, 2501, 512.0, 3500, 3100, 152),
(532.844357000009, 2502, 512.0, 3500, 3100, 113),
(532.8891600000061, 2503, 512.0, 3500, 3100, 114),
(532.9336810000095, 2504, 512.0, 3500, 3100, 115),
(532.9816229999997, 2505, 512.0, 3500, 3100, 116),
(533.0301780000009, 2506, 512.0, 3500, 3100, 117),
(533.0799610000104, 2507, 512.0, 3500, 3100, 118),
(533.1214719999989, 2508, 512.0, 3500, 3100, 119),
(533.1727110000065, 2509, 512.0, 3500, 3100, 120),
(533.2147170000098, 2510, 512.0, 3500, 3100, 121),
(533.2737750000088, 2511, 512.0, 3500, 3100, 122),
(533.326825000011, 2512, 512.0, 3500, 3100, 123),
(533.3715490000031, 2513, 512.0, 3500, 3100, 124),
(533.4143410000106, 2514, 512.0, 3500, 3100, 125),
(533.4697720000113, 2515, 512.0, 3500, 3100, 126),
(533.5130100000097, 2516, 512.0, 3500, 3100, 127),
(533.5567200000078, 2517, 512.0, 3500, 3100, 128),
(533.6077070000028, 2518, 512.0, 3500, 3100, 129),
(533.6658109999989, 2519, 512.0, 3500, 3100, 130),
(533.7173850000108, 2520, 512.0, 3500, 3100, 131),
(533.7704599999997, 2521, 512.0, 3500, 3100, 132),
(533.8176550000062, 2522, 512.0, 3500, 3100, 133),
(533.8563060000015, 2523, 512.0, 3500, 3100, 134),
(533.9078030000092, 2524, 512.0, 3500, 3100, 135),
(533.9549499999994, 2525, 512.0, 3500, 3100, 136),
(534.0067479999998, 2526, 512.0, 3500, 3100, 137),
(534.054163000008, 2527, 512.0, 3500, 3100, 138),
(534.1141280000011, 2528, 512.0, 3500, 3100, 139),
(534.1806650000071, 2529, 512.0, 3500, 3100, 140),
(534.2255120000045, 2530, 512.0, 3500, 3100, 141),
(534.2754640000057, 2531, 512.0, 3500, 3100, 142),
(534.3210880000115, 2532, 512.0, 3500, 3100, 143),
(534.3815600000089, 2533, 512.0, 3500, 3100, 144),
(534.433864000006, 2534, 512.0, 3500, 3100, 145),
(534.4871470000071, 2535, 512.0, 3500, 3100, 146),
(534.5444560000033, 2536, 512.0, 3500, 3100, 147),
(534.5938129999995, 2537, 512.0, 3500, 3100, 148),
(534.6364640000102, 2538, 512.0, 3500, 3100, 149),
(534.6917099999991, 2539, 512.0, 3500, 3100, 150),
(534.7532680000004, 2540, 512.0, 3500, 3100, 151),
(534.8110379999998, 2541, 512.0, 3500, 3100, 152),
(534.8518140000087, 2542, 512.0, 3500, 3200, 112),
(534.9126840000099, 2543, 512.0, 3500, 3200, 113),
(534.9601360000088, 2544, 512.0, 3500, 3200, 114),
(535.0171010000049, 2545, 512.0, 3500, 3200, 115),
(535.0792340000044, 2546, 512.0, 3500, 3200, 116),
(535.1347550000064, 2547, 512.0, 3500, 3200, 117),
(535.1819370000012, 2548, 512.0, 3500, 3200, 118),
(535.2350300000107, 2549, 512.0, 3500, 3200, 119),
(535.2839380000078, 2550, 512.0, 3500, 3200, 120),
(535.3319060000067, 2551, 512.0, 3500, 3200, 121),
(535.3822400000063, 2552, 512.0, 3500, 3200, 122),
(535.4239789999992, 2553, 512.0, 3500, 3200, 123),
(535.4755930000101, 2554, 512.0, 3500, 3200, 124),
(535.5233630000002, 2555, 512.0, 3500, 3200, 125),
(535.5781970000098, 2556, 512.0, 3500, 3200, 126),
(535.619165000011, 2557, 512.0, 3500, 3200, 127),
(535.6737850000063, 2558, 512.0, 3500, 3200, 128),
(535.7176590000017, 2559, 512.0, 3500, 3200, 129),
(535.7632670000021, 2560, 512.0, 3500, 3200, 130),
(535.8104910000111, 2561, 512.0, 3500, 3200, 131),
(535.8531870000006, 2562, 512.0, 3500, 3200, 132),
(535.9028709999984, 2563, 512.0, 3500, 3200, 133),
(535.9518240000034, 2564, 512.0, 3500, 3200, 134),
(535.9951940000028, 2565, 512.0, 3500, 3200, 135),
(536.0472260000097, 2566, 512.0, 3500, 3200, 136),
(536.1022460000095, 2567, 512.0, 3500, 3200, 137),
(536.1739979999984, 2568, 512.0, 3500, 3200, 138),
(536.220416000011, 2569, 512.0, 3500, 3200, 139),
(536.2757640000054, 2570, 512.0, 3500, 3200, 140),
(536.3170490000048, 2571, 512.0, 3500, 3200, 141),
(536.3774940000003, 2572, 512.0, 3500, 3200, 142),
(536.4307120000012, 2573, 512.0, 3500, 3200, 143),
(536.4825770000025, 2574, 512.0, 3500, 3200, 144),
(536.5411410000088, 2575, 512.0, 3500, 3200, 145),
(536.6026899999997, 2576, 512.0, 3500, 3200, 146),
(536.6543930000043, 2577, 512.0, 3500, 3200, 147),
(536.6955170000001, 2578, 512.0, 3500, 3200, 148),
(536.7548830000014, 2579, 512.0, 3500, 3200, 149),
(536.812453999999, 2580, 512.0, 3500, 3200, 150),
(536.8670439999987, 2581, 512.0, 3500, 3200, 151),
(536.9095230000094, 2582, 512.0, 3500, 3200, 152),
(536.9550700000109, 2583, 512.0, 3500, 3200, 113),
(537.002284000002, 2584, 512.0, 3500, 3200, 114),
(537.0476849999977, 2585, 512.0, 3500, 3200, 115),
(537.1016760000057, 2586, 512.0, 3500, 3200, 116),
(537.1514989999996, 2587, 512.0, 3500, 3200, 117),
(537.1972360000073, 2588, 512.0, 3500, 3200, 118),
(537.2461410000105, 2589, 512.0, 3500, 3200, 119),
(537.2972530000116, 2590, 512.0, 3500, 3200, 120),
(537.3508040000015, 2591, 512.0, 3500, 3200, 121),
(537.4051390000095, 2592, 512.0, 3500, 3200, 122),
(537.4624440000043, 2593, 512.0, 3500, 3200, 123),
(537.5189930000051, 2594, 512.0, 3500, 3200, 124),
(537.5632110000006, 2595, 512.0, 3500, 3200, 125),
(537.6035720000073, 2596, 512.0, 3500, 3200, 126),
(537.6567340000038, 2597, 512.0, 3500, 3200, 127),
(537.7050410000084, 2598, 512.0, 3500, 3200, 128),
(537.7495239999989, 2599, 512.0, 3500, 3200, 129),
(537.8000390000088, 2600, 512.0, 3500, 3200, 130),
(537.8511510000098, 2601, 512.0, 3500, 3200, 131),
(537.8951700000034, 2602, 512.0, 3500, 3200, 132),
(537.9363850000082, 2603, 512.0, 3500, 3200, 133),
(537.9965230000089, 2604, 512.0, 3500, 3200, 134),
(538.0414160000073, 2605, 512.0, 3500, 3200, 135),
(538.0877820000023, 2606, 512.0, 3500, 3200, 136),
(538.1403360000113, 2607, 512.0, 3500, 3200, 137),
(538.1859700000059, 2608, 512.0, 3500, 3200, 138),
(538.231243000002, 2609, 512.0, 3500, 3200, 139),
(538.271648000009, 2610, 512.0, 3500, 3200, 140),
(538.3161910000053, 2611, 512.0, 3500, 3200, 141),
(538.3655780000117, 2612, 512.0, 3500, 3200, 142),
(538.4070560000109, 2613, 512.0, 3500, 3200, 143),
(538.4549180000031, 2614, 512.0, 3500, 3200, 144),
(538.501105000003, 2615, 512.0, 3500, 3200, 145),
(538.5497180000093, 2616, 512.0, 3500, 3200, 146),
(538.5953830000071, 2617, 512.0, 3500, 3200, 147),
(538.6389120000094, 2618, 512.0, 3500, 3200, 148),
(538.6845360000007, 2619, 512.0, 3500, 3200, 149),
(538.7254160000011, 2620, 512.0, 3500, 3200, 150),
(538.7712920000049, 2621, 512.0, 3500, 3200, 151),
(538.8094459999993, 2622, 512.0, 3500, 3200, 152),
(538.8535080000001, 2623, 512.0, 3500, 3200, 113),
(538.8976980000007, 2624, 512.0, 3500, 3200, 114),
(538.9432410000009, 2625, 512.0, 3500, 3200, 115),
(538.9851090000011, 2626, 512.0, 3500, 3200, 116),
(539.0339070000045, 2627, 512.0, 3500, 3200, 117),
(539.0817800000077, 2628, 512.0, 3500, 3200, 118),
(539.130204000001, 2629, 512.0, 3500, 3200, 119),
(539.1700370000035, 2630, 512.0, 3500, 3200, 120),
(539.2099299999973, 2631, 512.0, 3500, 3200, 121),
(539.2690180000063, 2632, 512.0, 3500, 3200, 122),
(539.3117300000013, 2633, 512.0, 3500, 3200, 123),
(539.3610110000009, 2634, 512.0, 3500, 3200, 124),
(539.406203999999, 2635, 512.0, 3500, 3200, 125),
(539.4511250000069, 2636, 512.0, 3500, 3200, 126),
(539.4951149999979, 2637, 512.0, 3500, 3200, 127),
(539.5452930000029, 2638, 512.0, 3500, 3200, 128),
(539.5907989999978, 2639, 512.0, 3500, 3200, 129),
(539.6424540000007, 2640, 512.0, 3500, 3200, 130),
(539.6933040000004, 2641, 512.0, 3500, 3200, 131),
(539.7347940000036, 2642, 512.0, 3500, 3200, 132),
(539.7755230000039, 2643, 512.0, 3500, 3200, 133),
(539.8249030000006, 2644, 512.0, 3500, 3200, 134),
(539.8710180000053, 2645, 512.0, 3500, 3200, 135),
(539.9357490000111, 2646, 512.0, 3500, 3200, 136),
(539.9824329999974, 2647, 512.0, 3500, 3200, 137),
(540.0245330000034, 2648, 512.0, 3500, 3200, 138),
(540.0697190000064, 2649, 512.0, 3500, 3200, 139),
(540.1163920000108, 2650, 512.0, 3500, 3200, 140),
(540.1649580000085, 2651, 512.0, 3500, 3200, 141),
(540.2047580000071, 2652, 512.0, 3500, 3200, 142),
(540.2504950000002, 2653, 512.0, 3500, 3200, 143),
(540.2936600000103, 2654, 512.0, 3500, 3200, 144),
(540.3395370000071, 2655, 512.0, 3500, 3200, 145),
(540.3848660000076, 2656, 512.0, 3500, 3200, 146),
(540.4340730000113, 2657, 512.0, 3500, 3200, 147),
(540.4795500000037, 2658, 512.0, 3500, 3200, 148),
(540.522868, 2659, 512.0, 3500, 3200, 149),
(540.5709429999988, 2660, 512.0, 3500, 3200, 150),
(540.6165060000058, 2661, 512.0, 3500, 3200, 151),
(540.6642930000089, 2662, 512.0, 3500, 3200, 152),
(540.7057550000027, 2663, 512.0, 3900, 2000, 112),
(540.7543500000029, 2664, 512.0, 3900, 2000, 113),
(540.7993600000045, 2665, 512.0, 3900, 2000, 114),
(540.8434990000096, 2666, 512.0, 3900, 2000, 115),
(540.8858279999986, 2667, 512.0, 3900, 2000, 116),
(540.9339029999974, 2668, 512.0, 3900, 2000, 117),
(540.9739870000049, 2669, 512.0, 3900, 2000, 118),
(541.0309780000098, 2670, 512.0, 3900, 2000, 119),
(541.0750039999984, 2671, 512.0, 3900, 2000, 120),
(541.1149420000002, 2672, 512.0, 3900, 2000, 121),
(541.163452000008, 2673, 512.0, 3900, 2000, 122),
(541.2057420000056, 2674, 512.0, 3900, 2000, 123),
(541.253893000001, 2675, 512.0, 3900, 2000, 124),
(541.3014400000102, 2676, 512.0, 3900, 2000, 125),
(541.3512970000011, 2677, 512.0, 3900, 2000, 126),
(541.393081000002, 2678, 512.0, 3900, 2000, 127),
(541.4400260000111, 2679, 512.0, 3900, 2000, 128),
(541.4829590000008, 2680, 512.0, 3900, 2000, 129),
(541.5306899999996, 2681, 512.0, 3900, 2000, 130),
(541.5785929999984, 2682, 512.0, 3900, 2000, 131),
(541.6220960000064, 2683, 512.0, 3900, 2000, 132),
(541.6671530000021, 2684, 512.0, 3900, 2000, 133),
(541.7171180000005, 2685, 512.0, 3900, 2000, 134),
(541.7643040000112, 2686, 512.0, 3900, 2000, 135),
(541.8203510000021, 2687, 512.0, 3900, 2000, 136),
(541.8701430000074, 2688, 512.0, 3900, 2000, 137),
(541.9123280000058, 2689, 512.0, 3900, 2000, 138),
(541.9570600000006, 2690, 512.0, 3900, 2000, 139),
(542.0011930000037, 2691, 512.0, 3900, 2000, 140),
(542.0472940000036, 2692, 512.0, 3900, 2000, 141),
(542.0872130000062, 2693, 512.0, 3900, 2000, 142),
(542.1313940000109, 2694, 512.0, 3900, 2000, 143),
(542.1830880000052, 2695, 512.0, 3900, 2000, 144),
(542.2334970000084, 2696, 512.0, 3900, 2000, 145),
(542.2746960000077, 2697, 512.0, 3900, 2000, 146),
(542.3251319999981, 2698, 512.0, 3900, 2000, 147),
(542.3694010000036, 2699, 512.0, 3900, 2000, 148),
(542.4107650000078, 2700, 512.0, 3900, 2000, 149),
(542.4550210000016, 2701, 512.0, 3900, 2000, 150),
(542.4980849999993, 2702, 512.0, 3900, 2000, 151),
(542.5448069999984, 2703, 512.0, 3900, 2000, 152),
(542.595066000009, 2704, 512.0, 3900, 2000, 113),
(542.6533320000017, 2705, 512.0, 3900, 2000, 114),
(542.7010190000001, 2706, 512.0, 3900, 2000, 115),
(542.7550889999984, 2707, 512.0, 3900, 2000, 116),
(542.796881000002, 2708, 512.0, 3900, 2000, 117),
(542.8402599999972, 2709, 512.0, 3900, 2000, 118),
(542.8913940000057, 2710, 512.0, 3900, 2000, 119),
(542.9371970000066, 2711, 512.0, 3900, 2000, 120),
(542.9838040000031, 2712, 512.0, 3900, 2000, 121),
(543.0320130000036, 2713, 512.0, 3900, 2000, 122),
(543.077031000008, 2714, 512.0, 3900, 2000, 123),
(543.1248060000071, 2715, 512.0, 3900, 2000, 124),
(543.1720020000066, 2716, 512.0, 3900, 2000, 125),
(543.2137730000104, 2717, 512.0, 3900, 2000, 126),
(543.2564490000077, 2718, 512.0, 3900, 2000, 127),
(543.2998650000081, 2719, 512.0, 3900, 2000, 128),
(543.3420009999973, 2720, 512.0, 3900, 2000, 129),
(543.3941630000045, 2721, 512.0, 3900, 2000, 130),
(543.4413100000093, 2722, 512.0, 3900, 2000, 131),
(543.4927360000001, 2723, 512.0, 3900, 2000, 132),
(543.5418190000055, 2724, 512.0, 3900, 2000, 133),
(543.5857800000085, 2725, 512.0, 3900, 2000, 134),
(543.6356800000067, 2726, 512.0, 3900, 2000, 135),
(543.6861610000051, 2727, 512.0, 3900, 2000, 136),
(543.7363160000095, 2728, 512.0, 3900, 2000, 137),
(543.7812890000059, 2729, 512.0, 3900, 2000, 138),
(543.8222590000078, 2730, 512.0, 3900, 2000, 139),
(543.8676520000008, 2731, 512.0, 3900, 2000, 140),
(543.9098550000053, 2732, 512.0, 3900, 2000, 141),
(543.9545050000015, 2733, 512.0, 3900, 2000, 142),
(543.9968420000077, 2734, 512.0, 3900, 2000, 143),
(544.0402420000028, 2735, 512.0, 3900, 2000, 144),
(544.0838599999988, 2736, 512.0, 3900, 2000, 145),
(544.1215970000048, 2737, 512.0, 3900, 2000, 146),
(544.1735869999975, 2738, 512.0, 3900, 2000, 147),
(544.214387, 2739, 512.0, 3900, 2000, 148),
(544.2632900000026, 2740, 512.0, 3900, 2000, 149),
(544.309441999998, 2741, 512.0, 3900, 2000, 150),
(544.3702449999982, 2742, 512.0, 3900, 2000, 151),
(544.4124020000017, 2743, 512.0, 3900, 2000, 152),
(544.4627060000057, 2744, 512.0, 3900, 2000, 113),
(544.5047170000034, 2745, 512.0, 3900, 2000, 114),
(544.5537630000035, 2746, 512.0, 3900, 2000, 115),
(544.5996630000009, 2747, 512.0, 3900, 2000, 116),
(544.6401780000015, 2748, 512.0, 3900, 2000, 117),
(544.6847810000036, 2749, 512.0, 3900, 2000, 118),
(544.7303430000029, 2750, 512.0, 3900, 2000, 119),
(544.7732610000094, 2751, 512.0, 3900, 2000, 120),
(544.8258420000057, 2752, 512.0, 3900, 2000, 121),
(544.8715179999999, 2753, 512.0, 3900, 2000, 122),
(544.9205599999987, 2754, 512.0, 3900, 2000, 123),
(544.9593529999984, 2755, 512.0, 3900, 2000, 124),
(545.0033019999973, 2756, 512.0, 3900, 2000, 125),
(545.06805300001, 2757, 512.0, 3900, 2000, 126),
(545.1390309999988, 2758, 512.0, 3900, 2000, 127),
(545.1928929999995, 2759, 512.0, 3900, 2000, 128),
(545.2407450000028, 2760, 512.0, 3900, 2000, 129),
(545.2958849999995, 2761, 512.0, 3900, 2000, 130),
(545.3441310000053, 2762, 512.0, 3900, 2000, 131),
(545.3905930000037, 2763, 512.0, 3900, 2000, 132),
(545.4364239999995, 2764, 512.0, 3900, 2000, 133),
(545.4811350000091, 2765, 512.0, 3900, 2000, 134),
(545.5228940000088, 2766, 512.0, 3900, 2000, 135),
(545.5869559999992, 2767, 512.0, 3900, 2000, 136),
(545.6516499999998, 2768, 512.0, 3900, 2000, 137),
(545.7119670000102, 2769, 512.0, 3900, 2000, 138),
(545.763506000003, 2770, 512.0, 3900, 2000, 139),
(545.8116350000055, 2771, 512.0, 3900, 2000, 140),
(545.8538510000071, 2772, 512.0, 3900, 2000, 141),
(545.905500000008, 2773, 512.0, 3900, 2000, 142),
(545.952627000006, 2774, 512.0, 3900, 2000, 143),
(546.0002600000007, 2775, 512.0, 3900, 2000, 144),
(546.0506509999977, 2776, 512.0, 3900, 2000, 145),
(546.0921139999991, 2777, 512.0, 3900, 2000, 146),
(546.1386730000086, 2778, 512.0, 3900, 2000, 147),
(546.1827310000081, 2779, 512.0, 3900, 2000, 148),
(546.220708000008, 2780, 512.0, 3900, 2000, 149),
(546.2659070000082, 2781, 512.0, 3900, 2000, 150),
(546.3108300000022, 2782, 512.0, 3900, 2000, 151),
(546.3536960000056, 2783, 512.0, 3900, 2000, 152),
(546.6890590000112, 2788, 572.0, 3900, 2400, 116),
(555.2203200000076, 2790, 262.0, 3900, 2400, 118),
(563.6722109999973, 2792, 262.0, 3900, 2400, 120),
(597.5062540000072, 2800, 570.0, 3900, 2400, 128),
(622.3212179999973, 2814, 686.0, 3900, 2400, 142),
(630.0929960000067, 2816, 683.0, 3900, 2400, 144),
(637.8840670000063, 2818, 683.0, 3900, 2400, 146),
(645.7368390000047, 2820, 683.0, 3900, 2400, 148),
(662.3134520000021, 2828, 572.0, 3900, 2400, 116),
(679.1752200000046, 2832, 262.0, 3900, 2400, 120),
(738.1606780000002, 2856, 683.0, 3900, 2400, 144),
(746.0603740000079, 2858, 683.0, 3900, 2400, 146),
(746.1949380000005, 2860, 683.0, 3900, 2400, 148),
(746.3277190000081, 2862, 683.0, 3900, 2400, 150),
(762.4813070000091, 2868, 572.0, 3900, 2400, 116),
(770.9050150000112, 2870, 262.0, 3900, 2400, 118),
(779.2898300000088, 2872, 262.0, 3900, 2400, 120),
(847.7091100000107, 2896, 683.0, 3900, 2400, 144),
(855.6201500000025, 2898, 683.0, 3900, 2400, 146),
(863.5512520000048, 2900, 683.0, 3900, 2400, 148),
(863.6613030000008, 2902, 683.0, 3900, 2400, 150),
(871.8383780000004, 2909, 532.0, 3900, 2800, 116),
(871.9593210000021, 2911, 577.0, 3900, 2800, 118),
(872.013684000005, 2912, 599.0, 3900, 2800, 119),
(897.7606430000014, 2932, 591.0, 3900, 2800, 139),
(906.4473660000076, 2935, 533.0, 3900, 2800, 142),
(914.3662690000056, 2937, 514.0, 3900, 2800, 144),
(945.9922780000052, 2949, 532.0, 3900, 2800, 116),
(946.116451000009, 2951, 532.0, 3900, 2800, 118),
(946.1640699999989, 2952, 599.0, 3900, 2800, 119),
(946.2049200000038, 2953, 577.0, 3900, 2800, 120),
(946.7031810000044, 2961, 592.0, 3900, 2800, 128),
(1019.7353320000111, 2989, 577.0, 3900, 2800, 116),
(1053.7068609999988, 3012, 591.0, 3900, 2800, 139),
