(0.0, 1, 494428.0, 3500, 2300, 378424),
(9.760389999952167, 2, 494357.0, 3500, 2300, 378425),
(19.511203999980353, 3, 494356.0, 3500, 2300, 378426),
(29.278789999953005, 4, 494166.0, 3500, 2300, 378427),
(39.011541999992914, 5, 494357.0, 3500, 2300, 378428),
(48.737602999957744, 6, 494357.0, 3500, 2300, 378429),
(58.46121799998218, 7, 494356.0, 3500, 2300, 378430),
(68.22314899996854, 8, 494356.0, 3500, 2300, 378431),
(77.9644729999709, 9, 494357.0, 3500, 2300, 378432),
(87.73180700000376, 10, 494356.0, 3500, 2300, 378433),
(97.4522649999708, 11, 494357.0, 3500, 2300, 378434),
(107.18427199998405, 12, 494357.0, 3500, 2300, 378435),
(116.96653999999398, 13, 494356.0, 3500, 2300, 378436),
(126.72024199995212, 14, 494297.0, 3500, 2300, 378437),
(136.43105600000126, 15, 494360.0, 3500, 2300, 378438),
(146.2279700000072, 16, 494356.0, 3500, 2300, 378439),
(155.9743390000076, 17, 494357.0, 3500, 2300, 378440),
(175.47298099996988, 19, 494357.0, 3500, 2300, 378442),
(185.15502999996534, 20, 494357.0, 3500, 2300, 378443),
(194.93262699997285, 21, 494357.0, 3500, 2300, 378444),
(204.65237599995453, 22, 494356.0, 3500, 2300, 378445),
(214.36197999998694, 23, 494357.0, 3500, 2300, 378446),
(224.0866269999533, 24, 494357.0, 3500, 2300, 378447),
(234.01092999998946, 25, 494356.0, 3500, 2300, 378448),
(243.72089699999196, 26, 494356.0, 3500, 2300, 378449),
(253.6085829999647, 27, 494356.0, 3500, 2300, 378450),
(263.5945739999879, 28, 494297.0, 3500, 2300, 378451),
(273.437929000007, 29, 494356.0, 3500, 2300, 378452),
(293.3007210000069, 31, 494356.0, 3500, 2300, 378454),
(303.0484899999574, 32, 494356.0, 3500, 2300, 378455),
(312.8372729999828, 33, 494297.0, 3500, 2300, 378456),
(332.66823999996996, 35, 494357.0, 3500, 2300, 378458),
(352.09115999995265, 36, 494356.0, 3500, 2300, 378459),
(361.8718879999942, 37, 494297.0, 3500, 2300, 378460),
(371.69122599996626, 38, 494357.0, 3500, 2300, 378461),
(401.0614619999542, 41, 494298.0, 3500, 2300, 378464),
(410.7564999999595, 42, 494358.0, 3500, 2300, 378425),
(420.49390999996103, 43, 494162.0, 3500, 2300, 378426),
(430.2349979999708, 44, 494357.0, 3500, 2300, 378427),
(439.9796149999602, 45, 494357.0, 3500, 2300, 378428),
(449.7583759999834, 46, 494357.0, 3500, 2300, 378429),
(469.3829749999568, 48, 494357.0, 3500, 2300, 378431),
(488.783442999993, 49, 494357.0, 3500, 2300, 378432),
(498.5352899999707, 50, 494356.0, 3500, 2300, 378433),
(508.2865049999673, 51, 494356.0, 3500, 2300, 378434),
(518.0252849999815, 52, 494357.0, 3500, 2300, 378435),
(527.7863159999833, 53, 494356.0, 3500, 2300, 378436),
(537.5585480000009, 54, 494356.0, 3500, 2300, 378437),
(547.3466189999599, 55, 494356.0, 3500, 2300, 378438),
(557.1224499999662, 56, 494354.0, 3500, 2300, 378439),
(566.9289259999641, 57, 494357.0, 3500, 2300, 378440),
(576.7087779999711, 58, 494297.0, 3500, 2300, 378441),
(586.5722160000005, 59, 494357.0, 3500, 2300, 378442),
(596.3662719999556, 60, 494356.0, 3500, 2300, 378443),
(606.1301450000028, 61, 494356.0, 3500, 2300, 378444),
(615.8952539999736, 62, 494356.0, 3500, 2300, 378445),
(625.7665829999605, 63, 494357.0, 3500, 2300, 378446),
(635.525186999992, 64, 494356.0, 3500, 2300, 378447),
(645.2753030000022, 65, 494357.0, 3500, 2300, 378448),
(655.0346629999694, 66, 494357.0, 3500, 2300, 378449),
(664.869956999959, 67, 494357.0, 3500, 2300, 378450),
(674.7796469999594, 68, 494300.0, 3500, 2300, 378451),
(694.5423999999766, 70, 494357.0, 3500, 2300, 378453),
(704.2586549999542, 71, 494357.0, 3500, 2300, 378454),
(714.0017539999681, 72, 494356.0, 3500, 2300, 378455),
(723.7177579999552, 73, 494357.0, 3500, 2300, 378456),
(733.4843830000027, 74, 494357.0, 3500, 2300, 378457),
(743.2068159999908, 75, 494357.0, 3500, 2300, 378458),
(752.9822719999938, 76, 494357.0, 3500, 2300, 378459),
(762.730951000005, 77, 494297.0, 3500, 2300, 378460),
(772.5326739999582, 78, 494357.0, 3500, 2300, 378461),
(811.6545329999644, 82, 494356.0, 3500, 2300, 378425),
(821.4444079999812, 83, 494357.0, 3500, 2300, 378426),
(831.214021999971, 84, 494357.0, 3500, 2300, 378427),
(840.9703699999955, 85, 494357.0, 3500, 2300, 378428),
(850.7661099999677, 86, 494356.0, 3500, 2300, 378429),
(860.5246709999628, 87, 494356.0, 3500, 2300, 378430),
(870.2821279999916, 88, 494357.0, 3500, 2300, 378431),
(880.0632439999608, 89, 494357.0, 3500, 2300, 378432),
(891.0920369999949, 90, 494356.0, 3500, 2300, 378433),
(900.9916319999611, 91, 494356.0, 3500, 2300, 378434),
(911.0946889999905, 92, 494357.0, 3500, 2300, 378435),
(920.9195670000045, 93, 494357.0, 3500, 2300, 378436),
(930.9399390000035, 94, 494357.0, 3500, 2300, 378437),
(940.8966389999841, 95, 494357.0, 3500, 2300, 378438),
(950.7143439999782, 96, 494356.0, 3500, 2300, 378439),
(970.6624049999518, 98, 494357.0, 3500, 2300, 378441),
(999.7740789999953, 100, 494357.0, 3500, 2300, 378443),
(1009.4839480000082, 101, 494356.0, 3500, 2300, 378444),
(1019.3024870000081, 102, 494353.0, 3500, 2300, 378445),
(1029.0153879999998, 103, 494297.0, 3500, 2300, 378446),
(1038.7184649999836, 104, 494357.0, 3500, 2300, 378447),
(1048.4579499999527, 105, 494356.0, 3500, 2300, 378448),
(1058.1893439999549, 106, 494357.0, 3500, 2300, 378449),
(1067.9220339999883, 107, 494356.0, 3500, 2300, 378450),
(1077.6429809999536, 108, 494300.0, 3500, 2300, 378451),
(1087.367489999975, 109, 494356.0, 3500, 2300, 378452),
(1097.1121549999807, 110, 494356.0, 3500, 2300, 378453),
(1106.878694999963, 111, 494356.0, 3500, 2300, 378454),
(1116.6134489999968, 112, 494356.0, 3500, 2300, 378455),
(1136.306831999973, 114, 494356.0, 3500, 2300, 378457),
(1146.0124150000047, 115, 494357.0, 3500, 2300, 378458),
(1155.7516279999982, 116, 494357.0, 3500, 2300, 378459),
(1165.488639999996, 117, 494297.0, 3500, 2300, 378460),
(1175.2687859999714, 118, 494357.0, 3500, 2300, 378461),
(1184.9809299999615, 119, 494357.0, 3500, 2300, 378462),
(1204.5009490000084, 121, 494357.0, 3500, 2300, 378464),
(1214.2100079999655, 122, 494356.0, 3500, 2700, 378424),
(1223.953611999983, 123, 494356.0, 3500, 2700, 378425),
(1233.7032809999655, 124, 494356.0, 3500, 2700, 378426),
(1243.4434769999934, 125, 494356.0, 3500, 2700, 378427),
(1253.1996020000079, 126, 494356.0, 3500, 2700, 378428),
(1262.9039849999826, 127, 494356.0, 3500, 2700, 378429),
(1272.6638629999943, 128, 494356.0, 3500, 2700, 378430),
(1282.48325499997, 129, 494356.0, 3500, 2700, 378431),
(1292.2228170000017, 130, 494356.0, 3500, 2700, 378432),
(1301.9438889999874, 131, 494356.0, 3500, 2700, 378433),
(1311.6976399999694, 132, 494356.0, 3500, 2700, 378434),
(1321.4707679999992, 133, 494356.0, 3500, 2700, 378435),
(1331.2080109999515, 134, 494356.0, 3500, 2700, 378436),
(1340.909102000005, 135, 494356.0, 3500, 2700, 378437),
(1350.6168609999586, 136, 494356.0, 3500, 2700, 378438),
(1360.3504149999935, 137, 494356.0, 3500, 2700, 378439),
(1370.0729839999694, 138, 494356.0, 3500, 2700, 378440),
(1379.8191839999636, 139, 494356.0, 3500, 2700, 378441),
(1389.5630269999965, 140, 494356.0, 3500, 2700, 378442),
(1399.2717799999518, 141, 494356.0, 3500, 2700, 378443),
(1408.991990999959, 142, 494356.0, 3500, 2700, 378444),
(1418.715876000002, 143, 494356.0, 3500, 2700, 378445),
(1428.4474530000007, 144, 494356.0, 3500, 2700, 378446),
(1438.2075089999707, 145, 494356.0, 3500, 2700, 378447),
(1447.96500799997, 146, 494356.0, 3500, 2700, 378448),
(1457.6752249999554, 147, 494356.0, 3500, 2700, 378449),
(1467.5205849999911, 148, 494356.0, 3500, 2700, 378450),
(1477.227503000002, 149, 494356.0, 3500, 2700, 378451),
(1486.935417999979, 150, 494356.0, 3500, 2700, 378452),
(1496.7361329999985, 151, 494356.0, 3500, 2700, 378453),
(1506.4583069999935, 152, 494356.0, 3500, 2700, 378454),
(1516.1686139999656, 153, 494356.0, 3500, 2700, 378455),
(1525.9238359999727, 154, 494356.0, 3500, 2700, 378456),
(1535.6923599999864, 155, 494356.0, 3500, 2700, 378457),
(1545.4521999999997, 156, 494356.0, 3500, 2700, 378458),
(1555.1805869999807, 157, 494356.0, 3500, 2700, 378459),
(1564.8828599999542, 158, 494356.0, 3500, 2700, 378460),
(1574.5848729999852, 159, 494356.0, 3500, 2700, 378461),
(1584.342288999993, 160, 494356.0, 3500, 2700, 378462),
(1594.061617999978, 161, 494356.0, 3500, 2700, 378463),
(1603.7746409999672, 162, 494356.0, 3500, 2700, 378464),
(1613.5040929999668, 163, 494356.0, 3500, 2700, 378425),
(1623.2911339999991, 164, 494356.0, 3500, 2700, 378426),
(1633.0143519999692, 165, 494356.0, 3500, 2700, 378427),
(1642.778845999972, 166, 494356.0, 3500, 2700, 378428),
(1652.5831669999752, 167, 494356.0, 3500, 2700, 378429),
(1662.341883999994, 168, 494356.0, 3500, 2700, 378430),
(1672.044247999962, 169, 494356.0, 3500, 2700, 378431),
(1681.7478789999732, 170, 494356.0, 3500, 2700, 378432),
(1691.5282529999968, 171, 494356.0, 3500, 2700, 378433),
(1701.230465999979, 172, 494356.0, 3500, 2700, 378434),
(1711.0012920000008, 173, 494356.0, 3500, 2700, 378435),
(1720.7094749999815, 174, 494356.0, 3500, 2700, 378436),
(1730.4266309999512, 175, 494356.0, 3500, 2700, 378437),
(1740.1615969999693, 176, 494356.0, 3500, 2700, 378438),
(1749.8894729999593, 177, 494356.0, 3500, 2700, 378439),
(1759.6341369999573, 178, 494356.0, 3500, 2700, 378440),
(1769.3913360000006, 179, 494356.0, 3500, 2700, 378441),
(1779.2720869999612, 180, 494356.0, 3500, 2700, 378442),
(1789.032967999985, 181, 494356.0, 3500, 2700, 378443),
(1798.7883609999553, 182, 494356.0, 3500, 2700, 378444),
(1808.5051329999696, 183, 494356.0, 3500, 2700, 378445),
(1818.358836999978, 184, 494356.0, 3500, 2700, 378446),
(1828.1725860000006, 185, 494356.0, 3500, 2700, 378447),
(1838.1411059999955, 186, 494356.0, 3500, 2700, 378448),
(1848.0469969999976, 187, 494356.0, 3500, 2700, 378449),
(1858.1059820000082, 188, 494356.0, 3500, 2700, 378450),
(1868.0632549999864, 189, 494356.0, 3500, 2700, 378451),
(1877.8509479999775, 190, 494356.0, 3500, 2700, 378452),
(1887.623421999975, 191, 494356.0, 3500, 2700, 378453),
(1897.353902999952, 192, 494356.0, 3500, 2700, 378454),
(1907.096407999983, 193, 494356.0, 3500, 2700, 378455),
(1916.8940350000048, 194, 494356.0, 3500, 2700, 378456),
(1926.707861999981, 195, 494356.0, 3500, 2700, 378457),
(1936.453962999978, 196, 494356.0, 3500, 2700, 378458),
(1946.2563380000065, 197, 494356.0, 3500, 2700, 378459),
(1955.9996570000076, 198, 494356.0, 3500, 2700, 378460),
(1965.7424619999947, 199, 494356.0, 3500, 2700, 378461),
(1975.5712910000002, 200, 494356.0, 3500, 2700, 378462),
(1985.2900929999887, 201, 494356.0, 3500, 2700, 378463),
(1995.0522089999868, 202, 494356.0, 3500, 2700, 378464),
(2004.7859089999693, 203, 494356.0, 3500, 2700, 378425),
(2014.5338190000039, 204, 494356.0, 3500, 2700, 378426),
(2024.321370999969, 205, 494356.0, 3500, 2700, 378427),
(2034.0889939999906, 206, 494356.0, 3500, 2700, 378428),
(2043.7908839999582, 207, 494356.0, 3500, 2700, 378429),
(2053.508381999971, 208, 494356.0, 3500, 2700, 378430),
(2063.249035999994, 209, 494356.0, 3500, 2700, 378431),
(2072.969016999996, 210, 494356.0, 3500, 2700, 378432),
(2082.710078999982, 211, 494356.0, 3500, 2700, 378433),
(2092.4367549999733, 212, 494356.0, 3500, 2700, 378434),
(2102.1845089999842, 213, 494356.0, 3500, 2700, 378435),
(2112.018110999954, 214, 494356.0, 3500, 2700, 378436),
(2121.782598999969, 215, 494356.0, 3500, 2700, 378437),
(2131.494287999987, 216, 494356.0, 3500, 2700, 378438),
(2141.225226999959, 217, 494356.0, 3500, 2700, 378439),
(2150.955615999992, 218, 494356.0, 3500, 2700, 378440),
(2160.6460729999817, 219, 494356.0, 3500, 2700, 378441),
(2170.3783809999586, 220, 494356.0, 3500, 2700, 378442),
(2180.155629999994, 221, 494356.0, 3500, 2700, 378443),
(2189.879644999979, 222, 494356.0, 3500, 2700, 378444),
(2200.3812460000045, 223, 494356.0, 3500, 2700, 378445),
(2210.2086919999565, 224, 494356.0, 3500, 2700, 378446),
(2220.0303640000056, 225, 494356.0, 3500, 2700, 378447),
(2229.799670999986, 226, 494356.0, 3500, 2700, 378448),
(2239.586605999968, 227, 494356.0, 3500, 2700, 378449),
(2249.3929669999634, 228, 494356.0, 3500, 2700, 378450),
(2259.1190779999597, 229, 494356.0, 3500, 2700, 378451),
(2268.958625999978, 230, 494356.0, 3500, 2700, 378452),
(2278.697178000002, 231, 494356.0, 3500, 2700, 378453),
(2288.4876889999723, 232, 494356.0, 3500, 2700, 378454),
(2298.240017999953, 233, 494356.0, 3500, 2700, 378455),
(2308.068148999999, 234, 494356.0, 3500, 2700, 378456),
(2317.8355410000077, 235, 494356.0, 3500, 2700, 378457),
(2327.6418180000037, 236, 494356.0, 3500, 2700, 378458),
(2337.5919549999526, 237, 494356.0, 3500, 2700, 378459),
(2347.387517999974, 238, 494356.0, 3500, 2700, 378460),
(2357.151121999952, 239, 494356.0, 3500, 2700, 378461),
(2366.858991999994, 240, 494356.0, 3500, 2700, 378462),
(2376.6020290000015, 241, 494356.0, 3500, 2700, 378463),
(2386.3749700000044, 242, 494356.0, 3500, 2700, 378464),
(2396.217122000002, 243, 494356.0, 3500, 3100, 378424),
(2406.0472589999554, 244, 494356.0, 3500, 3100, 378425),
(2415.8306679999805, 245, 494356.0, 3500, 3100, 378426),
(2425.597759999975, 246, 494356.0, 3500, 3100, 378427),
(2435.3850939999684, 247, 494356.0, 3500, 3100, 378428),
(2445.1324279999826, 248, 494356.0, 3500, 3100, 378429),
(2454.8948419999797, 249, 494356.0, 3500, 3100, 378430),
(2464.6360319999512, 250, 494356.0, 3500, 3100, 378431),
(2474.453469, 251, 494356.0, 3500, 3100, 378432),
(2484.2659719999647, 252, 494356.0, 3500, 3100, 378433),
(2494.169651999953, 253, 494356.0, 3500, 3100, 378434),
(2504.0333419999806, 254, 494356.0, 3500, 3100, 378435),
(2513.883170999994, 255, 494356.0, 3500, 3100, 378436),
(2523.8423529999563, 256, 494356.0, 3500, 3100, 378437),
(2533.725900999969, 257, 494356.0, 3500, 3100, 378438),
(2543.6821579999523, 258, 494356.0, 3500, 3100, 378439),
(2553.591763000004, 259, 494356.0, 3500, 3100, 378440),
(2563.585818999971, 260, 494356.0, 3500, 3100, 378441),
(2573.4455819999566, 261, 494356.0, 3500, 3100, 378442),
(2583.450349999999, 262, 494356.0, 3500, 3100, 378443),
(2593.430323000008, 263, 494356.0, 3500, 3100, 378444),
(2603.9561019999674, 264, 494356.0, 3500, 3100, 378445),
(2614.825769999996, 265, 494356.0, 3500, 3100, 378446),
(2625.0456089999643, 266, 494356.0, 3500, 3100, 378447),
(2635.1810739999637, 267, 494356.0, 3500, 3100, 378448),
(2645.297918999975, 268, 494356.0, 3500, 3100, 378449),
(2655.1983179999515, 269, 494356.0, 3500, 3100, 378450),
(2665.0120179999503, 270, 494356.0, 3500, 3100, 378451),
(2674.9422389999963, 271, 494356.0, 3500, 3100, 378452),
(2684.973288999987, 272, 494356.0, 3500, 3100, 378453),
(2695.0468669999973, 273, 494356.0, 3500, 3100, 378454),
(2704.9554379999754, 274, 494356.0, 3500, 3100, 378455),
(2714.6930089999805, 275, 494356.0, 3500, 3100, 378456),
(2724.4157070000074, 276, 494356.0, 3500, 3100, 378457),
(2734.2039909999585, 277, 494356.0, 3500, 3100, 378458),
(2743.9157929999637, 278, 494356.0, 3500, 3100, 378459),
(2753.667440999998, 279, 494356.0, 3500, 3100, 378460),
(2763.3990229999763, 280, 494356.0, 3500, 3100, 378461),
(2773.150747000007, 281, 494356.0, 3500, 3100, 378462),
(2782.8727209999925, 282, 494356.0, 3500, 3100, 378463),
(2792.6145719999913, 283, 494356.0, 3500, 3100, 378464),
(2802.347597999964, 284, 494356.0, 3500, 3100, 378425),
(2812.144372999959, 285, 494356.0, 3500, 3100, 378426),
(2821.9377089999616, 286, 494356.0, 3500, 3100, 378427),
(2831.686961999978, 287, 494356.0, 3500, 3100, 378428),
(2841.4008209999884, 288, 494356.0, 3500, 3100, 378429),
(2851.1365069999592, 289, 494356.0, 3500, 3100, 378430),
(2860.8522689999663, 290, 494356.0, 3500, 3100, 378431),
(2870.5961059999536, 291, 494356.0, 3500, 3100, 378432),
(2880.314687999955, 292, 494356.0, 3500, 3100, 378433),
(2890.0706839999766, 293, 494356.0, 3500, 3100, 378434),
(2899.808852999995, 294, 494356.0, 3500, 3100, 378435),
(2909.537832999951, 295, 494356.0, 3500, 3100, 378436),
(2919.277780000004, 296, 494356.0, 3500, 3100, 378437),
(2928.979416999966, 297, 494356.0, 3500, 3100, 378438),
(2938.7479509999976, 298, 494356.0, 3500, 3100, 378439),
(2948.479238, 299, 494356.0, 3500, 3100, 378440),
(2958.213942000002, 300, 494356.0, 3500, 3100, 378441),
(2967.9915269999765, 301, 494356.0, 3500, 3100, 378442),
(2977.8000819999725, 302, 494356.0, 3500, 3100, 378443),
(2987.612880999979, 303, 494356.0, 3500, 3100, 378444),
(2997.420381999982, 304, 494356.0, 3500, 3100, 378445),
(3007.166358999966, 305, 494356.0, 3500, 3100, 378446),
(3016.921591999999, 306, 494356.0, 3500, 3100, 378447),
(3026.7613349999883, 307, 494356.0, 3500, 3100, 378448),
(3036.517463999975, 308, 494356.0, 3500, 3100, 378449),
(3046.2790819999645, 309, 494356.0, 3500, 3100, 378450),
(3056.089826999989, 310, 494356.0, 3500, 3100, 378451),
(3065.8477249999996, 311, 494356.0, 3500, 3100, 378452),
(3075.6166549999616, 312, 494356.0, 3500, 3100, 378453),
(3085.421215999988, 313, 494356.0, 3500, 3100, 378454),
(3095.2317009999533, 314, 494356.0, 3500, 3100, 378455),
(3105.07664699998, 315, 494356.0, 3500, 3100, 378456),
(3114.8210739999777, 316, 494356.0, 3500, 3100, 378457),
(3124.715286999999, 317, 494356.0, 3500, 3100, 378458),
(3134.463333999971, 318, 494356.0, 3500, 3100, 378459),
(3144.2364359999774, 319, 494356.0, 3500, 3100, 378460),
(3153.9828010000056, 320, 494356.0, 3500, 3100, 378461),
(3163.7564129999955, 321, 494356.0, 3500, 3100, 378462),
(3173.481387000007, 322, 494356.0, 3500, 3100, 378463),
(3183.241411999974, 323, 494356.0, 3500, 3100, 378464),
(3193.0092749999603, 324, 494356.0, 3500, 3100, 378425),
(3202.820146999962, 325, 494356.0, 3500, 3100, 378426),
(3212.577877999982, 326, 494356.0, 3500, 3100, 378427),
(3222.339215999993, 327, 494356.0, 3500, 3100, 378428),
(3232.1273909999873, 328, 494356.0, 3500, 3100, 378429),
(3241.875462999975, 329, 494356.0, 3500, 3100, 378430),
(3251.67415799998, 330, 494356.0, 3500, 3100, 378431),
(3261.4919169999775, 331, 494356.0, 3500, 3100, 378432),
(3271.2702229999704, 332, 494356.0, 3500, 3100, 378433),
(3281.044047000003, 333, 494356.0, 3500, 3100, 378434),
(3290.791879999975, 334, 494356.0, 3500, 3100, 378435),
(3300.6099019999965, 335, 494356.0, 3500, 3100, 378436),
(3310.35425199999, 336, 494356.0, 3500, 3100, 378437),
(3320.158626999997, 337, 494356.0, 3500, 3100, 378438),
(3329.91002499999, 338, 494356.0, 3500, 3100, 378439),
(3339.704297999968, 339, 494356.0, 3500, 3100, 378440),
(3349.4716689999914, 340, 494356.0, 3500, 3100, 378441),
(3359.211881999974, 341, 494356.0, 3500, 3100, 378442),
(3368.994649, 342, 494356.0, 3500, 3100, 378443),
(3378.8380049999687, 343, 494356.0, 3500, 3100, 378444),
(3388.5730029999977, 344, 494356.0, 3500, 3100, 378445),
(3398.3557409999776, 345, 494356.0, 3500, 3100, 378446),
(3408.109850000008, 346, 494356.0, 3500, 3100, 378447),
(3417.9124909999664, 347, 494356.0, 3500, 3100, 378448),
(3427.650449000008, 348, 494356.0, 3500, 3100, 378449),
(3437.4387519999873, 349, 494356.0, 3500, 3100, 378450),
(3447.36337799998, 350, 494356.0, 3500, 3100, 378451),
(3457.1263429999817, 351, 494356.0, 3500, 3100, 378452),
(3466.8917209999636, 352, 494356.0, 3500, 3100, 378453),
(3476.737672999967, 353, 494356.0, 3500, 3100, 378454),
(3486.443756999972, 354, 494356.0, 3500, 3100, 378455),
(3496.218034999969, 355, 494356.0, 3500, 3100, 378456),
(3506.10960299999, 356, 494356.0, 3500, 3100, 378457),
(3515.8484149999567, 357, 494356.0, 3500, 3100, 378458),
(3525.5979459999944, 358, 494356.0, 3500, 3100, 378459),
(3535.3264469999704, 359, 494356.0, 3500, 3100, 378460),
(3545.0508819999523, 360, 494356.0, 3500, 3100, 378461),
(3554.8136879999656, 361, 494356.0, 3500, 3100, 378462),
(3564.5328669999726, 362, 494356.0, 3500, 3100, 378463),
(3574.376295999973, 363, 494356.0, 3500, 3100, 378464),
(3584.16049499996, 364, 494356.0, 3500, 2500, 378424),
(3593.9199129999615, 365, 494356.0, 3500, 2500, 378425),
(3603.742385999998, 366, 494356.0, 3500, 2500, 378426),
(3613.5003750000033, 367, 494356.0, 3500, 2500, 378427),
(3623.2685189999756, 368, 494356.0, 3500, 2500, 378428),
(3633.058273999952, 369, 494356.0, 3500, 2500, 378429),
(3642.8155639999895, 370, 494356.0, 3500, 2500, 378430),
(3652.5773869999684, 371, 494356.0, 3500, 2500, 378431),
(3662.3982369999867, 372, 494356.0, 3500, 2500, 378432),
(3672.143584000005, 373, 494356.0, 3500, 2500, 378433),
(3681.9262519999756, 374, 494356.0, 3500, 2500, 378434),
(3691.6814840000006, 375, 494356.0, 3500, 2500, 378435),
(3701.4943619999685, 376, 494356.0, 3500, 2500, 378436),
(3711.2537429999793, 377, 494356.0, 3500, 2500, 378437),
(3721.0029360000044, 378, 494356.0, 3500, 2500, 378438),
(3730.7872559999814, 379, 494356.0, 3500, 2500, 378439),
(3740.556169999996, 380, 494356.0, 3500, 2500, 378440),
(3750.4268359999987, 381, 494356.0, 3500, 2500, 378441),
(3760.175434999983, 382, 494356.0, 3500, 2500, 378442),
(3769.9363469999516, 383, 494356.0, 3500, 2500, 378443),
(3779.7149280000012, 384, 494356.0, 3500, 2500, 378444),
(3789.464947999979, 385, 494356.0, 3500, 2500, 378445),
(3799.2148429999943, 386, 494356.0, 3500, 2500, 378446),
(3809.0683239999926, 387, 494356.0, 3500, 2500, 378447),
(3818.843086000008, 388, 494356.0, 3500, 2500, 378448),
(3828.6019699999597, 389, 494356.0, 3500, 2500, 378449),
(3838.381304999988, 390, 494356.0, 3500, 2500, 378450),
(3848.1525389999733, 391, 494356.0, 3500, 2500, 378451),
(3857.9847319999826, 392, 494356.0, 3500, 2500, 378452),
(3867.7515569999814, 393, 494356.0, 3500, 2500, 378453),
(3877.5953699999955, 394, 494356.0, 3500, 2500, 378454),
(3887.418923999998, 395, 494356.0, 3500, 2500, 378455),
(3897.198057999951, 396, 494356.0, 3500, 2500, 378456),
(3906.927800000005, 397, 494356.0, 3500, 2500, 378457),
(3916.7116049999604, 398, 494356.0, 3500, 2500, 378458),
(3926.5011249999516, 399, 494356.0, 3500, 2500, 378459),
(3936.2919589999947, 400, 494356.0, 3500, 2500, 378460),
(3946.138627999986, 401, 494356.0, 3500, 2500, 378461),
(3955.933755999955, 402, 494356.0, 3500, 2500, 378462),
(3965.706369999971, 403, 494356.0, 3500, 2500, 378463),
(3975.447589999996, 404, 494356.0, 3500, 2500, 378464),
(3985.211690999975, 405, 494356.0, 3500, 2500, 378425),
(3994.9489049999975, 406, 494356.0, 3500, 2500, 378426),
(4004.738428999961, 407, 494356.0, 3500, 2500, 378427),
(4014.4996739999624, 408, 494356.0, 3500, 2500, 378428),
(4024.266658999957, 409, 494356.0, 3500, 2500, 378429),
(4034.0146550000063, 410, 494356.0, 3500, 2500, 378430),
(4043.784790000005, 411, 494356.0, 3500, 2500, 378431),
(4053.5657139999676, 412, 494356.0, 3500, 2500, 378432),
(4063.3294129999704, 413, 494356.0, 3500, 2500, 378433),
(4073.0587599999853, 414, 494356.0, 3500, 2500, 378434),
(4082.817141999956, 415, 494356.0, 3500, 2500, 378435),
(4092.5661770000006, 416, 494356.0, 3500, 2500, 378436),
(4102.345145999978, 417, 494356.0, 3500, 2500, 378437),
(4112.100143999967, 418, 494356.0, 3500, 2500, 378438),
(4121.900905999995, 419, 494356.0, 3500, 2500, 378439),
(4131.665561999951, 420, 494356.0, 3500, 2500, 378440),
(4141.377587999974, 421, 494356.0, 3500, 2500, 378441),
(4151.155662999954, 422, 494356.0, 3500, 2500, 378442),
(4160.873617000005, 423, 494356.0, 3500, 2500, 378443),
(4170.706005999993, 424, 494356.0, 3500, 2500, 378444),
(4180.447861999972, 425, 494356.0, 3500, 2500, 378445),
(4190.2290639999555, 426, 494356.0, 3500, 2500, 378446),
(4200.011607999972, 427, 494356.0, 3500, 2500, 378447),
(4209.7858089999645, 428, 494356.0, 3500, 2500, 378448),
(4219.595045999973, 429, 494356.0, 3500, 2500, 378449),
(4229.358943999978, 430, 494356.0, 3500, 2500, 378450),
(4239.134145999968, 431, 494356.0, 3500, 2500, 378451),
(4248.943081000005, 432, 494356.0, 3500, 2500, 378452),
(4258.727385999984, 433, 494356.0, 3500, 2500, 378453),
(4268.571144999994, 434, 494356.0, 3500, 2500, 378454),
(4278.318426999962, 435, 494356.0, 3500, 2500, 378455),
(4288.074273000006, 436, 494356.0, 3500, 2500, 378456),
(4297.83190499997, 437, 494356.0, 3500, 2500, 378457),
(4307.567222999991, 438, 494356.0, 3500, 2500, 378458),
(4317.410876999958, 439, 494356.0, 3500, 2500, 378459),
(4327.212760999973, 440, 494356.0, 3500, 2500, 378460),
(4336.964026999951, 441, 494356.0, 3500, 2500, 378461),
(4346.790088999958, 442, 494356.0, 3500, 2500, 378462),
(4356.540882999951, 443, 494356.0, 3500, 2500, 378463),
(4366.347490999964, 444, 494356.0, 3500, 2500, 378464),
(4376.253588999971, 445, 494356.0, 3500, 2500, 378425),
(4386.005826000008, 446, 494356.0, 3500, 2500, 378426),
(4395.776647999999, 447, 494356.0, 3500, 2500, 378427),
(4405.596107999969, 448, 494356.0, 3500, 2500, 378428),
(4415.398823999974, 449, 494356.0, 3500, 2500, 378429),
(4425.128476999991, 450, 494356.0, 3500, 2500, 378430),
(4434.93693299999, 451, 494356.0, 3500, 2500, 378431),
(4444.71706299996, 452, 494356.0, 3500, 2500, 378432),
(4454.486271000002, 453, 494356.0, 3500, 2500, 378433),
(4464.247912999999, 454, 494356.0, 3500, 2500, 378434),
(4474.017307000002, 455, 494356.0, 3500, 2500, 378435),
(4483.801363999955, 456, 494356.0, 3500, 2500, 378436),
(4493.536548000004, 457, 494356.0, 3500, 2500, 378437),
(4503.309672000003, 458, 494356.0, 3500, 2500, 378438),
(4513.086800999998, 459, 494356.0, 3500, 2500, 378439),
(4523.0269859999535, 460, 494356.0, 3500, 2500, 378440),
(4532.730699999956, 461, 494356.0, 3500, 2500, 378441),
(4542.421323999995, 462, 494356.0, 3500, 2500, 378442),
(4552.129388999951, 463, 494356.0, 3500, 2500, 378443),
(4561.84763699997, 464, 494356.0, 3500, 2500, 378444),
(4571.580414999975, 465, 494356.0, 3500, 2500, 378445),
(4581.274737, 466, 494356.0, 3500, 2500, 378446),
(4591.001096999971, 467, 494356.0, 3500, 2500, 378447),
(4600.72448699997, 468, 494356.0, 3500, 2500, 378448),
(4610.414835999953, 469, 494356.0, 3500, 2500, 378449),
(4620.183954000007, 470, 494356.0, 3500, 2500, 378450),
(4629.899229999981, 471, 494356.0, 3500, 2500, 378451),
(4639.613622999983, 472, 494356.0, 3500, 2500, 378452),
(4649.339422999998, 473, 494356.0, 3500, 2500, 378453),
(4659.095540999959, 474, 494356.0, 3500, 2500, 378454),
(4668.810421999951, 475, 494356.0, 3500, 2500, 378455),
(4678.511411999993, 476, 494356.0, 3500, 2500, 378456),
(4688.228330999962, 477, 494356.0, 3500, 2500, 378457),
(4697.989246999961, 478, 494356.0, 3500, 2500, 378458),
(4707.7160589999985, 479, 494356.0, 3500, 2500, 378459),
(4717.453252999985, 480, 494356.0, 3500, 2500, 378460),
(4727.187409999955, 481, 494356.0, 3500, 2500, 378461),
(4736.982210999995, 482, 494356.0, 3500, 2500, 378462),
(4746.712261999957, 483, 494356.0, 3500, 2500, 378463),
(4756.451980999962, 484, 494356.0, 3500, 2500, 378464),
(4766.272097999987, 485, 494356.0, 3500, 2700, 378424),
(4776.00536499999, 486, 494356.0, 3500, 2700, 378425),
(4785.72516599996, 487, 494356.0, 3500, 2700, 378426),
(4795.470625999966, 488, 494356.0, 3500, 2700, 378427),
(4805.183365000004, 489, 494356.0, 3500, 2700, 378428),
(4814.999288999999, 490, 494356.0, 3500, 2700, 378429),
(4824.804703999951, 491, 494356.0, 3500, 2700, 378430),
(4834.550549999985, 492, 494356.0, 3500, 2700, 378431),
(4844.30805599998, 493, 494356.0, 3500, 2700, 378432),
(4854.022314000002, 494, 494356.0, 3500, 2700, 378433),
(4863.750979999953, 495, 494356.0, 3500, 2700, 378434),
(4873.5086620000075, 496, 494356.0, 3500, 2700, 378435),
(4883.30578299996, 497, 494356.0, 3500, 2700, 378436),
(4893.060414000007, 498, 494356.0, 3500, 2700, 378437),
(4902.844729000004, 499, 494356.0, 3500, 2700, 378438),
(4912.613414999971, 500, 494356.0, 3500, 2700, 378439),
(4922.379962000006, 501, 494356.0, 3500, 2700, 378440),
(4932.1239999999525, 502, 494356.0, 3500, 2700, 378441),
(4941.940150999988, 503, 494356.0, 3500, 2700, 378442),
(4951.756109999958, 504, 494356.0, 3500, 2700, 378443),
(4961.744053999952, 505, 494356.0, 3500, 2700, 378444),
(4971.482362999988, 506, 494356.0, 3500, 2700, 378445),
(4981.2445849999785, 507, 494356.0, 3500, 2700, 378446),
(4990.953275999986, 508, 494356.0, 3500, 2700, 378447),
(5000.7339059999795, 509, 494356.0, 3500, 2700, 378448),
(5010.464854999969, 510, 494356.0, 3500, 2700, 378449),
(5020.334816999966, 511, 494356.0, 3500, 2700, 378450),
(5030.143857999996, 512, 494356.0, 3500, 2700, 378451),
(5039.966559999972, 513, 494356.0, 3500, 2700, 378452),
(5049.726746, 514, 494356.0, 3500, 2700, 378453),
(5059.552529999986, 515, 494356.0, 3500, 2700, 378454),
(5069.474034999963, 516, 494356.0, 3500, 2700, 378455),
(5079.1882909999695, 517, 494356.0, 3500, 2700, 378456),
(5089.002684999956, 518, 494356.0, 3500, 2700, 378457),
(5098.822703999991, 519, 494356.0, 3500, 2700, 378458),
(5108.668973999971, 520, 494356.0, 3500, 2700, 378459),
(5118.571305999998, 521, 494356.0, 3500, 2700, 378460),
(5128.330248999991, 522, 494356.0, 3500, 2700, 378461),
(5138.309016999963, 523, 494356.0, 3500, 2700, 378462),
(5148.03674499999, 524, 494356.0, 3500, 2700, 378463),
(5157.782649000001, 525, 494356.0, 3500, 2700, 378464),
(5167.536913999997, 526, 494356.0, 3500, 2700, 378425),
(5177.297450999962, 527, 494356.0, 3500, 2700, 378426),
(5187.206310999987, 528, 494356.0, 3500, 2700, 378427),
(5197.017651999951, 529, 494356.0, 3500, 2700, 378428),
(5206.754412999959, 530, 494356.0, 3500, 2700, 378429),
(5216.517792999977, 531, 494356.0, 3500, 2700, 378430),
(5226.310988999961, 532, 494356.0, 3500, 2700, 378431),
(5236.088168999995, 533, 494356.0, 3500, 2700, 378432),
(5246.210559999978, 534, 494356.0, 3500, 2700, 378433),
(5256.167058999999, 535, 494356.0, 3500, 2700, 378434),
(5266.167396999954, 536, 494356.0, 3500, 2700, 378435),
(5276.390906999994, 537, 494356.0, 3500, 2700, 378436),
(5286.352272999997, 538, 494356.0, 3500, 2700, 378437),
(5296.332984999986, 539, 494356.0, 3500, 2700, 378438),
(5306.246137999988, 540, 494356.0, 3500, 2700, 378439),
(5315.987296999956, 541, 494356.0, 3500, 2700, 378440),
(5325.776612999965, 542, 494356.0, 3500, 2700, 378441),
(5335.516989999975, 543, 494356.0, 3500, 2700, 378442),
(5345.330428999965, 544, 494356.0, 3500, 2700, 378443),
(5355.054705999966, 545, 494356.0, 3500, 2700, 378444),
(5365.013702999975, 546, 494356.0, 3500, 2700, 378445),
(5374.7747059999965, 547, 494356.0, 3500, 2700, 378446),
(5384.511386999977, 548, 494356.0, 3500, 2700, 378447),
(5394.259610000008, 549, 494356.0, 3500, 2700, 378448),
(5404.011935999966, 550, 494356.0, 3500, 2700, 378449),
(5413.754366999958, 551, 494356.0, 3500, 2700, 378450),
(5423.514589999977, 552, 494356.0, 3500, 2700, 378451),
(5433.29220299999, 553, 494356.0, 3500, 2700, 378452),
(5443.031184999971, 554, 494356.0, 3500, 2700, 378453),
(5452.820179999981, 555, 494356.0, 3500, 2700, 378454),
(5462.584846999962, 556, 494356.0, 3500, 2700, 378455),
(5472.418566999957, 557, 494356.0, 3500, 2700, 378456),
(5482.167530999985, 558, 494356.0, 3500, 2700, 378457),
(5491.940075999999, 559, 494356.0, 3500, 2700, 378458),
(5501.679765000008, 560, 494356.0, 3500, 2700, 378459),
(5511.64350299997, 561, 494356.0, 3500, 2700, 378460),
(5521.440115000005, 562, 494356.0, 3500, 2700, 378461),
(5531.191693999979, 563, 494356.0, 3500, 2700, 378462),
(5540.901337999967, 564, 494356.0, 3500, 2700, 378463),
(5550.66754299996, 565, 494356.0, 3500, 2700, 378464),
(5560.677380999958, 566, 494356.0, 3500, 2700, 378425),
(5570.51072099997, 567, 494356.0, 3500, 2700, 378426),
(5580.2963940000045, 568, 494356.0, 3500, 2700, 378427),
(5590.089156000002, 569, 494356.0, 3500, 2700, 378428),
(5599.867981999996, 570, 494356.0, 3500, 2700, 378429),
(5609.636086999963, 571, 494356.0, 3500, 2700, 378430),
(5619.437013999966, 572, 494356.0, 3500, 2700, 378431),
(5629.171466999978, 573, 494356.0, 3500, 2700, 378432),
(5638.907257999992, 574, 494356.0, 3500, 2700, 378433),
(5648.675295999972, 575, 494356.0, 3500, 2700, 378434),
(5658.463509999972, 576, 494356.0, 3500, 2700, 378435),
(5668.213905999961, 577, 494356.0, 3500, 2700, 378436),
(5678.0737569999765, 578, 494356.0, 3500, 2700, 378437),
(5687.935605999955, 579, 494356.0, 3500, 2700, 378438),
(5697.872864999983, 580, 494356.0, 3500, 2700, 378439),
(5707.696929999976, 581, 494356.0, 3500, 2700, 378440),
(5717.494118999981, 582, 494356.0, 3500, 2700, 378441),
(5727.362790999992, 583, 494356.0, 3500, 2700, 378442),
(5737.175826999999, 584, 494356.0, 3500, 2700, 378443),
(5746.938511999964, 585, 494356.0, 3500, 2700, 378444),
(5756.8251839999575, 586, 494356.0, 3500, 2700, 378445),
(5766.654328999983, 587, 494356.0, 3500, 2700, 378446),
(5776.654749999987, 588, 494356.0, 3500, 2700, 378447),
(5786.552028999955, 589, 494356.0, 3500, 2700, 378448),
(5796.317865999998, 590, 494356.0, 3500, 2700, 378449),
(5806.0617689999635, 591, 494356.0, 3500, 2700, 378450),
(5816.173837999988, 592, 494356.0, 3500, 2700, 378451),
(5826.141984999995, 593, 494356.0, 3500, 2700, 378452),
(5836.317749999987, 594, 494356.0, 3500, 2700, 378453),
(5846.307761000004, 595, 494356.0, 3500, 2700, 378454),
(5856.192471999966, 596, 494356.0, 3500, 2700, 378455),
(5866.100714, 597, 494356.0, 3500, 2700, 378456),
(5875.976369999989, 598, 494356.0, 3500, 2700, 378457),
(5885.726430999988, 599, 494356.0, 3500, 2700, 378458),
(5895.64416799997, 600, 494356.0, 3500, 2700, 378459),
(5905.629714999988, 601, 494356.0, 3500, 2700, 378460),
(5915.4747169999755, 602, 494356.0, 3500, 2700, 378461),
(5925.334353999991, 603, 494356.0, 3500, 2700, 378462),
(5935.177873999986, 604, 494356.0, 3500, 2700, 378463),
(5945.052683999995, 605, 494356.0, 3500, 2700, 378464),
(5954.976690999989, 606, 494356.0, 3500, 2900, 378424),
(5964.830775999988, 607, 494356.0, 3500, 2900, 378425),
(5974.815387999988, 608, 494356.0, 3500, 2900, 378426),
(5984.688878999965, 609, 494356.0, 3500, 2900, 378427),
(5994.674195999978, 610, 494356.0, 3500, 2900, 378428),
(6004.617731000006, 611, 494356.0, 3500, 2900, 378429),
(6014.450195999991, 612, 494356.0, 3500, 2900, 378430),
(6024.338129999989, 613, 494356.0, 3500, 2900, 378431),
(6034.0615899999975, 614, 494356.0, 3500, 2900, 378432),
(6043.835006999958, 615, 494356.0, 3500, 2900, 378433),
(6053.586114000005, 616, 494356.0, 3500, 2900, 378434),
(6063.35845, 617, 494356.0, 3500, 2900, 378435),
(6073.083711999992, 618, 494356.0, 3500, 2900, 378436),
(6082.816159999988, 619, 494356.0, 3500, 2900, 378437),
(6092.539504999993, 620, 494356.0, 3500, 2900, 378438),
(6102.27124099998, 621, 494356.0, 3500, 2900, 378439),
(6111.997881999996, 622, 494356.0, 3500, 2900, 378440),
(6122.013798, 623, 494356.0, 3500, 2900, 378441),
(6131.755449999997, 624, 494356.0, 3500, 2900, 378442),
(6141.602879999962, 625, 494356.0, 3500, 2900, 378443),
(6151.376224999956, 626, 494356.0, 3500, 2900, 378444),
(6161.274655999965, 627, 494356.0, 3500, 2900, 378445),
(6171.215074999956, 628, 494356.0, 3500, 2900, 378446),
(6181.113559999969, 629, 494356.0, 3500, 2900, 378447),
(6190.895296000002, 630, 494356.0, 3500, 2900, 378448),
(6200.6093079999555, 631, 494356.0, 3500, 2900, 378449),
(6210.387874000007, 632, 494356.0, 3500, 2900, 378450),
(6220.107582999975, 633, 494356.0, 3500, 2900, 378451),
(6229.838078000001, 634, 494356.0, 3500, 2900, 378452),
(6239.532978000003, 635, 494356.0, 3500, 2900, 378453),
(6249.241181999969, 636, 494356.0, 3500, 2900, 378454),
(6258.971793999954, 637, 494356.0, 3500, 2900, 378455),
(6268.692961999972, 638, 494356.0, 3500, 2900, 378456),
(6278.413477999973, 639, 494356.0, 3500, 2900, 378457),
(6288.098149999976, 640, 494356.0, 3500, 2900, 378458),
(6297.827874999959, 641, 494356.0, 3500, 2900, 378459),
(6307.832101999957, 642, 494356.0, 3500, 2900, 378460),
(6317.678054999968, 643, 494356.0, 3500, 2900, 378461),
(6327.5413969999645, 644, 494356.0, 3500, 2900, 378462),
(6337.364269999962, 645, 494356.0, 3500, 2900, 378463),
(6347.303129999957, 646, 494356.0, 3500, 2900, 378464),
(6357.102209999983, 647, 494356.0, 3500, 2900, 378425),
(6367.054126999981, 648, 494356.0, 3500, 2900, 378426),
(6376.896553999977, 649, 494356.0, 3500, 2900, 378427),
(6386.774256999954, 650, 494356.0, 3500, 2900, 378428),
(6396.658796999953, 651, 494356.0, 3500, 2900, 378429),
(6406.497468999994, 652, 494356.0, 3500, 2900, 378430),
(6416.459926999989, 653, 494356.0, 3500, 2900, 378431),
(6426.318084999977, 654, 494356.0, 3500, 2900, 378432),
(6436.1436429999885, 655, 494356.0, 3500, 2900, 378433),
(6446.0554539999575, 656, 494356.0, 3500, 2900, 378434),
(6455.976842999982, 657, 494356.0, 3500, 2900, 378435),
(6465.844388999976, 658, 494356.0, 3500, 2900, 378436),
(6475.658962999994, 659, 494356.0, 3500, 2900, 378437),
(6485.632997999957, 660, 494356.0, 3500, 2900, 378438),
(6495.498320999963, 661, 494356.0, 3500, 2900, 378439),
(6505.300251999986, 662, 494356.0, 3500, 2900, 378440),
(6515.220998000004, 663, 494356.0, 3500, 2900, 378441),
(6525.090129999968, 664, 494356.0, 3500, 2900, 378442),
(6535.045790000004, 665, 494356.0, 3500, 2900, 378443),
(6544.950183000008, 666, 494356.0, 3500, 2900, 378444),
(6554.778235999984, 667, 494356.0, 3500, 2900, 378445),
(6564.594561000005, 668, 494356.0, 3500, 2900, 378446),
(6574.582959999971, 669, 494356.0, 3500, 2900, 378447),
(6584.403850000002, 670, 494356.0, 3500, 2900, 378448),
(6594.334127999959, 671, 494356.0, 3500, 2900, 378449),
(6604.140343999956, 672, 494356.0, 3500, 2900, 378450),
(6613.961247999978, 673, 494356.0, 3500, 2900, 378451),
(6623.747716999962, 674, 494356.0, 3500, 2900, 378452),
(6633.708071000001, 675, 494356.0, 3500, 2900, 378453),
(6643.520923999953, 676, 494356.0, 3500, 2900, 378454),
(6653.3202769999625, 677, 494356.0, 3500, 2900, 378455),
(6663.146854999999, 678, 494356.0, 3500, 2900, 378456),
(6672.983294999984, 679, 494356.0, 3500, 2900, 378457),
(6682.780597999983, 680, 494356.0, 3500, 2900, 378458),
(6692.647372999985, 681, 494356.0, 3500, 2900, 378459),
(6702.542526000005, 682, 494356.0, 3500, 2900, 378460),
(6712.3777370000025, 683, 494356.0, 3500, 2900, 378461),
(6722.298131999967, 684, 494356.0, 3500, 2900, 378462),
(6732.206639999989, 685, 494356.0, 3500, 2900, 378463),
(6742.030683999998, 686, 494356.0, 3500, 2900, 378464),
(6751.8872259999625, 687, 494356.0, 3500, 2900, 378425),
(6761.875442999997, 688, 494356.0, 3500, 2900, 378426),
(6771.847756999952, 689, 494356.0, 3500, 2900, 378427),
(6781.949737999996, 690, 494356.0, 3500, 2900, 378428),
(6791.812134000007, 691, 494356.0, 3500, 2900, 378429),
(6801.779298999987, 692, 494356.0, 3500, 2900, 378430),
(6811.760886999953, 693, 494356.0, 3500, 2900, 378431),
(6821.723664999998, 694, 494356.0, 3500, 2900, 378432),
(6831.561898999964, 695, 494356.0, 3500, 2900, 378433),
(6841.475768999953, 696, 494356.0, 3500, 2900, 378434),
(6851.292422999977, 697, 494356.0, 3500, 2900, 378435),
(6861.186670999974, 698, 494356.0, 3500, 2900, 378436),
(6871.038613999961, 699, 494356.0, 3500, 2900, 378437),
(6880.8026459999965, 700, 494356.0, 3500, 2900, 378438),
(6890.745326999982, 701, 494356.0, 3500, 2900, 378439),
(6900.466486999998, 702, 494356.0, 3500, 2900, 378440),
(6910.248527999967, 703, 494356.0, 3500, 2900, 378441),
(6920.087284000008, 704, 494356.0, 3500, 2900, 378442),
(6929.961836999981, 705, 494356.0, 3500, 2900, 378443),
(6939.742625999963, 706, 494356.0, 3500, 2900, 378444),
(6949.612691999995, 707, 494356.0, 3500, 2900, 378445),
(6959.680949999951, 708, 494356.0, 3500, 2900, 378446),
(6969.401674999972, 709, 494356.0, 3500, 2900, 378447),
(6979.316973000008, 710, 494356.0, 3500, 2900, 378448),
(6989.030830000003, 711, 494356.0, 3500, 2900, 378449),
(6998.822218999965, 712, 494356.0, 3500, 2900, 378450),
(7008.827667999954, 713, 494356.0, 3500, 2900, 378451),
(7018.789623999968, 714, 494356.0, 3500, 2900, 378452),
(7028.758406999987, 715, 494356.0, 3500, 2900, 378453),
(7038.793615999981, 716, 494356.0, 3500, 2900, 378454),
(7049.030955999973, 717, 494356.0, 3500, 2900, 378455),
(7059.22607699997, 718, 494356.0, 3500, 2900, 378456),
(7069.282741999952, 719, 494356.0, 3500, 2900, 378457),
(7079.50890799996, 720, 494356.0, 3500, 2900, 378458),
(7089.587170999963, 721, 494356.0, 3500, 2900, 378459),
(7099.656902999966, 722, 494356.0, 3500, 2900, 378460),
(7109.707613999955, 723, 494356.0, 3500, 2900, 378461),
(7119.88869599998, 724, 494356.0, 3500, 2900, 378462),
(7129.85016599996, 725, 494356.0, 3500, 2900, 378463),
(7139.905136999965, 726, 494356.0, 3500, 2900, 378464),
(7149.908426999988, 727, 494356.0, 3500, 3100, 378424),
(7160.053804999974, 728, 494356.0, 3500, 3100, 378425),
(7169.943212999962, 729, 494356.0, 3500, 3100, 378426),
(7179.860366999987, 730, 494356.0, 3500, 3100, 378427),
(7189.989933000004, 731, 494356.0, 3500, 3100, 378428),
(7200.090245999978, 732, 494356.0, 3500, 3100, 378429),
(7210.106536999985, 733, 494356.0, 3500, 3100, 378430),
(7220.215020000003, 734, 494356.0, 3500, 3100, 378431),
(7230.354533999984, 735, 494356.0, 3500, 3100, 378432),
(7240.5214439999545, 736, 494356.0, 3500, 3100, 378433),
(7250.686212999979, 737, 494356.0, 3500, 3100, 378434),
(7260.805817999993, 738, 494356.0, 3500, 3100, 378435),
(7270.738164999988, 739, 494356.0, 3500, 3100, 378436),
(7280.756725999992, 740, 494356.0, 3500, 3100, 378437),
(7290.752913000004, 741, 494356.0, 3500, 3100, 378438),
(7300.702963999996, 742, 494356.0, 3500, 3100, 378439),
(7310.755042999983, 743, 494356.0, 3500, 3100, 378440),
(7320.895057999995, 744, 494356.0, 3500, 3100, 378441),
(7330.815973999968, 745, 494356.0, 3500, 3100, 378442),
(7340.735681999999, 746, 494356.0, 3500, 3100, 378443),
(7350.641813999973, 747, 494356.0, 3500, 3100, 378444),
(7360.615810999996, 748, 494356.0, 3500, 3100, 378445),
(7370.864497000002, 749, 494356.0, 3500, 3100, 378446),
(7380.850172999955, 750, 494356.0, 3500, 3100, 378447),
(7390.979235999985, 751, 494356.0, 3500, 3100, 378448),
(7400.868954999954, 752, 494356.0, 3500, 3100, 378449),
(7410.978629999969, 753, 494356.0, 3500, 3100, 378450),
(7421.031978999963, 754, 494356.0, 3500, 3100, 378451),
(7430.989234999986, 755, 494356.0, 3500, 3100, 378452),
(7441.033793999988, 756, 494356.0, 3500, 3100, 378453),
(7451.0795849999995, 757, 494356.0, 3500, 3100, 378454),
(7461.1104519999935, 758, 494356.0, 3500, 3100, 378455),
(7471.136047999957, 759, 494356.0, 3500, 3100, 378456),
(7481.1182059999555, 760, 494356.0, 3500, 3100, 378457),
(7491.15351699997, 761, 494356.0, 3500, 3100, 378458),
(7501.130342999997, 762, 494356.0, 3500, 3100, 378459),
(7511.1518529999885, 763, 494356.0, 3500, 3100, 378460),
(7521.117211999954, 764, 494356.0, 3500, 3100, 378461),
(7531.299561999971, 765, 494356.0, 3500, 3100, 378462),
(7541.46773199999, 766, 494356.0, 3500, 3100, 378463),
(7551.423832, 767, 494356.0, 3500, 3100, 378464),
(7561.308099999966, 768, 494356.0, 3500, 3100, 378425),
(7571.230761999963, 769, 494356.0, 3500, 3100, 378426),
(7581.380377999973, 770, 494356.0, 3500, 3100, 378427),
(7591.307044999965, 771, 494356.0, 3500, 3100, 378428),
(7601.295599000005, 772, 494356.0, 3500, 3100, 378429),
(7611.2956789999735, 773, 494356.0, 3500, 3100, 378430),
(7621.406355999992, 774, 494356.0, 3500, 3100, 378431),
(7631.448126000003, 775, 494356.0, 3500, 3100, 378432),
(7641.379327999952, 776, 494356.0, 3500, 3100, 378433),
(7651.464496999979, 777, 494356.0, 3500, 3100, 378434),
(7661.581253999961, 778, 494356.0, 3500, 3100, 378435),
(7671.651843999978, 779, 494356.0, 3500, 3100, 378436),
(7681.696337999951, 780, 494356.0, 3500, 3100, 378437),
(7691.552978999971, 781, 494356.0, 3500, 3100, 378438),
(7701.4404429999995, 782, 494356.0, 3500, 3100, 378439),
(7711.3260419999715, 783, 494356.0, 3500, 3100, 378440),
(7721.233340999985, 784, 494356.0, 3500, 3100, 378441),
(7731.259258999955, 785, 494356.0, 3500, 3100, 378442),
(7741.1428869999945, 786, 494356.0, 3500, 3100, 378443),
(7751.013547999959, 787, 494356.0, 3500, 3100, 378444),
(7760.967402999988, 788, 494356.0, 3500, 3100, 378445),
(7770.904214999988, 789, 494356.0, 3500, 3100, 378446),
(7780.877253999992, 790, 494356.0, 3500, 3100, 378447),
(7790.817697999999, 791, 494356.0, 3500, 3100, 378448),
(7800.74292499997, 792, 494356.0, 3500, 3100, 378449),
(7810.615675000008, 793, 494356.0, 3500, 3100, 378450),
(7820.690245999955, 794, 494356.0, 3500, 3100, 378451),
(7830.529046999989, 795, 494356.0, 3500, 3100, 378452),
(7840.307758999988, 796, 494356.0, 3500, 3100, 378453),
(7850.160786999972, 797, 494356.0, 3500, 3100, 378454),
(7859.988744999981, 798, 494356.0, 3500, 3100, 378455),
(7869.780857999984, 799, 494356.0, 3500, 3100, 378456),
(7879.572343999986, 800, 494356.0, 3500, 3100, 378457),
(7889.385195999988, 801, 494356.0, 3500, 3100, 378458),
(7899.142185999954, 802, 494356.0, 3500, 3100, 378459),
(7908.837308999966, 803, 494356.0, 3500, 3100, 378460),
(7918.567243999976, 804, 494356.0, 3500, 3100, 378461),
(7928.381793999986, 805, 494356.0, 3500, 3100, 378462),
(7938.092151999997, 806, 494356.0, 3500, 3100, 378463),
(7947.837581, 807, 494356.0, 3500, 3100, 378464),
(7957.58576799999, 808, 494356.0, 3500, 3100, 378425),
(7967.351533000008, 809, 494356.0, 3500, 3100, 378426),
(7977.116314999992, 810, 494356.0, 3500, 3100, 378427),
(7986.8642779999645, 811, 494356.0, 3500, 3100, 378428),
(7996.566122999997, 812, 494356.0, 3500, 3100, 378429),
(8006.353734999953, 813, 494356.0, 3500, 3100, 378430),
(8016.105905000004, 814, 494356.0, 3500, 3100, 378431),
(8025.8837369999965, 815, 494356.0, 3500, 3100, 378432),
(8035.619191000005, 816, 494356.0, 3500, 3100, 378433),
(8045.345019, 817, 494356.0, 3500, 3100, 378434),
(8055.1115160000045, 818, 494356.0, 3500, 3100, 378435),
(8064.842491999967, 819, 494356.0, 3500, 3100, 378436),
(8074.571681999951, 820, 494356.0, 3500, 3100, 378437),
(8084.355134999962, 821, 494356.0, 3500, 3100, 378438),
(8094.196121999994, 822, 494356.0, 3500, 3100, 378439),
(8103.966147999978, 823, 494356.0, 3500, 3100, 378440),
(8113.796455000003, 824, 494356.0, 3500, 3100, 378441),
(8123.494554999983, 825, 494356.0, 3500, 3100, 378442),
(8133.266705999966, 826, 494356.0, 3500, 3100, 378443),
(8142.996030999988, 827, 494356.0, 3500, 3100, 378444),
(8152.728726999951, 828, 494356.0, 3500, 3100, 378445),
(8162.536995999981, 829, 494356.0, 3500, 3100, 378446),
(8172.264240999997, 830, 494356.0, 3500, 3100, 378447),
(8181.971791999997, 831, 494356.0, 3500, 3100, 378448),
(8191.724451999995, 832, 494356.0, 3500, 3100, 378449),
(8201.558856999967, 833, 494356.0, 3500, 3100, 378450),
(8211.253399999987, 834, 494356.0, 3500, 3100, 378451),
(8220.998277999985, 835, 494356.0, 3500, 3100, 378452),
(8230.78298899997, 836, 494356.0, 3500, 3100, 378453),
(8240.536664999963, 837, 494356.0, 3500, 3100, 378454),
(8250.251205999986, 838, 494356.0, 3500, 3100, 378455),
(8259.947882000008, 839, 494356.0, 3500, 3100, 378456),
(8269.665472999972, 840, 494356.0, 3500, 3100, 378457),
(8279.357718999963, 841, 494356.0, 3500, 3100, 378458),
(8289.05363499996, 842, 494356.0, 3500, 3100, 378459),
(8298.852133999986, 843, 494356.0, 3500, 3100, 378460),
(8308.599973000004, 844, 494356.0, 3500, 3100, 378461),
(8318.390459999966, 845, 494356.0, 3500, 3100, 378462),
(8328.146521999966, 846, 494356.0, 3500, 3100, 378463),
(8338.042766999977, 847, 494356.0, 3500, 3100, 378464),
(8347.794507999963, 848, 494356.0, 3500, 2400, 378424),
(8357.677222999977, 849, 494356.0, 3500, 2400, 378425),
(8367.53842399997, 850, 494356.0, 3500, 2400, 378426),
(8377.34635399998, 851, 494356.0, 3500, 2400, 378427),
(8387.205801000004, 852, 494356.0, 3500, 2400, 378428),
(8397.069388999953, 853, 494356.0, 3500, 2400, 378429),
(8406.87500999996, 854, 494356.0, 3500, 2400, 378430),
(8416.72062399995, 855, 494356.0, 3500, 2400, 378431),
(8426.65724999999, 856, 494356.0, 3500, 2400, 378432),
(8436.538312999997, 857, 494356.0, 3500, 2400, 378433),
(8446.409744999954, 858, 494356.0, 3500, 2400, 378434),
(8456.293856999953, 859, 494356.0, 3500, 2400, 378435),
(8466.156381000008, 860, 494356.0, 3500, 2400, 378436),
(8476.031177999976, 861, 494356.0, 3500, 2400, 378437),
(8486.049337999953, 862, 494356.0, 3500, 2400, 378438),
(8495.953992999974, 863, 494356.0, 3500, 2400, 378439),
(8505.977856999962, 864, 494356.0, 3500, 2400, 378440),
(8515.914621000004, 865, 494356.0, 3500, 2400, 378441),
(8525.75619699998, 866, 494356.0, 3500, 2400, 378442),
(8535.52979999996, 867, 494356.0, 3500, 2400, 378443),
(8545.329808999959, 868, 494356.0, 3500, 2400, 378444),
(8555.26845199999, 869, 494356.0, 3500, 2400, 378445),
(8565.466134999995, 870, 494356.0, 3500, 2400, 378446),
(8575.528923999984, 871, 494356.0, 3500, 2400, 378447),
(8585.754457000003, 872, 494356.0, 3500, 2400, 378448),
(8595.585541000008, 873, 494356.0, 3500, 2400, 378449),
(8605.351250999956, 874, 494356.0, 3500, 2400, 378450),
(8615.068540999957, 875, 494356.0, 3500, 2400, 378451),
(8624.818632999959, 876, 494356.0, 3500, 2400, 378452),
(8634.63045399997, 877, 494356.0, 3500, 2400, 378453),
(8644.374952999991, 878, 494356.0, 3500, 2400, 378454),
(8654.080220000003, 879, 494356.0, 3500, 2400, 378455),
(8663.813419999962, 880, 494356.0, 3500, 2400, 378456),
(8673.553050999995, 881, 494356.0, 3500, 2400, 378457),
(8683.394475999987, 882, 494356.0, 3500, 2400, 378458),
(8693.30547099997, 883, 494356.0, 3500, 2400, 378459),
(8703.209768, 884, 494356.0, 3500, 2400, 378460),
(8713.013113999972, 885, 494356.0, 3500, 2400, 378461),
(8722.764289999963, 886, 494356.0, 3500, 2400, 378462),
(8732.512388999981, 887, 494356.0, 3500, 2400, 378463),
(8742.290462999954, 888, 494356.0, 3500, 2400, 378464),
(8752.174773000006, 889, 494356.0, 3500, 2400, 378425),
(8762.049982999975, 890, 494356.0, 3500, 2400, 378426),
(8771.855347999954, 891, 494356.0, 3500, 2400, 378427),
(8781.564856999961, 892, 494356.0, 3500, 2400, 378428),
(8791.29143599997, 893, 494356.0, 3500, 2400, 378429),
(8800.992868000001, 894, 494356.0, 3500, 2400, 378430),
(8810.714825999981, 895, 494356.0, 3500, 2400, 378431),
(8820.433276999975, 896, 494356.0, 3500, 2400, 378432),
(8830.160166999965, 897, 494356.0, 3500, 2400, 378433),
(8839.933054999972, 898, 494356.0, 3500, 2400, 378434),
(8849.638896999997, 899, 494356.0, 3500, 2400, 378435),
(8859.391072999977, 900, 494356.0, 3500, 2400, 378436),
(8869.147292999958, 901, 494356.0, 3500, 2400, 378437),
(8879.04096199997, 902, 494356.0, 3500, 2400, 378438),
(8888.774015999981, 903, 494356.0, 3500, 2400, 378439),
(8898.472642999957, 904, 494356.0, 3500, 2400, 378440),
(8908.262369000004, 905, 494356.0, 3500, 2400, 378441),
(8918.045623999962, 906, 494356.0, 3500, 2400, 378442),
(8927.744299999962, 907, 494356.0, 3500, 2400, 378443),
(8937.500514999963, 908, 494356.0, 3500, 2400, 378444),
(8947.287280999997, 909, 494356.0, 3500, 2400, 378445),
(8957.04516499996, 910, 494356.0, 3500, 2400, 378446),
(8966.818931999966, 911, 494356.0, 3500, 2400, 378447),
(8976.59468899999, 912, 494356.0, 3500, 2400, 378448),
(8986.36993299995, 913, 494356.0, 3500, 2400, 378449),
(8996.291839999962, 914, 494356.0, 3500, 2400, 378450),
(9006.073035999958, 915, 494356.0, 3500, 2400, 378451),
(9015.862375999975, 916, 494356.0, 3500, 2400, 378452),
(9025.645724000002, 917, 494356.0, 3500, 2400, 378453),
(9035.40287499997, 918, 494356.0, 3500, 2400, 378454),
(9045.127982999955, 919, 494356.0, 3500, 2400, 378455),
(9054.848046, 920, 494356.0, 3500, 2400, 378456),
(9064.565059999994, 921, 494356.0, 3500, 2400, 378457),
(9074.303266999952, 922, 494356.0, 3500, 2400, 378458),
(9083.993724, 923, 494356.0, 3500, 2400, 378459),
(9093.762362999958, 924, 494356.0, 3500, 2400, 378460),
(9103.494520999957, 925, 494356.0, 3500, 2400, 378461),
(9113.255807999987, 926, 494356.0, 3500, 2400, 378462),
(9123.066177, 927, 494356.0, 3500, 2400, 378463),
(9132.893356999964, 928, 494356.0, 3500, 2400, 378464),
(9142.63218299998, 929, 494356.0, 3500, 2400, 378425),
(9152.506923999987, 930, 494356.0, 3500, 2400, 378426),
(9162.282019999984, 931, 494356.0, 3500, 2400, 378427),
(9172.108842999965, 932, 494356.0, 3500, 2400, 378428),
(9181.951335999998, 933, 494356.0, 3500, 2400, 378429),
(9191.73981, 934, 494356.0, 3500, 2400, 378430),
(9201.511284000007, 935, 494356.0, 3500, 2400, 378431),
(9211.371050999966, 936, 494356.0, 3500, 2400, 378432),
(9221.223016999953, 937, 494356.0, 3500, 2400, 378433),
(9230.989104999986, 938, 494356.0, 3500, 2400, 378434),
(9240.739492999972, 939, 494356.0, 3500, 2400, 378435),
(9250.532183000003, 940, 494356.0, 3500, 2400, 378436),
(9260.350936000003, 941, 494356.0, 3500, 2400, 378437),
(9270.224870999984, 942, 494356.0, 3500, 2400, 378438),
(9280.033133999968, 943, 494356.0, 3500, 2400, 378439),
(9289.781511000008, 944, 494356.0, 3500, 2400, 378440),
(9299.588457999984, 945, 494356.0, 3500, 2400, 378441),
(9309.308118999994, 946, 494356.0, 3500, 2400, 378442),
(9319.07890699996, 947, 494356.0, 3500, 2400, 378443),
(9328.772045999998, 948, 494356.0, 3500, 2400, 378444),
(9338.544481999998, 949, 494356.0, 3500, 2400, 378445),
(9348.373343999963, 950, 494356.0, 3500, 2400, 378446),
(9358.152207999956, 951, 494356.0, 3500, 2400, 378447),
(9367.940766999964, 952, 494356.0, 3500, 2400, 378448),
(9377.757299999997, 953, 494356.0, 3500, 2400, 378449),
(9387.50785699999, 954, 494356.0, 3500, 2400, 378450),
(9397.248059999954, 955, 494356.0, 3500, 2400, 378451),
(9407.10401999997, 956, 494356.0, 3500, 2400, 378452),
(9416.990986999997, 957, 494356.0, 3500, 2400, 378453),
(9426.74283199996, 958, 494356.0, 3500, 2400, 378454),
(9436.516194999975, 959, 494356.0, 3500, 2400, 378455),
(9446.277230000007, 960, 494356.0, 3500, 2400, 378456),
(9456.083262, 961, 494356.0, 3500, 2400, 378457),
(9465.86518199998, 962, 494356.0, 3500, 2400, 378458),
(9475.95579799998, 963, 494356.0, 3500, 2400, 378459),
(9485.813743999985, 964, 494356.0, 3500, 2400, 378460),
(9495.650640999957, 965, 494356.0, 3500, 2400, 378461),
(9505.423366000003, 966, 494356.0, 3500, 2400, 378462),
(9515.21888999996, 967, 494356.0, 3500, 2400, 378463),
(9525.014876000001, 968, 494356.0, 3500, 2400, 378464),
(9534.840591999993, 969, 494356.0, 3500, 2500, 378424),
(9544.58336499997, 970, 494356.0, 3500, 2500, 378425),
(9554.327042999968, 971, 494356.0, 3500, 2500, 378426),
(9564.064733000007, 972, 494356.0, 3500, 2500, 378427),
(9573.823343999975, 973, 494356.0, 3500, 2500, 378428),
(9583.695803999959, 974, 494356.0, 3500, 2500, 378429),
(9593.550755999982, 975, 494356.0, 3500, 2500, 378430),
(9603.270992999955, 976, 494356.0, 3500, 2500, 378431),
(9613.142088999972, 977, 494356.0, 3500, 2500, 378432),
(9622.954904999991, 978, 494356.0, 3500, 2500, 378433),
(9632.827397999994, 979, 494356.0, 3500, 2500, 378434),
(9642.688505999977, 980, 494356.0, 3500, 2500, 378435),
(9652.625254999963, 981, 494356.0, 3500, 2500, 378436),
(9662.369830999989, 982, 494356.0, 3500, 2500, 378437),
(9672.133723999956, 983, 494356.0, 3500, 2500, 378438),
(9681.849259999988, 984, 494356.0, 3500, 2500, 378439),
(9691.630423999974, 985, 494356.0, 3500, 2500, 378440),
(9701.403141999966, 986, 494356.0, 3500, 2500, 378441),
(9711.175242999976, 987, 494356.0, 3500, 2500, 378442),
(9721.092078999965, 988, 494356.0, 3500, 2500, 378443),
(9730.885476999974, 989, 494356.0, 3500, 2500, 378444),
(9740.695232999977, 990, 494356.0, 3500, 2500, 378445),
(9750.624499999976, 991, 494356.0, 3500, 2500, 378446),
(9760.590460999985, 992, 494356.0, 3500, 2500, 378447),
(9770.633182999969, 993, 494356.0, 3500, 2500, 378448),
(9780.700653999986, 994, 494356.0, 3500, 2500, 378449),
(9790.605233999959, 995, 494356.0, 3500, 2500, 378450),
(9800.481756999972, 996, 494356.0, 3500, 2500, 378451),
(9810.302433999954, 997, 494356.0, 3500, 2500, 378452),
(9820.060747999989, 998, 494356.0, 3500, 2500, 378453),
(9829.832965999958, 999, 494356.0, 3500, 2500, 378454),
(9839.67128499999, 1000, 494356.0, 3500, 2500, 378455),
(9849.435141999973, 1001, 494356.0, 3500, 2500, 378456),
(9859.49827099999, 1002, 494356.0, 3500, 2500, 378457),
(9869.232082000002, 1003, 494356.0, 3500, 2500, 378458),
(9879.108195999986, 1004, 494356.0, 3500, 2500, 378459),
(9889.076451, 1005, 494356.0, 3500, 2500, 378460),
(9898.833683999954, 1006, 494356.0, 3500, 2500, 378461),
(9908.704790999996, 1007, 494356.0, 3500, 2500, 378462),
(9918.499379999994, 1008, 494356.0, 3500, 2500, 378463),
(9928.287924999953, 1009, 494356.0, 3500, 2500, 378464),
(9938.011855999997, 1010, 494356.0, 3500, 2500, 378425),
(9947.799742000003, 1011, 494356.0, 3500, 2500, 378426),
(9957.728862999997, 1012, 494356.0, 3500, 2500, 378427),
(9967.589714999951, 1013, 494356.0, 3500, 2500, 378428),
(9977.313976999954, 1014, 494356.0, 3500, 2500, 378429),
(9987.134620999976, 1015, 494356.0, 3500, 2500, 378430),
(9996.920632999972, 1016, 494356.0, 3500, 2500, 378431),
(10006.744088999985, 1017, 494356.0, 3500, 2500, 378432),
(10016.541624999954, 1018, 494356.0, 3500, 2500, 378433),
(10026.303809000005, 1019, 494356.0, 3500, 2500, 378434),
(10036.074786999961, 1020, 494356.0, 3500, 2500, 378435),
(10046.032132999972, 1021, 494356.0, 3500, 2500, 378436),
(10055.790052999975, 1022, 494356.0, 3500, 2500, 378437),
(10065.53317999997, 1023, 494356.0, 3500, 2500, 378438),
(10075.343026999966, 1024, 494356.0, 3500, 2500, 378439),
(10085.099530999956, 1025, 494356.0, 3500, 2500, 378440),
(10094.989613999962, 1026, 494356.0, 3500, 2500, 378441),
(10104.717884999991, 1027, 494356.0, 3500, 2500, 378442),
(10114.496123999998, 1028, 494356.0, 3500, 2500, 378443),
(10124.285898999951, 1029, 494356.0, 3500, 2500, 378444),
(10134.119030000002, 1030, 494356.0, 3500, 2500, 378445),
(10144.084354999999, 1031, 494356.0, 3500, 2500, 378446),
(10153.915819999995, 1032, 494356.0, 3500, 2500, 378447),
(10163.707655999984, 1033, 494356.0, 3500, 2500, 378448),
(10173.581980999967, 1034, 494356.0, 3500, 2500, 378449),
(10183.391074999992, 1035, 494356.0, 3500, 2500, 378450),
(10193.221910999971, 1036, 494356.0, 3500, 2500, 378451),
(10203.090502000006, 1037, 494356.0, 3500, 2500, 378452),
(10212.940110999974, 1038, 494356.0, 3500, 2500, 378453),
(10222.68243299995, 1039, 494356.0, 3500, 2500, 378454),
(10232.534951999958, 1040, 494356.0, 3500, 2500, 378455),
(10242.34047699999, 1041, 494356.0, 3500, 2500, 378456),
(10252.196185999957, 1042, 494356.0, 3500, 2500, 378457),
(10262.350516999955, 1043, 494356.0, 3500, 2500, 378458),
(10272.515697999974, 1044, 494356.0, 3500, 2500, 378459),
(10282.295369, 1045, 494356.0, 3500, 2500, 378460),
(10292.102529999975, 1046, 494356.0, 3500, 2500, 378461),
(10301.918902999954, 1047, 494356.0, 3500, 2500, 378462),
(10311.694044999953, 1048, 494356.0, 3500, 2500, 378463),
(10321.518564999977, 1049, 494356.0, 3500, 2500, 378464),
(10331.36209999997, 1050, 494356.0, 3500, 2500, 378425),
(10341.105825999985, 1051, 494356.0, 3500, 2500, 378426),
(10350.90115999995, 1052, 494356.0, 3500, 2500, 378427),
(10360.83737699996, 1053, 494356.0, 3500, 2500, 378428),
(10370.757475999999, 1054, 494356.0, 3500, 2500, 378429),
(10380.854137999995, 1055, 494356.0, 3500, 2500, 378430),
(10390.833750999998, 1056, 494356.0, 3500, 2500, 378431),
(10400.757905999955, 1057, 494356.0, 3500, 2500, 378432),
(10410.886678999988, 1058, 494356.0, 3500, 2500, 378433),
(10420.672024999978, 1059, 494356.0, 3500, 2500, 378434),
(10430.507609999971, 1060, 494356.0, 3500, 2500, 378435),
(10440.372187, 1061, 494356.0, 3500, 2500, 378436),
(10450.30646599998, 1062, 494356.0, 3500, 2500, 378437),
(10460.125591999968, 1063, 494356.0, 3500, 2500, 378438),
(10469.938760999998, 1064, 494356.0, 3500, 2500, 378439),
(10479.826843999967, 1065, 494356.0, 3500, 2500, 378440),
(10489.828569999954, 1066, 494356.0, 3500, 2500, 378441),
(10499.571506999957, 1067, 494356.0, 3500, 2500, 378442),
(10509.29561999999, 1068, 494356.0, 3500, 2500, 378443),
(10519.12271299999, 1069, 494356.0, 3500, 2500, 378444),
(10529.078508999955, 1070, 494356.0, 3500, 2500, 378445),
(10538.910850999993, 1071, 494356.0, 3500, 2500, 378446),
(10548.792794999958, 1072, 494356.0, 3500, 2500, 378447),
(10558.87601399998, 1073, 494356.0, 3500, 2500, 378448),
(10568.803465000005, 1074, 494356.0, 3500, 2500, 378449),
(10578.588560999953, 1075, 494356.0, 3500, 2500, 378450),
(10588.415421999991, 1076, 494356.0, 3500, 2500, 378451),
(10598.357025999983, 1077, 494356.0, 3500, 2500, 378452),
(10608.413287999982, 1078, 494356.0, 3500, 2500, 378453),
(10618.315992999997, 1079, 494356.0, 3500, 2500, 378454),
(10628.184615999984, 1080, 494356.0, 3500, 2500, 378455),
(10638.052764999971, 1081, 494356.0, 3500, 2500, 378456),
(10647.82406699995, 1082, 494356.0, 3500, 2500, 378457),
(10657.569549999957, 1083, 494356.0, 3500, 2500, 378458),
(10667.405328999972, 1084, 494356.0, 3500, 2500, 378459),
(10677.412899999996, 1085, 494356.0, 3500, 2500, 378460),
(10687.172433, 1086, 494356.0, 3500, 2500, 378461),
(10696.940245000005, 1087, 494356.0, 3500, 2500, 378462),
(10706.680416999967, 1088, 494356.0, 3500, 2500, 378463),
(10716.405304999964, 1089, 494356.0, 3500, 2500, 378464),
(10726.183835999982, 1090, 494356.0, 3500, 2600, 378424),
(10736.084451999981, 1091, 494356.0, 3500, 2600, 378425),
(10745.872634999978, 1092, 494356.0, 3500, 2600, 378426),
(10755.820655999996, 1093, 494356.0, 3500, 2600, 378427),
(10765.629029999953, 1094, 494356.0, 3500, 2600, 378428),
(10775.33360199997, 1095, 494356.0, 3500, 2600, 378429),
(10785.11308499996, 1096, 494356.0, 3500, 2600, 378430),
(10794.891597999958, 1097, 494356.0, 3500, 2600, 378431),
(10804.66836999997, 1098, 494356.0, 3500, 2600, 378432),
(10814.421933999984, 1099, 494356.0, 3500, 2600, 378433),
(10824.19395299995, 1100, 494356.0, 3500, 2600, 378434),
(10834.034163999953, 1101, 494356.0, 3500, 2600, 378435),
(10843.891839999997, 1102, 494356.0, 3500, 2600, 378436),
(10853.632953999972, 1103, 494356.0, 3500, 2600, 378437),
(10863.344431999954, 1104, 494356.0, 3500, 2600, 378438),
(10873.23891299998, 1105, 494356.0, 3500, 2600, 378439),
(10882.999560999975, 1106, 494356.0, 3500, 2600, 378440),
(10892.775058, 1107, 494356.0, 3500, 2600, 378441),
(10902.72729499999, 1108, 494356.0, 3500, 2600, 378442),
(10912.636083999998, 1109, 494356.0, 3500, 2600, 378443),
(10922.53830799996, 1110, 494356.0, 3500, 2600, 378444),
(10932.404200999998, 1111, 494356.0, 3500, 2600, 378445),
(10942.242419999966, 1112, 494356.0, 3500, 2600, 378446),
(10952.110340999963, 1113, 494356.0, 3500, 2600, 378447),
(10961.899656999973, 1114, 494356.0, 3500, 2600, 378448),
(10971.712414999958, 1115, 494356.0, 3500, 2600, 378449),
(10981.607182000007, 1116, 494356.0, 3500, 2600, 378450),
(10991.335869000002, 1117, 494356.0, 3500, 2600, 378451),
(11001.201024999958, 1118, 494356.0, 3500, 2600, 378452),
(11011.104026999965, 1119, 494356.0, 3500, 2600, 378453),
(11020.91068099998, 1120, 494356.0, 3500, 2600, 378454),
(11030.84080299997, 1121, 494356.0, 3500, 2600, 378455),
(11040.583772999991, 1122, 494356.0, 3500, 2600, 378456),
(11050.419926000002, 1123, 494356.0, 3500, 2600, 378457),
(11060.348671999993, 1124, 494356.0, 3500, 2600, 378458),
(11070.374144000001, 1125, 494356.0, 3500, 2600, 378459),
(11080.111259999976, 1126, 494356.0, 3500, 2600, 378460),
(11089.959476999997, 1127, 494356.0, 3500, 2600, 378461),
(11099.806681999995, 1128, 494356.0, 3500, 2600, 378462),
(11109.715763999964, 1129, 494356.0, 3500, 2600, 378463),
(11119.605981, 1130, 494356.0, 3500, 2600, 378464),
(11129.562116999994, 1131, 494356.0, 3500, 2600, 378425),
(11139.40890899999, 1132, 494356.0, 3500, 2600, 378426),
(11149.174746999983, 1133, 494356.0, 3500, 2600, 378427),
(11159.039083999989, 1134, 494356.0, 3500, 2600, 378428),
(11168.863385999983, 1135, 494356.0, 3500, 2600, 378429),
(11178.682257000008, 1136, 494356.0, 3500, 2600, 378430),
(11188.66287499998, 1137, 494356.0, 3500, 2600, 378431),
(11198.608665999956, 1138, 494356.0, 3500, 2600, 378432),
(11208.38171399996, 1139, 494356.0, 3500, 2600, 378433),
(11218.293054999958, 1140, 494356.0, 3500, 2600, 378434),
(11228.158347999968, 1141, 494356.0, 3500, 2600, 378435),
(11237.956071999972, 1142, 494356.0, 3500, 2600, 378436),
(11247.724247000006, 1143, 494356.0, 3500, 2600, 378437),
(11257.648325999966, 1144, 494356.0, 3500, 2600, 378438),
(11267.747333000007, 1145, 494356.0, 3500, 2600, 378439),
(11277.614004999981, 1146, 494356.0, 3500, 2600, 378440),
(11287.387400000007, 1147, 494356.0, 3500, 2600, 378441),
(11297.556224, 1148, 494356.0, 3500, 2600, 378442),
(11307.41754699999, 1149, 494356.0, 3500, 2600, 378443),
(11317.292023999966, 1150, 494356.0, 3500, 2600, 378444),
(11327.144417000003, 1151, 494356.0, 3500, 2600, 378445),
(11336.923267999955, 1152, 494356.0, 3500, 2600, 378446),
(11346.682692999952, 1153, 494356.0, 3500, 2600, 378447),
(11356.42736599996, 1154, 494356.0, 3500, 2600, 378448),
(11366.46452499996, 1155, 494356.0, 3500, 2600, 378449),
(11376.32839899999, 1156, 494356.0, 3500, 2600, 378450),
(11386.136421999952, 1157, 494356.0, 3500, 2600, 378451),
(11396.023686999979, 1158, 494356.0, 3500, 2600, 378452),
(11405.826793999993, 1159, 494356.0, 3500, 2600, 378453),
(11415.799293999968, 1160, 494356.0, 3500, 2600, 378454),
(11425.614803999953, 1161, 494356.0, 3500, 2600, 378455),
(11435.375141999975, 1162, 494356.0, 3500, 2600, 378456),
(11445.284846999974, 1163, 494356.0, 3500, 2600, 378457),
(11455.025619999971, 1164, 494356.0, 3500, 2600, 378458),
(11464.850501000008, 1165, 494356.0, 3500, 2600, 378459),
(11474.724101, 1166, 494356.0, 3500, 2600, 378460),
(11484.56707499997, 1167, 494356.0, 3500, 2600, 378461),
(11494.414447999967, 1168, 494356.0, 3500, 2600, 378462),
(11504.312019999954, 1169, 494356.0, 3500, 2600, 378463),
(11514.131484999962, 1170, 494356.0, 3500, 2600, 378464),
(11523.890947000007, 1171, 494356.0, 3500, 2600, 378425),
(11533.752206999983, 1172, 494356.0, 3500, 2600, 378426),
(11543.61260599998, 1173, 494356.0, 3500, 2600, 378427),
(11553.569490999973, 1174, 494356.0, 3500, 2600, 378428),
(11563.420413999993, 1175, 494356.0, 3500, 2600, 378429),
(11573.370743000007, 1176, 494356.0, 3500, 2600, 378430),
(11583.349822999968, 1177, 494356.0, 3500, 2600, 378431),
(11593.367800999957, 1178, 494356.0, 3500, 2600, 378432),
(11603.279550999985, 1179, 494356.0, 3500, 2600, 378433),
(11613.148342999979, 1180, 494356.0, 3500, 2600, 378434),
(11623.034224000003, 1181, 494356.0, 3500, 2600, 378435),
(11633.004084999964, 1182, 494356.0, 3500, 2600, 378436),
(11642.982103999995, 1183, 494356.0, 3500, 2600, 378437),
(11652.915685999964, 1184, 494356.0, 3500, 2600, 378438),
(11662.860791999963, 1185, 494356.0, 3500, 2600, 378439),
(11672.746098999982, 1186, 494356.0, 3500, 2600, 378440),
(11682.498468999984, 1187, 494356.0, 3500, 2600, 378441),
(11692.253192999982, 1188, 494356.0, 3500, 2600, 378442),
(11702.050698000006, 1189, 494356.0, 3500, 2600, 378443),
(11711.947470999963, 1190, 494356.0, 3500, 2600, 378444),
(11721.705668999988, 1191, 494356.0, 3500, 2600, 378445),
(11731.484996999963, 1192, 494356.0, 3500, 2600, 378446),
(11741.228077999956, 1193, 494356.0, 3500, 2600, 378447),
(11751.23301799997, 1194, 494356.0, 3500, 2600, 378448),
(11760.993990999996, 1195, 494356.0, 3500, 2600, 378449),
(11770.801780999987, 1196, 494356.0, 3500, 2600, 378450),
(11780.517399999953, 1197, 494356.0, 3500, 2600, 378451),
(11790.252994999988, 1198, 494356.0, 3500, 2600, 378452),
(11800.099545000005, 1199, 494356.0, 3500, 2600, 378453),
(11809.950666999968, 1200, 494356.0, 3500, 2600, 378454),
(11819.657819999964, 1201, 494356.0, 3500, 2600, 378455),
(11829.526759999979, 1202, 494356.0, 3500, 2600, 378456),
(11839.294179999968, 1203, 494356.0, 3500, 2600, 378457),
(11849.003723000002, 1204, 494356.0, 3500, 2600, 378458),
(11858.79111499997, 1205, 494356.0, 3500, 2600, 378459),
(11868.639127999952, 1206, 494356.0, 3500, 2600, 378460),
(11878.467231999966, 1207, 494356.0, 3500, 2600, 378461),
(11888.213208000001, 1208, 494356.0, 3500, 2600, 378462),
(11897.992958999996, 1209, 494356.0, 3500, 2600, 378463),
(11907.764354999992, 1210, 494356.0, 3500, 2600, 378464),
(11917.612403000006, 1211, 494356.0, 3500, 2700, 378424),
(11927.415669999958, 1212, 494356.0, 3500, 2700, 378425),
(11937.35116099997, 1213, 494356.0, 3500, 2700, 378426),
(11947.154770999972, 1214, 494356.0, 3500, 2700, 378427),
(11956.903033999959, 1215, 494356.0, 3500, 2700, 378428),
(11966.968001000001, 1216, 494356.0, 3500, 2700, 378429),
(11976.818986999977, 1217, 494356.0, 3500, 2700, 378430),
(11986.70679299999, 1218, 494356.0, 3500, 2700, 378431),
(11996.714321999985, 1219, 494356.0, 3500, 2700, 378432),
(12006.60131399997, 1220, 494356.0, 3500, 2700, 378433),
(12016.534233999962, 1221, 494356.0, 3500, 2700, 378434),
(12026.501734999998, 1222, 494356.0, 3500, 2700, 378435),
(12036.388878999976, 1223, 494356.0, 3500, 2700, 378436),
(12046.27507199999, 1224, 494356.0, 3500, 2700, 378437),
(12056.36827799998, 1225, 494356.0, 3500, 2700, 378438),
(12066.34812499996, 1226, 494356.0, 3500, 2700, 378439),
(12076.295155, 1227, 494356.0, 3500, 2700, 378440),
(12086.281648999953, 1228, 494356.0, 3500, 2700, 378441),
(12096.183054999972, 1229, 494356.0, 3500, 2700, 378442),
(12106.02898599999, 1230, 494356.0, 3500, 2700, 378443),
(12116.004794999957, 1231, 494356.0, 3500, 2700, 378444),
(12125.802257999952, 1232, 494356.0, 3500, 2700, 378445),
(12135.556538000004, 1233, 494356.0, 3500, 2700, 378446),
(12145.320316999976, 1234, 494356.0, 3500, 2700, 378447),
(12155.172051000001, 1235, 494356.0, 3500, 2700, 378448),
(12165.130099999951, 1236, 494356.0, 3500, 2700, 378449),
(12175.133908999967, 1237, 494356.0, 3500, 2700, 378450),
(12184.999248999986, 1238, 494356.0, 3500, 2700, 378451),
(12194.82018499996, 1239, 494356.0, 3500, 2700, 378452),
(12204.772878999996, 1240, 494356.0, 3500, 2700, 378453),
(12214.644819999987, 1241, 494356.0, 3500, 2700, 378454),
(12224.473358999996, 1242, 494356.0, 3500, 2700, 378455),
(12234.316621000005, 1243, 494356.0, 3500, 2700, 378456),
(12244.152034999977, 1244, 494356.0, 3500, 2700, 378457),
(12253.926432000007, 1245, 494356.0, 3500, 2700, 378458),
(12263.838828999957, 1246, 494356.0, 3500, 2700, 378459),
(12273.59208599996, 1247, 494356.0, 3500, 2700, 378460),
(12283.318881999992, 1248, 494356.0, 3500, 2700, 378461),
(12293.031388000003, 1249, 494356.0, 3500, 2700, 378462),
(12302.774351999979, 1250, 494356.0, 3500, 2700, 378463),
(12312.571490000002, 1251, 494356.0, 3500, 2700, 378464),
(12322.398929999967, 1252, 494356.0, 3500, 2700, 378425),
(12332.12459599995, 1253, 494356.0, 3500, 2700, 378426),
(12341.903746999975, 1254, 494356.0, 3500, 2700, 378427),
(12351.685842999956, 1255, 494356.0, 3500, 2700, 378428),
(12361.397445999959, 1256, 494356.0, 3500, 2700, 378429),
(12371.114864999952, 1257, 494356.0, 3500, 2700, 378430),
(12380.834283999982, 1258, 494356.0, 3500, 2700, 378431),
(12390.704595999967, 1259, 494356.0, 3500, 2700, 378432),
(12400.41354899999, 1260, 494356.0, 3500, 2700, 378433),
(12410.127707000007, 1261, 494356.0, 3500, 2700, 378434),
(12419.867333999951, 1262, 494356.0, 3500, 2700, 378435),
(12429.61011899996, 1263, 494356.0, 3500, 2700, 378436),
(12439.397697000008, 1264, 494356.0, 3500, 2700, 378437),
(12449.098307000007, 1265, 494356.0, 3500, 2700, 378438),
(12458.986664999975, 1266, 494356.0, 3500, 2700, 378439),
(12468.71650899999, 1267, 494356.0, 3500, 2700, 378440),
(12478.493266000005, 1268, 494356.0, 3500, 2700, 378441),
(12488.452430000005, 1269, 494356.0, 3500, 2700, 378442),
(12498.37715799996, 1270, 494356.0, 3500, 2700, 378443),
(12508.086913999985, 1271, 494356.0, 3500, 2700, 378444),
(12517.76802899997, 1272, 494356.0, 3500, 2700, 378445),
(12527.730477000005, 1273, 494356.0, 3500, 2700, 378446),
(12537.714623000007, 1274, 494356.0, 3500, 2700, 378447),
(12547.469678999973, 1275, 494356.0, 3500, 2700, 378448),
(12557.29528099997, 1276, 494356.0, 3500, 2700, 378449),
(12567.169729999965, 1277, 494356.0, 3500, 2700, 378450),
(12576.903106999991, 1278, 494356.0, 3500, 2700, 378451),
(12586.61360099999, 1279, 494356.0, 3500, 2700, 378452),
(12596.437722999952, 1280, 494356.0, 3500, 2700, 378453),
(12606.276883999992, 1281, 494356.0, 3500, 2700, 378454),
(12616.386006999994, 1282, 494356.0, 3500, 2700, 378455),
(12626.157775999978, 1283, 494356.0, 3500, 2700, 378456),
(12636.124060999951, 1284, 494356.0, 3500, 2700, 378457),
(12646.026434, 1285, 494356.0, 3500, 2700, 378458),
(12655.914428999997, 1286, 494356.0, 3500, 2700, 378459),
(12665.681936000008, 1287, 494356.0, 3500, 2700, 378460),
(12675.729752999963, 1288, 494356.0, 3500, 2700, 378461),
(12685.787374000007, 1289, 494356.0, 3500, 2700, 378462),
(12695.682199999981, 1290, 494356.0, 3500, 2700, 378463),
(12705.666208999988, 1291, 494356.0, 3500, 2700, 378464),
(12715.48211599997, 1292, 494356.0, 3500, 2700, 378425),
(12725.309088999988, 1293, 494356.0, 3500, 2700, 378426),
(12735.33042199997, 1294, 494356.0, 3500, 2700, 378427),
(12745.202110999962, 1295, 494356.0, 3500, 2700, 378428),
(12755.241865999997, 1296, 494356.0, 3500, 2700, 378429),
(12765.124099999957, 1297, 494356.0, 3500, 2700, 378430),
(12775.071460000006, 1298, 494356.0, 3500, 2700, 378431),
(12784.945073999988, 1299, 494356.0, 3500, 2700, 378432),
(12794.847357999999, 1300, 494356.0, 3500, 2700, 378433),
(12804.722662999993, 1301, 494356.0, 3500, 2700, 378434),
(12814.510958999977, 1302, 494356.0, 3500, 2700, 378435),
(12824.257721000002, 1303, 494356.0, 3500, 2700, 378436),
(12833.96534699999, 1304, 494356.0, 3500, 2700, 378437),
(12843.873473999964, 1305, 494356.0, 3500, 2700, 378438),
(12853.798863000004, 1306, 494356.0, 3500, 2700, 378439),
(12863.705320999958, 1307, 494356.0, 3500, 2700, 378440),
(12873.557883000001, 1308, 494356.0, 3500, 2700, 378441),
(12883.297878999962, 1309, 494356.0, 3500, 2700, 378442),
(12893.064274000004, 1310, 494356.0, 3500, 2700, 378443),
(12902.91303299996, 1311, 494356.0, 3500, 2700, 378444),
(12912.671520999982, 1312, 494356.0, 3500, 2700, 378445),
(12922.417113999953, 1313, 494356.0, 3500, 2700, 378446),
(12932.14074199996, 1314, 494356.0, 3500, 2700, 378447),
(12942.012683000008, 1315, 494356.0, 3500, 2700, 378448),
(12951.889105999959, 1316, 494356.0, 3500, 2700, 378449),
(12961.695248999982, 1317, 494356.0, 3500, 2700, 378450),
(12971.448042999953, 1318, 494356.0, 3500, 2700, 378451),
(12981.416717999964, 1319, 494356.0, 3500, 2700, 378452),
(12991.30706099997, 1320, 494356.0, 3500, 2700, 378453),
(13001.148130999994, 1321, 494356.0, 3500, 2700, 378454),
(13010.994204999995, 1322, 494356.0, 3500, 2700, 378455),
(13021.516963000002, 1323, 494356.0, 3500, 2700, 378456),
(13031.250805999967, 1324, 494356.0, 3500, 2700, 378457),
(13040.975976999965, 1325, 494356.0, 3500, 2700, 378458),
(13050.762826999999, 1326, 494356.0, 3500, 2700, 378459),
(13060.773690999951, 1327, 494356.0, 3500, 2700, 378460),
(13070.708346, 1328, 494356.0, 3500, 2700, 378461),
(13080.682318999956, 1329, 494356.0, 3500, 2700, 378462),
(13090.478237000003, 1330, 494356.0, 3500, 2700, 378463),
(13100.243948999967, 1331, 494356.0, 3500, 2700, 378464),
(13110.222988999973, 1332, 494356.0, 3500, 2800, 378424),
(13120.069680999964, 1333, 494356.0, 3500, 2800, 378425),
(13130.017170000006, 1334, 494356.0, 3500, 2800, 378426),
(13139.75310999999, 1335, 494356.0, 3500, 2800, 378427),
(13149.566308999958, 1336, 494356.0, 3500, 2800, 378428),
(13159.503492999997, 1337, 494356.0, 3500, 2800, 378429),
(13169.27072999999, 1338, 494356.0, 3500, 2800, 378430),
(13179.054279999982, 1339, 494356.0, 3500, 2800, 378431),
(13188.754637999984, 1340, 494356.0, 3500, 2800, 378432),
(13198.500801999995, 1341, 494356.0, 3500, 2800, 378433),
(13208.285983999958, 1342, 494356.0, 3500, 2800, 378434),
(13218.05548499996, 1343, 494356.0, 3500, 2800, 378435),
(13227.785035999957, 1344, 494356.0, 3500, 2800, 378436),
(13237.654871999985, 1345, 494356.0, 3500, 2800, 378437),
(13247.41515299998, 1346, 494356.0, 3500, 2800, 378438),
(13257.151679999952, 1347, 494356.0, 3500, 2800, 378439),
(13266.95711899997, 1348, 494356.0, 3500, 2800, 378440),
(13276.779619999987, 1349, 494356.0, 3500, 2800, 378441),
(13286.604297999991, 1350, 494356.0, 3500, 2800, 378442),
(13296.451000000001, 1351, 494356.0, 3500, 2800, 378443),
(13306.23051699996, 1352, 494356.0, 3500, 2800, 378444),
(13316.155932999973, 1353, 494356.0, 3500, 2800, 378445),
(13325.921746999957, 1354, 494356.0, 3500, 2800, 378446),
(13335.721384999983, 1355, 494356.0, 3500, 2800, 378447),
(13345.563528999977, 1356, 494356.0, 3500, 2800, 378448),
(13355.350638999953, 1357, 494356.0, 3500, 2800, 378449),
(13365.188185999985, 1358, 494356.0, 3500, 2800, 378450),
(13375.087816999992, 1359, 494356.0, 3500, 2800, 378451),
(13384.869196999993, 1360, 494356.0, 3500, 2800, 378452),
(13394.641311999992, 1361, 494356.0, 3500, 2800, 378453),
(13404.513712999993, 1362, 494356.0, 3500, 2800, 378454),
(13414.547703999968, 1363, 494356.0, 3500, 2800, 378455),
(13424.597907999996, 1364, 494356.0, 3500, 2800, 378456),
(13434.39293599996, 1365, 494356.0, 3500, 2800, 378457),
(13444.214716999966, 1366, 494356.0, 3500, 2800, 378458),
(13453.968575000006, 1367, 494356.0, 3500, 2800, 378459),
(13463.744315999968, 1368, 494356.0, 3500, 2800, 378460),
(13473.538926000008, 1369, 494356.0, 3500, 2800, 378461),
(13483.386026999971, 1370, 494356.0, 3500, 2800, 378462),
(13493.222038000007, 1371, 494356.0, 3500, 2800, 378463),
(13502.991532999964, 1372, 494356.0, 3500, 2800, 378464),
(13512.764653999999, 1373, 494356.0, 3500, 2800, 378425),
(13522.812116999994, 1374, 494356.0, 3500, 2800, 378426),
(13532.563078999985, 1375, 494356.0, 3500, 2800, 378427),
(13542.370014999993, 1376, 494356.0, 3500, 2800, 378428),
(13552.166746000003, 1377, 494356.0, 3500, 2800, 378429),
(13561.905417999951, 1378, 494356.0, 3500, 2800, 378430),
(13571.655781999987, 1379, 494356.0, 3500, 2800, 378431),
(13581.420195999963, 1380, 494356.0, 3500, 2800, 378432),
(13591.475424999953, 1381, 494356.0, 3500, 2800, 378433),
(13601.398537000001, 1382, 494356.0, 3500, 2800, 378434),
(13611.272187999974, 1383, 494356.0, 3500, 2800, 378435),
(13621.218440999975, 1384, 494356.0, 3500, 2800, 378436),
(13630.980420999986, 1385, 494356.0, 3500, 2800, 378437),
(13640.87121199997, 1386, 494356.0, 3500, 2800, 378438),
(13650.846374999965, 1387, 494356.0, 3500, 2800, 378439),
(13660.882204999973, 1388, 494356.0, 3500, 2800, 378440),
(13670.797672999965, 1389, 494356.0, 3500, 2800, 378441),
(13680.561088999966, 1390, 494356.0, 3500, 2800, 378442),
(13690.268057000008, 1391, 494356.0, 3500, 2800, 378443),
(13700.13125799998, 1392, 494356.0, 3500, 2800, 378444),
(13709.977980999975, 1393, 494356.0, 3500, 2800, 378445),
(13719.894694999966, 1394, 494356.0, 3500, 2800, 378446),
(13729.597920999979, 1395, 494356.0, 3500, 2800, 378447),
(13739.481709999964, 1396, 494356.0, 3500, 2800, 378448),
(13749.327772999997, 1397, 494356.0, 3500, 2800, 378449),
(13759.147966999968, 1398, 494356.0, 3500, 2800, 378450),
(13769.019016999984, 1399, 494356.0, 3500, 2800, 378451),
(13778.842972999963, 1400, 494356.0, 3500, 2800, 378452),
(13788.799693999987, 1401, 494356.0, 3500, 2800, 378453),
(13798.680550999998, 1402, 494356.0, 3500, 2800, 378454),
(13808.69878799998, 1403, 494356.0, 3500, 2800, 378455),
(13818.45431099995, 1404, 494356.0, 3500, 2800, 378456),
(13828.287355999986, 1405, 494356.0, 3500, 2800, 378457),
(13838.174327999994, 1406, 494356.0, 3500, 2800, 378458),
(13848.069388999953, 1407, 494356.0, 3500, 2800, 378459),
(13857.840725999966, 1408, 494356.0, 3500, 2800, 378460),
(13867.558426000003, 1409, 494356.0, 3500, 2800, 378461),
(13877.28831699997, 1410, 494356.0, 3500, 2800, 378462),
(13887.13234499999, 1411, 494356.0, 3500, 2800, 378463),
(13896.878017999989, 1412, 494356.0, 3500, 2800, 378464),
(13906.596882999991, 1413, 494356.0, 3500, 2800, 378425),
(13916.345513999986, 1414, 494356.0, 3500, 2800, 378426),
(13926.100220999971, 1415, 494356.0, 3500, 2800, 378427),
(13935.878411999962, 1416, 494356.0, 3500, 2800, 378428),
(13945.617067999963, 1417, 494356.0, 3500, 2800, 378429),
(13955.331804999965, 1418, 494356.0, 3500, 2800, 378430),
(13965.048256999988, 1419, 494356.0, 3500, 2800, 378431),
(13974.920672999986, 1420, 494356.0, 3500, 2800, 378432),
(13984.691273999983, 1421, 494356.0, 3500, 2800, 378433),
(13994.626440999971, 1422, 494356.0, 3500, 2800, 378434),
(14004.349262999953, 1423, 494356.0, 3500, 2800, 378435),
(14014.159881, 1424, 494356.0, 3500, 2800, 378436),
(14023.889158999955, 1425, 494356.0, 3500, 2800, 378437),
(14033.727286999987, 1426, 494356.0, 3500, 2800, 378438),
(14043.531319999951, 1427, 494356.0, 3500, 2800, 378439),
(14053.336681999965, 1428, 494356.0, 3500, 2800, 378440),
(14063.156689999974, 1429, 494356.0, 3500, 2800, 378441),
(14072.957379999978, 1430, 494356.0, 3500, 2800, 378442),
(14082.836635999964, 1431, 494356.0, 3500, 2800, 378443),
(14092.670671999978, 1432, 494356.0, 3500, 2800, 378444),
(14102.660308999999, 1433, 494356.0, 3500, 2800, 378445),
(14112.54401199997, 1434, 494356.0, 3500, 2800, 378446),
(14122.403524999972, 1435, 494356.0, 3500, 2800, 378447),
(14132.166287, 1436, 494356.0, 3500, 2800, 378448),
(14142.096296999953, 1437, 494356.0, 3500, 2800, 378449),
(14152.011306, 1438, 494356.0, 3500, 2800, 378450),
(14161.888751999999, 1439, 494356.0, 3500, 2800, 378451),
(14171.73212499998, 1440, 494356.0, 3500, 2800, 378452),
(14181.524974, 1441, 494356.0, 3500, 2800, 378453),
(14191.283638999972, 1442, 494356.0, 3500, 2800, 378454),
(14201.020214999968, 1443, 494356.0, 3500, 2800, 378455),
(14210.926668, 1444, 494356.0, 3500, 2800, 378456),
(14220.630015000002, 1445, 494356.0, 3500, 2800, 378457),
(14230.416865999985, 1446, 494356.0, 3500, 2800, 378458),
(14240.345436999982, 1447, 494356.0, 3500, 2800, 378459),
(14250.103329000005, 1448, 494356.0, 3500, 2800, 378460),
(14259.856277999992, 1449, 494356.0, 3500, 2800, 378461),
(14269.59456399997, 1450, 494356.0, 3500, 2800, 378462),
(14279.414611999993, 1451, 494356.0, 3500, 2800, 378463),
(14289.18238199997, 1452, 494356.0, 3500, 2800, 378464),
(14299.057398999983, 1453, 494356.0, 3500, 2900, 378424),
(14309.052043999953, 1454, 494356.0, 3500, 2900, 378425),
(14318.802448000002, 1455, 494356.0, 3500, 2900, 378426),
(14328.574105000007, 1456, 494356.0, 3500, 2900, 378427),
(14338.29926499998, 1457, 494356.0, 3500, 2900, 378428),
(14348.076256999979, 1458, 494356.0, 3500, 2900, 378429),
(14357.96624899999, 1459, 494356.0, 3500, 2900, 378430),
(14367.701327999996, 1460, 494356.0, 3500, 2900, 378431),
(14377.452461000008, 1461, 494356.0, 3500, 2900, 378432),
(14387.301605999994, 1462, 494356.0, 3500, 2900, 378433),
(14397.113742999965, 1463, 494356.0, 3500, 2900, 378434),
(14406.847626000002, 1464, 494356.0, 3500, 2900, 378435),
(14416.591186999984, 1465, 494356.0, 3500, 2900, 378436),
(14426.356316999998, 1466, 494356.0, 3500, 2900, 378437),
(14436.077147999953, 1467, 494356.0, 3500, 2900, 378438),
(14445.905578000005, 1468, 494356.0, 3500, 2900, 378439),
(14455.755254999967, 1469, 494356.0, 3500, 2900, 378440),
(14465.699528999976, 1470, 494356.0, 3500, 2900, 378441),
(14475.429147999967, 1471, 494356.0, 3500, 2900, 378442),
(14485.240537999955, 1472, 494356.0, 3500, 2900, 378443),
(14495.027615999978, 1473, 494356.0, 3500, 2900, 378444),
(14504.857147999981, 1474, 494356.0, 3500, 2900, 378445),
(14514.692917999986, 1475, 494356.0, 3500, 2900, 378446),
(14524.504711999965, 1476, 494356.0, 3500, 2900, 378447),
(14534.321519999998, 1477, 494356.0, 3500, 2900, 378448),
(14544.075188999996, 1478, 494356.0, 3500, 2900, 378449),
(14553.95747199998, 1479, 494356.0, 3500, 2900, 378450),
(14563.738852999988, 1480, 494356.0, 3500, 2900, 378451),
(14573.606731999957, 1481, 494356.0, 3500, 2900, 378452),
(14583.378977999964, 1482, 494356.0, 3500, 2900, 378453),
(14593.298453999974, 1483, 494356.0, 3500, 2900, 378454),
(14603.235063, 1484, 494356.0, 3500, 2900, 378455),
(14613.080376999977, 1485, 494356.0, 3500, 2900, 378456),
(14623.020225999993, 1486, 494356.0, 3500, 2900, 378457),
(14633.090633999964, 1487, 494356.0, 3500, 2900, 378458),
(14643.004929999996, 1488, 494356.0, 3500, 2900, 378459),
(14652.940165999986, 1489, 494356.0, 3500, 2900, 378460),
(14662.836420999956, 1490, 494356.0, 3500, 2900, 378461),
(14672.763855999976, 1491, 494356.0, 3500, 2900, 378462),
(14682.664405999996, 1492, 494356.0, 3500, 2900, 378463),
(14692.569068999961, 1493, 494356.0, 3500, 2900, 378464),
(14702.574775999994, 1494, 494356.0, 3500, 2900, 378425),
(14712.58441099996, 1495, 494356.0, 3500, 2900, 378426),
(14722.687559999991, 1496, 494356.0, 3500, 2900, 378427),
(14732.70328299998, 1497, 494356.0, 3500, 2900, 378428),
(14742.78202699998, 1498, 494356.0, 3500, 2900, 378429),
(14752.68202399998, 1499, 494356.0, 3500, 2900, 378430),
(14762.614536999958, 1500, 494356.0, 3500, 2900, 378431),
(14772.767537000007, 1501, 494356.0, 3500, 2900, 378432),
(14782.69411599997, 1502, 494356.0, 3500, 2900, 378433),
(14792.563005999953, 1503, 494356.0, 3500, 2900, 378434),
(14802.485573999991, 1504, 494356.0, 3500, 2900, 378435),
(14812.502187000006, 1505, 494356.0, 3500, 2900, 378436),
(14822.409426999977, 1506, 494356.0, 3500, 2900, 378437),
(14832.296461999998, 1507, 494356.0, 3500, 2900, 378438),
(14842.256738999975, 1508, 494356.0, 3500, 2900, 378439),
(14852.367024999985, 1509, 494356.0, 3500, 2900, 378440),
(14862.281939999957, 1510, 494356.0, 3500, 2900, 378441),
(14872.165207999991, 1511, 494356.0, 3500, 2900, 378442),
(14882.160417999956, 1512, 494356.0, 3500, 2900, 378443),
(14892.055004999973, 1513, 494356.0, 3500, 2900, 378444),
(14902.020000999968, 1514, 494356.0, 3500, 2900, 378445),
(14912.05769799999, 1515, 494356.0, 3500, 2900, 378446),
(14922.137329999998, 1516, 494356.0, 3500, 2900, 378447),
(14932.25922899996, 1517, 494356.0, 3500, 2900, 378448),
(14942.121729999955, 1518, 494356.0, 3500, 2900, 378449),
(14951.940344999952, 1519, 494356.0, 3500, 2900, 378450),
(14961.73522099998, 1520, 494356.0, 3500, 2900, 378451),
(14971.765240999986, 1521, 494356.0, 3500, 2900, 378452),
(14981.576154999959, 1522, 494356.0, 3500, 2900, 378453),
(14991.38153199997, 1523, 494356.0, 3500, 2900, 378454),
(15001.184211999993, 1524, 494356.0, 3500, 2900, 378455),
(15010.99383599998, 1525, 494356.0, 3500, 2900, 378456),
(15020.804960999987, 1526, 494356.0, 3500, 2900, 378457),
(15030.719244999986, 1527, 494356.0, 3500, 2900, 378458),
(15040.590009999985, 1528, 494356.0, 3500, 2900, 378459),
(15050.48791799997, 1529, 494356.0, 3500, 2900, 378460),
(15060.325062999967, 1530, 494356.0, 3500, 2900, 378461),
(15070.400016999978, 1531, 494356.0, 3500, 2900, 378462),
(15080.278751999955, 1532, 494356.0, 3500, 2900, 378463),
(15090.310653999972, 1533, 494356.0, 3500, 2900, 378464),
(15100.288945999986, 1534, 494356.0, 3500, 2900, 378425),
(15110.136717999994, 1535, 494356.0, 3500, 2900, 378426),
(15119.952095999965, 1536, 494356.0, 3500, 2900, 378427),
(15130.077248999965, 1537, 494356.0, 3500, 2900, 378428),
(15139.95097299997, 1538, 494356.0, 3500, 2900, 378429),
(15149.87977999996, 1539, 494356.0, 3500, 2900, 378430),
(15159.945321000007, 1540, 494356.0, 3500, 2900, 378431),
(15169.843468000006, 1541, 494356.0, 3500, 2900, 378432),
(15179.759862000006, 1542, 494356.0, 3500, 2900, 378433),
(15189.719612999994, 1543, 494356.0, 3500, 2900, 378434),
(15199.705531999993, 1544, 494356.0, 3500, 2900, 378435),
(15209.692640999972, 1545, 494356.0, 3500, 2900, 378436),
(15219.614291000005, 1546, 494356.0, 3500, 2900, 378437),
(15229.523554999963, 1547, 494356.0, 3500, 2900, 378438),
(15239.410379999958, 1548, 494356.0, 3500, 2900, 378439),
(15249.30050199997, 1549, 494356.0, 3500, 2900, 378440),
(15259.233943999978, 1550, 494356.0, 3500, 2900, 378441),
(15269.29712599999, 1551, 494356.0, 3500, 2900, 378442),
(15279.325233999989, 1552, 494356.0, 3500, 2900, 378443),
(15289.730227999971, 1553, 494356.0, 3500, 2900, 378444),
(15299.755079999974, 1554, 494356.0, 3500, 2900, 378445),
(15309.929446999973, 1555, 494356.0, 3500, 2900, 378446),
(15319.927227999957, 1556, 494356.0, 3500, 2900, 378447),
(15330.013309000002, 1557, 494356.0, 3500, 2900, 378448),
(15340.09733899997, 1558, 494356.0, 3500, 2900, 378449),
(15350.15708199999, 1559, 494356.0, 3500, 2900, 378450),
(15360.226673999976, 1560, 494356.0, 3500, 2900, 378451),
(15370.438877000008, 1561, 494356.0, 3500, 2900, 378452),
(15380.45977299998, 1562, 494356.0, 3500, 2900, 378453),
(15390.486485000001, 1563, 494356.0, 3500, 2900, 378454),
(15400.47062399995, 1564, 494356.0, 3500, 2900, 378455),
(15410.450685999996, 1565, 494356.0, 3500, 2900, 378456),
(15420.38689199998, 1566, 494356.0, 3500, 2900, 378457),
(15430.281864999968, 1567, 494356.0, 3500, 2900, 378458),
(15440.291525000008, 1568, 494356.0, 3500, 2900, 378459),
(15450.436814999965, 1569, 494356.0, 3500, 2900, 378460),
(15460.630589000008, 1570, 494356.0, 3500, 2900, 378461),
(15470.771698999975, 1571, 494356.0, 3500, 2900, 378462),
(15480.77535499999, 1572, 494356.0, 3500, 2900, 378463),
(15490.639793999959, 1573, 494356.0, 3500, 2900, 378464),
(15500.954688999976, 1574, 494356.0, 3500, 3000, 378424),
(15511.016992999997, 1575, 494356.0, 3500, 3000, 378425),
(15521.029016999993, 1576, 494356.0, 3500, 3000, 378426),
(15530.974250999978, 1577, 494356.0, 3500, 3000, 378427),
(15540.931439000007, 1578, 494356.0, 3500, 3000, 378428),
(15551.058566999971, 1579, 494356.0, 3500, 3000, 378429),
(15561.111271999951, 1580, 494356.0, 3500, 3000, 378430),
(15571.170202000008, 1581, 494356.0, 3500, 3000, 378431),
(15581.195734999957, 1582, 494356.0, 3500, 3000, 378432),
(15591.124661999987, 1583, 494356.0, 3500, 3000, 378433),
(15601.311841999996, 1584, 494356.0, 3500, 3000, 378434),
(15611.314025999978, 1585, 494356.0, 3500, 3000, 378435),
(15621.45221399999, 1586, 494356.0, 3500, 3000, 378436),
(15631.438617999956, 1587, 494356.0, 3500, 3000, 378437),
(15641.454636999988, 1588, 494356.0, 3500, 3000, 378438),
(15651.445996999973, 1589, 494356.0, 3500, 3000, 378439),
(15661.70782099996, 1590, 494356.0, 3500, 3000, 378440),
(15671.744914999988, 1591, 494356.0, 3500, 3000, 378441),
(15681.871140999952, 1592, 494356.0, 3500, 3000, 378442),
(15692.084122999979, 1593, 494356.0, 3500, 3000, 378443),
(15702.011945999984, 1594, 494356.0, 3500, 3000, 378444),
(15711.984521000006, 1595, 494356.0, 3500, 3000, 378445),
(15722.012971999997, 1596, 494356.0, 3500, 3000, 378446),
(15731.981728999992, 1597, 494356.0, 3500, 3000, 378447),
(15742.017792999977, 1598, 494356.0, 3500, 3000, 378448),
(15751.965071999992, 1599, 494356.0, 3500, 3000, 378449),
(15761.936372999975, 1600, 494356.0, 3500, 3000, 378450),
(15771.95847199997, 1601, 494356.0, 3500, 3000, 378451),
(15782.068396999966, 1602, 494356.0, 3500, 3000, 378452),
(15792.10149999999, 1603, 494356.0, 3500, 3000, 378453),
(15802.101808000007, 1604, 494356.0, 3500, 3000, 378454),
(15812.109243999992, 1605, 494356.0, 3500, 3000, 378455),
(15822.18919299997, 1606, 494356.0, 3500, 3000, 378456),
(15832.348615999974, 1607, 494356.0, 3500, 3000, 378457),
(15842.328886999981, 1608, 494356.0, 3500, 3000, 378458),
(15852.062036999967, 1609, 494356.0, 3500, 3000, 378459),
(15861.782669999986, 1610, 494356.0, 3500, 3000, 378460),
(15871.518166999973, 1611, 494356.0, 3500, 3000, 378461),
(15881.222612999962, 1612, 494356.0, 3500, 3000, 378462),
(15890.982774999982, 1613, 494356.0, 3500, 3000, 378463),
(15900.705832999956, 1614, 494356.0, 3500, 3000, 378464),
(15910.452082999982, 1615, 494356.0, 3500, 3000, 378425),
(15920.20854099997, 1616, 494356.0, 3500, 3000, 378426),
(15929.94331199996, 1617, 494356.0, 3500, 3000, 378427),
(15939.654423, 1618, 494356.0, 3500, 3000, 378428),
(15949.375340999977, 1619, 494356.0, 3500, 3000, 378429),
(15959.113536999968, 1620, 494356.0, 3500, 3000, 378430),
(15968.821553999966, 1621, 494356.0, 3500, 3000, 378431),
(15978.531772999966, 1622, 494356.0, 3500, 3000, 378432),
(15988.234912999964, 1623, 494356.0, 3500, 3000, 378433),
(15997.963323999953, 1624, 494356.0, 3500, 3000, 378434),
(16007.803042999993, 1625, 494356.0, 3500, 3000, 378435),
(16017.580399999977, 1626, 494356.0, 3500, 3000, 378436),
(16027.378377999994, 1627, 494356.0, 3500, 3000, 378437),
(16037.138758999994, 1628, 494356.0, 3500, 3000, 378438),
(16046.925199999998, 1629, 494356.0, 3500, 3000, 378439),
(16056.672932999965, 1630, 494356.0, 3500, 3000, 378440),
(16066.41537199996, 1631, 494356.0, 3500, 3000, 378441),
(16076.22574199998, 1632, 494356.0, 3500, 3000, 378442),
(16085.952844999963, 1633, 494356.0, 3500, 3000, 378443),
(16095.700570999994, 1634, 494356.0, 3500, 3000, 378444),
(16105.434593999991, 1635, 494356.0, 3500, 3000, 378445),
(16115.157651999965, 1636, 494356.0, 3500, 3000, 378446),
(16124.885374000005, 1637, 494356.0, 3500, 3000, 378447),
(16134.657357999997, 1638, 494356.0, 3500, 3000, 378448),
(16144.498900000006, 1639, 494356.0, 3500, 3000, 378449),
(16154.301529999997, 1640, 494356.0, 3500, 3000, 378450),
(16164.063555, 1641, 494356.0, 3500, 3000, 378451),
(16173.775244999968, 1642, 494356.0, 3500, 3000, 378452),
(16183.537905999983, 1643, 494356.0, 3500, 3000, 378453),
(16193.338396999985, 1644, 494356.0, 3500, 3000, 378454),
(16203.081038999953, 1645, 494356.0, 3500, 3000, 378455),
(16212.788168, 1646, 494356.0, 3500, 3000, 378456),
(16222.507461000001, 1647, 494356.0, 3500, 3000, 378457),
(16232.220206999977, 1648, 494356.0, 3500, 3000, 378458),
(16241.979890999966, 1649, 494356.0, 3500, 3000, 378459),
(16251.773494999972, 1650, 494356.0, 3500, 3000, 378460),
(16261.486207999988, 1651, 494356.0, 3500, 3000, 378461),
(16271.263748999976, 1652, 494356.0, 3500, 3000, 378462),
(16281.010721999977, 1653, 494356.0, 3500, 3000, 378463),
(16290.745409999974, 1654, 494356.0, 3500, 3000, 378464),
(16300.494718000002, 1655, 494356.0, 3500, 3000, 378425),
(16310.423022000003, 1656, 494356.0, 3500, 3000, 378426),
(16320.275005000003, 1657, 494356.0, 3500, 3000, 378427),
(16330.038942999963, 1658, 494356.0, 3500, 3000, 378428),
(16339.813716999954, 1659, 494356.0, 3500, 3000, 378429),
(16349.555585999973, 1660, 494356.0, 3500, 3000, 378430),
(16359.290112999966, 1661, 494356.0, 3500, 3000, 378431),
(16368.994879000005, 1662, 494356.0, 3500, 3000, 378432),
(16378.749015999958, 1663, 494356.0, 3500, 3000, 378433),
(16388.506491999957, 1664, 494356.0, 3500, 3000, 378434),
(16398.23512299999, 1665, 494356.0, 3500, 3000, 378435),
(16408.008475999988, 1666, 494356.0, 3500, 3000, 378436),
(16417.756746999978, 1667, 494356.0, 3500, 3000, 378437),
(16427.47787199996, 1668, 494356.0, 3500, 3000, 378438),
(16437.239266999997, 1669, 494356.0, 3500, 3000, 378439),
(16447.009768999997, 1670, 494356.0, 3500, 3000, 378440),
(16456.74195399997, 1671, 494356.0, 3500, 3000, 378441),
(16466.61014199996, 1672, 494356.0, 3500, 3000, 378442),
(16476.36728799995, 1673, 494356.0, 3500, 3000, 378443),
(16486.105836000002, 1674, 494356.0, 3500, 3000, 378444),
(16496.053790999984, 1675, 494356.0, 3500, 3000, 378445),
(16505.89244799997, 1676, 494356.0, 3500, 3000, 378446),
(16515.702504999994, 1677, 494356.0, 3500, 3000, 378447),
(16525.590127000003, 1678, 494356.0, 3500, 3000, 378448),
(16535.43617499998, 1679, 494356.0, 3500, 3000, 378449),
(16545.30679099995, 1680, 494356.0, 3500, 3000, 378450),
(16555.17103899998, 1681, 494356.0, 3500, 3000, 378451),
(16565.21143699996, 1682, 494356.0, 3500, 3000, 378452),
(16574.987352999975, 1683, 494356.0, 3500, 3000, 378453),
(16584.85706099996, 1684, 494356.0, 3500, 3000, 378454),
(16595.249010999978, 1685, 494356.0, 3500, 3000, 378455),
(16605.78189099999, 1686, 494356.0, 3500, 3000, 378456),
(16615.723716999986, 1687, 494356.0, 3500, 3000, 378457),
(16625.467356999987, 1688, 494356.0, 3500, 3000, 378458),
(16635.337597000005, 1689, 494356.0, 3500, 3000, 378459),
(16645.22763399995, 1690, 494356.0, 3500, 3000, 378460),
(16655.038612000004, 1691, 494356.0, 3500, 3000, 378461),
(16664.978364999988, 1692, 494356.0, 3500, 3000, 378462),
(16675.092953999992, 1693, 494356.0, 3500, 3000, 378463),
(16685.211117999977, 1694, 494356.0, 3500, 3000, 378464),
(16694.936352999997, 1695, 494356.0, 3500, 3100, 378424),
(16704.88067699998, 1696, 494356.0, 3500, 3100, 378425),
(16714.692267999984, 1697, 494356.0, 3500, 3100, 378426),
(16724.761179999972, 1698, 494356.0, 3500, 3100, 378427),
(16734.699632999953, 1699, 494356.0, 3500, 3100, 378428),
(16744.563454999996, 1700, 494356.0, 3500, 3100, 378429),
(16754.417559999973, 1701, 494356.0, 3500, 3100, 378430),
(16764.337081999984, 1702, 494356.0, 3500, 3100, 378431),
(16774.248579999956, 1703, 494356.0, 3500, 3100, 378432),
(16784.147517999983, 1704, 494356.0, 3500, 3100, 378433),
(16794.01950299996, 1705, 494356.0, 3500, 3100, 378434),
(16803.962421000004, 1706, 494356.0, 3500, 3100, 378435),
(16813.821330000006, 1707, 494356.0, 3500, 3100, 378436),
(16823.810589, 1708, 494356.0, 3500, 3100, 378437),
(16833.71072099998, 1709, 494356.0, 3500, 3100, 378438),
(16843.46868499997, 1710, 494356.0, 3500, 3100, 378439),
(16853.324635999976, 1711, 494356.0, 3500, 3100, 378440),
(16863.29903699999, 1712, 494356.0, 3500, 3100, 378441),
(16873.038881999964, 1713, 494356.0, 3500, 3100, 378442),
(16882.856163999997, 1714, 494356.0, 3500, 3100, 378443),
(16892.826064999972, 1715, 494356.0, 3500, 3100, 378444),
(16902.607186999987, 1716, 494356.0, 3500, 3100, 378445),
(16912.47928899998, 1717, 494356.0, 3500, 3100, 378446),
(16922.339548999968, 1718, 494356.0, 3500, 3100, 378447),
(16932.205678, 1719, 494356.0, 3500, 3100, 378448),
(16942.235440999968, 1720, 494356.0, 3500, 3100, 378449),
(16952.177688999975, 1721, 494356.0, 3500, 3100, 378450),
(16962.01409099996, 1722, 494356.0, 3500, 3100, 378451),
(16971.995651000005, 1723, 494356.0, 3500, 3100, 378452),
(16982.114321, 1724, 494356.0, 3500, 3100, 378453),
(16991.866486999963, 1725, 494356.0, 3500, 3100, 378454),
(17001.742494999955, 1726, 494356.0, 3500, 3100, 378455),
(17011.49205499998, 1727, 494356.0, 3500, 3100, 378456),
(17021.451034999976, 1728, 494356.0, 3500, 3100, 378457),
(17031.356671999965, 1729, 494356.0, 3500, 3100, 378458),
(17041.241717999976, 1730, 494356.0, 3500, 3100, 378459),
(17051.070713999972, 1731, 494356.0, 3500, 3100, 378460),
(17060.950471999997, 1732, 494356.0, 3500, 3100, 378461),
(17070.895253999974, 1733, 494356.0, 3500, 3100, 378462),
(17080.965293999994, 1734, 494356.0, 3500, 3100, 378463),
(17090.89483299997, 1735, 494356.0, 3500, 3100, 378464),
(17100.832217999967, 1736, 494356.0, 3500, 3100, 378425),
(17110.860538999957, 1737, 494356.0, 3500, 3100, 378426),
(17120.672806999995, 1738, 494356.0, 3500, 3100, 378427),
(17130.431389999983, 1739, 494356.0, 3500, 3100, 378428),
(17140.328668000002, 1740, 494356.0, 3500, 3100, 378429),
(17150.099329999997, 1741, 494356.0, 3500, 3100, 378430),
(17160.09996599995, 1742, 494356.0, 3500, 3100, 378431),
(17170.053428999963, 1743, 494356.0, 3500, 3100, 378432),
(17180.026896999974, 1744, 494356.0, 3500, 3100, 378433),
(17190.010940000007, 1745, 494356.0, 3500, 3100, 378434),
(17199.84620599996, 1746, 494356.0, 3500, 3100, 378435),
(17209.78014399996, 1747, 494356.0, 3500, 3100, 378436),
(17219.632960999967, 1748, 494356.0, 3500, 3100, 378437),
(17229.681908999977, 1749, 494356.0, 3500, 3100, 378438),
(17239.587337999954, 1750, 494356.0, 3500, 3100, 378439),
(17249.440385999973, 1751, 494356.0, 3500, 3100, 378440),
(17259.323464999965, 1752, 494356.0, 3500, 3100, 378441),
(17269.15668699995, 1753, 494356.0, 3500, 3100, 378442),
(17279.055305999995, 1754, 494356.0, 3500, 3100, 378443),
(17288.986106999975, 1755, 494356.0, 3500, 3100, 378444),
(17298.71483199997, 1756, 494356.0, 3500, 3100, 378445),
(17308.58554999996, 1757, 494356.0, 3500, 3100, 378446),
(17318.33422899997, 1758, 494356.0, 3500, 3100, 378447),
(17328.09932899999, 1759, 494356.0, 3500, 3100, 378448),
(17337.926187000005, 1760, 494356.0, 3500, 3100, 378449),
(17347.820313000004, 1761, 494356.0, 3500, 3100, 378450),
(17357.958785999974, 1762, 494356.0, 3500, 3100, 378451),
(17368.11697999999, 1763, 494356.0, 3500, 3100, 378452),
(17377.903549999988, 1764, 494356.0, 3500, 3100, 378453),
(17387.894002999994, 1765, 494356.0, 3500, 3100, 378454),
(17397.774323999998, 1766, 494356.0, 3500, 3100, 378455),
(17407.861463999958, 1767, 494356.0, 3500, 3100, 378456),
(17417.778519999993, 1768, 494356.0, 3500, 3100, 378457),
(17427.76693099999, 1769, 494356.0, 3500, 3100, 378458),
(17437.65839299996, 1770, 494356.0, 3500, 3100, 378459),
(17447.60828299995, 1771, 494356.0, 3500, 3100, 378460),
(17457.469469999953, 1772, 494356.0, 3500, 3100, 378461),
(17467.405229999975, 1773, 494356.0, 3500, 3100, 378462),
(17477.45076899999, 1774, 494356.0, 3500, 3100, 378463),
(17487.416203, 1775, 494356.0, 3500, 3100, 378464),
(17497.55623399996, 1776, 494356.0, 3500, 3100, 378425),
(17507.410012999957, 1777, 494356.0, 3500, 3100, 378426),
(17517.349776999967, 1778, 494356.0, 3500, 3100, 378427),
(17527.06087699998, 1779, 494356.0, 3500, 3100, 378428),
(17537.034409999964, 1780, 494356.0, 3500, 3100, 378429),
(17546.986552999995, 1781, 494356.0, 3500, 3100, 378430),
(17556.813710999966, 1782, 494356.0, 3500, 3100, 378431),
(17566.540723999962, 1783, 494356.0, 3500, 3100, 378432),
(17576.360979999998, 1784, 494356.0, 3500, 3100, 378433),
(17586.246816999977, 1785, 494356.0, 3500, 3100, 378434),
(17596.004411, 1786, 494356.0, 3500, 3100, 378435),
(17605.778212999983, 1787, 494356.0, 3500, 3100, 378436),
(17615.557195, 1788, 494356.0, 3500, 3100, 378437),
(17625.39840299997, 1789, 494356.0, 3500, 3100, 378438),
(17635.175088999968, 1790, 494356.0, 3500, 3100, 378439),
(17645.041805999994, 1791, 494356.0, 3500, 3100, 378440),
(17654.876749999996, 1792, 494356.0, 3500, 3100, 378441),
(17664.68959699996, 1793, 494356.0, 3500, 3100, 378442),
(17674.430406, 1794, 494356.0, 3500, 3100, 378443),
(17684.267021999985, 1795, 494356.0, 3500, 3100, 378444),
(17694.159823999973, 1796, 494356.0, 3500, 3100, 378445),
(17704.03506699996, 1797, 494356.0, 3500, 3100, 378446),
(17714.015855999955, 1798, 494356.0, 3500, 3100, 378447),
(17723.980708999967, 1799, 494356.0, 3500, 3100, 378448),
(17733.79998499999, 1800, 494356.0, 3500, 3100, 378449),
(17743.518831999972, 1801, 494356.0, 3500, 3100, 378450),
(17753.288554999977, 1802, 494356.0, 3500, 3100, 378451),
(17763.01262199995, 1803, 494356.0, 3500, 3100, 378452),
(17772.878692, 1804, 494356.0, 3500, 3100, 378453),
(17782.75477, 1805, 494356.0, 3500, 3100, 378454),
(17792.49320799997, 1806, 494356.0, 3500, 3100, 378455),
(17802.33273799997, 1807, 494356.0, 3500, 3100, 378456),
(17812.162866999977, 1808, 494356.0, 3500, 3100, 378457),
(17821.987309999997, 1809, 494356.0, 3500, 3100, 378458),
(17831.79613999999, 1810, 494356.0, 3500, 3100, 378459),
(17841.523361, 1811, 494356.0, 3500, 3100, 378460),
(17851.518931999977, 1812, 494356.0, 3500, 3100, 378461),
(17861.334282999975, 1813, 494356.0, 3500, 3100, 378462),
(17871.199225999997, 1814, 494356.0, 3500, 3100, 378463),
(17880.959671999968, 1815, 494356.0, 3500, 3100, 378464),
(17890.684894999955, 1816, 494356.0, 3500, 3200, 378424),
(17900.453686999972, 1817, 494356.0, 3500, 3200, 378425),
(17910.455131999974, 1818, 494356.0, 3500, 3200, 378426),
(17920.357419999957, 1819, 494356.0, 3500, 3200, 378427),
(17930.17313099996, 1820, 494356.0, 3500, 3200, 378428),
(17939.987375999975, 1821, 494356.0, 3500, 3200, 378429),
(17949.795915999974, 1822, 494356.0, 3500, 3200, 378430),
(17959.622439, 1823, 494356.0, 3500, 3200, 378431),
(17969.567512999987, 1824, 494356.0, 3500, 3200, 378432),
(17979.680368, 1825, 494356.0, 3500, 3200, 378433),
(17989.51400699996, 1826, 494356.0, 3500, 3200, 378434),
(17999.331672, 1827, 494356.0, 3500, 3200, 378435),
(18009.185783999972, 1828, 494356.0, 3500, 3200, 378436),
(18019.060080999974, 1829, 494356.0, 3500, 3200, 378437),
(18029.152915999992, 1830, 494356.0, 3500, 3200, 378438),
(18039.262977999984, 1831, 494356.0, 3500, 3200, 378439),
(18049.291390999977, 1832, 494356.0, 3500, 3200, 378440),
(18059.212742999953, 1833, 494356.0, 3500, 3200, 378441),
(18069.172848999966, 1834, 494356.0, 3500, 3200, 378442),
(18079.03904199996, 1835, 494356.0, 3500, 3200, 378443),
(18088.905400999996, 1836, 494356.0, 3500, 3200, 378444),
(18098.737488999963, 1837, 494356.0, 3500, 3200, 378445),
(18108.531399999978, 1838, 494356.0, 3500, 3200, 378446),
(18118.55340699997, 1839, 494356.0, 3500, 3200, 378447),
(18128.41477099998, 1840, 494356.0, 3500, 3200, 378448),
(18138.242099999974, 1841, 494356.0, 3500, 3200, 378449),
(18148.089436999988, 1842, 494356.0, 3500, 3200, 378450),
(18157.99127899995, 1843, 494356.0, 3500, 3200, 378451),
(18167.951959999977, 1844, 494356.0, 3500, 3200, 378452),
(18177.85841699998, 1845, 494356.0, 3500, 3200, 378453),
(18187.69598999998, 1846, 494356.0, 3500, 3200, 378454),
(18197.559639999992, 1847, 494356.0, 3500, 3200, 378455),
(18207.492113999964, 1848, 494356.0, 3500, 3200, 378456),
(18217.345338999992, 1849, 494356.0, 3500, 3200, 378457),
(18227.23290599999, 1850, 494356.0, 3500, 3200, 378458),
(18237.133389999974, 1851, 494356.0, 3500, 3200, 378459),
(18247.072803999996, 1852, 494356.0, 3500, 3200, 378460),
(18256.991596999986, 1853, 494356.0, 3500, 3200, 378461),
(18266.97371499997, 1854, 494356.0, 3500, 3200, 378462),
(18276.93497099995, 1855, 494356.0, 3500, 3200, 378463),
(18286.99833199999, 1856, 494356.0, 3500, 3200, 378464),
(18296.933951999992, 1857, 494356.0, 3500, 3200, 378425),
(18306.980171999952, 1858, 494356.0, 3500, 3200, 378426),
(18316.99145099998, 1859, 494356.0, 3500, 3200, 378427),
(18326.91320099996, 1860, 494356.0, 3500, 3200, 378428),
(18336.839684000006, 1861, 494356.0, 3500, 3200, 378429),
(18346.678186999983, 1862, 494356.0, 3500, 3200, 378430),
(18356.672594000003, 1863, 494356.0, 3500, 3200, 378431),
(18366.660283999983, 1864, 494356.0, 3500, 3200, 378432),
(18376.646698999975, 1865, 494356.0, 3500, 3200, 378433),
(18386.66183399997, 1866, 494356.0, 3500, 3200, 378434),
(18396.593692999973, 1867, 494356.0, 3500, 3200, 378435),
(18406.54264899995, 1868, 494356.0, 3500, 3200, 378436),
(18416.470453999995, 1869, 494356.0, 3500, 3200, 378437),
(18426.478123999957, 1870, 494356.0, 3500, 3200, 378438),
(18436.43499899999, 1871, 494356.0, 3500, 3200, 378439),
(18446.338713000005, 1872, 494356.0, 3500, 3200, 378440),
(18456.24763399997, 1873, 494356.0, 3500, 3200, 378441),
(18466.259620999976, 1874, 494356.0, 3500, 3200, 378442),
(18475.982033999986, 1875, 494356.0, 3500, 3200, 378443),
(18485.95366999996, 1876, 494356.0, 3500, 3200, 378444),
(18495.92018799996, 1877, 494356.0, 3500, 3200, 378445),
(18505.97032599995, 1878, 494356.0, 3500, 3200, 378446),
(18515.955050999997, 1879, 494356.0, 3500, 3200, 378447),
(18525.91588799999, 1880, 494356.0, 3500, 3200, 378448),
(18535.976512999972, 1881, 494356.0, 3500, 3200, 378449),
(18545.84629299998, 1882, 494356.0, 3500, 3200, 378450),
(18555.927780999977, 1883, 494356.0, 3500, 3200, 378451),
(18565.960664999962, 1884, 494356.0, 3500, 3200, 378452),
(18575.932677000004, 1885, 494356.0, 3500, 3200, 378453),
(18586.08608399995, 1886, 494356.0, 3500, 3200, 378454),
(18596.07261999999, 1887, 494356.0, 3500, 3200, 378455),
(18606.160096000007, 1888, 494356.0, 3500, 3200, 378456),
(18616.04248599999, 1889, 494356.0, 3500, 3200, 378457),
(18626.04594599997, 1890, 494356.0, 3500, 3200, 378458),
(18636.023774, 1891, 494356.0, 3500, 3200, 378459),
(18645.960635999974, 1892, 494356.0, 3500, 3200, 378460),
(18655.947199999995, 1893, 494356.0, 3500, 3200, 378461),
(18665.868151000002, 1894, 494356.0, 3500, 3200, 378462),
(18675.785476999998, 1895, 494356.0, 3500, 3200, 378463),
(18685.86276799999, 1896, 494356.0, 3500, 3200, 378464),
(18695.811441999977, 1897, 494356.0, 3500, 3200, 378425),
(18705.64129899995, 1898, 494356.0, 3500, 3200, 378426),
(18715.50360299996, 1899, 494356.0, 3500, 3200, 378427),
(18725.42166599998, 1900, 494356.0, 3500, 3200, 378428),
(18735.280680999975, 1901, 494356.0, 3500, 3200, 378429),
(18745.271094999975, 1902, 494356.0, 3500, 3200, 378430),
(18755.123548999953, 1903, 494356.0, 3500, 3200, 378431),
(18764.887017, 1904, 494356.0, 3500, 3200, 378432),
(18774.648554999963, 1905, 494356.0, 3500, 3200, 378433),
(18784.593506999954, 1906, 494356.0, 3500, 3200, 378434),
(18794.42232099996, 1907, 494356.0, 3500, 3200, 378435),
(18804.286691999994, 1908, 494356.0, 3500, 3200, 378436),
(18814.148698000005, 1909, 494356.0, 3500, 3200, 378437),
(18824.108959999983, 1910, 494356.0, 3500, 3200, 378438),
(18833.943667999993, 1911, 494356.0, 3500, 3200, 378439),
(18843.929761999985, 1912, 494356.0, 3500, 3200, 378440),
(18853.778272999974, 1913, 494356.0, 3500, 3200, 378441),
(18863.569495000003, 1914, 494356.0, 3500, 3200, 378442),
(18873.432639000006, 1915, 494356.0, 3500, 3200, 378443),
(18883.410375999985, 1916, 494356.0, 3500, 3200, 378444),
(18893.38813799998, 1917, 494356.0, 3500, 3200, 378445),
(18903.308312999958, 1918, 494356.0, 3500, 3200, 378446),
(18913.315950999968, 1919, 494356.0, 3500, 3200, 378447),
(18923.225312999974, 1920, 494356.0, 3500, 3200, 378448),
(18933.11345299997, 1921, 494356.0, 3500, 3200, 378449),
(18943.04858199996, 1922, 494356.0, 3500, 3200, 378450),
(18952.939702999953, 1923, 494356.0, 3500, 3200, 378451),
(18962.89035099995, 1924, 494356.0, 3500, 3200, 378452),
(18972.882039999997, 1925, 494356.0, 3500, 3200, 378453),
(18982.846419999958, 1926, 494356.0, 3500, 3200, 378454),
(18992.81055199995, 1927, 494356.0, 3500, 3200, 378455),
(19002.707840999996, 1928, 494356.0, 3500, 3200, 378456),
(19012.60843099997, 1929, 494356.0, 3500, 3200, 378457),
(19022.490324999962, 1930, 494356.0, 3500, 3200, 378458),
(19032.313426999957, 1931, 494356.0, 3500, 3200, 378459),
(19042.238276999968, 1932, 494356.0, 3500, 3200, 378460),
(19052.194230999972, 1933, 494356.0, 3500, 3200, 378461),
(19062.17828599998, 1934, 494356.0, 3500, 3200, 378462),
(19072.043315999967, 1935, 494356.0, 3500, 3200, 378463),
(19082.031690999982, 1936, 494356.0, 3500, 3200, 378464),
(19091.93303699995, 1937, 494357.0, 3900, 2300, 378424),
(19101.856065, 1938, 494358.0, 3900, 2300, 378425),
(19111.68475799996, 1939, 494356.0, 3900, 2300, 378426),
(19121.609683999966, 1940, 494165.0, 3900, 2300, 378427),
(19131.628390999977, 1941, 494357.0, 3900, 2300, 378428),
(19141.505833000003, 1942, 494357.0, 3900, 2300, 378429),
(19151.31598699995, 1943, 494357.0, 3900, 2300, 378430),
(19161.229463999975, 1944, 494357.0, 3900, 2300, 378431),
(19171.168556999997, 1945, 494357.0, 3900, 2300, 378432),
(19181.00770799996, 1946, 494356.0, 3900, 2300, 378433),
(19190.881961999985, 1947, 494357.0, 3900, 2300, 378434),
(19200.86717599997, 1948, 494758.0, 3900, 2300, 378435),
(19210.871556999977, 1949, 494357.0, 3900, 2300, 378436),
(19220.783301999967, 1950, 494353.0, 3900, 2300, 378437),
(19230.647629999963, 1951, 494353.0, 3900, 2300, 378438),
(19240.525249, 1952, 494297.0, 3900, 2300, 378439),
(19250.36424299999, 1953, 494293.0, 3900, 2300, 378440),
(19260.121389999986, 1954, 494297.0, 3900, 2300, 378441),
(19269.993159000005, 1955, 494357.0, 3900, 2300, 378442),
(19279.84979399998, 1956, 494357.0, 3900, 2300, 378443),
(19289.654414999997, 1957, 494357.0, 3900, 2300, 378444),
(19299.47075899999, 1958, 494356.0, 3900, 2300, 378445),
(19309.268411999976, 1959, 494297.0, 3900, 2300, 378446),
(19319.22647599998, 1960, 494357.0, 3900, 2300, 378447),
(19329.113148999983, 1961, 494357.0, 3900, 2300, 378448),
(19338.910546, 1962, 494357.0, 3900, 2300, 378449),
(19358.683151000005, 1964, 494357.0, 3900, 2300, 378451),
(19368.533735000005, 1965, 494357.0, 3900, 2300, 378452),
(19378.36926899996, 1966, 494357.0, 3900, 2300, 378453),
(19388.156944999995, 1967, 494357.0, 3900, 2300, 378454),
(19398.015801, 1968, 494298.0, 3900, 2300, 378455),
(19407.868489999964, 1969, 494357.0, 3900, 2300, 378456),
(19417.77925999998, 1970, 494357.0, 3900, 2300, 378457),
(19427.605729999952, 1971, 494299.0, 3900, 2300, 378458),
(19437.589799999958, 1972, 494357.0, 3900, 2300, 378459),
(19447.641806999978, 1973, 494297.0, 3900, 2300, 378460),
(19457.552911999985, 1974, 494294.0, 3900, 2300, 378461),
(19467.59291299997, 1975, 494357.0, 3900, 2300, 378462),
(19477.35968699999, 1976, 494357.0, 3900, 2300, 378463),
(19497.098554999975, 1978, 494357.0, 3900, 2300, 378425),
(19506.848553999967, 1979, 494357.0, 3900, 2300, 378426),
(19516.608512000006, 1980, 494164.0, 3900, 2300, 378427),
(19526.653262000007, 1981, 494357.0, 3900, 2300, 378428),
(19536.63988099998, 1982, 494357.0, 3900, 2300, 378429),
(19546.529732999974, 1983, 494356.0, 3900, 2300, 378430),
(19556.420932999987, 1984, 494356.0, 3900, 2300, 378431),
(19566.263266999973, 1985, 494357.0, 3900, 2300, 378432),
(19576.238244000007, 1986, 494356.0, 3900, 2300, 378433),
(19586.27082199999, 1987, 494357.0, 3900, 2300, 378434),
(19596.02141699998, 1988, 494357.0, 3900, 2300, 378435),
(19605.98092199996, 1989, 494356.0, 3900, 2300, 378436),
(19616.010516999988, 1990, 494357.0, 3900, 2300, 378437),
(19625.778480999987, 1991, 494353.0, 3900, 2300, 378438),
(19635.608813999977, 1992, 494354.0, 3900, 2300, 378439),
(19645.472930999997, 1993, 494357.0, 3900, 2300, 378440),
(19655.411823000002, 1994, 494357.0, 3900, 2300, 378441),
(19665.33309099998, 1995, 494357.0, 3900, 2300, 378442),
(19675.144842999987, 1996, 494357.0, 3900, 2300, 378443),
(19685.069146999973, 1997, 494356.0, 3900, 2300, 378444),
(19695.029005999968, 1998, 494357.0, 3900, 2300, 378445),
(19704.854513, 1999, 494357.0, 3900, 2300, 378446),
(19714.798137000005, 2000, 494294.0, 3900, 2300, 378447),
(19724.627470999956, 2001, 494357.0, 3900, 2300, 378448),
(19734.453844000003, 2002, 494356.0, 3900, 2300, 378449),
(19744.386294999975, 2003, 494356.0, 3900, 2300, 378450),
(19754.212263999972, 2004, 494300.0, 3900, 2300, 378451),
(19764.02584399999, 2005, 494295.0, 3900, 2300, 378452),
(19773.877113999974, 2006, 494357.0, 3900, 2300, 378453),
(19783.698200999992, 2007, 494357.0, 3900, 2300, 378454),
(19793.577275999996, 2008, 494294.0, 3900, 2300, 378455),
(19803.533085000003, 2009, 494357.0, 3900, 2300, 378456),
(19813.398511999985, 2010, 494357.0, 3900, 2300, 378457),
(19823.330312000006, 2011, 494357.0, 3900, 2300, 378458),
(19833.33840399998, 2012, 494357.0, 3900, 2300, 378459),
(19843.14330299996, 2013, 494357.0, 3900, 2300, 378460),
(19852.956631999987, 2014, 494357.0, 3900, 2300, 378461),
(19862.805356999976, 2015, 494357.0, 3900, 2300, 378462),
(19882.652766999963, 2017, 494357.0, 3900, 2300, 378464),
(19892.472913999984, 2018, 494357.0, 3900, 2300, 378425),
(19902.415122999984, 2019, 494357.0, 3900, 2300, 378426),
(19912.210728999984, 2020, 494165.0, 3900, 2300, 378427),
(19931.99889799999, 2022, 494357.0, 3900, 2300, 378429),
(19941.803483999975, 2023, 494357.0, 3900, 2300, 378430),
(19951.720331999997, 2024, 494165.0, 3900, 2300, 378431),
(19961.525251999963, 2025, 494356.0, 3900, 2300, 378432),
(19971.40487899998, 2026, 494356.0, 3900, 2300, 378433),
(19981.300462999963, 2027, 494357.0, 3900, 2300, 378434),
(19991.174949999957, 2028, 494357.0, 3900, 2300, 378435),
(20001.05893399997, 2029, 494357.0, 3900, 2300, 378436),
(20010.881047999952, 2030, 494357.0, 3900, 2300, 378437),
(20020.703053999983, 2031, 494357.0, 3900, 2300, 378438),
(20030.564526000002, 2032, 494356.0, 3900, 2300, 378439),
(20040.360251999984, 2033, 494293.0, 3900, 2300, 378440),
(20070.190820999967, 2036, 494357.0, 3900, 2300, 378443),
(20089.897949000006, 2037, 494356.0, 3900, 2300, 378444),
(20099.77457499999, 2038, 494353.0, 3900, 2300, 378445),
(20109.689045999956, 2039, 494357.0, 3900, 2300, 378446),
(20119.693507999997, 2040, 494357.0, 3900, 2300, 378447),
(20129.537496999954, 2041, 494357.0, 3900, 2300, 378448),
(20139.446638999972, 2042, 494356.0, 3900, 2300, 378449),
(20159.311585999967, 2044, 494300.0, 3900, 2300, 378451),
(20169.10506999999, 2045, 494357.0, 3900, 2300, 378452),
(20188.625495999993, 2047, 494357.0, 3900, 2300, 378454),
(20198.358624999993, 2048, 494357.0, 3900, 2300, 378455),
(20217.936157999968, 2050, 494295.0, 3900, 2300, 378457),
(20237.961115999962, 2051, 494356.0, 3900, 2300, 378458),
(20247.656637999986, 2052, 494357.0, 3900, 2300, 378459),
(20257.379795999965, 2053, 494356.0, 3900, 2300, 378460),
(20267.119143999997, 2054, 494294.0, 3900, 2300, 378461),
(20276.852599999984, 2055, 494357.0, 3900, 2300, 378462),
(20306.137925999996, 2058, 494428.0, 3900, 2700, 378424),
(20325.509429999976, 2059, 494356.0, 3900, 2700, 378425),
(20335.219287999964, 2060, 494356.0, 3900, 2700, 378426),
(20344.927892999956, 2061, 494165.0, 3900, 2700, 378427),
(20354.632914999966, 2062, 494356.0, 3900, 2700, 378428),
(20364.358722999983, 2063, 494356.0, 3900, 2700, 378429),
(20374.053734999965, 2064, 494356.0, 3900, 2700, 378430),
(20383.755978, 2065, 494356.0, 3900, 2700, 378431),
(20393.466696999967, 2066, 494356.0, 3900, 2700, 378432),
(20403.18252199999, 2067, 494356.0, 3900, 2700, 378433),
(20412.883103, 2068, 494356.0, 3900, 2700, 378434),
(20422.60237799998, 2069, 494166.0, 3900, 2700, 378435),
(20432.323613999994, 2070, 494356.0, 3900, 2700, 378436),
(20442.068238999986, 2071, 494356.0, 3900, 2700, 378437),
(20451.78254799999, 2072, 494356.0, 3900, 2700, 378438),
(20461.503183999972, 2073, 494356.0, 3900, 2700, 378439),
(20471.55480699998, 2074, 494356.0, 3900, 2700, 378440),
(20481.496525999974, 2075, 494356.0, 3900, 2700, 378441),
(20491.324785000004, 2076, 494356.0, 3900, 2700, 378442),
(20501.313074999955, 2077, 494296.0, 3900, 2700, 378443),
(20511.183805999986, 2078, 494356.0, 3900, 2700, 378444),
(20521.045027999964, 2079, 494356.0, 3900, 2700, 378445),
(20530.953210999956, 2080, 494297.0, 3900, 2700, 378446),
(20550.57324399997, 2082, 494356.0, 3900, 2700, 378448),
(20560.58072899998, 2083, 494356.0, 3900, 2700, 378449),
(20570.509174999956, 2084, 494356.0, 3900, 2700, 378450),
(20580.427266999963, 2085, 494300.0, 3900, 2700, 378451),
(20590.459913, 2086, 494356.0, 3900, 2700, 378452),
(20610.21961499995, 2088, 494356.0, 3900, 2700, 378454),
(20620.046929999953, 2089, 494356.0, 3900, 2700, 378455),
(20629.972100999963, 2090, 494297.0, 3900, 2700, 378456),
(20649.602562999993, 2092, 494356.0, 3900, 2700, 378458),
(20659.536357999954, 2093, 494356.0, 3900, 2700, 378459),
(20669.278973999957, 2094, 494356.0, 3900, 2700, 378460),
(20679.00874099997, 2095, 494294.0, 3900, 2700, 378461),
(20698.51329999999, 2097, 494356.0, 3900, 2700, 378463),
(20718.030043999956, 2099, 494356.0, 3900, 2700, 378425),
(20727.751759000006, 2100, 494356.0, 3900, 2700, 378426),
(20737.527439999976, 2101, 494165.0, 3900, 2700, 378427),
(20747.534821999958, 2102, 494356.0, 3900, 2700, 378428),
(20757.294585999975, 2103, 494356.0, 3900, 2700, 378429),
(20767.411068999965, 2104, 494356.0, 3900, 2700, 378430),
(20777.250593999983, 2105, 494356.0, 3900, 2700, 378431),
(20787.040286000003, 2106, 494356.0, 3900, 2700, 378432),
(20796.86087199999, 2107, 494356.0, 3900, 2700, 378433),
(20806.558791999996, 2108, 494356.0, 3900, 2700, 378434),
(20816.378772999975, 2109, 494166.0, 3900, 2700, 378435),
(20826.19568199996, 2110, 494356.0, 3900, 2700, 378436),
(20835.918078999966, 2111, 494356.0, 3900, 2700, 378437),
(20845.933415999985, 2112, 494356.0, 3900, 2700, 378438),
(20855.834713999997, 2113, 494356.0, 3900, 2700, 378439),
(20865.618316999986, 2114, 494356.0, 3900, 2700, 378440),
(20875.474346000003, 2115, 494356.0, 3900, 2700, 378441),
(20885.31003599998, 2116, 494356.0, 3900, 2700, 378442),
(20895.671378, 2117, 494296.0, 3900, 2700, 378443),
(20905.714980999997, 2118, 494356.0, 3900, 2700, 378444),
(20915.627130999987, 2119, 494356.0, 3900, 2700, 378445),
(20925.613603999955, 2120, 494297.0, 3900, 2700, 378446),
(20935.448608999955, 2121, 494294.0, 3900, 2700, 378447),
(20945.448627999984, 2122, 494356.0, 3900, 2700, 378448),
(20955.418361999968, 2123, 494356.0, 3900, 2700, 378449),
(20965.24240399996, 2124, 494356.0, 3900, 2700, 378450),
(20975.113060999953, 2125, 494300.0, 3900, 2700, 378451),
(20984.99675999995, 2126, 494356.0, 3900, 2700, 378452),
(21004.865978999995, 2128, 494356.0, 3900, 2700, 378454),
(21014.698496999976, 2129, 494356.0, 3900, 2700, 378455),
(21024.573672999977, 2130, 494297.0, 3900, 2700, 378456),
(21044.522163999965, 2132, 494356.0, 3900, 2700, 378458),
(21054.317663999973, 2133, 494356.0, 3900, 2700, 378459),
(21064.17251299997, 2134, 494356.0, 3900, 2700, 378460),
(21074.075064999983, 2135, 494294.0, 3900, 2700, 378461),
(21094.00339899998, 2137, 494356.0, 3900, 2700, 378463),
(21113.941529999953, 2139, 494356.0, 3900, 2700, 378425),
(21123.70588199998, 2140, 494356.0, 3900, 2700, 378426),
(21133.60031999997, 2141, 494165.0, 3900, 2700, 378427),
(21143.530586999957, 2142, 494356.0, 3900, 2700, 378428),
(21153.434145999956, 2143, 494356.0, 3900, 2700, 378429),
(21163.350567999994, 2144, 494356.0, 3900, 2700, 378430),
(21173.234364999982, 2145, 494356.0, 3900, 2700, 378431),
(21183.17420899996, 2146, 494356.0, 3900, 2700, 378432),
(21192.99448599998, 2147, 494356.0, 3900, 2700, 378433),
(21202.87296899996, 2148, 494356.0, 3900, 2700, 378434),
(21212.753731000004, 2149, 494166.0, 3900, 2700, 378435),
(21222.613257999998, 2150, 494356.0, 3900, 2700, 378436),
(21232.47126099997, 2151, 494356.0, 3900, 2700, 378437),
(21242.378968000005, 2152, 494356.0, 3900, 2700, 378438),
(21252.293966999976, 2153, 494356.0, 3900, 2700, 378439),
(21262.231764999975, 2154, 494356.0, 3900, 2700, 378440),
(21272.09394999995, 2155, 494356.0, 3900, 2700, 378441),
(21282.035822999955, 2156, 494356.0, 3900, 2700, 378442),
(21291.873297999962, 2157, 494296.0, 3900, 2700, 378443),
(21301.713534999988, 2158, 494356.0, 3900, 2700, 378444),
(21311.609591999964, 2159, 494356.0, 3900, 2700, 378445),
(21321.47710399999, 2160, 494297.0, 3900, 2700, 378446),
(21341.79381199996, 2162, 494356.0, 3900, 2700, 378448),
(21351.674888999958, 2163, 494356.0, 3900, 2700, 378449),
(21361.535100999987, 2164, 494356.0, 3900, 2700, 378450),
(21371.419231999957, 2165, 494300.0, 3900, 2700, 378451),
(21381.274870999972, 2166, 494356.0, 3900, 2700, 378452),
(21401.24572899996, 2168, 494356.0, 3900, 2700, 378454),
(21411.135534, 2169, 494356.0, 3900, 2700, 378455),
(21421.033223999955, 2170, 494297.0, 3900, 2700, 378456),
(21440.863933999965, 2172, 494356.0, 3900, 2700, 378458),
(21450.719900999975, 2173, 494356.0, 3900, 2700, 378459),
(21460.977702999953, 2174, 494356.0, 3900, 2700, 378460),
(21470.957361000008, 2175, 494294.0, 3900, 2700, 378461),
(21490.832837999973, 2177, 494356.0, 3900, 2700, 378463),
(21510.757117, 2179, 494356.0, 3900, 3100, 378424),
(21520.676024999993, 2180, 494356.0, 3900, 3100, 378425),
(21530.611096000008, 2181, 494356.0, 3900, 3100, 378426),
(21540.475200999994, 2182, 494356.0, 3900, 3100, 378427),
(21550.378842999984, 2183, 494356.0, 3900, 3100, 378428),
(21560.255674999964, 2184, 494356.0, 3900, 3100, 378429),
(21570.218162999954, 2185, 494356.0, 3900, 3100, 378430),
(21580.197320999985, 2186, 494356.0, 3900, 3100, 378431),
(21590.156885000004, 2187, 494356.0, 3900, 3100, 378432),
(21600.057425999956, 2188, 494356.0, 3900, 3100, 378433),
(21609.955431999988, 2189, 494356.0, 3900, 3100, 378434),
(21620.035807999957, 2190, 494356.0, 3900, 3100, 378435),
(21629.995171999966, 2191, 494356.0, 3900, 3100, 378436),
(21639.936048000003, 2192, 494356.0, 3900, 3100, 378437),
(21649.83564299997, 2193, 494356.0, 3900, 3100, 378438),
(21659.70226499997, 2194, 494356.0, 3900, 3100, 378439),
(21669.577289999987, 2195, 494356.0, 3900, 3100, 378440),
(21679.53348099999, 2196, 494356.0, 3900, 3100, 378441),
(21689.410562999954, 2197, 494356.0, 3900, 3100, 378442),
(21699.371617999976, 2198, 494356.0, 3900, 3100, 378443),
(21709.29697299999, 2199, 494356.0, 3900, 3100, 378444),
(21719.214754999964, 2200, 494356.0, 3900, 3100, 378445),
(21729.122190999973, 2201, 494356.0, 3900, 3100, 378446),
(21738.976746, 2202, 494356.0, 3900, 3100, 378447),
(21748.888646999956, 2203, 494356.0, 3900, 3100, 378448),
(21758.757305999985, 2204, 494356.0, 3900, 3100, 378449),
(21768.654309000005, 2205, 494356.0, 3900, 3100, 378450),
(21778.53448099998, 2206, 494356.0, 3900, 3100, 378451),
(21788.435216999962, 2207, 494356.0, 3900, 3100, 378452),
(21798.298475999967, 2208, 494356.0, 3900, 3100, 378453),
(21808.193556999962, 2209, 494356.0, 3900, 3100, 378454),
(21818.104327999987, 2210, 494356.0, 3900, 3100, 378455),
(21827.994673999958, 2211, 494356.0, 3900, 3100, 378456),
(21837.933610000007, 2212, 494356.0, 3900, 3100, 378457),
(21847.849075999984, 2213, 494356.0, 3900, 3100, 378458),
(21857.758218000003, 2214, 494356.0, 3900, 3100, 378459),
(21867.659134999965, 2215, 494356.0, 3900, 3100, 378460),
(21877.476314999978, 2216, 494356.0, 3900, 3100, 378461),
(21887.355868999963, 2217, 494356.0, 3900, 3100, 378462),
(21897.235843000002, 2218, 494356.0, 3900, 3100, 378463),
(21907.135703999957, 2219, 494356.0, 3900, 3100, 378464),
(21917.032246999966, 2220, 494356.0, 3900, 3100, 378425),
(21926.932675999997, 2221, 494356.0, 3900, 3100, 378426),
(21936.868162999977, 2222, 494356.0, 3900, 3100, 378427),
(21946.774315999995, 2223, 494356.0, 3900, 3100, 378428),
(21956.760155999975, 2224, 494356.0, 3900, 3100, 378429),
(21966.63407999999, 2225, 494356.0, 3900, 3100, 378430),
(21976.540837999957, 2226, 494356.0, 3900, 3100, 378431),
(21986.478653999977, 2227, 494356.0, 3900, 3100, 378432),
(21996.321094999963, 2228, 494356.0, 3900, 3100, 378433),
(22006.279824999976, 2229, 494356.0, 3900, 3100, 378434),
(22016.218272999977, 2230, 494356.0, 3900, 3100, 378435),
(22026.098949000007, 2231, 494356.0, 3900, 3100, 378436),
(22035.981030999974, 2232, 494356.0, 3900, 3100, 378437),
(22045.962642, 2233, 494356.0, 3900, 3100, 378438),
(22055.797343999962, 2234, 494356.0, 3900, 3100, 378439),
(22065.575335, 2235, 494356.0, 3900, 3100, 378440),
(22075.49664799997, 2236, 494356.0, 3900, 3100, 378441),
(22085.397536999953, 2237, 494356.0, 3900, 3100, 378442),
(22095.29673099995, 2238, 494356.0, 3900, 3100, 378443),
(22105.250321, 2239, 494356.0, 3900, 3100, 378444),
(22115.112742999976, 2240, 494356.0, 3900, 3100, 378445),
(22124.998724000005, 2241, 494356.0, 3900, 3100, 378446),
(22134.935414000007, 2242, 494356.0, 3900, 3100, 378447),
(22144.797732000006, 2243, 494356.0, 3900, 3100, 378448),
(22154.71721599996, 2244, 494356.0, 3900, 3100, 378449),
(22164.557803999982, 2245, 494356.0, 3900, 3100, 378450),
(22174.47623899998, 2246, 494356.0, 3900, 3100, 378451),
(22184.335732999956, 2247, 494356.0, 3900, 3100, 378452),
(22194.209058999957, 2248, 494356.0, 3900, 3100, 378453),
(22204.059099000006, 2249, 494356.0, 3900, 3100, 378454),
(22213.95785899996, 2250, 494356.0, 3900, 3100, 378455),
(22223.799011999974, 2251, 494356.0, 3900, 3100, 378456),
(22233.698846999963, 2252, 494356.0, 3900, 3100, 378457),
(22243.558652999985, 2253, 494356.0, 3900, 3100, 378458),
(22253.47918699996, 2254, 494356.0, 3900, 3100, 378459),
(22263.335418000002, 2255, 494356.0, 3900, 3100, 378460),
(22273.239315999963, 2256, 494356.0, 3900, 3100, 378461),
(22283.15927199996, 2257, 494356.0, 3900, 3100, 378462),
(22293.078680999984, 2258, 494356.0, 3900, 3100, 378463),
(22302.962788999954, 2259, 494356.0, 3900, 3100, 378464),
(22312.918050999986, 2260, 494356.0, 3900, 3100, 378425),
(22322.79822299996, 2261, 494356.0, 3900, 3100, 378426),
(22332.680534999992, 2262, 494356.0, 3900, 3100, 378427),
(22342.556559999997, 2263, 494356.0, 3900, 3100, 378428),
(22352.376965999953, 2264, 494356.0, 3900, 3100, 378429),
(22362.358177999966, 2265, 494356.0, 3900, 3100, 378430),
(22372.31740499998, 2266, 494356.0, 3900, 3100, 378431),
(22382.33512199996, 2267, 494356.0, 3900, 3100, 378432),
(22392.288658000005, 2268, 494356.0, 3900, 3100, 378433),
(22402.213713000005, 2269, 494356.0, 3900, 3100, 378434),
(22412.261884999985, 2270, 494356.0, 3900, 3100, 378435),
(22422.361218000005, 2271, 494356.0, 3900, 3100, 378436),
(22432.319634999963, 2272, 494356.0, 3900, 3100, 378437),
(22442.37543799996, 2273, 494356.0, 3900, 3100, 378438),
(22452.45803899999, 2274, 494356.0, 3900, 3100, 378439),
(22462.374100999965, 2275, 494356.0, 3900, 3100, 378440),
(22472.202202999964, 2276, 494356.0, 3900, 3100, 378441),
(22482.07213799999, 2277, 494356.0, 3900, 3100, 378442),
(22491.897614999965, 2278, 494356.0, 3900, 3100, 378443),
(22501.75735999999, 2279, 494356.0, 3900, 3100, 378444),
(22511.60102599999, 2280, 494356.0, 3900, 3100, 378445),
(22521.50750399998, 2281, 494356.0, 3900, 3100, 378446),
(22531.274725999974, 2282, 494356.0, 3900, 3100, 378447),
(22541.196524999978, 2283, 494356.0, 3900, 3100, 378448),
(22551.043009999965, 2284, 494356.0, 3900, 3100, 378449),
(22560.94316199998, 2285, 494356.0, 3900, 3100, 378450),
(22570.796626999974, 2286, 494356.0, 3900, 3100, 378451),
(22580.636488999997, 2287, 494356.0, 3900, 3100, 378452),
(22590.491684000008, 2288, 494356.0, 3900, 3100, 378453),
(22600.309275999956, 2289, 494356.0, 3900, 3100, 378454),
(22610.151283999963, 2290, 494356.0, 3900, 3100, 378455),
(22620.017713999958, 2291, 494356.0, 3900, 3100, 378456),
(22629.88025799999, 2292, 494356.0, 3900, 3100, 378457),
(22639.693262999994, 2293, 494356.0, 3900, 3100, 378458),
(22649.581998999987, 2294, 494356.0, 3900, 3100, 378459),
(22659.60066699999, 2295, 494356.0, 3900, 3100, 378460),
(22669.35989699996, 2296, 494356.0, 3900, 3100, 378461),
(22679.17736099998, 2297, 494356.0, 3900, 3100, 378462),
(22689.034665999992, 2298, 494356.0, 3900, 3100, 378463),
(22698.944322999974, 2299, 494356.0, 3900, 3100, 378464),
(22708.80544799997, 2300, 494428.0, 3900, 2500, 378424),
(22718.654462000006, 2301, 494356.0, 3900, 2500, 378425),
(22728.560261000006, 2302, 494356.0, 3900, 2500, 378426),
(22738.538495999994, 2303, 494166.0, 3900, 2500, 378427),
(22748.565813999972, 2304, 494356.0, 3900, 2500, 378428),
(22758.596361999982, 2305, 494356.0, 3900, 2500, 378429),
(22768.616405999986, 2306, 494356.0, 3900, 2500, 378430),
(22778.542336999963, 2307, 494356.0, 3900, 2500, 378431),
(22788.51436099998, 2308, 494356.0, 3900, 2500, 378432),
(22798.62950499996, 2309, 494356.0, 3900, 2500, 378433),
(22808.604522999958, 2310, 494356.0, 3900, 2500, 378434),
(22818.527694999997, 2311, 494354.0, 3900, 2500, 378435),
(22828.335296000005, 2312, 494356.0, 3900, 2500, 378436),
(22838.115453000006, 2313, 494297.0, 3900, 2500, 378437),
(22847.955759999983, 2314, 494356.0, 3900, 2500, 378438),
(22858.010103999986, 2315, 494356.0, 3900, 2500, 378439),
(22868.08445699996, 2316, 494356.0, 3900, 2500, 378440),
(22878.049760999973, 2317, 494356.0, 3900, 2500, 378441),
(22887.924373999995, 2318, 494356.0, 3900, 2500, 378442),
(22897.800615999964, 2319, 494356.0, 3900, 2500, 378443),
(22907.761281999992, 2320, 494356.0, 3900, 2500, 378444),
(22918.00691299996, 2321, 494356.0, 3900, 2500, 378445),
(22938.09929599997, 2323, 494356.0, 3900, 2500, 378447),
(22948.439017999975, 2324, 494356.0, 3900, 2500, 378448),
(22958.597423999978, 2325, 494356.0, 3900, 2500, 378449),
(22968.357097, 2326, 494356.0, 3900, 2500, 378450),
(22978.15883499995, 2327, 494300.0, 3900, 2500, 378451),
(22987.95809599996, 2328, 494356.0, 3900, 2500, 378452),
(23007.756817999994, 2330, 494356.0, 3900, 2500, 378454),
(23017.579739999957, 2331, 494356.0, 3900, 2500, 378455),
(23027.397758000006, 2332, 494312.0, 3900, 2500, 378456),
(23037.217507999972, 2333, 494297.0, 3900, 2500, 378457),
(23047.02354299999, 2334, 494356.0, 3900, 2500, 378458),
(23056.876178000006, 2335, 494356.0, 3900, 2500, 378459),
(23066.715725999966, 2336, 494356.0, 3900, 2500, 378460),
(23076.722993999952, 2337, 494297.0, 3900, 2500, 378461),
(23096.41584599996, 2339, 494356.0, 3900, 2500, 378463),
(23106.248782999988, 2340, 494297.0, 3900, 2500, 378464),
(23116.286018999992, 2341, 494356.0, 3900, 2500, 378425),
(23126.217556999996, 2342, 494356.0, 3900, 2500, 378426),
(23136.276613999973, 2343, 494166.0, 3900, 2500, 378427),
(23146.088942000002, 2344, 494356.0, 3900, 2500, 378428),
(23155.93574299995, 2345, 494356.0, 3900, 2500, 378429),
(23165.792896999978, 2346, 494356.0, 3900, 2500, 378430),
(23175.816142999975, 2347, 494356.0, 3900, 2500, 378431),
(23185.662826999964, 2348, 494356.0, 3900, 2500, 378432),
(23195.70276299998, 2349, 494356.0, 3900, 2500, 378433),
(23205.572859999957, 2350, 494356.0, 3900, 2500, 378434),
(23215.400357999955, 2351, 494354.0, 3900, 2500, 378435),
(23225.263014999975, 2352, 494356.0, 3900, 2500, 378436),
(23235.16099299997, 2353, 494297.0, 3900, 2500, 378437),
(23245.000052999996, 2354, 494356.0, 3900, 2500, 378438),
(23254.80086899997, 2355, 494356.0, 3900, 2500, 378439),
(23264.84874699998, 2356, 494356.0, 3900, 2500, 378440),
(23274.722996999975, 2357, 494356.0, 3900, 2500, 378441),
(23284.77593199996, 2358, 494356.0, 3900, 2500, 378442),
(23294.60682799999, 2359, 494356.0, 3900, 2500, 378443),
(23304.595468999993, 2360, 494356.0, 3900, 2500, 378444),
(23314.70739299996, 2361, 494356.0, 3900, 2500, 378445),
(23334.760881999973, 2363, 494305.0, 3900, 2500, 378447),
(23344.80297099997, 2364, 494356.0, 3900, 2500, 378448),
(23354.71904399997, 2365, 494356.0, 3900, 2500, 378449),
(23364.636597999954, 2366, 494356.0, 3900, 2500, 378450),
(23374.52678699995, 2367, 494300.0, 3900, 2500, 378451),
(23384.355706000002, 2368, 494356.0, 3900, 2500, 378452),
