(0.0, 1, 530.0, 3500, 2000, 112),
(0.043929000006755814, 2, 530.0, 3500, 2000, 113),
(0.08982999999716412, 3, 530.0, 3500, 2000, 114),
(0.13861500000348315, 4, 530.0, 3500, 2000, 115),
(0.18873599999642465, 5, 530.0, 3500, 2000, 116),
(0.24677199999860022, 6, 530.0, 3500, 2000, 117),
(0.29763300000922754, 7, 530.0, 3500, 2000, 118),
(0.3504269999975804, 8, 530.0, 3500, 2000, 119),
(0.4000660000019707, 9, 530.0, 3500, 2000, 120),
(0.44895099999848753, 10, 530.0, 3500, 2000, 121),
(0.4934320000029402, 11, 530.0, 3500, 2000, 122),
(0.5421409999980824, 12, 530.0, 3500, 2000, 123),
(0.5989450000051875, 13, 530.0, 3500, 2000, 124),
(0.658651000005193, 14, 530.0, 3500, 2000, 125),
(0.7121360000019195, 15, 530.0, 3500, 2000, 126),
(0.7556760000006761, 16, 530.0, 3500, 2000, 127),
(0.8043929999985266, 17, 530.0, 3500, 2000, 128),
(0.8487980000063544, 18, 530.0, 3500, 2000, 129),
(0.8938869999983581, 19, 530.0, 3500, 2000, 130),
(0.9465650000056485, 20, 530.0, 3500, 2000, 131),
(0.9881920000043465, 21, 530.0, 3500, 2000, 132),
(1.038379999998142, 22, 530.0, 3500, 2000, 133),
(1.0950699999957578, 23, 530.0, 3500, 2000, 134),
(1.146539000008488, 24, 530.0, 3500, 2000, 135),
(1.1914289999986067, 25, 530.0, 3500, 2000, 136),
(1.2327420000074198, 26, 530.0, 3500, 2000, 137),
(1.2870839999959571, 27, 530.0, 3500, 2000, 138),
(1.3303149999992456, 28, 530.0, 3500, 2000, 139),
(1.368205000006128, 29, 530.0, 3500, 2000, 140),
(1.419303000002401, 30, 530.0, 3500, 2000, 141),
(1.4687189999967813, 31, 530.0, 3500, 2000, 142),
(1.5169109999987995, 32, 530.0, 3500, 2000, 143),
(1.5637700000079349, 33, 530.0, 3500, 2000, 144),
(1.614056000005803, 34, 530.0, 3500, 2000, 145),
(1.6543610000080662, 35, 530.0, 3500, 2000, 146),
(1.6985180000046967, 36, 530.0, 3500, 2000, 147),
(1.7445910000096774, 37, 530.0, 3500, 2000, 148),
(1.7906389999989187, 38, 530.0, 3500, 2000, 149),
(1.8461890000035055, 39, 530.0, 3500, 2000, 150),
(1.8970980000012787, 40, 530.0, 3500, 2000, 151),
(1.9372240000084275, 41, 530.0, 3500, 2000, 152),
(1.9745490000059363, 42, 530.0, 3500, 2000, 113),
(2.01222200000484, 43, 530.0, 3500, 2000, 114),
(2.0494960000069113, 44, 530.0, 3500, 2000, 115),
(2.088986999995541, 45, 530.0, 3500, 2000, 116),
(2.128052000000025, 46, 530.0, 3500, 2000, 117),
(2.16746399999829, 47, 530.0, 3500, 2000, 118),
(2.207114000004367, 48, 530.0, 3500, 2000, 119),
(2.2495190000045113, 49, 530.0, 3500, 2000, 120),
(2.2903840000071796, 50, 530.0, 3500, 2000, 121),
(2.3355500000034226, 51, 530.0, 3500, 2000, 122),
(2.3745920000073966, 52, 530.0, 3500, 2000, 123),
(2.4171190000051865, 53, 530.0, 3500, 2000, 124),
(2.4619870000024093, 54, 530.0, 3500, 2000, 125),
(2.510244999997667, 55, 530.0, 3500, 2000, 126),
(2.5548859999980778, 56, 530.0, 3500, 2000, 127),
(2.5978420000028564, 57, 530.0, 3500, 2000, 128),
(2.6326499999995576, 58, 530.0, 3500, 2000, 129),
(2.6673759999976028, 59, 530.0, 3500, 2000, 130),
(2.7090060000045924, 60, 530.0, 3500, 2000, 131),
(2.7469180000043707, 61, 530.0, 3500, 2000, 132),
(2.7948100000066916, 62, 530.0, 3500, 2000, 133),
(2.834552000000258, 63, 530.0, 3500, 2000, 134),
(2.878865999999107, 64, 530.0, 3500, 2000, 135),
(2.915783000004012, 65, 530.0, 3500, 2000, 136),
(2.9533400000073016, 66, 530.0, 3500, 2000, 137),
(2.994633000009344, 67, 530.0, 3500, 2000, 138),
(3.032871999996132, 68, 530.0, 3500, 2000, 139),
(3.0796140000020387, 69, 530.0, 3500, 2000, 140),
(3.1227409999992233, 70, 530.0, 3500, 2000, 141),
(3.167543999996269, 71, 530.0, 3500, 2000, 142),
(3.209371999997529, 72, 530.0, 3500, 2000, 143),
(3.2568150000006426, 73, 530.0, 3500, 2000, 144),
(3.296247999998741, 74, 530.0, 3500, 2000, 145),
(3.335856000005151, 75, 530.0, 3500, 2000, 146),
(3.373768999997992, 76, 530.0, 3500, 2000, 147),
(3.4187349999992875, 77, 530.0, 3500, 2000, 148),
(3.460837000005995, 78, 530.0, 3500, 2000, 149),
(3.50715200000559, 79, 530.0, 3500, 2000, 150),
(3.5460779999993974, 80, 530.0, 3500, 2000, 151),
(3.587043999999878, 81, 530.0, 3500, 2000, 152),
(3.627261000001454, 82, 530.0, 3500, 2000, 113),
(3.6736020000098506, 83, 530.0, 3500, 2000, 114),
(3.7173990000010235, 84, 530.0, 3500, 2000, 115),
(3.7665470000065397, 85, 530.0, 3500, 2000, 116),
(3.8115990000078455, 86, 530.0, 3500, 2000, 117),
(3.860635999997612, 87, 530.0, 3500, 2000, 118),
(3.902331999997841, 88, 530.0, 3500, 2000, 119),
(3.943931000001612, 89, 530.0, 3500, 2000, 120),
(3.9982359999994515, 90, 530.0, 3500, 2000, 121),
(4.0372150000039255, 91, 530.0, 3500, 2000, 122),
(4.07687600000645, 92, 530.0, 3500, 2000, 123),
(4.118545000004815, 93, 530.0, 3500, 2000, 124),
(4.160988000003272, 94, 530.0, 3500, 2000, 125),
(4.207120999999461, 95, 530.0, 3500, 2000, 126),
(4.252844000002369, 96, 530.0, 3500, 2000, 127),
(4.300419999999576, 97, 530.0, 3500, 2000, 128),
(4.344273000009707, 98, 530.0, 3500, 2000, 129),
(4.392447999998694, 99, 530.0, 3500, 2000, 130),
(4.44226900000649, 100, 530.0, 3500, 2000, 131),
(4.48395100000198, 101, 530.0, 3500, 2000, 132),
(4.533798999997089, 102, 530.0, 3500, 2000, 133),
(4.586854000008316, 103, 530.0, 3500, 2000, 134),
(4.623992000008002, 104, 530.0, 3500, 2000, 135),
(4.668590000001132, 105, 530.0, 3500, 2000, 136),
(4.711485000007087, 106, 530.0, 3500, 2000, 137),
(4.755382999996073, 107, 530.0, 3500, 2000, 138),
(4.796973000004073, 108, 530.0, 3500, 2000, 139),
(4.8400410000031115, 109, 530.0, 3500, 2000, 140),
(4.881498999995529, 110, 530.0, 3500, 2000, 141),
(4.926789000004646, 111, 530.0, 3500, 2000, 142),
(4.977169000005233, 112, 530.0, 3500, 2000, 143),
(5.026603000005707, 113, 530.0, 3500, 2000, 144),
(5.064460000008694, 114, 530.0, 3500, 2000, 145),
(5.108193000007304, 115, 530.0, 3500, 2000, 146),
(5.1453980000078445, 116, 530.0, 3500, 2000, 147),
(5.185523000007379, 117, 530.0, 3500, 2000, 148),
(5.226534000001266, 118, 530.0, 3500, 2000, 149),
(5.268278000003193, 119, 530.0, 3500, 2000, 150),
(5.308992000005674, 120, 530.0, 3500, 2000, 151),
(5.350860999998986, 121, 530.0, 3500, 2000, 152),
(5.394992000001366, 122, 530.0, 3500, 2400, 112),
(5.440067000003182, 123, 530.0, 3500, 2400, 113),
(5.480225000006612, 124, 530.0, 3500, 2400, 114),
(5.523045000009006, 125, 530.0, 3500, 2400, 115),
(5.565207000006922, 126, 530.0, 3500, 2400, 116),
(5.611356000008527, 127, 530.0, 3500, 2400, 117),
(5.652706000008038, 128, 530.0, 3500, 2400, 118),
(5.690461000005598, 129, 530.0, 3500, 2400, 119),
(5.735826999996789, 130, 530.0, 3500, 2400, 120),
(5.777979000005871, 131, 530.0, 3500, 2400, 121),
(5.821842999997898, 132, 530.0, 3500, 2400, 122),
(5.864045000009355, 133, 530.0, 3500, 2400, 123),
(5.902384000000893, 134, 530.0, 3500, 2400, 124),
(5.945233999998891, 135, 530.0, 3500, 2400, 125),
(5.985761999996612, 136, 530.0, 3500, 2400, 126),
(6.026574000003166, 137, 530.0, 3500, 2400, 127),
(6.067156000004616, 138, 530.0, 3500, 2400, 128),
(6.110628000009456, 139, 530.0, 3500, 2400, 129),
(6.149224000007962, 140, 530.0, 3500, 2400, 130),
(6.1876610000035726, 141, 530.0, 3500, 2400, 131),
(6.2274040000047535, 142, 530.0, 3500, 2400, 132),
(6.267885000008391, 143, 530.0, 3500, 2400, 133),
(6.3070129999978235, 144, 530.0, 3500, 2400, 134),
(6.347976000004564, 145, 530.0, 3500, 2400, 135),
(6.389603999996325, 146, 530.0, 3500, 2400, 136),
(6.431575000009616, 147, 530.0, 3500, 2400, 137),
(6.472796000001836, 148, 530.0, 3500, 2400, 138),
(6.511876999997185, 149, 530.0, 3500, 2400, 139),
(6.554641000009724, 150, 530.0, 3500, 2400, 140),
(6.5935889999964274, 151, 530.0, 3500, 2400, 141),
(6.635600000008708, 152, 530.0, 3500, 2400, 142),
(6.678388000000268, 153, 530.0, 3500, 2400, 143),
(6.717434000005596, 154, 530.0, 3500, 2400, 144),
(6.761368000006769, 155, 530.0, 3500, 2400, 145),
(6.805347000001348, 156, 530.0, 3500, 2400, 146),
(6.846075000008568, 157, 530.0, 3500, 2400, 147),
(6.884166999996523, 158, 530.0, 3500, 2400, 148),
(6.925480999998399, 159, 530.0, 3500, 2400, 149),
(6.967111999998451, 160, 530.0, 3500, 2400, 150),
(7.008390999995754, 161, 530.0, 3500, 2400, 151),
(7.046661000000313, 162, 530.0, 3500, 2400, 152),
(7.086716999998316, 163, 530.0, 3500, 2400, 113),
(7.12789000000339, 164, 530.0, 3500, 2400, 114),
(7.167918000006466, 165, 530.0, 3500, 2400, 115),
(7.208666999998968, 166, 530.0, 3500, 2400, 116),
(7.251470000002882, 167, 530.0, 3500, 2400, 117),
(7.295666999998502, 168, 530.0, 3500, 2400, 118),
(7.343649000002188, 169, 530.0, 3500, 2400, 119),
(7.389064999995753, 170, 530.0, 3500, 2400, 120),
(7.429188000009162, 171, 530.0, 3500, 2400, 121),
(7.474052000005031, 172, 530.0, 3500, 2400, 122),
(7.516522000005352, 173, 530.0, 3500, 2400, 123),
(7.571817999996711, 174, 530.0, 3500, 2400, 124),
(7.614241000002949, 175, 530.0, 3500, 2400, 125),
(7.655444000003627, 176, 530.0, 3500, 2400, 126),
(7.697537000000011, 177, 530.0, 3500, 2400, 127),
(7.737070999995922, 178, 530.0, 3500, 2400, 128),
(7.777929999996559, 179, 530.0, 3500, 2400, 129),
(7.818353000009665, 180, 530.0, 3500, 2400, 130),
(7.862349999995786, 181, 530.0, 3500, 2400, 131),
(7.901735000006738, 182, 530.0, 3500, 2400, 132),
(7.9419530000013765, 183, 530.0, 3500, 2400, 133),
(7.984828000000562, 184, 530.0, 3500, 2400, 134),
(8.02648699999554, 185, 530.0, 3500, 2400, 135),
(8.064196999999695, 186, 530.0, 3500, 2400, 136),
(8.101227000006475, 187, 530.0, 3500, 2400, 137),
(8.150510999999824, 188, 530.0, 3500, 2400, 138),
(8.1965540000092, 189, 530.0, 3500, 2400, 139),
(8.251428000003216, 190, 530.0, 3500, 2400, 140),
(8.294428000008338, 191, 530.0, 3500, 2400, 141),
(8.340359000008903, 192, 530.0, 3500, 2400, 142),
(8.404150000002119, 193, 530.0, 3500, 2400, 143),
(8.447987999999896, 194, 530.0, 3500, 2400, 144),
(8.489354000004823, 195, 530.0, 3500, 2400, 145),
(8.532369000007748, 196, 530.0, 3500, 2400, 146),
(8.578890999997384, 197, 530.0, 3500, 2400, 147),
(8.620072999998229, 198, 530.0, 3500, 2400, 148),
(8.661252999998396, 199, 530.0, 3500, 2400, 149),
(8.702204000001075, 200, 530.0, 3500, 2400, 150),
(8.74119200000132, 201, 530.0, 3500, 2400, 151),
(8.786349000001792, 202, 530.0, 3500, 2400, 152),
(8.831617000003462, 203, 530.0, 3500, 2400, 113),
(8.877854999998817, 204, 530.0, 3500, 2400, 114),
(8.923863000003621, 205, 530.0, 3500, 2400, 115),
(8.967407999996794, 206, 530.0, 3500, 2400, 116),
(9.009955000001355, 207, 530.0, 3500, 2400, 117),
(9.053159000002779, 208, 530.0, 3500, 2400, 118),
(9.098632000008365, 209, 530.0, 3500, 2400, 119),
(9.14635399999679, 210, 530.0, 3500, 2400, 120),
(9.184820000009495, 211, 530.0, 3500, 2400, 121),
(9.231113000001642, 212, 530.0, 3500, 2400, 122),
(9.286388000007719, 213, 530.0, 3500, 2400, 123),
(9.334755000003497, 214, 530.0, 3500, 2400, 124),
(9.381466000006185, 215, 530.0, 3500, 2400, 125),
(9.432618000006187, 216, 530.0, 3500, 2400, 126),
(9.481037000005017, 217, 530.0, 3500, 2400, 127),
(9.522808000008808, 218, 530.0, 3500, 2400, 128),
(9.58665199999814, 219, 530.0, 3500, 2400, 129),
(9.630258000004687, 220, 530.0, 3500, 2400, 130),
(9.696298000009847, 221, 530.0, 3500, 2400, 131),
(9.746914000003017, 222, 530.0, 3500, 2400, 132),
(9.798569999999017, 223, 530.0, 3500, 2400, 133),
(9.84493000000657, 224, 530.0, 3500, 2400, 134),
(9.89513600000646, 225, 530.0, 3500, 2400, 135),
(9.942563000004156, 226, 530.0, 3500, 2400, 136),
(9.982715999998618, 227, 530.0, 3500, 2400, 137),
(10.023507999998401, 228, 530.0, 3500, 2400, 138),
(10.071257000003243, 229, 530.0, 3500, 2400, 139),
(10.124228000000585, 230, 530.0, 3500, 2400, 140),
(10.170496999999159, 231, 530.0, 3500, 2400, 141),
(10.217436999999336, 232, 530.0, 3500, 2400, 142),
(10.276639999996405, 233, 530.0, 3500, 2400, 143),
(10.32630300000892, 234, 530.0, 3500, 2400, 144),
(10.367681999996421, 235, 530.0, 3500, 2400, 145),
(10.424523000008776, 236, 530.0, 3500, 2400, 146),
(10.510980999999447, 237, 530.0, 3500, 2400, 147),
(10.569289999999455, 238, 530.0, 3500, 2400, 148),
(10.619684000004781, 239, 530.0, 3500, 2400, 149),
(10.675558999995701, 240, 530.0, 3500, 2400, 150),
(10.722235000008368, 241, 530.0, 3500, 2400, 151),
(10.763126000005286, 242, 530.0, 3500, 2400, 152),
(10.808220000006258, 243, 530.0, 3500, 2800, 112),
(10.854644999999437, 244, 530.0, 3500, 2800, 113),
(10.898847000004025, 245, 530.0, 3500, 2800, 114),
(10.95799999999872, 246, 530.0, 3500, 2800, 115),
(11.006884000002174, 247, 530.0, 3500, 2800, 116),
(11.047046000006958, 248, 530.0, 3500, 2800, 117),
(11.089261000000988, 249, 530.0, 3500, 2800, 118),
(11.144570999997086, 250, 530.0, 3500, 2800, 119),
(11.188074999998207, 251, 530.0, 3500, 2800, 120),
(11.233097000003909, 252, 530.0, 3500, 2800, 121),
(11.277530999999726, 253, 530.0, 3500, 2800, 122),
(11.356098999996902, 254, 530.0, 3500, 2800, 123),
(11.418199000007007, 255, 530.0, 3500, 2800, 124),
(11.466803000002983, 256, 530.0, 3500, 2800, 125),
(11.519601000007242, 257, 530.0, 3500, 2800, 126),
(11.567880000002333, 258, 530.0, 3500, 2800, 127),
(11.615554999996675, 259, 530.0, 3500, 2800, 128),
(11.659115000002203, 260, 530.0, 3500, 2800, 129),
(11.70685100000992, 261, 530.0, 3500, 2800, 130),
(11.744661000004271, 262, 530.0, 3500, 2800, 131),
(11.796690999995917, 263, 530.0, 3500, 2800, 132),
(11.839355000003707, 264, 530.0, 3500, 2800, 133),
(11.883839000001899, 265, 530.0, 3500, 2800, 134),
(11.9253549999994, 266, 530.0, 3500, 2800, 135),
(11.973710000005667, 267, 530.0, 3500, 2800, 136),
(12.017424000005121, 268, 530.0, 3500, 2800, 137),
(12.059552000006079, 269, 530.0, 3500, 2800, 138),
(12.100872000009986, 270, 530.0, 3500, 2800, 139),
(12.144664000006742, 271, 530.0, 3500, 2800, 140),
(12.192777000003844, 272, 530.0, 3500, 2800, 141),
(12.232099000000744, 273, 530.0, 3500, 2800, 142),
(12.277247999998508, 274, 530.0, 3500, 2800, 143),
(12.322304000001168, 275, 530.0, 3500, 2800, 144),
(12.381028999996488, 276, 530.0, 3500, 2800, 145),
(12.443937999996706, 277, 530.0, 3500, 2800, 146),
(12.487040000007255, 278, 530.0, 3500, 2800, 147),
(12.531805000005988, 279, 530.0, 3500, 2800, 148),
(12.57269699999597, 280, 530.0, 3500, 2800, 149),
(12.615250000002561, 281, 530.0, 3500, 2800, 150),
(12.662571000008029, 282, 530.0, 3500, 2800, 151),
(12.696919000009075, 283, 530.0, 3500, 2800, 152),
(12.732948000004399, 284, 530.0, 3500, 2800, 113),
(12.774159000007785, 285, 530.0, 3500, 2800, 114),
(12.815694999997504, 286, 530.0, 3500, 2800, 115),
(12.861625000005006, 287, 530.0, 3500, 2800, 116),
(12.921239999996033, 288, 530.0, 3500, 2800, 117),
(12.976777999996557, 289, 530.0, 3500, 2800, 118),
(13.028850000002421, 290, 530.0, 3500, 2800, 119),
(13.067301000002772, 291, 530.0, 3500, 2800, 120),
(13.106388000000152, 292, 530.0, 3500, 2800, 121),
(13.153160000001662, 293, 530.0, 3500, 2800, 122),
(13.194084999995539, 294, 530.0, 3500, 2800, 123),
(13.247736000004807, 295, 530.0, 3500, 2800, 124),
(13.295356000002357, 296, 530.0, 3500, 2800, 125),
(13.342346999997972, 297, 530.0, 3500, 2800, 126),
(13.388936999996076, 298, 530.0, 3500, 2800, 127),
(13.437933000008343, 299, 530.0, 3500, 2800, 128),
(13.489367000001948, 300, 530.0, 3500, 2800, 129),
(13.536113000009209, 301, 530.0, 3500, 2800, 130),
(13.577879999997094, 302, 530.0, 3500, 2800, 131),
(13.618322000009357, 303, 530.0, 3500, 2800, 132),
(13.660037000008742, 304, 530.0, 3500, 2800, 133),
(13.713688000003458, 305, 530.0, 3500, 2800, 134),
(13.761974000008195, 306, 530.0, 3500, 2800, 135),
(13.803232999998727, 307, 530.0, 3500, 2800, 136),
(13.844689000005019, 308, 530.0, 3500, 2800, 137),
(13.891826000006404, 309, 530.0, 3500, 2800, 138),
(13.935740000000806, 310, 530.0, 3500, 2800, 139),
(13.9808320000011, 311, 530.0, 3500, 2800, 140),
(14.037421000000904, 312, 530.0, 3500, 2800, 141),
(14.079828000001726, 313, 530.0, 3500, 2800, 142),
(14.119399999995949, 314, 530.0, 3500, 2800, 143),
(14.167742999998154, 315, 530.0, 3500, 2800, 144),
(14.22001299999829, 316, 530.0, 3500, 2800, 145),
(14.262621000001673, 317, 530.0, 3500, 2800, 146),
(14.309831000005943, 318, 530.0, 3500, 2800, 147),
(14.365212000004249, 319, 530.0, 3500, 2800, 148),
(14.412871000007726, 320, 530.0, 3500, 2800, 149),
(14.461859999995795, 321, 530.0, 3500, 2800, 150),
(14.509520000006887, 322, 530.0, 3500, 2800, 151),
(14.55667099999846, 323, 530.0, 3500, 2800, 152),
(14.602014000003692, 324, 530.0, 3500, 2800, 113),
(14.641516999996384, 325, 530.0, 3500, 2800, 114),
(14.682113999995636, 326, 530.0, 3500, 2800, 115),
(14.730855000001611, 327, 530.0, 3500, 2800, 116),
(14.791832999995677, 328, 530.0, 3500, 2800, 117),
(14.829269000008935, 329, 530.0, 3500, 2800, 118),
(14.874382000009064, 330, 530.0, 3500, 2800, 119),
(14.91910500000813, 331, 530.0, 3500, 2800, 120),
(14.970820000002277, 332, 530.0, 3500, 2800, 121),
(15.018165000001318, 333, 530.0, 3500, 2800, 122),
(15.065153999996255, 334, 530.0, 3500, 2800, 123),
(15.101173999995808, 335, 530.0, 3500, 2800, 124),
(15.14036400000623, 336, 530.0, 3500, 2800, 125),
(15.187606000006781, 337, 530.0, 3500, 2800, 126),
(15.22784400000819, 338, 530.0, 3500, 2800, 127),
(15.264941000001272, 339, 530.0, 3500, 2800, 128),
(15.303177000008873, 340, 530.0, 3500, 2800, 129),
(15.347324000002118, 341, 530.0, 3500, 2800, 130),
(15.392489000005298, 342, 530.0, 3500, 2800, 131),
(15.432960999998613, 343, 530.0, 3500, 2800, 132),
(15.484448999995948, 344, 530.0, 3500, 2800, 133),
(15.530790000004345, 345, 530.0, 3500, 2800, 134),
(15.578581000008853, 346, 530.0, 3500, 2800, 135),
(15.620924999995623, 347, 530.0, 3500, 2800, 136),
(15.66725199999928, 348, 530.0, 3500, 2800, 137),
(15.708381999997073, 349, 530.0, 3500, 2800, 138),
(15.754832999999053, 350, 530.0, 3500, 2800, 139),
(15.804921999995713, 351, 530.0, 3500, 2800, 140),
(15.848114000007627, 352, 530.0, 3500, 2800, 141),
(15.894169000006514, 353, 530.0, 3500, 2800, 142),
(15.949655999997049, 354, 530.0, 3500, 2800, 143),
(15.996391000007861, 355, 530.0, 3500, 2800, 144),
(16.043616000009933, 356, 530.0, 3500, 2800, 145),
(16.088675999999396, 357, 530.0, 3500, 2800, 146),
(16.134978000001865, 358, 530.0, 3500, 2800, 147),
(16.185993999999482, 359, 530.0, 3500, 2800, 148),
(16.233090000008815, 360, 530.0, 3500, 2800, 149),
(16.289484000008088, 361, 530.0, 3500, 2800, 150),
(16.343686000007438, 362, 530.0, 3500, 2800, 151),
(16.39785500000289, 363, 530.0, 3500, 2800, 152),
(16.444811000008485, 364, 530.0, 3500, 3200, 112),
(16.48575300000084, 365, 530.0, 3500, 3200, 113),
(16.53528599999845, 366, 530.0, 3500, 3200, 114),
(16.57848599999852, 367, 530.0, 3500, 3200, 115),
(16.622954000005848, 368, 530.0, 3500, 3200, 116),
(16.666574999995646, 369, 530.0, 3500, 3200, 117),
(16.71242599999823, 370, 530.0, 3500, 3200, 118),
(16.76564199999848, 371, 530.0, 3500, 3200, 119),
(16.81614000000991, 372, 530.0, 3500, 3200, 120),
(16.85873900000297, 373, 530.0, 3500, 3200, 121),
(16.900334000005387, 374, 530.0, 3500, 3200, 122),
(16.9462280000007, 375, 530.0, 3500, 3200, 123),
(16.99517399999604, 376, 530.0, 3500, 3200, 124),
(17.042417000004207, 377, 530.0, 3500, 3200, 125),
(17.086846000005607, 378, 530.0, 3500, 3200, 126),
(17.13240400000359, 379, 530.0, 3500, 3200, 127),
(17.185788000002503, 380, 530.0, 3500, 3200, 128),
(17.241785999998683, 381, 530.0, 3500, 3200, 129),
(17.29114300000947, 382, 530.0, 3500, 3200, 130),
(17.34253200000967, 383, 530.0, 3500, 3200, 131),
(17.392730999999912, 384, 530.0, 3500, 3200, 132),
(17.443070000008447, 385, 530.0, 3500, 3200, 133),
(17.486679000008735, 386, 530.0, 3500, 3200, 134),
(17.532139000002644, 387, 530.0, 3500, 3200, 135),
(17.584463000006508, 388, 530.0, 3500, 3200, 136),
(17.637046999996528, 389, 530.0, 3500, 3200, 137),
(17.6875, 390, 530.0, 3500, 3200, 138),
(17.731884000007994, 391, 530.0, 3500, 3200, 139),
(17.782632000002195, 392, 530.0, 3500, 3200, 140),
(17.827075000008335, 393, 530.0, 3500, 3200, 141),
(17.87701100000413, 394, 530.0, 3500, 3200, 142),
(17.918732000005548, 395, 530.0, 3500, 3200, 143),
(17.958131000006688, 396, 530.0, 3500, 3200, 144),
(17.997409000003245, 397, 530.0, 3500, 3200, 145),
(18.037080000009155, 398, 530.0, 3500, 3200, 146),
(18.080450000008568, 399, 530.0, 3500, 3200, 147),
(18.122832000008202, 400, 530.0, 3500, 3200, 148),
(18.16710000000603, 401, 530.0, 3500, 3200, 149),
(18.216507999997702, 402, 530.0, 3500, 3200, 150),
(18.26939400000265, 403, 530.0, 3500, 3200, 151),
(18.310161000001244, 404, 530.0, 3500, 3200, 152),
(18.35129500000039, 405, 530.0, 3500, 3200, 113),
(18.392256999999518, 406, 530.0, 3500, 3200, 114),
(18.440604000003077, 407, 530.0, 3500, 3200, 115),
(18.483973000009428, 408, 530.0, 3500, 3200, 116),
(18.530930000008084, 409, 530.0, 3500, 3200, 117),
(18.576631000003545, 410, 530.0, 3500, 3200, 118),
(18.614948000002187, 411, 530.0, 3500, 3200, 119),
(18.657395000001998, 412, 530.0, 3500, 3200, 120),
(18.704487000009976, 413, 530.0, 3500, 3200, 121),
(18.757347999999183, 414, 530.0, 3500, 3200, 122),
(18.806458000006387, 415, 530.0, 3500, 3200, 123),
(18.861657000001287, 416, 530.0, 3500, 3200, 124),
(18.9136920000019, 417, 530.0, 3500, 3200, 125),
(18.956632000001264, 418, 530.0, 3500, 3200, 126),
(18.999632000006386, 419, 530.0, 3500, 3200, 127),
(19.04645700000401, 420, 530.0, 3500, 3200, 128),
(19.0927159999992, 421, 530.0, 3500, 3200, 129),
(19.13939599999867, 422, 530.0, 3500, 3200, 130),
(19.18032700000913, 423, 530.0, 3500, 3200, 131),
(19.226852000007057, 424, 530.0, 3500, 3200, 132),
(19.278944999998203, 425, 530.0, 3500, 3200, 133),
(19.320013999997173, 426, 530.0, 3500, 3200, 134),
(19.369889000008698, 427, 530.0, 3500, 3200, 135),
(19.418831999995746, 428, 530.0, 3500, 3200, 136),
(19.4708180000016, 429, 530.0, 3500, 3200, 137),
(19.515947000007145, 430, 530.0, 3500, 3200, 138),
(19.566982000003918, 431, 530.0, 3500, 3200, 139),
(19.612260000008973, 432, 530.0, 3500, 3200, 140),
(19.66576299999724, 433, 530.0, 3500, 3200, 141),
(19.712666999999783, 434, 530.0, 3500, 3200, 142),
(19.762111000003642, 435, 530.0, 3500, 3200, 143),
(19.808247000008123, 436, 530.0, 3500, 3200, 144),
(19.847452000001795, 437, 530.0, 3500, 3200, 145),
(19.89805499999784, 438, 530.0, 3500, 3200, 146),
(19.941005000000587, 439, 530.0, 3500, 3200, 147),
(19.987220000009984, 440, 530.0, 3500, 3200, 148),
(20.02971499999694, 441, 530.0, 3500, 3200, 149),
(20.07502000000386, 442, 530.0, 3500, 3200, 150),
(20.1181030000007, 443, 530.0, 3500, 3200, 151),
(20.167316999999457, 444, 530.0, 3500, 3200, 152),
(20.221847000007983, 445, 530.0, 3500, 3200, 113),
(20.271787000005133, 446, 530.0, 3500, 3200, 114),
(20.324745999998413, 447, 530.0, 3500, 3200, 115),
(20.375184999997145, 448, 530.0, 3500, 3200, 116),
(20.41936500000884, 449, 530.0, 3500, 3200, 117),
(20.466864000001806, 450, 530.0, 3500, 3200, 118),
(20.516107000003103, 451, 530.0, 3500, 3200, 119),
(20.567609000005177, 452, 530.0, 3500, 3200, 120),
(20.60268399999768, 453, 530.0, 3500, 3200, 121),
(20.637171000009403, 454, 530.0, 3500, 3200, 122),
(20.67140200000722, 455, 530.0, 3500, 3200, 123),
(20.71031700000458, 456, 530.0, 3500, 3200, 124),
(20.748535000006086, 457, 530.0, 3500, 3200, 125),
(20.802900000009686, 458, 530.0, 3500, 3200, 126),
(20.87792100000661, 459, 530.0, 3500, 3200, 127),
(20.93786700000055, 460, 530.0, 3500, 3200, 128),
(20.982050999999046, 461, 530.0, 3500, 3200, 129),
(21.02772900000855, 462, 530.0, 3500, 3200, 130),
(21.072849999996834, 463, 530.0, 3500, 3200, 131),
(21.120074999998906, 464, 530.0, 3500, 3200, 132),
(21.184611000004224, 465, 530.0, 3500, 3200, 133),
(21.22609399999783, 466, 530.0, 3500, 3200, 134),
(21.27047400000447, 467, 530.0, 3500, 3200, 135),
(21.315468000000692, 468, 530.0, 3500, 3200, 136),
(21.36713700000837, 469, 530.0, 3500, 3200, 137),
(21.41467399999965, 470, 530.0, 3500, 3200, 138),
(21.471765000009327, 471, 530.0, 3500, 3200, 139),
(21.51937999999791, 472, 530.0, 3500, 3200, 140),
(21.57186300000467, 473, 530.0, 3500, 3200, 141),
(21.627871999997296, 474, 530.0, 3500, 3200, 142),
(21.664839000004577, 475, 530.0, 3500, 3200, 143),
(21.711112000004505, 476, 530.0, 3500, 3200, 144),
(21.757886999999755, 477, 530.0, 3500, 3200, 145),
(21.802989000003436, 478, 530.0, 3500, 3200, 146),
(21.84749400000146, 479, 530.0, 3500, 3200, 147),
(21.894035999997868, 480, 530.0, 3500, 3200, 148),
(21.939649000007194, 481, 530.0, 3500, 3200, 149),
(22.013283000007505, 482, 530.0, 3500, 3200, 150),
(22.05703500000527, 483, 530.0, 3500, 3200, 151),
(22.107982000001357, 484, 530.0, 3500, 3200, 152),
(22.171085000009043, 485, 532.0, 3500, 2200, 112),
(22.22480500000529, 486, 532.0, 3500, 2200, 113),
(22.268653999999515, 487, 532.0, 3500, 2200, 114),
(22.31623799999943, 488, 532.0, 3500, 2200, 115),
(22.35743899999943, 489, 532.0, 3500, 2200, 116),
(22.39935500000138, 490, 532.0, 3500, 2200, 117),
(22.453326000002562, 491, 532.0, 3500, 2200, 118),
(22.49793800000043, 492, 532.0, 3500, 2200, 119),
(22.53977699999814, 493, 532.0, 3500, 2200, 120),
(22.58660300000338, 494, 532.0, 3500, 2200, 121),
(22.628114999999525, 495, 532.0, 3500, 2200, 122),
(22.668461000008392, 496, 532.0, 3500, 2200, 123),
(22.7190760000085, 497, 532.0, 3500, 2200, 124),
(22.77326100000937, 498, 532.0, 3500, 2200, 125),
(22.82054600000265, 499, 532.0, 3500, 2200, 126),
(22.867035000002943, 500, 532.0, 3500, 2200, 127),
(22.912894000008237, 501, 532.0, 3500, 2200, 128),
(22.95603200000187, 502, 532.0, 3500, 2200, 129),
(23.004809999998542, 503, 532.0, 3500, 2200, 130),
(23.05272999999579, 504, 532.0, 3500, 2200, 131),
(23.1121620000049, 505, 532.0, 3500, 2200, 132),
(23.15566000000399, 506, 532.0, 3500, 2200, 133),
(23.196213999995962, 507, 532.0, 3500, 2200, 134),
(23.242373000000953, 508, 532.0, 3500, 2200, 135),
(23.28584100000444, 509, 532.0, 3500, 2200, 136),
(23.33265599999868, 510, 532.0, 3500, 2200, 137),
(23.376971999998204, 511, 532.0, 3500, 2200, 138),
(23.425499999997555, 512, 532.0, 3500, 2200, 139),
(23.476911000005202, 513, 532.0, 3500, 2200, 140),
(23.519322000007378, 514, 532.0, 3500, 2200, 141),
(23.565291000006255, 515, 532.0, 3500, 2200, 142),
(23.611040999996476, 516, 532.0, 3500, 2200, 143),
(23.656732000003103, 517, 532.0, 3500, 2200, 144),
(23.705828000005567, 518, 532.0, 3500, 2200, 145),
(23.7478800000099, 519, 532.0, 3500, 2200, 146),
(23.795355000009295, 520, 532.0, 3500, 2200, 147),
(23.844186000002082, 521, 532.0, 3500, 2200, 148),
(23.89324600000691, 522, 532.0, 3500, 2200, 149),
(23.93979699999909, 523, 532.0, 3500, 2200, 150),
(23.9883070000069, 524, 532.0, 3500, 2200, 151),
(24.034205000003567, 525, 532.0, 3500, 2200, 152),
(24.082898000007845, 526, 532.0, 3500, 2200, 113),
(24.13153300000704, 527, 532.0, 3500, 2200, 114),
(24.18684700000449, 528, 532.0, 3500, 2200, 115),
(24.23586200000136, 529, 532.0, 3500, 2200, 116),
(24.28476199999568, 530, 532.0, 3500, 2200, 117),
(24.32409799999732, 531, 532.0, 3500, 2200, 118),
(24.369470999998157, 532, 532.0, 3500, 2200, 119),
(24.42199800000526, 533, 532.0, 3500, 2200, 120),
(24.47041999999783, 534, 532.0, 3500, 2200, 121),
(24.511160000009113, 535, 532.0, 3500, 2200, 122),
(24.56351400000858, 536, 532.0, 3500, 2200, 123),
(24.609777000005124, 537, 532.0, 3500, 2200, 124),
(24.65219100000104, 538, 532.0, 3500, 2200, 125),
(24.70148400000471, 539, 532.0, 3500, 2200, 126),
(24.750488999998197, 540, 532.0, 3500, 2200, 127),
(24.792784000004758, 541, 532.0, 3500, 2200, 128),
(24.83839699999953, 542, 532.0, 3500, 2200, 129),
(24.87873500000569, 543, 532.0, 3500, 2200, 130),
(24.923532000000705, 544, 532.0, 3500, 2200, 131),
(24.963831000000937, 545, 532.0, 3500, 2200, 132),
(25.00354000000516, 546, 532.0, 3500, 2200, 133),
(25.05224000000453, 547, 532.0, 3500, 2200, 134),
(25.09950700000627, 548, 532.0, 3500, 2200, 135),
(25.147421000001486, 549, 532.0, 3500, 2200, 136),
(25.18885200000659, 550, 532.0, 3500, 2200, 137),
(25.235951000009663, 551, 532.0, 3500, 2200, 138),
(25.27871800000139, 552, 532.0, 3500, 2200, 139),
(25.325943999996525, 553, 532.0, 3500, 2200, 140),
(25.37633199999982, 554, 532.0, 3500, 2200, 141),
(25.43249600000854, 555, 532.0, 3500, 2200, 142),
(25.483823000002303, 556, 532.0, 3500, 2200, 143),
(25.528762000001734, 557, 532.0, 3500, 2200, 144),
(25.58029300000635, 558, 532.0, 3500, 2200, 145),
(25.630778000006103, 559, 532.0, 3500, 2200, 146),
(25.67547800000466, 560, 532.0, 3500, 2200, 147),
(25.730149000009988, 561, 532.0, 3500, 2200, 148),
(25.776894000009634, 562, 532.0, 3500, 2200, 149),
(25.820770000005723, 563, 532.0, 3500, 2200, 150),
(25.870793000009144, 564, 532.0, 3500, 2200, 151),
(25.915221999995993, 565, 532.0, 3500, 2200, 152),
(25.958293000003323, 566, 532.0, 3500, 2200, 113),
(26.002305000001797, 567, 532.0, 3500, 2200, 114),
(26.04800100000284, 568, 532.0, 3500, 2200, 115),
(26.093745000005583, 569, 532.0, 3500, 2200, 116),
(26.143985999995493, 570, 532.0, 3500, 2200, 117),
(26.18526600000041, 571, 532.0, 3500, 2200, 118),
(26.23353300000599, 572, 532.0, 3500, 2200, 119),
(26.27376500000537, 573, 532.0, 3500, 2200, 120),
(26.319315000000643, 574, 532.0, 3500, 2200, 121),
(26.364251000006334, 575, 532.0, 3500, 2200, 122),
(26.417253000006895, 576, 532.0, 3500, 2200, 123),
(26.46916200000851, 577, 532.0, 3500, 2200, 124),
(26.52443900000071, 578, 532.0, 3500, 2200, 125),
(26.574715000009746, 579, 532.0, 3500, 2200, 126),
(26.615137000000686, 580, 532.0, 3500, 2200, 127),
(26.661594000004698, 581, 532.0, 3500, 2200, 128),
(26.709614999999758, 582, 532.0, 3500, 2200, 129),
(26.758396999997785, 583, 532.0, 3500, 2200, 130),
(26.80726100000902, 584, 532.0, 3500, 2200, 131),
(26.849927999995998, 585, 532.0, 3500, 2200, 132),
(26.89813499999582, 586, 532.0, 3500, 2200, 133),
(26.94168200000422, 587, 532.0, 3500, 2200, 134),
(26.983216000007815, 588, 532.0, 3500, 2200, 135),
(27.02698199999577, 589, 532.0, 3500, 2200, 136),
(27.071131000004243, 590, 532.0, 3500, 2200, 137),
(27.119697000001906, 591, 532.0, 3500, 2200, 138),
(27.16006799999741, 592, 532.0, 3500, 2200, 139),
(27.210199000008288, 593, 532.0, 3500, 2200, 140),
(27.25710600000457, 594, 532.0, 3500, 2200, 141),
(27.300294000000576, 595, 532.0, 3500, 2200, 142),
(27.34322300000349, 596, 532.0, 3500, 2200, 143),
(27.38309499999741, 597, 532.0, 3500, 2200, 144),
(27.432214000000386, 598, 532.0, 3500, 2200, 145),
(27.479716000001645, 599, 532.0, 3500, 2200, 146),
(27.52879799999937, 600, 532.0, 3500, 2200, 147),
(27.573562999998103, 601, 532.0, 3500, 2200, 148),
(27.624549000000115, 602, 532.0, 3500, 2200, 149),
(27.671400999999605, 603, 532.0, 3500, 2200, 150),
(27.717428000003565, 604, 532.0, 3500, 2200, 151),
(27.761905999999726, 605, 532.0, 3500, 2200, 152),
(27.817731000002823, 606, 530.0, 3500, 2400, 112),
(27.86866400000872, 607, 530.0, 3500, 2400, 113),
(27.911793999999645, 608, 530.0, 3500, 2400, 114),
(27.965312000000267, 609, 530.0, 3500, 2400, 115),
(28.01473999999871, 610, 530.0, 3500, 2400, 116),
(28.063750000001164, 611, 530.0, 3500, 2400, 117),
(28.10913399999845, 612, 530.0, 3500, 2400, 118),
(28.157975000009174, 613, 530.0, 3500, 2400, 119),
(28.209285000004456, 614, 530.0, 3500, 2400, 120),
(28.25700300000608, 615, 530.0, 3500, 2400, 121),
(28.30208799999673, 616, 530.0, 3500, 2400, 122),
(28.345954999997048, 617, 530.0, 3500, 2400, 123),
(28.392319000005955, 618, 530.0, 3500, 2400, 124),
(28.437155000006896, 619, 530.0, 3500, 2400, 125),
(28.476309999998193, 620, 530.0, 3500, 2400, 126),
(28.518450000003213, 621, 530.0, 3500, 2400, 127),
(28.56227999999828, 622, 530.0, 3500, 2400, 128),
(28.6037490000017, 623, 530.0, 3500, 2400, 129),
(28.647372000006726, 624, 530.0, 3500, 2400, 130),
(28.689093000008143, 625, 530.0, 3500, 2400, 131),
(28.730812000008882, 626, 530.0, 3500, 2400, 132),
(28.772200000006706, 627, 530.0, 3500, 2400, 133),
(28.813234000001103, 628, 530.0, 3500, 2400, 134),
(28.85517900000559, 629, 530.0, 3500, 2400, 135),
(28.900703000006615, 630, 530.0, 3500, 2400, 136),
(28.94651999999769, 631, 530.0, 3500, 2400, 137),
(28.999947000003885, 632, 530.0, 3500, 2400, 138),
(29.049341999998433, 633, 530.0, 3500, 2400, 139),
(29.09823000000324, 634, 530.0, 3500, 2400, 140),
(29.15032699999574, 635, 530.0, 3500, 2400, 141),
(29.20037200000661, 636, 530.0, 3500, 2400, 142),
(29.250494000007166, 637, 530.0, 3500, 2400, 143),
(29.305741999996826, 638, 530.0, 3500, 2400, 144),
(29.347042000008514, 639, 530.0, 3500, 2400, 145),
(29.39382199999818, 640, 530.0, 3500, 2400, 146),
(29.44542299999739, 641, 530.0, 3500, 2400, 147),
(29.491118999998434, 642, 530.0, 3500, 2400, 148),
(29.537802000006195, 643, 530.0, 3500, 2400, 149),
(29.58178200000839, 644, 530.0, 3500, 2400, 150),
(29.63092399999732, 645, 530.0, 3500, 2400, 151),
(29.678883000000496, 646, 530.0, 3500, 2400, 152),
(29.726319000008516, 647, 530.0, 3500, 2400, 113),
(29.777100000006612, 648, 530.0, 3500, 2400, 114),
(29.825979000001098, 649, 530.0, 3500, 2400, 115),
(29.873594000004232, 650, 530.0, 3500, 2400, 116),
(29.923294000007445, 651, 530.0, 3500, 2400, 117),
(29.965049999998882, 652, 530.0, 3500, 2400, 118),
(30.003347000005306, 653, 530.0, 3500, 2400, 119),
(30.05018000000564, 654, 530.0, 3500, 2400, 120),
(30.09728499999619, 655, 530.0, 3500, 2400, 121),
(30.14520800000173, 656, 530.0, 3500, 2400, 122),
(30.19367000000784, 657, 530.0, 3500, 2400, 123),
(30.245630000004894, 658, 530.0, 3500, 2400, 124),
(30.295731000005617, 659, 530.0, 3500, 2400, 125),
(30.342002000004868, 660, 530.0, 3500, 2400, 126),
(30.38673800000106, 661, 530.0, 3500, 2400, 127),
(30.438257000001613, 662, 530.0, 3500, 2400, 128),
(30.481423999997787, 663, 530.0, 3500, 2400, 129),
(30.52755800000159, 664, 530.0, 3500, 2400, 130),
(30.59268699999666, 665, 530.0, 3500, 2400, 131),
(30.630661999995937, 666, 530.0, 3500, 2400, 132),
(30.66506300000765, 667, 530.0, 3500, 2400, 133),
(30.70601500000339, 668, 530.0, 3500, 2400, 134),
(30.751608000005945, 669, 530.0, 3500, 2400, 135),
(30.79948499999591, 670, 530.0, 3500, 2400, 136),
(30.856283000000985, 671, 530.0, 3500, 2400, 137),
(30.902728000000934, 672, 530.0, 3500, 2400, 138),
(30.948967000003904, 673, 530.0, 3500, 2400, 139),
(30.993961000000127, 674, 530.0, 3500, 2400, 140),
(31.042390000002342, 675, 530.0, 3500, 2400, 141),
(31.08999400000903, 676, 530.0, 3500, 2400, 142),
(31.1396539999987, 677, 530.0, 3500, 2400, 143),
(31.191086999999243, 678, 530.0, 3500, 2400, 144),
(31.23571599999559, 679, 530.0, 3500, 2400, 145),
(31.276081999996677, 680, 530.0, 3500, 2400, 146),
(31.319973999998183, 681, 530.0, 3500, 2400, 147),
(31.364556000000448, 682, 530.0, 3500, 2400, 148),
(31.40781699999934, 683, 530.0, 3500, 2400, 149),
(31.447933999996167, 684, 530.0, 3500, 2400, 150),
(31.494195999999647, 685, 530.0, 3500, 2400, 151),
(31.53736200000276, 686, 530.0, 3500, 2400, 152),
(31.57579600000463, 687, 530.0, 3500, 2400, 113),
(31.62009900000703, 688, 530.0, 3500, 2400, 114),
(31.665514000007533, 689, 530.0, 3500, 2400, 115),
(31.71232200000668, 690, 530.0, 3500, 2400, 116),
(31.758801000003587, 691, 530.0, 3500, 2400, 117),
(31.81448800000362, 692, 530.0, 3500, 2400, 118),
(31.861634000000777, 693, 530.0, 3500, 2400, 119),
(31.90928300000087, 694, 530.0, 3500, 2400, 120),
(31.95376099999703, 695, 530.0, 3500, 2400, 121),
(31.99285599999712, 696, 530.0, 3500, 2400, 122),
(32.044487999999546, 697, 530.0, 3500, 2400, 123),
(32.08492400000978, 698, 530.0, 3500, 2400, 124),
(32.131724000006216, 699, 530.0, 3500, 2400, 125),
(32.18808900000295, 700, 530.0, 3500, 2400, 126),
(32.236994000006234, 701, 530.0, 3500, 2400, 127),
(32.28212699999858, 702, 530.0, 3500, 2400, 128),
(32.334359000000404, 703, 530.0, 3500, 2400, 129),
(32.38745399999607, 704, 530.0, 3500, 2400, 130),
(32.43370999999752, 705, 530.0, 3500, 2400, 131),
(32.47899600000528, 706, 530.0, 3500, 2400, 132),
(32.52687899999728, 707, 530.0, 3500, 2400, 133),
(32.569513000009465, 708, 530.0, 3500, 2400, 134),
(32.612682000006316, 709, 530.0, 3500, 2400, 135),
(32.65885300000082, 710, 530.0, 3500, 2400, 136),
(32.707852999999886, 711, 530.0, 3500, 2400, 137),
(32.748789999997825, 712, 530.0, 3500, 2400, 138),
(32.79358700000739, 713, 530.0, 3500, 2400, 139),
(32.83594099999755, 714, 530.0, 3500, 2400, 140),
(32.8747629999998, 715, 530.0, 3500, 2400, 141),
(32.91338800000085, 716, 530.0, 3500, 2400, 142),
(32.96100999999908, 717, 530.0, 3500, 2400, 143),
(33.016625999996904, 718, 530.0, 3500, 2400, 144),
(33.069094999998924, 719, 530.0, 3500, 2400, 145),
(33.113701000009314, 720, 530.0, 3500, 2400, 146),
(33.15963500000362, 721, 530.0, 3500, 2400, 147),
(33.20260099999723, 722, 530.0, 3500, 2400, 148),
(33.25361800000246, 723, 530.0, 3500, 2400, 149),
(33.297466999996686, 724, 530.0, 3500, 2400, 150),
(33.34721800000989, 725, 530.0, 3500, 2400, 151),
(33.39356399999815, 726, 530.0, 3500, 2400, 152),
(33.44370699999854, 727, 530.0, 3500, 2600, 112),
(33.49430500000017, 728, 530.0, 3500, 2600, 113),
(33.54086599999573, 729, 530.0, 3500, 2600, 114),
(33.585556000005454, 730, 530.0, 3500, 2600, 115),
(33.63171499999589, 731, 530.0, 3500, 2600, 116),
(33.67527200000768, 732, 530.0, 3500, 2600, 117),
(33.71578199999931, 733, 530.0, 3500, 2600, 118),
(33.76715400000103, 734, 530.0, 3500, 2600, 119),
(33.81686200000695, 735, 530.0, 3500, 2600, 120),
(33.85794600000372, 736, 530.0, 3500, 2600, 121),
(33.901788999995915, 737, 530.0, 3500, 2600, 122),
(33.947451, 738, 530.0, 3500, 2600, 123),
(33.994565000000875, 739, 530.0, 3500, 2600, 124),
(34.04264200000034, 740, 530.0, 3500, 2600, 125),
(34.08570199999667, 741, 530.0, 3500, 2600, 126),
(34.141182000006665, 742, 530.0, 3500, 2600, 127),
(34.19081600000209, 743, 530.0, 3500, 2600, 128),
(34.23077100000228, 744, 530.0, 3500, 2600, 129),
(34.280670000007376, 745, 530.0, 3500, 2600, 130),
(34.32796999999846, 746, 530.0, 3500, 2600, 131),
(34.37555799999973, 747, 530.0, 3500, 2600, 132),
(34.42768300000171, 748, 530.0, 3500, 2600, 133),
(34.468471000000136, 749, 530.0, 3500, 2600, 134),
(34.51902400000836, 750, 530.0, 3500, 2600, 135),
(34.56500600000436, 751, 530.0, 3500, 2600, 136),
(34.60762100000284, 752, 530.0, 3500, 2600, 137),
(34.64920899999561, 753, 530.0, 3500, 2600, 138),
(34.700909000006504, 754, 530.0, 3500, 2600, 139),
(34.74200199999905, 755, 530.0, 3500, 2600, 140),
(34.78947000000335, 756, 530.0, 3500, 2600, 141),
(34.83016500000667, 757, 530.0, 3500, 2600, 142),
(34.87237300000561, 758, 530.0, 3500, 2600, 143),
(34.913736000002245, 759, 530.0, 3500, 2600, 144),
(34.95600600000762, 760, 530.0, 3500, 2600, 145),
(34.99795299999823, 761, 530.0, 3500, 2600, 146),
(35.047607000000426, 762, 530.0, 3500, 2600, 147),
(35.09360400000878, 763, 530.0, 3500, 2600, 148),
(35.156904999996186, 764, 530.0, 3500, 2600, 149),
(35.204396000001, 765, 530.0, 3500, 2600, 150),
(35.253366999997525, 766, 530.0, 3500, 2600, 151),
(35.297365999998874, 767, 530.0, 3500, 2600, 152),
(35.34368499999982, 768, 530.0, 3500, 2600, 113),
(35.391801000005216, 769, 530.0, 3500, 2600, 114),
(35.438265999997384, 770, 530.0, 3500, 2600, 115),
(35.47951699999976, 771, 530.0, 3500, 2600, 116),
(35.5190680000087, 772, 530.0, 3500, 2600, 117),
(35.570324000000255, 773, 530.0, 3500, 2600, 118),
(35.611871000000974, 774, 530.0, 3500, 2600, 119),
(35.665984000006574, 775, 530.0, 3500, 2600, 120),
(35.70891400000255, 776, 530.0, 3500, 2600, 121),
(35.75889399999869, 777, 530.0, 3500, 2600, 122),
(35.79823000000033, 778, 530.0, 3500, 2600, 123),
(35.84441700000025, 779, 530.0, 3500, 2600, 124),
(35.888621000005514, 780, 530.0, 3500, 2600, 125),
(35.933574000009685, 781, 530.0, 3500, 2600, 126),
(35.98193999999785, 782, 530.0, 3500, 2600, 127),
(36.03765500000736, 783, 530.0, 3500, 2600, 128),
(36.08578700000362, 784, 530.0, 3500, 2600, 129),
(36.135410000002594, 785, 530.0, 3500, 2600, 130),
(36.17982600000687, 786, 530.0, 3500, 2600, 131),
(36.22700500000792, 787, 530.0, 3500, 2600, 132),
(36.27276200000779, 788, 530.0, 3500, 2600, 133),
(36.31561900000088, 789, 530.0, 3500, 2600, 134),
(36.35821200000646, 790, 530.0, 3500, 2600, 135),
(36.40098800000851, 791, 530.0, 3500, 2600, 136),
(36.44541400000162, 792, 530.0, 3500, 2600, 137),
(36.486436000006506, 793, 530.0, 3500, 2600, 138),
(36.52808699999878, 794, 530.0, 3500, 2600, 139),
(36.57489400000486, 795, 530.0, 3500, 2600, 140),
(36.628012000001036, 796, 530.0, 3500, 2600, 141),
(36.67467400000896, 797, 530.0, 3500, 2600, 142),
(36.71720300000743, 798, 530.0, 3500, 2600, 143),
(36.76619999999821, 799, 530.0, 3500, 2600, 144),
(36.81375400000252, 800, 530.0, 3500, 2600, 145),
(36.869174999999814, 801, 530.0, 3500, 2600, 146),
(36.92006200000469, 802, 530.0, 3500, 2600, 147),
(36.96616999999969, 803, 530.0, 3500, 2600, 148),
(37.01536499999929, 804, 530.0, 3500, 2600, 149),
(37.070472999999765, 805, 530.0, 3500, 2600, 150),
(37.1162570000015, 806, 530.0, 3500, 2600, 151),
(37.162573000008706, 807, 530.0, 3500, 2600, 152),
(37.20846100000199, 808, 530.0, 3500, 2600, 113),
(37.252430000007735, 809, 530.0, 3500, 2600, 114),
(37.29446699999971, 810, 530.0, 3500, 2600, 115),
(37.34635000000708, 811, 530.0, 3500, 2600, 116),
(37.392342000006465, 812, 530.0, 3500, 2600, 117),
(37.43872499999998, 813, 530.0, 3500, 2600, 118),
(37.49375300000247, 814, 530.0, 3500, 2600, 119),
(37.541334000008646, 815, 530.0, 3500, 2600, 120),
(37.59771400000318, 816, 530.0, 3500, 2600, 121),
(37.63693000000785, 817, 530.0, 3500, 2600, 122),
(37.68234700000903, 818, 530.0, 3500, 2600, 123),
(37.7309840000089, 819, 530.0, 3500, 2600, 124),
(37.777289999998175, 820, 530.0, 3500, 2600, 125),
(37.82205499999691, 821, 530.0, 3500, 2600, 126),
(37.868799999996554, 822, 530.0, 3500, 2600, 127),
(37.90725499999826, 823, 530.0, 3500, 2600, 128),
(37.94922199999564, 824, 530.0, 3500, 2600, 129),
(37.99886100000003, 825, 530.0, 3500, 2600, 130),
(38.048305999996956, 826, 530.0, 3500, 2600, 131),
(38.09484600000724, 827, 530.0, 3500, 2600, 132),
(38.145894000001135, 828, 530.0, 3500, 2600, 133),
(38.18941400000767, 829, 530.0, 3500, 2600, 134),
(38.24344600000768, 830, 530.0, 3500, 2600, 135),
(38.29211100000248, 831, 530.0, 3500, 2600, 136),
(38.344601999997394, 832, 530.0, 3500, 2600, 137),
(38.389830000000075, 833, 530.0, 3500, 2600, 138),
(38.43756900000153, 834, 530.0, 3500, 2600, 139),
(38.483995000002324, 835, 530.0, 3500, 2600, 140),
(38.53760300000431, 836, 530.0, 3500, 2600, 141),
(38.58186500000011, 837, 530.0, 3500, 2600, 142),
(38.628169000003254, 838, 530.0, 3500, 2600, 143),
(38.67854000000807, 839, 530.0, 3500, 2600, 144),
(38.728728000001865, 840, 530.0, 3500, 2600, 145),
(38.7817500000092, 841, 530.0, 3500, 2600, 146),
(38.82955700000457, 842, 530.0, 3500, 2600, 147),
(38.874299999995856, 843, 530.0, 3500, 2600, 148),
(38.91767000000982, 844, 530.0, 3500, 2600, 149),
(38.961230000000796, 845, 530.0, 3500, 2600, 150),
(39.00083900000027, 846, 530.0, 3500, 2600, 151),
(39.04515400000673, 847, 530.0, 3500, 2600, 152),
(39.088180000006105, 848, 530.0, 3500, 2800, 112),
(39.13625599999796, 849, 530.0, 3500, 2800, 113),
(39.17876100000285, 850, 530.0, 3500, 2800, 114),
(39.219502000007196, 851, 530.0, 3500, 2800, 115),
(39.26646400000027, 852, 530.0, 3500, 2800, 116),
(39.3241740000085, 853, 530.0, 3500, 2800, 117),
(39.37081500000204, 854, 530.0, 3500, 2800, 118),
(39.41827700000431, 855, 530.0, 3500, 2800, 119),
(39.46711199999845, 856, 530.0, 3500, 2800, 120),
(39.51736900000833, 857, 530.0, 3500, 2800, 121),
(39.57503200000792, 858, 530.0, 3500, 2800, 122),
(39.620275000008405, 859, 530.0, 3500, 2800, 123),
(39.6673129999981, 860, 530.0, 3500, 2800, 124),
(39.712349000008544, 861, 530.0, 3500, 2800, 125),
(39.76113300000725, 862, 530.0, 3500, 2800, 126),
(39.80969599999662, 863, 530.0, 3500, 2800, 127),
(39.86086699999578, 864, 530.0, 3500, 2800, 128),
(39.907663999998476, 865, 530.0, 3500, 2800, 129),
(39.94903800000611, 866, 530.0, 3500, 2800, 130),
(39.99025499999698, 867, 530.0, 3500, 2800, 131),
(40.03868500000681, 868, 530.0, 3500, 2800, 132),
(40.08675200000289, 869, 530.0, 3500, 2800, 133),
(40.133325000002515, 870, 530.0, 3500, 2800, 134),
(40.18029699999897, 871, 530.0, 3500, 2800, 135),
(40.23083800000313, 872, 530.0, 3500, 2800, 136),
(40.28186099999584, 873, 530.0, 3500, 2800, 137),
(40.335831999997026, 874, 530.0, 3500, 2800, 138),
(40.3829609999957, 875, 530.0, 3500, 2800, 139),
(40.42959100000735, 876, 530.0, 3500, 2800, 140),
(40.47645000000193, 877, 530.0, 3500, 2800, 141),
(40.527247000005445, 878, 530.0, 3500, 2800, 142),
(40.583136000001105, 879, 530.0, 3500, 2800, 143),
(40.63038499999675, 880, 530.0, 3500, 2800, 144),
(40.665042000007816, 881, 530.0, 3500, 2800, 145),
(40.70080200000666, 882, 530.0, 3500, 2800, 146),
(40.74935199999891, 883, 530.0, 3500, 2800, 147),
(40.79697999999917, 884, 530.0, 3500, 2800, 148),
(40.85000299999956, 885, 530.0, 3500, 2800, 149),
(40.90307300000859, 886, 530.0, 3500, 2800, 150),
(40.94961300000432, 887, 530.0, 3500, 2800, 151),
(41.003238000004785, 888, 530.0, 3500, 2800, 152),
(41.04578400000173, 889, 530.0, 3500, 2800, 113),
(41.0887800000055, 890, 530.0, 3500, 2800, 114),
(41.13632499999949, 891, 530.0, 3500, 2800, 115),
(41.19407100000535, 892, 530.0, 3500, 2800, 116),
(41.23801899999671, 893, 530.0, 3500, 2800, 117),
(41.28716500000155, 894, 530.0, 3500, 2800, 118),
(41.33570900000632, 895, 530.0, 3500, 2800, 119),
(41.38090600000578, 896, 530.0, 3500, 2800, 120),
(41.42855199999758, 897, 530.0, 3500, 2800, 121),
(41.48887800000375, 898, 530.0, 3500, 2800, 122),
(41.54310500000429, 899, 530.0, 3500, 2800, 123),
(41.58623600000283, 900, 530.0, 3500, 2800, 124),
(41.64350900000136, 901, 530.0, 3500, 2800, 125),
(41.69123500000569, 902, 530.0, 3500, 2800, 126),
(41.74231400000281, 903, 530.0, 3500, 2800, 127),
(41.79532299999846, 904, 530.0, 3500, 2800, 128),
(41.84962999999698, 905, 530.0, 3500, 2800, 129),
(41.9001350000035, 906, 530.0, 3500, 2800, 130),
(41.95442500000354, 907, 530.0, 3500, 2800, 131),
(42.00387300000875, 908, 530.0, 3500, 2800, 132),
(42.052424000008614, 909, 530.0, 3500, 2800, 133),
(42.09268100000918, 910, 530.0, 3500, 2800, 134),
(42.14694099999906, 911, 530.0, 3500, 2800, 135),
(42.19539000000805, 912, 530.0, 3500, 2800, 136),
(42.24247800000012, 913, 530.0, 3500, 2800, 137),
(42.294724999999744, 914, 530.0, 3500, 2800, 138),
(42.34489799999574, 915, 530.0, 3500, 2800, 139),
(42.38732700000401, 916, 530.0, 3500, 2800, 140),
(42.43585500000336, 917, 530.0, 3500, 2800, 141),
(42.476236000002245, 918, 530.0, 3500, 2800, 142),
(42.521736000009696, 919, 530.0, 3500, 2800, 143),
(42.56906799999706, 920, 530.0, 3500, 2800, 144),
(42.613045999998576, 921, 530.0, 3500, 2800, 145),
(42.666731999997864, 922, 530.0, 3500, 2800, 146),
(42.71460800000932, 923, 530.0, 3500, 2800, 147),
(42.761830999996164, 924, 530.0, 3500, 2800, 148),
(42.80930599999556, 925, 530.0, 3500, 2800, 149),
(42.85721200000262, 926, 530.0, 3500, 2800, 150),
(42.90275799999654, 927, 530.0, 3500, 2800, 151),
(42.944719999999506, 928, 530.0, 3500, 2800, 152),
(42.99284299999999, 929, 530.0, 3500, 2800, 113),
(43.040389000001596, 930, 530.0, 3500, 2800, 114),
(43.08844800000952, 931, 530.0, 3500, 2800, 115),
(43.14017700000841, 932, 530.0, 3500, 2800, 116),
(43.19585899999947, 933, 530.0, 3500, 2800, 117),
(43.23908700000902, 934, 530.0, 3500, 2800, 118),
(43.2816540000058, 935, 530.0, 3500, 2800, 119),
(43.32332399999723, 936, 530.0, 3500, 2800, 120),
(43.36964000000444, 937, 530.0, 3500, 2800, 121),
(43.420590000008815, 938, 530.0, 3500, 2800, 122),
(43.4653810000018, 939, 530.0, 3500, 2800, 123),
(43.51114200000302, 940, 530.0, 3500, 2800, 124),
(43.561157999996794, 941, 530.0, 3500, 2800, 125),
(43.61481700000877, 942, 530.0, 3500, 2800, 126),
(43.6575509999966, 943, 530.0, 3500, 2800, 127),
(43.698218000005, 944, 530.0, 3500, 2800, 128),
(43.74800300000061, 945, 530.0, 3500, 2800, 129),
(43.800623000002815, 946, 530.0, 3500, 2800, 130),
(43.8471189999982, 947, 530.0, 3500, 2800, 131),
(43.8954689999955, 948, 530.0, 3500, 2800, 132),
(43.941248000002815, 949, 530.0, 3500, 2800, 133),
(43.99007400000119, 950, 530.0, 3500, 2800, 134),
(44.04303699999582, 951, 530.0, 3500, 2800, 135),
(44.092281999997795, 952, 530.0, 3500, 2800, 136),
(44.1399689999962, 953, 530.0, 3500, 2800, 137),
(44.18908300000476, 954, 530.0, 3500, 2800, 138),
(44.2374140000029, 955, 530.0, 3500, 2800, 139),
(44.27736900000309, 956, 530.0, 3500, 2800, 140),
(44.322010999996564, 957, 530.0, 3500, 2800, 141),
(44.364947000009124, 958, 530.0, 3500, 2800, 142),
(44.41316999999981, 959, 530.0, 3500, 2800, 143),
(44.459958000006736, 960, 530.0, 3500, 2800, 144),
(44.50177299999632, 961, 530.0, 3500, 2800, 145),
(44.54395099999965, 962, 530.0, 3500, 2800, 146),
(44.592178999999305, 963, 530.0, 3500, 2800, 147),
(44.64256500000192, 964, 530.0, 3500, 2800, 148),
(44.68340900000476, 965, 530.0, 3500, 2800, 149),
(44.73193799999717, 966, 530.0, 3500, 2800, 150),
(44.79222899999877, 967, 530.0, 3500, 2800, 151),
(44.83700800000224, 968, 530.0, 3500, 2800, 152),
(44.87879899999825, 969, 530.0, 3500, 3000, 112),
(44.92363699999987, 970, 530.0, 3500, 3000, 113),
(44.9656740000064, 971, 530.0, 3500, 3000, 114),
(45.01081900000281, 972, 530.0, 3500, 3000, 115),
(45.054378000000725, 973, 530.0, 3500, 3000, 116),
(45.098251000003074, 974, 530.0, 3500, 3000, 117),
(45.14885199999844, 975, 530.0, 3500, 3000, 118),
(45.20338300000003, 976, 530.0, 3500, 3000, 119),
(45.25489599999855, 977, 530.0, 3500, 3000, 120),
(45.299763999995776, 978, 530.0, 3500, 3000, 121),
(45.34605799999554, 979, 530.0, 3500, 3000, 122),
(45.386287000001175, 980, 530.0, 3500, 3000, 123),
(45.431179999999586, 981, 530.0, 3500, 3000, 124),
(45.487309000003734, 982, 530.0, 3500, 3000, 125),
(45.54188900000008, 983, 530.0, 3500, 3000, 126),
(45.58071999999811, 984, 530.0, 3500, 3000, 127),
(45.63075900000695, 985, 530.0, 3500, 3000, 128),
(45.67268899999908, 986, 530.0, 3500, 3000, 129),
(45.71687699999893, 987, 530.0, 3500, 3000, 130),
(45.76090400000976, 988, 530.0, 3500, 3000, 131),
(45.810230000002775, 989, 530.0, 3500, 3000, 132),
(45.857820999997784, 990, 530.0, 3500, 3000, 133),
(45.90064700000221, 991, 530.0, 3500, 3000, 134),
(45.94847600000503, 992, 530.0, 3500, 3000, 135),
(45.98988200000895, 993, 530.0, 3500, 3000, 136),
(46.03485500000534, 994, 530.0, 3500, 3000, 137),
(46.083213000005344, 995, 530.0, 3500, 3000, 138),
(46.131561000001966, 996, 530.0, 3500, 3000, 139),
(46.17770899999596, 997, 530.0, 3500, 3000, 140),
(46.22740299999714, 998, 530.0, 3500, 3000, 141),
(46.274648999999044, 999, 530.0, 3500, 3000, 142),
(46.31686400000763, 1000, 530.0, 3500, 3000, 143),
(46.3717830000096, 1001, 530.0, 3500, 3000, 144),
(46.419275000007474, 1002, 530.0, 3500, 3000, 145),
(46.46761100000003, 1003, 530.0, 3500, 3000, 146),
(46.517147000005934, 1004, 530.0, 3500, 3000, 147),
(46.56325900000229, 1005, 530.0, 3500, 3000, 148),
(46.61583799999789, 1006, 530.0, 3500, 3000, 149),
(46.66088900000614, 1007, 530.0, 3500, 3000, 150),
(46.70807400000922, 1008, 530.0, 3500, 3000, 151),
(46.756732000008924, 1009, 530.0, 3500, 3000, 152),
(46.80080500000622, 1010, 530.0, 3500, 3000, 113),
(46.85469500000181, 1011, 530.0, 3500, 3000, 114),
(46.89653399999952, 1012, 530.0, 3500, 3000, 115),
(46.94143800000893, 1013, 530.0, 3500, 3000, 116),
(46.98785800000769, 1014, 530.0, 3500, 3000, 117),
(47.03921800000535, 1015, 530.0, 3500, 3000, 118),
(47.08934500000032, 1016, 530.0, 3500, 3000, 119),
(47.13346199999796, 1017, 530.0, 3500, 3000, 120),
(47.17956800000684, 1018, 530.0, 3500, 3000, 121),
(47.22929600000498, 1019, 530.0, 3500, 3000, 122),
(47.276528000002145, 1020, 530.0, 3500, 3000, 123),
(47.325494000004255, 1021, 530.0, 3500, 3000, 124),
(47.37679900000512, 1022, 530.0, 3500, 3000, 125),
(47.43278499999724, 1023, 530.0, 3500, 3000, 126),
(47.48322599999665, 1024, 530.0, 3500, 3000, 127),
(47.537590000007185, 1025, 530.0, 3500, 3000, 128),
(47.581033000009484, 1026, 530.0, 3500, 3000, 129),
(47.6317970000091, 1027, 530.0, 3500, 3000, 130),
(47.67523799999617, 1028, 530.0, 3500, 3000, 131),
(47.71553400000266, 1029, 530.0, 3500, 3000, 132),
(47.758863000010024, 1030, 530.0, 3500, 3000, 133),
(47.80344099999638, 1031, 530.0, 3500, 3000, 134),
(47.85345900000539, 1032, 530.0, 3500, 3000, 135),
(47.89951800000563, 1033, 530.0, 3500, 3000, 136),
(47.94459800000186, 1034, 530.0, 3500, 3000, 137),
(47.99139599999762, 1035, 530.0, 3500, 3000, 138),
(48.05015399999684, 1036, 530.0, 3500, 3000, 139),
(48.09773799999675, 1037, 530.0, 3500, 3000, 140),
(48.142275999998674, 1038, 530.0, 3500, 3000, 141),
(48.19769300000917, 1039, 530.0, 3500, 3000, 142),
(48.25795300000755, 1040, 530.0, 3500, 3000, 143),
(48.31483099999605, 1041, 530.0, 3500, 3000, 144),
(48.367777000006754, 1042, 530.0, 3500, 3000, 145),
(48.41997899999842, 1043, 530.0, 3500, 3000, 146),
(48.467061999996076, 1044, 530.0, 3500, 3000, 147),
(48.50886800000444, 1045, 530.0, 3500, 3000, 148),
(48.5479980000091, 1046, 530.0, 3500, 3000, 149),
(48.59656499999983, 1047, 530.0, 3500, 3000, 150),
(48.64349100000982, 1048, 530.0, 3500, 3000, 151),
(48.68715100000554, 1049, 530.0, 3500, 3000, 152),
(48.74317300000985, 1050, 530.0, 3500, 3000, 113),
(48.78774100000737, 1051, 530.0, 3500, 3000, 114),
(48.827493000004324, 1052, 530.0, 3500, 3000, 115),
(48.865365999998176, 1053, 530.0, 3500, 3000, 116),
(48.906604000003426, 1054, 530.0, 3500, 3000, 117),
(48.962014999997336, 1055, 530.0, 3500, 3000, 118),
(49.011135000007926, 1056, 530.0, 3500, 3000, 119),
(49.05771300000197, 1057, 530.0, 3500, 3000, 120),
(49.1087819999957, 1058, 530.0, 3500, 3000, 121),
(49.15386000000581, 1059, 530.0, 3500, 3000, 122),
(49.20679199999722, 1060, 530.0, 3500, 3000, 123),
(49.255302999998094, 1061, 530.0, 3500, 3000, 124),
(49.31243900000118, 1062, 530.0, 3500, 3000, 125),
(49.375828999996884, 1063, 530.0, 3500, 3000, 126),
(49.41993899999943, 1064, 530.0, 3500, 3000, 127),
(49.45956400000432, 1065, 530.0, 3500, 3000, 128),
(49.50732900000003, 1066, 530.0, 3500, 3000, 129),
(49.5600059999997, 1067, 530.0, 3500, 3000, 130),
(49.60866800000076, 1068, 530.0, 3500, 3000, 131),
(49.65264899999602, 1069, 530.0, 3500, 3000, 132),
(49.70908200000122, 1070, 530.0, 3500, 3000, 133),
(49.75573200000508, 1071, 530.0, 3500, 3000, 134),
(49.80599400000938, 1072, 530.0, 3500, 3000, 135),
(49.861335000008694, 1073, 530.0, 3500, 3000, 136),
(49.91241400000581, 1074, 530.0, 3500, 3000, 137),
(49.95818300000974, 1075, 530.0, 3500, 3000, 138),
(50.01145099999849, 1076, 530.0, 3500, 3000, 139),
(50.07429299999785, 1077, 530.0, 3500, 3000, 140),
(50.11852600000566, 1078, 530.0, 3500, 3000, 141),
(50.16946099999768, 1079, 530.0, 3500, 3000, 142),
(50.226926000003004, 1080, 530.0, 3500, 3000, 143),
(50.278527000002214, 1081, 530.0, 3500, 3000, 144),
(50.32548400000087, 1082, 530.0, 3500, 3000, 145),
(50.37546199999633, 1083, 530.0, 3500, 3000, 146),
(50.41887500000303, 1084, 530.0, 3500, 3000, 147),
(50.46446000000287, 1085, 530.0, 3500, 3000, 148),
(50.50983599999745, 1086, 530.0, 3500, 3000, 149),
(50.563827999998466, 1087, 530.0, 3500, 3000, 150),
(50.6015219999972, 1088, 530.0, 3500, 3000, 151),
(50.64800300000934, 1089, 530.0, 3500, 3000, 152),
(50.683006999999634, 1090, 530.0, 3500, 3200, 112),
(50.71830200000841, 1091, 530.0, 3500, 3200, 113),
(50.76656400000502, 1092, 530.0, 3500, 3200, 114),
(50.8202830000082, 1093, 530.0, 3500, 3200, 115),
(50.8816749999969, 1094, 530.0, 3500, 3200, 116),
(50.94087400000717, 1095, 530.0, 3500, 3200, 117),
(50.98021300000255, 1096, 530.0, 3500, 3200, 118),
(51.03321799999685, 1097, 530.0, 3500, 3200, 119),
(51.0798300000024, 1098, 530.0, 3500, 3200, 120),
(51.129704999999376, 1099, 530.0, 3500, 3200, 121),
(51.17942300000868, 1100, 530.0, 3500, 3200, 122),
(51.23002400000405, 1101, 530.0, 3500, 3200, 123),
(51.285576000009314, 1102, 530.0, 3500, 3200, 124),
(51.33866000000853, 1103, 530.0, 3500, 3200, 125),
(51.385055000006105, 1104, 530.0, 3500, 3200, 126),
(51.43648699999903, 1105, 530.0, 3500, 3200, 127),
(51.48669299999892, 1106, 530.0, 3500, 3200, 128),
(51.53254400000151, 1107, 530.0, 3500, 3200, 129),
(51.58009499999753, 1108, 530.0, 3500, 3200, 130),
(51.62571300000127, 1109, 530.0, 3500, 3200, 131),
(51.67315499999677, 1110, 530.0, 3500, 3200, 132),
(51.714395000002696, 1111, 530.0, 3500, 3200, 133),
(51.75847899999644, 1112, 530.0, 3500, 3200, 134),
(51.81160000000091, 1113, 530.0, 3500, 3200, 135),
(51.857606000005035, 1114, 530.0, 3500, 3200, 136),
(51.90777700000035, 1115, 530.0, 3500, 3200, 137),
(51.95859100000234, 1116, 530.0, 3500, 3200, 138),
(52.000545999995666, 1117, 530.0, 3500, 3200, 139),
(52.04093699999794, 1118, 530.0, 3500, 3200, 140),
(52.107331000006525, 1119, 530.0, 3500, 3200, 141),
(52.15974699999788, 1120, 530.0, 3500, 3200, 142),
(52.20928900000581, 1121, 530.0, 3500, 3200, 143),
(52.25642200000584, 1122, 530.0, 3500, 3200, 144),
(52.31109600000491, 1123, 530.0, 3500, 3200, 145),
(52.35522700000729, 1124, 530.0, 3500, 3200, 146),
(52.401763000001665, 1125, 530.0, 3500, 3200, 147),
(52.45927500000107, 1126, 530.0, 3500, 3200, 148),
(52.51173600000038, 1127, 530.0, 3500, 3200, 149),
(52.58021899999585, 1128, 530.0, 3500, 3200, 150),
(52.63129900000058, 1129, 530.0, 3500, 3200, 151),
(52.711510000008275, 1130, 530.0, 3500, 3200, 152),
(52.74728500000492, 1131, 530.0, 3500, 3200, 113),
(52.81978099999833, 1132, 530.0, 3500, 3200, 114),
(52.856939000004786, 1133, 530.0, 3500, 3200, 115),
(52.90853600000264, 1134, 530.0, 3500, 3200, 116),
(52.956237000005785, 1135, 530.0, 3500, 3200, 117),
(53.00045600000885, 1136, 530.0, 3500, 3200, 118),
(53.0530010000075, 1137, 530.0, 3500, 3200, 119),
(53.10582300000533, 1138, 530.0, 3500, 3200, 120),
(53.14998600000399, 1139, 530.0, 3500, 3200, 121),
(53.20693800000299, 1140, 530.0, 3500, 3200, 122),
(53.24942799999553, 1141, 530.0, 3500, 3200, 123),
(53.29411699999764, 1142, 530.0, 3500, 3200, 124),
(53.35304699999688, 1143, 530.0, 3500, 3200, 125),
(53.39917299999797, 1144, 530.0, 3500, 3200, 126),
(53.45839600000181, 1145, 530.0, 3500, 3200, 127),
(53.50005100000999, 1146, 530.0, 3500, 3200, 128),
(53.5486130000063, 1147, 530.0, 3500, 3200, 129),
(53.607534000009764, 1148, 530.0, 3500, 3200, 130),
(53.66809099999955, 1149, 530.0, 3500, 3200, 131),
(53.73023500001, 1150, 530.0, 3500, 3200, 132),
(53.768213000003016, 1151, 530.0, 3500, 3200, 133),
(53.811192000008305, 1152, 530.0, 3500, 3200, 134),
(53.85091900000407, 1153, 530.0, 3500, 3200, 135),
(53.89066200000525, 1154, 530.0, 3500, 3200, 136),
(53.93271300000197, 1155, 530.0, 3500, 3200, 137),
(53.974172000002, 1156, 530.0, 3500, 3200, 138),
(54.0180560000008, 1157, 530.0, 3500, 3200, 139),
(54.06354800000554, 1158, 530.0, 3500, 3200, 140),
(54.103854000000865, 1159, 530.0, 3500, 3200, 141),
(54.145178000006126, 1160, 530.0, 3500, 3200, 142),
(54.190509000007296, 1161, 530.0, 3500, 3200, 143),
(54.25580900000932, 1162, 530.0, 3500, 3200, 144),
(54.312619000003906, 1163, 530.0, 3500, 3200, 145),
(54.36932900000829, 1164, 530.0, 3500, 3200, 146),
(54.41676300000108, 1165, 530.0, 3500, 3200, 147),
(54.45859300000302, 1166, 530.0, 3500, 3200, 148),
(54.50057099999685, 1167, 530.0, 3500, 3200, 149),
(54.54382400000759, 1168, 530.0, 3500, 3200, 150),
(54.5903330000001, 1169, 530.0, 3500, 3200, 151),
(54.64010899999994, 1170, 530.0, 3500, 3200, 152),
(54.685985999996774, 1171, 530.0, 3500, 3200, 113),
(54.74096599999757, 1172, 530.0, 3500, 3200, 114),
(54.78622799999721, 1173, 530.0, 3500, 3200, 115),
(54.83405200000561, 1174, 530.0, 3500, 3200, 116),
(54.883752000008826, 1175, 530.0, 3500, 3200, 117),
(54.92385700000159, 1176, 530.0, 3500, 3200, 118),
(54.96962899999926, 1177, 530.0, 3500, 3200, 119),
(55.011911000008695, 1178, 530.0, 3500, 3200, 120),
(55.04934199999843, 1179, 530.0, 3500, 3200, 121),
(55.08680600000662, 1180, 530.0, 3500, 3200, 122),
(55.13245800000732, 1181, 530.0, 3500, 3200, 123),
(55.180693000002066, 1182, 530.0, 3500, 3200, 124),
(55.23219199999585, 1183, 530.0, 3500, 3200, 125),
(55.279945000002044, 1184, 530.0, 3500, 3200, 126),
(55.342447999995784, 1185, 530.0, 3500, 3200, 127),
(55.390465999997105, 1186, 530.0, 3500, 3200, 128),
(55.43520300000091, 1187, 530.0, 3500, 3200, 129),
(55.478338000000804, 1188, 530.0, 3500, 3200, 130),
(55.52872000000207, 1189, 530.0, 3500, 3200, 131),
(55.57641500000318, 1190, 530.0, 3500, 3200, 132),
(55.62277499999618, 1191, 530.0, 3500, 3200, 133),
(55.669504999998026, 1192, 530.0, 3500, 3200, 134),
(55.717856999996, 1193, 530.0, 3500, 3200, 135),
(55.7696980000037, 1194, 530.0, 3500, 3200, 136),
(55.81526200000371, 1195, 530.0, 3500, 3200, 137),
(55.855286000005435, 1196, 530.0, 3500, 3200, 138),
(55.897196999998414, 1197, 530.0, 3500, 3200, 139),
(55.93940800000564, 1198, 530.0, 3500, 3200, 140),
(55.9823849999957, 1199, 530.0, 3500, 3200, 141),
(56.024757999999565, 1200, 530.0, 3500, 3200, 142),
(56.0687040000048, 1201, 530.0, 3500, 3200, 143),
(56.11510000000999, 1202, 530.0, 3500, 3200, 144),
(56.172730000005686, 1203, 530.0, 3500, 3200, 145),
(56.22815100000298, 1204, 530.0, 3500, 3200, 146),
(56.28373300000385, 1205, 530.0, 3500, 3200, 147),
(56.34113100000832, 1206, 530.0, 3500, 3200, 148),
(56.398182000004454, 1207, 530.0, 3500, 3200, 149),
(56.449388000008184, 1208, 530.0, 3500, 3200, 150),
(56.48825000000943, 1209, 530.0, 3500, 3200, 151),
(56.53585600000224, 1210, 530.0, 3500, 3200, 152),
(56.585508000003756, 1211, 530.0, 3500, 2100, 112),
(56.6374080000096, 1212, 530.0, 3500, 2100, 113),
(56.67766100000881, 1213, 530.0, 3500, 2100, 114),
(56.72656399999687, 1214, 530.0, 3500, 2100, 115),
(56.775628999996115, 1215, 530.0, 3500, 2100, 116),
(56.827545000007376, 1216, 530.0, 3500, 2100, 117),
(56.87387399999716, 1217, 530.0, 3500, 2100, 118),
(56.91876200000115, 1218, 530.0, 3500, 2100, 119),
(56.969244000007166, 1219, 530.0, 3500, 2100, 120),
(57.018246999999974, 1220, 530.0, 3500, 2100, 121),
(57.06085500000336, 1221, 530.0, 3500, 2100, 122),
(57.12148800000432, 1222, 530.0, 3500, 2100, 123),
(57.172873000003165, 1223, 530.0, 3500, 2100, 124),
(57.224987000008696, 1224, 530.0, 3500, 2100, 125),
(57.277373000004445, 1225, 530.0, 3500, 2100, 126),
(57.31889100000262, 1226, 530.0, 3500, 2100, 127),
(57.366279000008944, 1227, 530.0, 3500, 2100, 128),
(57.410141000000294, 1228, 530.0, 3500, 2100, 129),
(57.455275000000256, 1229, 530.0, 3500, 2100, 130),
(57.50343700000667, 1230, 530.0, 3500, 2100, 131),
(57.54427199999918, 1231, 530.0, 3500, 2100, 132),
(57.58230100000219, 1232, 530.0, 3500, 2100, 133),
(57.63032500000554, 1233, 530.0, 3500, 2100, 134),
(57.681425999995554, 1234, 530.0, 3500, 2100, 135),
(57.73782999999821, 1235, 530.0, 3500, 2100, 136),
(57.78847100000712, 1236, 530.0, 3500, 2100, 137),
(57.84676800000307, 1237, 530.0, 3500, 2100, 138),
(57.889936000006855, 1238, 530.0, 3500, 2100, 139),
(57.92943400000513, 1239, 530.0, 3500, 2100, 140),
(57.972397000005, 1240, 530.0, 3500, 2100, 141),
(58.01734299999953, 1241, 530.0, 3500, 2100, 142),
(58.07060700000147, 1242, 530.0, 3500, 2100, 143),
(58.12021100000129, 1243, 530.0, 3500, 2100, 144),
(58.17444800000521, 1244, 530.0, 3500, 2100, 145),
(58.21480300000985, 1245, 530.0, 3500, 2100, 146),
(58.26010600000154, 1246, 530.0, 3500, 2100, 147),
(58.30306200000632, 1247, 530.0, 3500, 2100, 148),
(58.34754200000316, 1248, 530.0, 3500, 2100, 149),
(58.39233200000308, 1249, 530.0, 3500, 2100, 150),
(58.444061000001966, 1250, 530.0, 3500, 2100, 151),
(58.487278000000515, 1251, 530.0, 3500, 2100, 152),
(58.53006400000595, 1252, 530.0, 3500, 2100, 113),
(58.58076399999845, 1253, 530.0, 3500, 2100, 114),
(58.62234800000442, 1254, 530.0, 3500, 2100, 115),
(58.66829400000279, 1255, 530.0, 3500, 2100, 116),
(58.72488000000885, 1256, 530.0, 3500, 2100, 117),
(58.77130500000203, 1257, 530.0, 3500, 2100, 118),
(58.82060000000638, 1258, 530.0, 3500, 2100, 119),
(58.86729599999671, 1259, 530.0, 3500, 2100, 120),
(58.92019400000572, 1260, 530.0, 3500, 2100, 121),
(58.96521199999552, 1261, 530.0, 3500, 2100, 122),
(59.01593900000444, 1262, 530.0, 3500, 2100, 123),
(59.06238499999745, 1263, 530.0, 3500, 2100, 124),
(59.11889100000553, 1264, 530.0, 3500, 2100, 125),
(59.16816899999685, 1265, 530.0, 3500, 2100, 126),
(59.215932999999495, 1266, 530.0, 3500, 2100, 127),
(59.26241999999911, 1267, 530.0, 3500, 2100, 128),
(59.316781000001356, 1268, 530.0, 3500, 2100, 129),
(59.373695000002044, 1269, 530.0, 3500, 2100, 130),
(59.419579000008525, 1270, 530.0, 3500, 2100, 131),
(59.474910000004456, 1271, 530.0, 3500, 2100, 132),
(59.52132100000745, 1272, 530.0, 3500, 2100, 133),
(59.567227000006824, 1273, 530.0, 3500, 2100, 134),
(59.618069999996806, 1274, 530.0, 3500, 2100, 135),
(59.663933999996516, 1275, 530.0, 3500, 2100, 136),
(59.71822799999791, 1276, 530.0, 3500, 2100, 137),
(59.76088499999605, 1277, 530.0, 3500, 2100, 138),
(59.814171000005445, 1278, 530.0, 3500, 2100, 139),
(59.86184100000537, 1279, 530.0, 3500, 2100, 140),
(59.906406000009156, 1280, 530.0, 3500, 2100, 141),
(59.95112900000822, 1281, 530.0, 3500, 2100, 142),
(60.013403999997536, 1282, 530.0, 3500, 2100, 143),
(60.056431999997585, 1283, 530.0, 3500, 2100, 144),
(60.1067619999958, 1284, 530.0, 3500, 2100, 145),
(60.14809499999683, 1285, 530.0, 3500, 2100, 146),
(60.19970199999807, 1286, 530.0, 3500, 2100, 147),
(60.2528350000066, 1287, 530.0, 3500, 2100, 148),
(60.2912639999995, 1288, 530.0, 3500, 2100, 149),
(60.33677200000966, 1289, 530.0, 3500, 2100, 150),
(60.382099000009475, 1290, 530.0, 3500, 2100, 151),
(60.423949999996694, 1291, 530.0, 3500, 2100, 152),
(60.467703000002075, 1292, 530.0, 3500, 2100, 113),
(60.515440000002855, 1293, 530.0, 3500, 2100, 114),
(60.562094000008074, 1294, 530.0, 3500, 2100, 115),
(60.619321000005584, 1295, 530.0, 3500, 2100, 116),
(60.66885699999693, 1296, 530.0, 3500, 2100, 117),
(60.7088289999956, 1297, 530.0, 3500, 2100, 118),
(60.74396200000774, 1298, 530.0, 3500, 2100, 119),
(60.77986900000542, 1299, 530.0, 3500, 2100, 120),
(60.82443500000227, 1300, 530.0, 3500, 2100, 121),
(60.86443100000906, 1301, 530.0, 3500, 2100, 122),
(60.91118199999619, 1302, 530.0, 3500, 2100, 123),
(60.95759299999918, 1303, 530.0, 3500, 2100, 124),
(61.00178099999903, 1304, 530.0, 3500, 2100, 125),
(61.04207500000484, 1305, 530.0, 3500, 2100, 126),
(61.08983900000749, 1306, 530.0, 3500, 2100, 127),
(61.139678000006825, 1307, 530.0, 3500, 2100, 128),
(61.181924000004074, 1308, 530.0, 3500, 2100, 129),
(61.22433500000625, 1309, 530.0, 3500, 2100, 130),
(61.268834000002244, 1310, 530.0, 3500, 2100, 131),
(61.315136999997776, 1311, 530.0, 3500, 2100, 132),
(61.37202900000557, 1312, 530.0, 3500, 2100, 133),
(61.410862999997335, 1313, 530.0, 3500, 2100, 134),
(61.45518800000718, 1314, 530.0, 3500, 2100, 135),
(61.5081979999959, 1315, 530.0, 3500, 2100, 136),
(61.557683000006364, 1316, 530.0, 3500, 2100, 137),
(61.602247000002535, 1317, 530.0, 3500, 2100, 138),
(61.6464100000012, 1318, 530.0, 3500, 2100, 139),
(61.69074499999988, 1319, 530.0, 3500, 2100, 140),
(61.7316359999968, 1320, 530.0, 3500, 2100, 141),
(61.7914380000002, 1321, 530.0, 3500, 2100, 142),
(61.84313700000348, 1322, 530.0, 3500, 2100, 143),
(61.88772400000016, 1323, 530.0, 3500, 2100, 144),
(61.93322099999932, 1324, 530.0, 3500, 2100, 145),
(61.978782000005594, 1325, 530.0, 3500, 2100, 146),
(62.01825700000336, 1326, 530.0, 3500, 2100, 147),
(62.06096499999694, 1327, 530.0, 3500, 2100, 148),
(62.120556000008946, 1328, 530.0, 3500, 2100, 149),
(62.170352000001, 1329, 530.0, 3500, 2100, 150),
(62.220430000001215, 1330, 530.0, 3500, 2100, 151),
(62.261737000008, 1331, 530.0, 3500, 2100, 152),
(62.31819200000609, 1332, 532.0, 3500, 2200, 112),
(62.371154000007664, 1333, 532.0, 3500, 2200, 113),
(62.41893800000253, 1334, 532.0, 3500, 2200, 114),
(62.466368000008515, 1335, 532.0, 3500, 2200, 115),
(62.517013000004226, 1336, 532.0, 3500, 2200, 116),
(62.570344000007026, 1337, 532.0, 3500, 2200, 117),
(62.62150900000415, 1338, 532.0, 3500, 2200, 118),
(62.66624600000796, 1339, 532.0, 3500, 2200, 119),
(62.720215000008466, 1340, 532.0, 3500, 2200, 120),
(62.76700600000913, 1341, 532.0, 3500, 2200, 121),
(62.82650199999625, 1342, 532.0, 3500, 2200, 122),
(62.8786059999984, 1343, 532.0, 3500, 2200, 123),
(62.925036000000546, 1344, 532.0, 3500, 2200, 124),
(62.96657600000617, 1345, 532.0, 3500, 2200, 125),
(63.013956000009784, 1346, 532.0, 3500, 2200, 126),
(63.07318400000804, 1347, 532.0, 3500, 2200, 127),
(63.12517700000899, 1348, 532.0, 3500, 2200, 128),
(63.168250000002445, 1349, 532.0, 3500, 2200, 129),
(63.22012700000778, 1350, 532.0, 3500, 2200, 130),
(63.27006399999664, 1351, 532.0, 3500, 2200, 131),
(63.31735599999956, 1352, 532.0, 3500, 2200, 132),
(63.363905000005616, 1353, 532.0, 3500, 2200, 133),
(63.420696000001044, 1354, 532.0, 3500, 2200, 134),
(63.46685199999774, 1355, 532.0, 3500, 2200, 135),
(63.51868000000832, 1356, 532.0, 3500, 2200, 136),
(63.56511199999659, 1357, 532.0, 3500, 2200, 137),
(63.607889999999315, 1358, 532.0, 3500, 2200, 138),
(63.6531329999998, 1359, 532.0, 3500, 2200, 139),
(63.706996000008075, 1360, 532.0, 3500, 2200, 140),
(63.75318100000732, 1361, 532.0, 3500, 2200, 141),
(63.793290000001434, 1362, 532.0, 3500, 2200, 142),
(63.83854799999972, 1363, 532.0, 3500, 2200, 143),
(63.87938199999917, 1364, 532.0, 3500, 2200, 144),
(63.92973400000483, 1365, 532.0, 3500, 2200, 145),
(63.972139999998035, 1366, 532.0, 3500, 2200, 146),
(64.01416600000812, 1367, 532.0, 3500, 2200, 147),
(64.05605800000194, 1368, 532.0, 3500, 2200, 148),
(64.106872999997, 1369, 532.0, 3500, 2200, 149),
(64.16893899999559, 1370, 532.0, 3500, 2200, 150),
(64.22722200000135, 1371, 532.0, 3500, 2200, 151),
(64.27199200000905, 1372, 532.0, 3500, 2200, 152),
(64.31733000000531, 1373, 532.0, 3500, 2200, 113),
(64.3636439999973, 1374, 532.0, 3500, 2200, 114),
(64.40941900000325, 1375, 532.0, 3500, 2200, 115),
(64.45601700000407, 1376, 532.0, 3500, 2200, 116),
(64.50159600000188, 1377, 532.0, 3500, 2200, 117),
(64.5464820000052, 1378, 532.0, 3500, 2200, 118),
(64.59590800000296, 1379, 532.0, 3500, 2200, 119),
(64.64656999999715, 1380, 532.0, 3500, 2200, 120),
(64.69033100000524, 1381, 532.0, 3500, 2200, 121),
(64.73205700000108, 1382, 532.0, 3500, 2200, 122),
(64.77676300000167, 1383, 532.0, 3500, 2200, 123),
(64.82220900000539, 1384, 532.0, 3500, 2200, 124),
(64.86306899999909, 1385, 532.0, 3500, 2200, 125),
(64.9023140000063, 1386, 532.0, 3500, 2200, 126),
(64.94494499999564, 1387, 532.0, 3500, 2200, 127),
(64.9892039999977, 1388, 532.0, 3500, 2200, 128),
(65.02939500000502, 1389, 532.0, 3500, 2200, 129),
(65.06983900000341, 1390, 532.0, 3500, 2200, 130),
(65.11199299999862, 1391, 532.0, 3500, 2200, 131),
(65.15846000000602, 1392, 532.0, 3500, 2200, 132),
(65.2054230000067, 1393, 532.0, 3500, 2200, 133),
(65.24797799999942, 1394, 532.0, 3500, 2200, 134),
(65.29860799999733, 1395, 532.0, 3500, 2200, 135),
(65.35100399999646, 1396, 532.0, 3500, 2200, 136),
(65.3995120000036, 1397, 532.0, 3500, 2200, 137),
(65.44252199999755, 1398, 532.0, 3500, 2200, 138),
(65.48780299999635, 1399, 532.0, 3500, 2200, 139),
(65.53206399999908, 1400, 532.0, 3500, 2200, 140),
(65.59977300000901, 1401, 532.0, 3500, 2200, 141),
(65.64516100000765, 1402, 532.0, 3500, 2200, 142),
(65.6929550000059, 1403, 532.0, 3500, 2200, 143),
(65.73791300000448, 1404, 532.0, 3500, 2200, 144),
(65.77941000000283, 1405, 532.0, 3500, 2200, 145),
(65.83015300000261, 1406, 532.0, 3500, 2200, 146),
(65.88378699999885, 1407, 532.0, 3500, 2200, 147),
(65.9305180000083, 1408, 532.0, 3500, 2200, 148),
(65.97492700000294, 1409, 532.0, 3500, 2200, 149),
(66.02344400000584, 1410, 532.0, 3500, 2200, 150),
(66.06785700000182, 1411, 532.0, 3500, 2200, 151),
(66.11779699999897, 1412, 532.0, 3500, 2200, 152),
(66.15881700000318, 1413, 532.0, 3500, 2200, 113),
(66.20344100000511, 1414, 532.0, 3500, 2200, 114),
(66.24596100000781, 1415, 532.0, 3500, 2200, 115),
(66.29555999999866, 1416, 532.0, 3500, 2200, 116),
(66.33960500000103, 1417, 532.0, 3500, 2200, 117),
(66.39071500000136, 1418, 532.0, 3500, 2200, 118),
(66.43884699999762, 1419, 532.0, 3500, 2200, 119),
(66.48187499999767, 1420, 532.0, 3500, 2200, 120),
(66.52683499999694, 1421, 532.0, 3500, 2200, 121),
(66.57228900000337, 1422, 532.0, 3500, 2200, 122),
(66.61686599999666, 1423, 532.0, 3500, 2200, 123),
(66.66377600000123, 1424, 532.0, 3500, 2200, 124),
(66.71057500000461, 1425, 532.0, 3500, 2200, 125),
(66.75569700000051, 1426, 532.0, 3500, 2200, 126),
(66.8030720000097, 1427, 532.0, 3500, 2200, 127),
(66.85024600000179, 1428, 532.0, 3500, 2200, 128),
(66.90319900000759, 1429, 532.0, 3500, 2200, 129),
(66.94356100000732, 1430, 532.0, 3500, 2200, 130),
(66.9944039999973, 1431, 532.0, 3500, 2200, 131),
(67.03694600000745, 1432, 532.0, 3500, 2200, 132),
(67.08045900000434, 1433, 532.0, 3500, 2200, 133),
(67.13461599999573, 1434, 532.0, 3500, 2200, 134),
(67.189022999999, 1435, 532.0, 3500, 2200, 135),
(67.23478500000783, 1436, 532.0, 3500, 2200, 136),
(67.28061600000365, 1437, 532.0, 3500, 2200, 137),
(67.32700400000613, 1438, 532.0, 3500, 2200, 138),
(67.40732399999979, 1439, 532.0, 3500, 2200, 139),
(67.44651999999769, 1440, 532.0, 3500, 2200, 140),
(67.4889519999997, 1441, 532.0, 3500, 2200, 141),
(67.53363400000671, 1442, 532.0, 3500, 2200, 142),
(67.57955700000457, 1443, 532.0, 3500, 2200, 143),
(67.63763700000709, 1444, 532.0, 3500, 2200, 144),
(67.69083600000886, 1445, 532.0, 3500, 2200, 145),
(67.73707800000557, 1446, 532.0, 3500, 2200, 146),
(67.78015000000596, 1447, 532.0, 3500, 2200, 147),
(67.83353299999726, 1448, 532.0, 3500, 2200, 148),
(67.88768500000879, 1449, 532.0, 3500, 2200, 149),
(67.93479300000763, 1450, 532.0, 3500, 2200, 150),
(67.9771929999988, 1451, 532.0, 3500, 2200, 151),
(68.02541899999778, 1452, 532.0, 3500, 2200, 152),
(68.07277500000782, 1453, 531.0, 3500, 2300, 112),
(68.1250779999973, 1454, 531.0, 3500, 2300, 113),
(68.18073999999615, 1455, 528.0, 3500, 2300, 114),
(68.29047200000787, 1457, 532.0, 3500, 2300, 116),
(68.34552600000461, 1458, 531.0, 3500, 2300, 117),
(68.38655100000324, 1459, 531.0, 3500, 2300, 118),
(68.42872799999896, 1460, 528.0, 3500, 2300, 119),
(68.47208300000057, 1461, 531.0, 3500, 2300, 120),
(68.51755000000412, 1462, 531.0, 3500, 2300, 121),
(68.56592700000328, 1463, 530.0, 3500, 2300, 122),
(68.80953600000066, 1466, 532.0, 3500, 2300, 125),
(76.31847900000867, 1467, 527.0, 3500, 2300, 126),
(76.36759999999776, 1468, 531.0, 3500, 2300, 127),
(76.40828200000396, 1469, 532.0, 3500, 2300, 128),
(76.44944700000633, 1470, 530.0, 3500, 2300, 129),
(76.49224099999992, 1471, 528.0, 3500, 2300, 130),
(76.53506799999741, 1472, 528.0, 3500, 2300, 131),
(76.73087700000906, 1474, 532.0, 3500, 2300, 133),
(84.27545899999677, 1475, 532.0, 3500, 2300, 134),
(84.32337800000096, 1476, 287.0, 3500, 2300, 135),
(84.36184100000537, 1477, 530.0, 3500, 2300, 136),
(84.40064100000018, 1478, 283.0, 3500, 2300, 137),
(84.44154899999558, 1479, 541.0, 3500, 2300, 138),
(84.48232300000382, 1480, 530.0, 3500, 2300, 139),
(84.53289000000223, 1481, 595.0, 3500, 2300, 140),
(84.57943199999863, 1482, 56008.0, 3500, 2300, 141),
(84.6246669999964, 1483, 531.0, 3500, 2300, 142),
(84.6682989999972, 1484, 532.0, 3500, 2300, 143),
(84.71278699999675, 1485, 530.0, 3500, 2300, 144),
(84.76306599999953, 1486, 282.0, 3500, 2300, 145),
(84.80741400000989, 1487, 534.0, 3500, 2300, 146),
(84.91702300000179, 1489, 531.0, 3500, 2300, 148),
(84.95708000000741, 1490, 614.0, 3500, 2300, 149),
(85.00045800000953, 1491, 531.0, 3500, 2300, 150),
(85.05641900000046, 1492, 279.0, 3500, 2300, 151),
(85.10967099999834, 1493, 532.0, 3500, 2300, 152),
(85.15509700000985, 1494, 532.0, 3500, 2300, 113),
(85.20731900000828, 1495, 532.0, 3500, 2300, 114),
(85.26114499999676, 1496, 531.0, 3500, 2300, 115),
(85.31285699999717, 1497, 532.0, 3500, 2300, 116),
(85.36303100000077, 1498, 532.0, 3500, 2300, 117),
(85.41684000000532, 1499, 531.0, 3500, 2300, 118),
(85.46254799999588, 1500, 530.0, 3500, 2300, 119),
(85.51603900000919, 1501, 532.0, 3500, 2300, 120),
(85.56141500000376, 1502, 532.0, 3500, 2300, 121),
(85.66989400000602, 1504, 532.0, 3500, 2300, 123),
(85.81179700000212, 1506, 532.0, 3500, 2300, 125),
(85.85394100000849, 1507, 527.0, 3500, 2300, 126),
(85.89271600000211, 1508, 530.0, 3500, 2300, 127),
(85.92983000000822, 1509, 526.0, 3500, 2300, 128),
(85.96932699999888, 1510, 531.0, 3500, 2300, 129),
(86.00822699999844, 1511, 530.0, 3500, 2300, 130),
(86.04567500000121, 1512, 282.0, 3500, 2300, 131),
(86.0858600000065, 1513, 532.0, 3500, 2300, 132),
(86.12708200000634, 1514, 530.0, 3500, 2300, 133),
(86.17540100000042, 1515, 532.0, 3500, 2300, 134),
(86.41980600000534, 1519, 531.0, 3500, 2300, 138),
(93.93835100000433, 1520, 549.0, 3500, 2300, 139),
(93.98369500000263, 1521, 1832.0, 3500, 2300, 140),
(94.02874500000325, 1522, 587.0, 3500, 2300, 141),
(94.06713599999784, 1523, 530.0, 3500, 2300, 142),
(94.1168089999992, 1524, 531.0, 3500, 2300, 143),
(94.15726000000723, 1525, 590.0, 3500, 2300, 144),
(94.19813499999873, 1526, 588.0, 3500, 2300, 145),
(94.24566500000947, 1527, 532.0, 3500, 2300, 146),
(94.28768300000229, 1528, 282.0, 3500, 2300, 147),
(94.33755300000485, 1529, 532.0, 3500, 2300, 148),
(94.39025700000639, 1530, 531.0, 3500, 2300, 149),
(94.5000180000061, 1532, 532.0, 3500, 2300, 151),
(94.59956899999816, 1534, 551.0, 3500, 2300, 113),
(94.6417369999981, 1535, 528.0, 3500, 2300, 114),
(94.68300299999828, 1536, 530.0, 3500, 2300, 115),
(94.72947200000635, 1537, 532.0, 3500, 2300, 116),
(94.77661200000148, 1538, 532.0, 3500, 2300, 117),
(94.81842700000561, 1539, 532.0, 3500, 2300, 118),
(94.86117099999683, 1540, 532.0, 3500, 2300, 119),
(94.90970600000583, 1541, 530.0, 3500, 2300, 120),
(95.01941799999622, 1543, 530.0, 3500, 2300, 122),
(95.1362550000049, 1545, 530.0, 3500, 2300, 124),
(95.24578199999814, 1547, 552.0, 3500, 2300, 126),
(95.29957200000354, 1548, 534.0, 3500, 2300, 127),
(95.36205999999947, 1549, 528.0, 3500, 2300, 128),
(95.4029220000084, 1550, 532.0, 3500, 2300, 129),
(95.44715000000724, 1551, 531.0, 3500, 2300, 130),
(95.56689200000255, 1553, 530.0, 3500, 2300, 132),
(95.63953400000173, 1554, 531.0, 3500, 2300, 133),
(95.69040800000948, 1555, 537.0, 3500, 2300, 134),
(95.74007300000812, 1556, 282.0, 3500, 2300, 135),
(95.7889739999955, 1557, 287.0, 3500, 2300, 136),
(95.8372720000043, 1558, 531.0, 3500, 2300, 137),
(96.01996600000712, 1561, 532.0, 3500, 2300, 140),
(96.13500500000373, 1563, 533.0, 3500, 2300, 142),
(96.18742699999711, 1564, 531.0, 3500, 2300, 143),
(96.22827400000824, 1565, 530.0, 3500, 2300, 144),
(96.27497199999925, 1566, 530.0, 3500, 2300, 145),
(96.32383100000152, 1567, 283.0, 3500, 2300, 146),
(96.36371400000644, 1568, 282.0, 3500, 2300, 147),
(96.40963900000497, 1569, 285.0, 3500, 2300, 148),
(96.45570500000031, 1570, 532.0, 3500, 2300, 149),
(96.49824100000842, 1571, 532.0, 3500, 2300, 150),
(96.5459520000004, 1572, 530.0, 3500, 2300, 151),
(96.5862300000008, 1573, 283.0, 3500, 2300, 152),
(96.63533699999971, 1574, 530.0, 3500, 2400, 112),
(96.68958000000566, 1575, 530.0, 3500, 2400, 113),
(96.73804500000551, 1576, 530.0, 3500, 2400, 114),
(96.78727400000207, 1577, 530.0, 3500, 2400, 115),
(96.83520300000964, 1578, 530.0, 3500, 2400, 116),
(96.87904500000877, 1579, 530.0, 3500, 2400, 117),
(96.92375000000175, 1580, 530.0, 3500, 2400, 118),
(96.97029599999951, 1581, 530.0, 3500, 2400, 119),
(97.02041100000497, 1582, 530.0, 3500, 2400, 120),
(97.06711299999733, 1583, 530.0, 3500, 2400, 121),
(97.10830000000715, 1584, 530.0, 3500, 2400, 122),
(97.15141500000027, 1585, 530.0, 3500, 2400, 123),
(97.19738900000812, 1586, 530.0, 3500, 2400, 124),
(97.24448300000222, 1587, 530.0, 3500, 2400, 125),
(97.28700700000627, 1588, 530.0, 3500, 2400, 126),
(97.33891600000788, 1589, 530.0, 3500, 2400, 127),
(97.3819300000032, 1590, 530.0, 3500, 2400, 128),
(97.42520900000818, 1591, 530.0, 3500, 2400, 129),
(97.46884899999714, 1592, 530.0, 3500, 2400, 130),
(97.51009599999816, 1593, 530.0, 3500, 2400, 131),
(97.54889099999855, 1594, 530.0, 3500, 2400, 132),
(97.58813299999747, 1595, 530.0, 3500, 2400, 133),
(97.62730000000738, 1596, 530.0, 3500, 2400, 134),
(97.66471199999796, 1597, 530.0, 3500, 2400, 135),
(97.70714900000894, 1598, 530.0, 3500, 2400, 136),
(97.75206400000025, 1599, 530.0, 3500, 2400, 137),
(97.79939200000081, 1600, 530.0, 3500, 2400, 138),
(97.84117300000798, 1601, 530.0, 3500, 2400, 139),
(97.88413600000786, 1602, 530.0, 3500, 2400, 140),
(97.9250330000068, 1603, 530.0, 3500, 2400, 141),
(97.97122400000808, 1604, 530.0, 3500, 2400, 142),
(98.01752799999667, 1605, 530.0, 3500, 2400, 143),
(98.05876300000818, 1606, 530.0, 3500, 2400, 144),
(98.10095700000238, 1607, 530.0, 3500, 2400, 145),
(98.14613599999575, 1608, 530.0, 3500, 2400, 146),
(98.19022000000405, 1609, 530.0, 3500, 2400, 147),
(98.23590900001, 1610, 530.0, 3500, 2400, 148),
(98.28924900000857, 1611, 530.0, 3500, 2400, 149),
(98.33530500000052, 1612, 530.0, 3500, 2400, 150),
(98.37536700000055, 1613, 530.0, 3500, 2400, 151),
(98.41509399999632, 1614, 530.0, 3500, 2400, 152),
(98.45915999999852, 1615, 530.0, 3500, 2400, 113),
(98.49807300000975, 1616, 530.0, 3500, 2400, 114),
(98.54997800001001, 1617, 530.0, 3500, 2400, 115),
(98.60429600000498, 1618, 530.0, 3500, 2400, 116),
(98.64331500000844, 1619, 530.0, 3500, 2400, 117),
(98.68554000000586, 1620, 530.0, 3500, 2400, 118),
(98.7246909999958, 1621, 530.0, 3500, 2400, 119),
(98.76643400000466, 1622, 530.0, 3500, 2400, 120),
(98.80640400000266, 1623, 530.0, 3500, 2400, 121),
(98.84717900000396, 1624, 530.0, 3500, 2400, 122),
(98.88809799999581, 1625, 530.0, 3500, 2400, 123),
(98.93078000000969, 1626, 530.0, 3500, 2400, 124),
(98.97670400000061, 1627, 530.0, 3500, 2400, 125),
(99.01779500000703, 1628, 530.0, 3500, 2400, 126),
(99.05912600000738, 1629, 530.0, 3500, 2400, 127),
(99.09976199999801, 1630, 530.0, 3500, 2400, 128),
(99.14350700000068, 1631, 530.0, 3500, 2400, 129),
(99.18156500000623, 1632, 530.0, 3500, 2400, 130),
(99.2197210000013, 1633, 530.0, 3500, 2400, 131),
(99.25637400000414, 1634, 530.0, 3500, 2400, 132),
(99.29806000000099, 1635, 530.0, 3500, 2400, 133),
(99.3372870000021, 1636, 530.0, 3500, 2400, 134),
(99.37583900000027, 1637, 530.0, 3500, 2400, 135),
(99.42189500000677, 1638, 530.0, 3500, 2400, 136),
(99.46807699999772, 1639, 530.0, 3500, 2400, 137),
(99.50930099999823, 1640, 530.0, 3500, 2400, 138),
(99.54881200000818, 1641, 530.0, 3500, 2400, 139),
(99.59216600000218, 1642, 530.0, 3500, 2400, 140),
(99.64017400000012, 1643, 530.0, 3500, 2400, 141),
(99.67978299999959, 1644, 530.0, 3500, 2400, 142),
(99.71915000000445, 1645, 530.0, 3500, 2400, 143),
(99.75688000000082, 1646, 530.0, 3500, 2400, 144),
(99.799165000004, 1647, 530.0, 3500, 2400, 145),
(99.84595499999705, 1648, 530.0, 3500, 2400, 146),
(99.88581700000213, 1649, 530.0, 3500, 2400, 147),
(99.9292609999975, 1650, 530.0, 3500, 2400, 148),
(99.9708959999989, 1651, 530.0, 3500, 2400, 149),
(100.02215600000636, 1652, 530.0, 3500, 2400, 150),
(100.06138600000122, 1653, 530.0, 3500, 2400, 151),
(100.10007699999551, 1654, 530.0, 3500, 2400, 152),
(100.15032000000065, 1655, 530.0, 3500, 2400, 113),
(100.19488300000376, 1656, 530.0, 3500, 2400, 114),
(100.2353790000052, 1657, 530.0, 3500, 2400, 115),
(100.27440000000934, 1658, 530.0, 3500, 2400, 116),
(100.31618200000958, 1659, 530.0, 3500, 2400, 117),
(100.35871100000804, 1660, 530.0, 3500, 2400, 118),
(100.39995600000839, 1661, 530.0, 3500, 2400, 119),
(100.44141100000707, 1662, 530.0, 3500, 2400, 120),
(100.48023400000238, 1663, 530.0, 3500, 2400, 121),
(100.52168000000529, 1664, 530.0, 3500, 2400, 122),
(100.56118900000001, 1665, 530.0, 3500, 2400, 123),
(100.602567000009, 1666, 530.0, 3500, 2400, 124),
(100.64728400000604, 1667, 530.0, 3500, 2400, 125),
(100.69080199999735, 1668, 530.0, 3500, 2400, 126),
(100.73788600000262, 1669, 530.0, 3500, 2400, 127),
(100.79752700000245, 1670, 530.0, 3500, 2400, 128),
(100.84003900000243, 1671, 530.0, 3500, 2400, 129),
(100.8744549999974, 1672, 530.0, 3500, 2400, 130),
(100.90875499999675, 1673, 530.0, 3500, 2400, 131),
(100.9471510000003, 1674, 530.0, 3500, 2400, 132),
(100.98790200000803, 1675, 530.0, 3500, 2400, 133),
(101.03006900000037, 1676, 530.0, 3500, 2400, 134),
(101.0754900000029, 1677, 530.0, 3500, 2400, 135),
(101.11316599999554, 1678, 530.0, 3500, 2400, 136),
(101.16414300000179, 1679, 530.0, 3500, 2400, 137),
(101.20190000000002, 1680, 530.0, 3500, 2400, 138),
(101.24635300000955, 1681, 530.0, 3500, 2400, 139),
(101.29514400000335, 1682, 530.0, 3500, 2400, 140),
(101.351198999997, 1683, 530.0, 3500, 2400, 141),
(101.39448499999708, 1684, 530.0, 3500, 2400, 142),
(101.43654100000276, 1685, 530.0, 3500, 2400, 143),
(101.47603200000594, 1686, 530.0, 3500, 2400, 144),
(101.51554600000964, 1687, 530.0, 3500, 2400, 145),
(101.55305800000497, 1688, 530.0, 3500, 2400, 146),
(101.59227400000964, 1689, 530.0, 3500, 2400, 147),
(101.63974500000768, 1690, 530.0, 3500, 2400, 148),
(101.68882799999847, 1691, 530.0, 3500, 2400, 149),
(101.74311199999647, 1692, 530.0, 3500, 2400, 150),
(101.78402900000219, 1693, 530.0, 3500, 2400, 151),
(101.82208600000013, 1694, 530.0, 3500, 2400, 152),
(101.85910200000217, 1695, 530.0, 3500, 2500, 112),
(101.90016099999775, 1696, 530.0, 3500, 2500, 113),
(101.942154999997, 1697, 530.0, 3500, 2500, 114),
(101.97926000000734, 1698, 530.0, 3500, 2500, 115),
(102.01916399999755, 1699, 530.0, 3500, 2500, 116),
(102.06077599999844, 1700, 530.0, 3500, 2500, 117),
(102.10065799999575, 1701, 530.0, 3500, 2500, 118),
(102.14922099999967, 1702, 530.0, 3500, 2500, 119),
(102.20096800000465, 1703, 530.0, 3500, 2500, 120),
(102.2445480000024, 1704, 530.0, 3500, 2500, 121),
(102.28239700000267, 1705, 530.0, 3500, 2500, 122),
(102.33018499999889, 1706, 530.0, 3500, 2500, 123),
(102.37900400000217, 1707, 530.0, 3500, 2500, 124),
(102.4233499999973, 1708, 530.0, 3500, 2500, 125),
(102.46513300000515, 1709, 530.0, 3500, 2500, 126),
(102.50867100000323, 1710, 530.0, 3500, 2500, 127),
(102.54851100000087, 1711, 530.0, 3500, 2500, 128),
(102.58792299999914, 1712, 530.0, 3500, 2500, 129),
(102.63069099999848, 1713, 530.0, 3500, 2500, 130),
(102.67013399999996, 1714, 530.0, 3500, 2500, 131),
(102.70706100000825, 1715, 530.0, 3500, 2500, 132),
(102.74888400000054, 1716, 530.0, 3500, 2500, 133),
(102.79048900000635, 1717, 530.0, 3500, 2500, 134),
(102.82918800000334, 1718, 530.0, 3500, 2500, 135),
(102.86893900000723, 1719, 530.0, 3500, 2500, 136),
(102.90939100000833, 1720, 530.0, 3500, 2500, 137),
(102.96811699999671, 1721, 530.0, 3500, 2500, 138),
(103.01179899999988, 1722, 530.0, 3500, 2500, 139),
(103.06046300000162, 1723, 530.0, 3500, 2500, 140),
(103.10835000000952, 1724, 530.0, 3500, 2500, 141),
(103.14902700000675, 1725, 530.0, 3500, 2500, 142),
(103.19448000000557, 1726, 530.0, 3500, 2500, 143),
(103.23695500000031, 1727, 530.0, 3500, 2500, 144),
(103.2819690000033, 1728, 530.0, 3500, 2500, 145),
(103.32696200000646, 1729, 530.0, 3500, 2500, 146),
(103.37256200000411, 1730, 530.0, 3500, 2500, 147),
(103.41712800000096, 1731, 530.0, 3500, 2500, 148),
(103.46071400000073, 1732, 530.0, 3500, 2500, 149),
(103.51118600000336, 1733, 530.0, 3500, 2500, 150),
(103.56158300000243, 1734, 530.0, 3500, 2500, 151),
(103.61948400000983, 1735, 530.0, 3500, 2500, 152),
(103.68186100000457, 1736, 530.0, 3500, 2500, 113),
(103.73817100000451, 1737, 530.0, 3500, 2500, 114),
(103.79090700000233, 1738, 530.0, 3500, 2500, 115),
(103.84241100000509, 1739, 530.0, 3500, 2500, 116),
(103.8892130000022, 1740, 530.0, 3500, 2500, 117),
(103.93530900000769, 1741, 530.0, 3500, 2500, 118),
(103.98676800000248, 1742, 530.0, 3500, 2500, 119),
(104.03273300000001, 1743, 530.0, 3500, 2500, 120),
(104.07904700000654, 1744, 530.0, 3500, 2500, 121),
(104.13279499999771, 1745, 530.0, 3500, 2500, 122),
(104.19119599999976, 1746, 530.0, 3500, 2500, 123),
(104.23468400001002, 1747, 530.0, 3500, 2500, 124),
(104.27909500000533, 1748, 530.0, 3500, 2500, 125),
(104.33724700000312, 1749, 530.0, 3500, 2500, 126),
(104.38725300000806, 1750, 530.0, 3500, 2500, 127),
(104.42939000000479, 1751, 530.0, 3500, 2500, 128),
(104.47746100000222, 1752, 530.0, 3500, 2500, 129),
(104.52964100000099, 1753, 530.0, 3500, 2500, 130),
(104.59047900000587, 1754, 530.0, 3500, 2500, 131),
(104.63388100000157, 1755, 530.0, 3500, 2500, 132),
(104.68197099999816, 1756, 530.0, 3500, 2500, 133),
(104.73847999999998, 1757, 530.0, 3500, 2500, 134),
(104.79738499999803, 1758, 530.0, 3500, 2500, 135),
(104.84432699999888, 1759, 530.0, 3500, 2500, 136),
(104.88719799999672, 1760, 530.0, 3500, 2500, 137),
(104.93245799999568, 1761, 530.0, 3500, 2500, 138),
(104.97949599999993, 1762, 530.0, 3500, 2500, 139),
(105.03569200000493, 1763, 530.0, 3500, 2500, 140),
(105.08851200000208, 1764, 530.0, 3500, 2500, 141),
(105.13379600000917, 1765, 530.0, 3500, 2500, 142),
(105.18077200000698, 1766, 530.0, 3500, 2500, 143),
(105.23698699999659, 1767, 530.0, 3500, 2500, 144),
(105.28094100000453, 1768, 530.0, 3500, 2500, 145),
(105.33786100000725, 1769, 530.0, 3500, 2500, 146),
(105.4013649999979, 1770, 530.0, 3500, 2500, 147),
(105.45145100000082, 1771, 530.0, 3500, 2500, 148),
(105.49136400000134, 1772, 530.0, 3500, 2500, 149),
(105.53683199999796, 1773, 530.0, 3500, 2500, 150),
(105.58043499999621, 1774, 530.0, 3500, 2500, 151),
(105.62220100000559, 1775, 530.0, 3500, 2500, 152),
(105.66406700000516, 1776, 530.0, 3500, 2500, 113),
(105.71218000000226, 1777, 530.0, 3500, 2500, 114),
(105.75580100000661, 1778, 530.0, 3500, 2500, 115),
(105.80230500000471, 1779, 530.0, 3500, 2500, 116),
(105.85579400000279, 1780, 530.0, 3500, 2500, 117),
(105.90234000000055, 1781, 530.0, 3500, 2500, 118),
(105.94713300000876, 1782, 530.0, 3500, 2500, 119),
(105.99321200000122, 1783, 530.0, 3500, 2500, 120),
(106.04990399999951, 1784, 530.0, 3500, 2500, 121),
(106.10056299999997, 1785, 530.0, 3500, 2500, 122),
(106.15634000000136, 1786, 530.0, 3500, 2500, 123),
(106.20609700000205, 1787, 530.0, 3500, 2500, 124),
(106.2595949999959, 1788, 530.0, 3500, 2500, 125),
(106.32001900000614, 1789, 530.0, 3500, 2500, 126),
(106.37113100000715, 1790, 530.0, 3500, 2500, 127),
(106.41967699999805, 1791, 530.0, 3500, 2500, 128),
(106.46692800000892, 1792, 530.0, 3500, 2500, 129),
(106.5099920000066, 1793, 530.0, 3500, 2500, 130),
(106.54956300000777, 1794, 530.0, 3500, 2500, 131),
(106.59595299999637, 1795, 530.0, 3500, 2500, 132),
(106.6343760000018, 1796, 530.0, 3500, 2500, 133),
(106.67724800000724, 1797, 530.0, 3500, 2500, 134),
(106.72623800000292, 1798, 530.0, 3500, 2500, 135),
(106.7812649999978, 1799, 530.0, 3500, 2500, 136),
(106.83130400000664, 1800, 530.0, 3500, 2500, 137),
(106.87389200000325, 1801, 530.0, 3500, 2500, 138),
(106.92480400000932, 1802, 530.0, 3500, 2500, 139),
(106.97341200000665, 1803, 530.0, 3500, 2500, 140),
(107.0137870000035, 1804, 530.0, 3500, 2500, 141),
(107.05583800000022, 1805, 530.0, 3500, 2500, 142),
(107.10040500000468, 1806, 530.0, 3500, 2500, 143),
(107.14931000000797, 1807, 530.0, 3500, 2500, 144),
(107.19578999999794, 1808, 530.0, 3500, 2500, 145),
(107.24922199999855, 1809, 530.0, 3500, 2500, 146),
(107.29999700000917, 1810, 530.0, 3500, 2500, 147),
(107.3602530000062, 1811, 530.0, 3500, 2500, 148),
(107.39763700000185, 1812, 530.0, 3500, 2500, 149),
(107.45548899999994, 1813, 530.0, 3500, 2500, 150),
(107.49724700000661, 1814, 530.0, 3500, 2500, 151),
(107.5471450000041, 1815, 530.0, 3500, 2500, 152),
(107.60127800000191, 1816, 530.0, 3500, 2600, 112),
(107.6475000000064, 1817, 530.0, 3500, 2600, 113),
(107.6865550000075, 1818, 530.0, 3500, 2600, 114),
(107.73359699999855, 1819, 530.0, 3500, 2600, 115),
(107.77975800000422, 1820, 530.0, 3500, 2600, 116),
(107.83711500000209, 1821, 530.0, 3500, 2600, 117),
(107.88440700000501, 1822, 530.0, 3500, 2600, 118),
(107.9274080000032, 1823, 530.0, 3500, 2600, 119),
(107.9694210000016, 1824, 530.0, 3500, 2600, 120),
(108.01770500000566, 1825, 530.0, 3500, 2600, 121),
(108.06308400000853, 1826, 530.0, 3500, 2600, 122),
(108.10868400000618, 1827, 530.0, 3500, 2600, 123),
(108.14817000000039, 1828, 530.0, 3500, 2600, 124),
(108.18984700000146, 1829, 530.0, 3500, 2600, 125),
(108.23546100000385, 1830, 530.0, 3500, 2600, 126),
(108.29003899999952, 1831, 530.0, 3500, 2600, 127),
(108.3340440000029, 1832, 530.0, 3500, 2600, 128),
(108.380044000005, 1833, 530.0, 3500, 2600, 129),
(108.43317000000388, 1834, 530.0, 3500, 2600, 130),
(108.47747399999935, 1835, 530.0, 3500, 2600, 131),
(108.52771799999755, 1836, 530.0, 3500, 2600, 132),
(108.58215200000268, 1837, 530.0, 3500, 2600, 133),
(108.63130900000397, 1838, 530.0, 3500, 2600, 134),
(108.67916900001, 1839, 530.0, 3500, 2600, 135),
(108.7236200000043, 1840, 530.0, 3500, 2600, 136),
(108.7725000000064, 1841, 530.0, 3500, 2600, 137),
(108.82505400000082, 1842, 530.0, 3500, 2600, 138),
(108.87116300000343, 1843, 530.0, 3500, 2600, 139),
(108.92243099999905, 1844, 530.0, 3500, 2600, 140),
(108.96865100000286, 1845, 530.0, 3500, 2600, 141),
(109.02063500000804, 1846, 530.0, 3500, 2600, 142),
(109.06150199999684, 1847, 530.0, 3500, 2600, 143),
(109.10340600000927, 1848, 530.0, 3500, 2600, 144),
(109.14525499999581, 1849, 530.0, 3500, 2600, 145),
(109.1905540000007, 1850, 530.0, 3500, 2600, 146),
(109.2467869999964, 1851, 530.0, 3500, 2600, 147),
(109.29290300000866, 1852, 530.0, 3500, 2600, 148),
(109.32895999999892, 1853, 530.0, 3500, 2600, 149),
(109.37355899999966, 1854, 530.0, 3500, 2600, 150),
(109.42107399999804, 1855, 530.0, 3500, 2600, 151),
(109.4682160000084, 1856, 530.0, 3500, 2600, 152),
(109.5185310000088, 1857, 530.0, 3500, 2600, 113),
(109.56871500000125, 1858, 530.0, 3500, 2600, 114),
(109.6115470000077, 1859, 530.0, 3500, 2600, 115),
(109.65637399999832, 1860, 530.0, 3500, 2600, 116),
(109.70842300000368, 1861, 530.0, 3500, 2600, 117),
(109.75176600000123, 1862, 530.0, 3500, 2600, 118),
(109.805944000007, 1863, 530.0, 3500, 2600, 119),
(109.85115699999733, 1864, 530.0, 3500, 2600, 120),
(109.9034590000083, 1865, 530.0, 3500, 2600, 121),
(109.94797799999651, 1866, 530.0, 3500, 2600, 122),
(109.99803200000315, 1867, 530.0, 3500, 2600, 123),
(110.04538399999728, 1868, 530.0, 3500, 2600, 124),
(110.09515300000203, 1869, 530.0, 3500, 2600, 125),
(110.14384400000563, 1870, 530.0, 3500, 2600, 126),
(110.18565300000773, 1871, 530.0, 3500, 2600, 127),
(110.23145700000168, 1872, 530.0, 3500, 2600, 128),
(110.28064599999925, 1873, 530.0, 3500, 2600, 129),
(110.33174300000246, 1874, 530.0, 3500, 2600, 130),
(110.37361599999713, 1875, 530.0, 3500, 2600, 131),
(110.41679699999804, 1876, 530.0, 3500, 2600, 132),
(110.46892600000137, 1877, 530.0, 3500, 2600, 133),
(110.52017600000545, 1878, 530.0, 3500, 2600, 134),
(110.56858900000225, 1879, 530.0, 3500, 2600, 135),
(110.62309799999639, 1880, 530.0, 3500, 2600, 136),
(110.67382799999905, 1881, 530.0, 3500, 2600, 137),
(110.72085199999856, 1882, 530.0, 3500, 2600, 138),
(110.75940300000366, 1883, 530.0, 3500, 2600, 139),
(110.81112700000813, 1884, 530.0, 3500, 2600, 140),
(110.86357499999576, 1885, 530.0, 3500, 2600, 141),
(110.89851100000669, 1886, 530.0, 3500, 2600, 142),
(110.9356800000096, 1887, 530.0, 3500, 2600, 143),
(110.98094000000856, 1888, 530.0, 3500, 2600, 144),
(111.02118999999948, 1889, 530.0, 3500, 2600, 145),
(111.0653089999978, 1890, 530.0, 3500, 2600, 146),
(111.11219400000118, 1891, 530.0, 3500, 2600, 147),
(111.15718500000366, 1892, 530.0, 3500, 2600, 148),
(111.2101330000005, 1893, 530.0, 3500, 2600, 149),
(111.26395600000978, 1894, 530.0, 3500, 2600, 150),
(111.31142700000782, 1895, 530.0, 3500, 2600, 151),
(111.35919099999592, 1896, 530.0, 3500, 2600, 152),
(111.40597200000775, 1897, 530.0, 3500, 2600, 113),
(111.45922699999937, 1898, 530.0, 3500, 2600, 114),
(111.50385999999708, 1899, 530.0, 3500, 2600, 115),
(111.55266600000323, 1900, 530.0, 3500, 2600, 116),
(111.59649300000456, 1901, 530.0, 3500, 2600, 117),
(111.6410620000097, 1902, 530.0, 3500, 2600, 118),
(111.68966299999738, 1903, 530.0, 3500, 2600, 119),
(111.72879500000272, 1904, 530.0, 3500, 2600, 120),
(111.77872899999784, 1905, 530.0, 3500, 2600, 121),
(111.83304100000532, 1906, 530.0, 3500, 2600, 122),
(111.88198299999931, 1907, 530.0, 3500, 2600, 123),
(111.93806600000244, 1908, 530.0, 3500, 2600, 124),
(111.9795610000001, 1909, 530.0, 3500, 2600, 125),
(112.02109000000928, 1910, 530.0, 3500, 2600, 126),
(112.06571700000495, 1911, 530.0, 3500, 2600, 127),
(112.1191519999993, 1912, 530.0, 3500, 2600, 128),
(112.17713700000604, 1913, 530.0, 3500, 2600, 129),
(112.2232490000024, 1914, 530.0, 3500, 2600, 130),
(112.27193600000464, 1915, 530.0, 3500, 2600, 131),
(112.31907700000738, 1916, 530.0, 3500, 2600, 132),
(112.36918100000184, 1917, 530.0, 3500, 2600, 133),
(112.42102799999702, 1918, 530.0, 3500, 2600, 134),
(112.46989900000335, 1919, 530.0, 3500, 2600, 135),
(112.51599899999565, 1920, 530.0, 3500, 2600, 136),
(112.55716900000698, 1921, 530.0, 3500, 2600, 137),
(112.59960499999579, 1922, 530.0, 3500, 2600, 138),
(112.64889799999946, 1923, 530.0, 3500, 2600, 139),
(112.69735200000287, 1924, 530.0, 3500, 2600, 140),
(112.74938700000348, 1925, 530.0, 3500, 2600, 141),
(112.81808199999796, 1926, 530.0, 3500, 2600, 142),
(112.85926500000642, 1927, 530.0, 3500, 2600, 143),
(112.90183499999694, 1928, 530.0, 3500, 2600, 144),
(112.94715500000166, 1929, 530.0, 3500, 2600, 145),
(112.99204500000633, 1930, 530.0, 3500, 2600, 146),
(113.03704399999697, 1931, 530.0, 3500, 2600, 147),
(113.07754199999908, 1932, 530.0, 3500, 2600, 148),
(113.1229800000001, 1933, 530.0, 3500, 2600, 149),
(113.17400199999975, 1934, 530.0, 3500, 2600, 150),
(113.22164299999713, 1935, 530.0, 3500, 2600, 151),
(113.26431600000069, 1936, 530.0, 3500, 2600, 152),
(113.30144399999699, 1937, 530.0, 3500, 2700, 112),
(113.35001599999669, 1938, 530.0, 3500, 2700, 113),
(113.39249900000868, 1939, 530.0, 3500, 2700, 114),
(113.4439859999984, 1940, 530.0, 3500, 2700, 115),
(113.48925100000633, 1941, 530.0, 3500, 2700, 116),
(113.53522000000521, 1942, 530.0, 3500, 2700, 117),
(113.57983200000308, 1943, 530.0, 3500, 2700, 118),
(113.62499700000626, 1944, 530.0, 3500, 2700, 119),
(113.672000999999, 1945, 530.0, 3500, 2700, 120),
(113.72681100000045, 1946, 530.0, 3500, 2700, 121),
(113.76841000000422, 1947, 530.0, 3500, 2700, 122),
(113.81235400000878, 1948, 530.0, 3500, 2700, 123),
(113.85540100000799, 1949, 530.0, 3500, 2700, 124),
(113.89991200000804, 1950, 530.0, 3500, 2700, 125),
(113.94914399999834, 1951, 530.0, 3500, 2700, 126),
(113.99395299999742, 1952, 530.0, 3500, 2700, 127),
(114.04189799999585, 1953, 530.0, 3500, 2700, 128),
(114.08948900000541, 1954, 530.0, 3500, 2700, 129),
(114.13430499999959, 1955, 530.0, 3500, 2700, 130),
(114.18799900000158, 1956, 530.0, 3500, 2700, 131),
(114.23863200000778, 1957, 530.0, 3500, 2700, 132),
(114.29004300000088, 1958, 530.0, 3500, 2700, 133),
(114.34745600000315, 1959, 530.0, 3500, 2700, 134),
(114.39295599999605, 1960, 530.0, 3500, 2700, 135),
(114.43584099999862, 1961, 530.0, 3500, 2700, 136),
(114.48984900000505, 1962, 530.0, 3500, 2700, 137),
(114.54271000000881, 1963, 530.0, 3500, 2700, 138),
(114.59197999999742, 1964, 530.0, 3500, 2700, 139),
(114.63508700000239, 1965, 530.0, 3500, 2700, 140),
(114.68154200000572, 1966, 530.0, 3500, 2700, 141),
(114.72650000000431, 1967, 530.0, 3500, 2700, 142),
(114.7786150000029, 1968, 530.0, 3500, 2700, 143),
(114.82031799999822, 1969, 530.0, 3500, 2700, 144),
(114.85951799999748, 1970, 530.0, 3500, 2700, 145),
(114.90872500000114, 1971, 530.0, 3500, 2700, 146),
(114.94910700000764, 1972, 530.0, 3500, 2700, 147),
(114.99606299999868, 1973, 530.0, 3500, 2700, 148),
(115.0469160000066, 1974, 530.0, 3500, 2700, 149),
(115.0932310000062, 1975, 530.0, 3500, 2700, 150),
(115.13492500000575, 1976, 530.0, 3500, 2700, 151),
(115.19065099999716, 1977, 530.0, 3500, 2700, 152),
(115.23756599999615, 1978, 530.0, 3500, 2700, 113),
(115.27801700000418, 1979, 530.0, 3500, 2700, 114),
(115.31973600000492, 1980, 530.0, 3500, 2700, 115),
(115.36879700000281, 1981, 530.0, 3500, 2700, 116),
(115.41079900000477, 1982, 530.0, 3500, 2700, 117),
(115.45571399999608, 1983, 530.0, 3500, 2700, 118),
(115.49531600000046, 1984, 530.0, 3500, 2700, 119),
(115.53819099999964, 1985, 530.0, 3500, 2700, 120),
(115.57823300000746, 1986, 530.0, 3500, 2700, 121),
(115.61732699999993, 1987, 530.0, 3500, 2700, 122),
(115.65831600000092, 1988, 530.0, 3500, 2700, 123),
(115.70405300000857, 1989, 530.0, 3500, 2700, 124),
(115.75022300001001, 1990, 530.0, 3500, 2700, 125),
(115.79914800000552, 1991, 530.0, 3500, 2700, 126),
(115.84519600000931, 1992, 530.0, 3500, 2700, 127),
(115.89275100000668, 1993, 530.0, 3500, 2700, 128),
(115.9449270000041, 1994, 530.0, 3500, 2700, 129),
(115.99177300000156, 1995, 530.0, 3500, 2700, 130),
(116.03769500000635, 1996, 530.0, 3500, 2700, 131),
(116.08730800000194, 1997, 530.0, 3500, 2700, 132),
(116.133931999997, 1998, 530.0, 3500, 2700, 133),
(116.19341800000984, 1999, 530.0, 3500, 2700, 134),
(116.25017900000967, 2000, 530.0, 3500, 2700, 135),
(116.29338600000483, 2001, 530.0, 3500, 2700, 136),
(116.33894699999655, 2002, 530.0, 3500, 2700, 137),
(116.38009299999976, 2003, 530.0, 3500, 2700, 138),
(116.42384000000311, 2004, 530.0, 3500, 2700, 139),
(116.46373400000448, 2005, 530.0, 3500, 2700, 140),
(116.50543299999845, 2006, 530.0, 3500, 2700, 141),
(116.54547300000559, 2007, 530.0, 3500, 2700, 142),
(116.59505499999796, 2008, 530.0, 3500, 2700, 143),
(116.65208600000187, 2009, 530.0, 3500, 2700, 144),
(116.70027899999695, 2010, 530.0, 3500, 2700, 145),
(116.75314200000139, 2011, 530.0, 3500, 2700, 146),
(116.80101300000388, 2012, 530.0, 3500, 2700, 147),
(116.8454400000046, 2013, 530.0, 3500, 2700, 148),
(116.8832390000025, 2014, 530.0, 3500, 2700, 149),
(116.930177000002, 2015, 530.0, 3500, 2700, 150),
(116.97777700000734, 2016, 530.0, 3500, 2700, 151),
(117.02768100000685, 2017, 530.0, 3500, 2700, 152),
(117.06846999999834, 2018, 530.0, 3500, 2700, 113),
(117.12011800000619, 2019, 530.0, 3500, 2700, 114),
(117.16254099999787, 2020, 530.0, 3500, 2700, 115),
(117.20206300000427, 2021, 530.0, 3500, 2700, 116),
(117.2568120000069, 2022, 530.0, 3500, 2700, 117),
(117.32126700000663, 2023, 530.0, 3500, 2700, 118),
(117.36958199999935, 2024, 530.0, 3500, 2700, 119),
(117.4102300000086, 2025, 530.0, 3500, 2700, 120),
(117.45224600000074, 2026, 530.0, 3500, 2700, 121),
(117.49340099999972, 2027, 530.0, 3500, 2700, 122),
(117.53657100000419, 2028, 530.0, 3500, 2700, 123),
(117.57963900000323, 2029, 530.0, 3500, 2700, 124),
(117.62760400000843, 2030, 530.0, 3500, 2700, 125),
(117.67995499999961, 2031, 530.0, 3500, 2700, 126),
(117.72995599999558, 2032, 530.0, 3500, 2700, 127),
(117.77031900000293, 2033, 530.0, 3500, 2700, 128),
(117.81255200000305, 2034, 530.0, 3500, 2700, 129),
(117.85345199999574, 2035, 530.0, 3500, 2700, 130),
(117.8986819999991, 2036, 530.0, 3500, 2700, 131),
(117.94906500000798, 2037, 530.0, 3500, 2700, 132),
(117.98993199999677, 2038, 530.0, 3500, 2700, 133),
(118.03343999999925, 2039, 530.0, 3500, 2700, 134),
(118.0764199999976, 2040, 530.0, 3500, 2700, 135),
(118.12848900000972, 2041, 530.0, 3500, 2700, 136),
(118.17407799999637, 2042, 530.0, 3500, 2700, 137),
(118.21571200000471, 2043, 530.0, 3500, 2700, 138),
(118.2642940000078, 2044, 530.0, 3500, 2700, 139),
(118.30565500000375, 2045, 530.0, 3500, 2700, 140),
(118.34783199999947, 2046, 530.0, 3500, 2700, 141),
(118.38739899999928, 2047, 530.0, 3500, 2700, 142),
(118.43592299999727, 2048, 530.0, 3500, 2700, 143),
(118.47414500000014, 2049, 530.0, 3500, 2700, 144),
(118.51387599999725, 2050, 530.0, 3500, 2700, 145),
(118.55796600000758, 2051, 530.0, 3500, 2700, 146),
(118.59571300000243, 2052, 530.0, 3500, 2700, 147),
(118.63322200000403, 2053, 530.0, 3500, 2700, 148),
(118.6734390000056, 2054, 530.0, 3500, 2700, 149),
(118.7128090000042, 2055, 530.0, 3500, 2700, 150),
(118.75989100000879, 2056, 530.0, 3500, 2700, 151),
(118.80345400000806, 2057, 530.0, 3500, 2700, 152),
(118.84269700000004, 2058, 530.0, 3500, 2800, 112),
(118.88258400000632, 2059, 530.0, 3500, 2800, 113),
(118.92416700000467, 2060, 530.0, 3500, 2800, 114),
(118.96372100000735, 2061, 530.0, 3500, 2800, 115),
(119.00422200000321, 2062, 530.0, 3500, 2800, 116),
(119.0431760000065, 2063, 530.0, 3500, 2800, 117),
(119.08118900000409, 2064, 530.0, 3500, 2800, 118),
(119.11933800000406, 2065, 530.0, 3500, 2800, 119),
(119.15666400000919, 2066, 530.0, 3500, 2800, 120),
(119.19538499999908, 2067, 530.0, 3500, 2800, 121),
(119.24184499999683, 2068, 530.0, 3500, 2800, 122),
(119.28235500000301, 2069, 530.0, 3500, 2800, 123),
(119.33188700000755, 2070, 530.0, 3500, 2800, 124),
(119.37411600000632, 2071, 530.0, 3500, 2800, 125),
(119.41998700000113, 2072, 530.0, 3500, 2800, 126),
(119.46316100000695, 2073, 530.0, 3500, 2800, 127),
(119.50260300000082, 2074, 530.0, 3500, 2800, 128),
(119.54356700000062, 2075, 530.0, 3500, 2800, 129),
(119.58560900000157, 2076, 530.0, 3500, 2800, 130),
(119.63150000000314, 2077, 530.0, 3500, 2800, 131),
(119.66878100000031, 2078, 530.0, 3500, 2800, 132),
(119.7067939999979, 2079, 530.0, 3500, 2800, 133),
(119.75849500000186, 2080, 530.0, 3500, 2800, 134),
(119.79810600000201, 2081, 530.0, 3500, 2800, 135),
(119.8392540000059, 2082, 530.0, 3500, 2800, 136),
(119.87849099999585, 2083, 530.0, 3500, 2800, 137),
(119.9193030000024, 2084, 530.0, 3500, 2800, 138),
(119.95802700000058, 2085, 530.0, 3500, 2800, 139),
(119.9955270000064, 2086, 530.0, 3500, 2800, 140),
(120.03339199999755, 2087, 530.0, 3500, 2800, 141),
(120.07777000000351, 2088, 530.0, 3500, 2800, 142),
(120.12583400000585, 2089, 530.0, 3500, 2800, 143),
(120.16928200000257, 2090, 530.0, 3500, 2800, 144),
(120.21679500000027, 2091, 530.0, 3500, 2800, 145),
(120.25981800000591, 2092, 530.0, 3500, 2800, 146),
(120.30831600000965, 2093, 530.0, 3500, 2800, 147),
(120.36000200000126, 2094, 530.0, 3500, 2800, 148),
(120.405230999997, 2095, 530.0, 3500, 2800, 149),
(120.45146199999726, 2096, 530.0, 3500, 2800, 150),
(120.50880100000359, 2097, 530.0, 3500, 2800, 151),
(120.56288500000664, 2098, 530.0, 3500, 2800, 152),
(120.6135179999983, 2099, 530.0, 3500, 2800, 113),
(120.67122800000652, 2100, 530.0, 3500, 2800, 114),
(120.72075400000904, 2101, 530.0, 3500, 2800, 115),
(120.76497000000381, 2102, 530.0, 3500, 2800, 116),
(120.81592200000887, 2103, 530.0, 3500, 2800, 117),
(120.86179199999606, 2104, 530.0, 3500, 2800, 118),
(120.90448500000639, 2105, 530.0, 3500, 2800, 119),
(120.93900399999984, 2106, 530.0, 3500, 2800, 120),
(120.97324400000798, 2107, 530.0, 3500, 2800, 121),
(121.02129499999864, 2108, 530.0, 3500, 2800, 122),
(121.07065100000182, 2109, 530.0, 3500, 2800, 123),
(121.10786800000642, 2110, 530.0, 3500, 2800, 124),
(121.14514300000155, 2111, 530.0, 3500, 2800, 125),
(121.19083999999566, 2112, 530.0, 3500, 2800, 126),
(121.23237800000061, 2113, 530.0, 3500, 2800, 127),
(121.28231599999708, 2114, 530.0, 3500, 2800, 128),
(121.32552100000612, 2115, 530.0, 3500, 2800, 129),
(121.36392000000342, 2116, 530.0, 3500, 2800, 130),
(121.40093000000343, 2117, 530.0, 3500, 2800, 131),
(121.4414320000069, 2118, 530.0, 3500, 2800, 132),
(121.48715600000287, 2119, 530.0, 3500, 2800, 133),
(121.53226800000994, 2120, 530.0, 3500, 2800, 134),
(121.57806700000947, 2121, 530.0, 3500, 2800, 135),
(121.61758800000825, 2122, 530.0, 3500, 2800, 136),
(121.66709600000468, 2123, 530.0, 3500, 2800, 137),
(121.70944500000041, 2124, 530.0, 3500, 2800, 138),
(121.74822700000368, 2125, 530.0, 3500, 2800, 139),
(121.78692900000897, 2126, 530.0, 3500, 2800, 140),
(121.83020599999873, 2127, 530.0, 3500, 2800, 141),
(121.87720000000263, 2128, 530.0, 3500, 2800, 142),
(121.92334100000153, 2129, 530.0, 3500, 2800, 143),
(121.96528899999976, 2130, 530.0, 3500, 2800, 144),
(122.008805999998, 2131, 530.0, 3500, 2800, 145),
(122.05295599999954, 2132, 530.0, 3500, 2800, 146),
(122.09514600000693, 2133, 530.0, 3500, 2800, 147),
(122.13409800000954, 2134, 530.0, 3500, 2800, 148),
(122.1821040000068, 2135, 530.0, 3500, 2800, 149),
(122.22741999999562, 2136, 530.0, 3500, 2800, 150),
(122.27976600000693, 2137, 530.0, 3500, 2800, 151),
(122.33054700000503, 2138, 530.0, 3500, 2800, 152),
(122.38076000000001, 2139, 530.0, 3500, 2800, 113),
(122.43836100000772, 2140, 530.0, 3500, 2800, 114),
(122.49192500000936, 2141, 530.0, 3500, 2800, 115),
(122.5498440000083, 2142, 530.0, 3500, 2800, 116),
(122.60011900000973, 2143, 530.0, 3500, 2800, 117),
(122.64935400000832, 2144, 530.0, 3500, 2800, 118),
(122.69565100000182, 2145, 530.0, 3500, 2800, 119),
(122.74027300000307, 2146, 530.0, 3500, 2800, 120),
(122.79038400000718, 2147, 530.0, 3500, 2800, 121),
(122.84211199999845, 2148, 530.0, 3500, 2800, 122),
(122.90241500000411, 2149, 530.0, 3500, 2800, 123),
(122.94300500000827, 2150, 530.0, 3500, 2800, 124),
(122.98683100000198, 2151, 530.0, 3500, 2800, 125),
(123.03340899999603, 2152, 530.0, 3500, 2800, 126),
(123.08712999999989, 2153, 530.0, 3500, 2800, 127),
(123.14059100000304, 2154, 530.0, 3500, 2800, 128),
(123.19345000000612, 2155, 530.0, 3500, 2800, 129),
(123.24231699999655, 2156, 530.0, 3500, 2800, 130),
(123.2848820000072, 2157, 530.0, 3500, 2800, 131),
(123.33178100000077, 2158, 530.0, 3500, 2800, 132),
(123.3727729999955, 2159, 530.0, 3500, 2800, 133),
(123.41387800000666, 2160, 530.0, 3500, 2800, 134),
(123.45781100000022, 2161, 530.0, 3500, 2800, 135),
(123.49979800000438, 2162, 530.0, 3500, 2800, 136),
(123.54264900000999, 2163, 530.0, 3500, 2800, 137),
(123.58262300000933, 2164, 530.0, 3500, 2800, 138),
(123.62678200000664, 2165, 530.0, 3500, 2800, 139),
(123.67173499999626, 2166, 530.0, 3500, 2800, 140),
(123.71691699999792, 2167, 530.0, 3500, 2800, 141),
(123.76044399999955, 2168, 530.0, 3500, 2800, 142),
(123.80020300000615, 2169, 530.0, 3500, 2800, 143),
(123.84188000000722, 2170, 530.0, 3500, 2800, 144),
(123.88240400000359, 2171, 530.0, 3500, 2800, 145),
(123.92498999999953, 2172, 530.0, 3500, 2800, 146),
(123.96978600000148, 2173, 530.0, 3500, 2800, 147),
(124.00983599999745, 2174, 530.0, 3500, 2800, 148),
(124.04671399999643, 2175, 530.0, 3500, 2800, 149),
(124.0856449999992, 2176, 530.0, 3500, 2800, 150),
(124.12589100000332, 2177, 530.0, 3500, 2800, 151),
(124.17692399999942, 2178, 530.0, 3500, 2800, 152),
(124.22604999999749, 2179, 530.0, 3500, 2900, 112),
(124.28488000000652, 2180, 530.0, 3500, 2900, 113),
(124.33336800000689, 2181, 530.0, 3500, 2900, 114),
(124.37159000000975, 2182, 530.0, 3500, 2900, 115),
(124.41389199999685, 2183, 530.0, 3500, 2900, 116),
(124.46468400000595, 2184, 530.0, 3500, 2900, 117),
(124.51369900000282, 2185, 530.0, 3500, 2900, 118),
(124.55506100000639, 2186, 530.0, 3500, 2900, 119),
(124.59797299999627, 2187, 530.0, 3500, 2900, 120),
(124.65187899999728, 2188, 530.0, 3500, 2900, 121),
(124.71043099999952, 2189, 530.0, 3500, 2900, 122),
(124.75813299999572, 2190, 530.0, 3500, 2900, 123),
(124.8115620000026, 2191, 530.0, 3500, 2900, 124),
(124.85775799999828, 2192, 530.0, 3500, 2900, 125),
(124.90120100000058, 2193, 530.0, 3500, 2900, 126),
(124.94707900000503, 2194, 530.0, 3500, 2900, 127),
(124.99313699999766, 2195, 530.0, 3500, 2900, 128),
(125.03817100000742, 2196, 530.0, 3500, 2900, 129),
(125.08830899999884, 2197, 530.0, 3500, 2900, 130),
(125.14923599999747, 2198, 530.0, 3500, 2900, 131),
(125.19174799999746, 2199, 530.0, 3500, 2900, 132),
(125.24151000000711, 2200, 530.0, 3500, 2900, 133),
(125.29741800000193, 2201, 530.0, 3500, 2900, 134),
(125.34389600000577, 2202, 530.0, 3500, 2900, 135),
(125.38489300000947, 2203, 530.0, 3500, 2900, 136),
(125.42724000000453, 2204, 530.0, 3500, 2900, 137),
(125.47587999999814, 2205, 530.0, 3500, 2900, 138),
(125.51912799999991, 2206, 530.0, 3500, 2900, 139),
(125.56158100000175, 2207, 530.0, 3500, 2900, 140),
(125.60024100000737, 2208, 530.0, 3500, 2900, 141),
(125.64202900000964, 2209, 530.0, 3500, 2900, 142),
(125.69435600000725, 2210, 530.0, 3500, 2900, 143),
(125.74105100000452, 2211, 530.0, 3500, 2900, 144),
(125.79304400000547, 2212, 530.0, 3500, 2900, 145),
(125.84114099999715, 2213, 530.0, 3500, 2900, 146),
(125.87872900000366, 2214, 530.0, 3500, 2900, 147),
(125.93127300000924, 2215, 530.0, 3500, 2900, 148),
(125.9880770000018, 2216, 530.0, 3500, 2900, 149),
(126.03222999999707, 2217, 530.0, 3500, 2900, 150),
(126.07913399999961, 2218, 530.0, 3500, 2900, 151),
(126.13946000000578, 2219, 530.0, 3500, 2900, 152),
(126.18172400000913, 2220, 530.0, 3500, 2900, 113),
(126.22387499999604, 2221, 530.0, 3500, 2900, 114),
(126.26122899999609, 2222, 530.0, 3500, 2900, 115),
(126.29926600000181, 2223, 530.0, 3500, 2900, 116),
(126.33969999999681, 2224, 530.0, 3500, 2900, 117),
(126.38063300000795, 2225, 530.0, 3500, 2900, 118),
(126.43549099999655, 2226, 530.0, 3500, 2900, 119),
(126.48647899999924, 2227, 530.0, 3500, 2900, 120),
(126.53779600000416, 2228, 530.0, 3500, 2900, 121),
(126.59270500000275, 2229, 530.0, 3500, 2900, 122),
(126.64324099999794, 2230, 530.0, 3500, 2900, 123),
(126.6833270000061, 2231, 530.0, 3500, 2900, 124),
(126.72594299999764, 2232, 530.0, 3500, 2900, 125),
(126.76691700000083, 2233, 530.0, 3500, 2900, 126),
(126.81208400000469, 2234, 530.0, 3500, 2900, 127),
(126.8566140000039, 2235, 530.0, 3500, 2900, 128),
(126.90056900000491, 2236, 530.0, 3500, 2900, 129),
(126.94533699999738, 2237, 530.0, 3500, 2900, 130),
(126.98752799999784, 2238, 530.0, 3500, 2900, 131),
(127.03279800000018, 2239, 530.0, 3500, 2900, 132),
(127.08036600000923, 2240, 530.0, 3500, 2900, 133),
(127.13220000000729, 2241, 530.0, 3500, 2900, 134),
(127.19344800000545, 2242, 530.0, 3500, 2900, 135),
(127.23667199999909, 2243, 530.0, 3500, 2900, 136),
(127.29611700000532, 2244, 530.0, 3500, 2900, 137),
(127.33967899999698, 2245, 530.0, 3500, 2900, 138),
(127.38627200000337, 2246, 530.0, 3500, 2900, 139),
(127.42799999999988, 2247, 530.0, 3500, 2900, 140),
(127.46656699999585, 2248, 530.0, 3500, 2900, 141),
(127.50937500000873, 2249, 530.0, 3500, 2900, 142),
(127.5534350000089, 2250, 530.0, 3500, 2900, 143),
(127.59663899999578, 2251, 530.0, 3500, 2900, 144),
(127.63406799999939, 2252, 530.0, 3500, 2900, 145),
(127.67387100000633, 2253, 530.0, 3500, 2900, 146),
(127.71269300000858, 2254, 530.0, 3500, 2900, 147),
(127.76919800000906, 2255, 530.0, 3500, 2900, 148),
(127.80984200000239, 2256, 530.0, 3500, 2900, 149),
(127.85909100000572, 2257, 530.0, 3500, 2900, 150),
(127.89862800000992, 2258, 530.0, 3500, 2900, 151),
(127.94473200000357, 2259, 530.0, 3500, 2900, 152),
(127.98850700000185, 2260, 530.0, 3500, 2900, 113),
(128.0327810000017, 2261, 530.0, 3500, 2900, 114),
(128.09139600000344, 2262, 530.0, 3500, 2900, 115),
(128.13051600000472, 2263, 530.0, 3500, 2900, 116),
(128.18237700000464, 2264, 530.0, 3500, 2900, 117),
(128.2252700000099, 2265, 530.0, 3500, 2900, 118),
(128.2659260000073, 2266, 530.0, 3500, 2900, 119),
(128.3135040000052, 2267, 530.0, 3500, 2900, 120),
(128.35528400000476, 2268, 530.0, 3500, 2900, 121),
(128.40025099999912, 2269, 530.0, 3500, 2900, 122),
(128.44542499999807, 2270, 530.0, 3500, 2900, 123),
(128.4933020000026, 2271, 530.0, 3500, 2900, 124),
(128.54176600000937, 2272, 530.0, 3500, 2900, 125),
(128.5893389999983, 2273, 530.0, 3500, 2900, 126),
(128.63737900000706, 2274, 530.0, 3500, 2900, 127),
(128.6930330000032, 2275, 530.0, 3500, 2900, 128),
(128.74690300000657, 2276, 530.0, 3500, 2900, 129),
(128.79159500000242, 2277, 530.0, 3500, 2900, 130),
(128.83536900000763, 2278, 530.0, 3500, 2900, 131),
(128.8815440000035, 2279, 530.0, 3500, 2900, 132),
(128.9276039999968, 2280, 530.0, 3500, 2900, 133),
(128.97244800000044, 2281, 530.0, 3500, 2900, 134),
(129.02627600000415, 2282, 530.0, 3500, 2900, 135),
(129.07991300000867, 2283, 530.0, 3500, 2900, 136),
(129.13712800000212, 2284, 530.0, 3500, 2900, 137),
(129.18236900000193, 2285, 530.0, 3500, 2900, 138),
(129.2329730000056, 2286, 530.0, 3500, 2900, 139),
(129.27992800000357, 2287, 530.0, 3500, 2900, 140),
(129.32544000000053, 2288, 530.0, 3500, 2900, 141),
(129.37390700000105, 2289, 530.0, 3500, 2900, 142),
(129.42629200000374, 2290, 530.0, 3500, 2900, 143),
(129.47462500000256, 2291, 530.0, 3500, 2900, 144),
(129.52599200000986, 2292, 530.0, 3500, 2900, 145),
(129.56830199999968, 2293, 530.0, 3500, 2900, 146),
(129.62951100000646, 2294, 530.0, 3500, 2900, 147),
(129.6720190000051, 2295, 530.0, 3500, 2900, 148),
(129.72127599999658, 2296, 530.0, 3500, 2900, 149),
(129.76666400000977, 2297, 530.0, 3500, 2900, 150),
(129.8121519999986, 2298, 530.0, 3500, 2900, 151),
(129.85962099999597, 2299, 530.0, 3500, 2900, 152),
(129.92536200000905, 2300, 530.0, 3500, 3000, 112),
(129.96833000000333, 2301, 530.0, 3500, 3000, 113),
(130.01551800000016, 2302, 530.0, 3500, 3000, 114),
(130.06511799999862, 2303, 530.0, 3500, 3000, 115),
(130.11077700000897, 2304, 530.0, 3500, 3000, 116),
(130.1569460000028, 2305, 530.0, 3500, 3000, 117),
(130.20788899999752, 2306, 530.0, 3500, 3000, 118),
(130.2573240000056, 2307, 530.0, 3500, 3000, 119),
(130.31378500000574, 2308, 530.0, 3500, 3000, 120),
(130.3555090000009, 2309, 530.0, 3500, 3000, 121),
(130.4106909999973, 2310, 530.0, 3500, 3000, 122),
(130.46134399999573, 2311, 530.0, 3500, 3000, 123),
(130.50931700000365, 2312, 530.0, 3500, 3000, 124),
(130.57026100000076, 2313, 530.0, 3500, 3000, 125),
(130.61698000000615, 2314, 530.0, 3500, 3000, 126),
(130.65944099999615, 2315, 530.0, 3500, 3000, 127),
(130.71054800000275, 2316, 530.0, 3500, 3000, 128),
(130.75645000000077, 2317, 530.0, 3500, 3000, 129),
(130.80689400000847, 2318, 530.0, 3500, 3000, 130),
(130.85445400000026, 2319, 530.0, 3500, 3000, 131),
(130.90197099999932, 2320, 530.0, 3500, 3000, 132),
(130.9368400000094, 2321, 530.0, 3500, 3000, 133),
(130.97203900000022, 2322, 530.0, 3500, 3000, 134),
(131.02039499999955, 2323, 530.0, 3500, 3000, 135),
(131.06821599999967, 2324, 530.0, 3500, 3000, 136),
(131.11487400000624, 2325, 530.0, 3500, 3000, 137),
(131.15949099999852, 2326, 530.0, 3500, 3000, 138),
(131.20919300000241, 2327, 530.0, 3500, 3000, 139),
(131.25909300000058, 2328, 530.0, 3500, 3000, 140),
(131.30998499999987, 2329, 530.0, 3500, 3000, 141),
(131.36103600000206, 2330, 530.0, 3500, 3000, 142),
(131.41863100000774, 2331, 530.0, 3500, 3000, 143),
(131.464810999998, 2332, 530.0, 3500, 3000, 144),
(131.5051400000084, 2333, 530.0, 3500, 3000, 145),
(131.55120300001, 2334, 530.0, 3500, 3000, 146),
(131.60409400000935, 2335, 530.0, 3500, 3000, 147),
(131.65362800000003, 2336, 530.0, 3500, 3000, 148),
(131.70882700000948, 2337, 530.0, 3500, 3000, 149),
(131.7576490000065, 2338, 530.0, 3500, 3000, 150),
(131.81696999999986, 2339, 530.0, 3500, 3000, 151),
(131.87505899999815, 2340, 530.0, 3500, 3000, 152),
(131.9240759999957, 2341, 530.0, 3500, 3000, 113),
(131.9669270000013, 2342, 530.0, 3500, 3000, 114),
(132.00932599999942, 2343, 530.0, 3500, 3000, 115),
(132.06126400000358, 2344, 530.0, 3500, 3000, 116),
(132.1058320000011, 2345, 530.0, 3500, 3000, 117),
(132.15567799999553, 2346, 530.0, 3500, 3000, 118),
(132.2180650000082, 2347, 530.0, 3500, 3000, 119),
(132.26016099999833, 2348, 530.0, 3500, 3000, 120),
(132.31368900000234, 2349, 530.0, 3500, 3000, 121),
(132.36304100000416, 2350, 530.0, 3500, 3000, 122),
(132.40538599999854, 2351, 530.0, 3500, 3000, 123),
(132.45685899999808, 2352, 530.0, 3500, 3000, 124),
(132.50128100000438, 2353, 530.0, 3500, 3000, 125),
(132.54541200000676, 2354, 530.0, 3500, 3000, 126),
(132.592616000009, 2355, 530.0, 3500, 3000, 127),
(132.65966200000548, 2356, 530.0, 3500, 3000, 128),
(132.69528500000888, 2357, 530.0, 3500, 3000, 129),
(132.7411720000091, 2358, 530.0, 3500, 3000, 130),
(132.78395199999795, 2359, 530.0, 3500, 3000, 131),
(132.82534399999713, 2360, 530.0, 3500, 3000, 132),
(132.87049300000945, 2361, 530.0, 3500, 3000, 133),
(132.9176010000083, 2362, 530.0, 3500, 3000, 134),
(132.9603780000034, 2363, 530.0, 3500, 3000, 135),
(133.00677500000165, 2364, 530.0, 3500, 3000, 136),
(133.067418000006, 2365, 530.0, 3500, 3000, 137),
(133.11432000000787, 2366, 530.0, 3500, 3000, 138),
(133.1601340000052, 2367, 530.0, 3500, 3000, 139),
(133.20863599999575, 2368, 530.0, 3500, 3000, 140),
(133.2596210000047, 2369, 530.0, 3500, 3000, 141),
(133.31379300000845, 2370, 530.0, 3500, 3000, 142),
(133.36555499999668, 2371, 530.0, 3500, 3000, 143),
(133.40935300001001, 2372, 530.0, 3500, 3000, 144),
(133.4585400000069, 2373, 530.0, 3500, 3000, 145),
(133.51210999999603, 2374, 530.0, 3500, 3000, 146),
(133.56155100000615, 2375, 530.0, 3500, 3000, 147),
(133.61067500000354, 2376, 530.0, 3500, 3000, 148),
(133.65447999999742, 2377, 530.0, 3500, 3000, 149),
(133.7023760000011, 2378, 530.0, 3500, 3000, 150),
(133.74346300000616, 2379, 530.0, 3500, 3000, 151),
(133.7946660000016, 2380, 530.0, 3500, 3000, 152),
(133.83311500000127, 2381, 530.0, 3500, 3000, 113),
(133.881401000006, 2382, 530.0, 3500, 3000, 114),
(133.93156900000758, 2383, 530.0, 3500, 3000, 115),
(133.97281900000235, 2384, 530.0, 3500, 3000, 116),
(134.01529900000605, 2385, 530.0, 3500, 3000, 117),
(134.06085000000894, 2386, 530.0, 3500, 3000, 118),
(134.10508599999594, 2387, 530.0, 3500, 3000, 119),
(134.14872500000638, 2388, 530.0, 3500, 3000, 120),
(134.19056499999715, 2389, 530.0, 3500, 3000, 121),
(134.23424000000523, 2390, 530.0, 3500, 3000, 122),
(134.27777899999637, 2391, 530.0, 3500, 3000, 123),
(134.32256100000814, 2392, 530.0, 3500, 3000, 124),
(134.36676299999817, 2393, 530.0, 3500, 3000, 125),
(134.41534000000684, 2394, 530.0, 3500, 3000, 126),
(134.45745899999747, 2395, 530.0, 3500, 3000, 127),
(134.50146600000153, 2396, 530.0, 3500, 3000, 128),
(134.5471910000051, 2397, 530.0, 3500, 3000, 129),
(134.60359900000913, 2398, 530.0, 3500, 3000, 130),
(134.64930099999765, 2399, 530.0, 3500, 3000, 131),
(134.69549199999892, 2400, 530.0, 3500, 3000, 132),
(134.74877800000831, 2401, 530.0, 3500, 3000, 133),
(134.79385299999558, 2402, 530.0, 3500, 3000, 134),
(134.83613799999875, 2403, 530.0, 3500, 3000, 135),
(134.875263000009, 2404, 530.0, 3500, 3000, 136),
(134.91848900000332, 2405, 530.0, 3500, 3000, 137),
(134.96141400000488, 2406, 530.0, 3500, 3000, 138),
(135.00753699999768, 2407, 530.0, 3500, 3000, 139),
(135.05532600000151, 2408, 530.0, 3500, 3000, 140),
(135.09641500000726, 2409, 530.0, 3500, 3000, 141),
(135.13839200000803, 2410, 530.0, 3500, 3000, 142),
(135.19603700000152, 2411, 530.0, 3500, 3000, 143),
(135.24413400000776, 2412, 530.0, 3500, 3000, 144),
(135.29692200000864, 2413, 530.0, 3500, 3000, 145),
(135.33870700000261, 2414, 530.0, 3500, 3000, 146),
(135.3786170000094, 2415, 530.0, 3500, 3000, 147),
(135.43016299999726, 2416, 530.0, 3500, 3000, 148),
(135.4890069999965, 2417, 530.0, 3500, 3000, 149),
(135.5414560000063, 2418, 530.0, 3500, 3000, 150),
(135.5883380000014, 2419, 530.0, 3500, 3000, 151),
(135.63044599999557, 2420, 530.0, 3500, 3000, 152),
(135.6773499999981, 2421, 530.0, 3500, 3100, 112),
(135.71810800000094, 2422, 530.0, 3500, 3100, 113),
(135.7647810000053, 2423, 530.0, 3500, 3100, 114),
(135.8179369999998, 2424, 530.0, 3500, 3100, 115),
(135.8587269999989, 2425, 530.0, 3500, 3100, 116),
(135.89760900000692, 2426, 530.0, 3500, 3100, 117),
(135.93746400000236, 2427, 530.0, 3500, 3100, 118),
(135.98082900000736, 2428, 530.0, 3500, 3100, 119),
(136.02677900000708, 2429, 530.0, 3500, 3100, 120),
(136.06667800000287, 2430, 530.0, 3500, 3100, 121),
(136.1089890000003, 2431, 530.0, 3500, 3100, 122),
(136.15126700000837, 2432, 530.0, 3500, 3100, 123),
(136.19526799999585, 2433, 530.0, 3500, 3100, 124),
(136.23989700000675, 2434, 530.0, 3500, 3100, 125),
(136.28393200000573, 2435, 530.0, 3500, 3100, 126),
(136.33863700000802, 2436, 530.0, 3500, 3100, 127),
(136.39136799999687, 2437, 530.0, 3500, 3100, 128),
(136.4402859999973, 2438, 530.0, 3500, 3100, 129),
(136.4970500000054, 2439, 530.0, 3500, 3100, 130),
(136.53778800000146, 2440, 530.0, 3500, 3100, 131),
(136.59032299999672, 2441, 530.0, 3500, 3100, 132),
(136.63830600000801, 2442, 530.0, 3500, 3100, 133),
(136.67520500000683, 2443, 530.0, 3500, 3100, 134),
(136.72051400000055, 2444, 530.0, 3500, 3100, 135),
(136.7673630000063, 2445, 530.0, 3500, 3100, 136),
(136.81280200000037, 2446, 530.0, 3500, 3100, 137),
(136.86196300000302, 2447, 530.0, 3500, 3100, 138),
(136.9109230000031, 2448, 530.0, 3500, 3100, 139),
(136.9522549999965, 2449, 530.0, 3500, 3100, 140),
(137.00904699999955, 2450, 530.0, 3500, 3100, 141),
(137.0676780000067, 2451, 530.0, 3500, 3100, 142),
(137.11471799999708, 2452, 530.0, 3500, 3100, 143),
(137.16406799999822, 2453, 530.0, 3500, 3100, 144),
(137.21285900000657, 2454, 530.0, 3500, 3100, 145),
(137.2649769999989, 2455, 530.0, 3500, 3100, 146),
(137.3091209999984, 2456, 530.0, 3500, 3100, 147),
(137.35175699999672, 2457, 530.0, 3500, 3100, 148),
(137.39674900000682, 2458, 530.0, 3500, 3100, 149),
(137.43961499999568, 2459, 530.0, 3500, 3100, 150),
(137.47621400000935, 2460, 530.0, 3500, 3100, 151),
(137.53250100000878, 2461, 530.0, 3500, 3100, 152),
(137.5717069999955, 2462, 530.0, 3500, 3100, 113),
(137.61602899999707, 2463, 530.0, 3500, 3100, 114),
(137.6627609999996, 2464, 530.0, 3500, 3100, 115),
(137.7203739999968, 2465, 530.0, 3500, 3100, 116),
(137.77056699999957, 2466, 530.0, 3500, 3100, 117),
(137.8192479999998, 2467, 530.0, 3500, 3100, 118),
(137.86484799999744, 2468, 530.0, 3500, 3100, 119),
(137.92063999999664, 2469, 530.0, 3500, 3100, 120),
(137.9603400000051, 2470, 530.0, 3500, 3100, 121),
(138.00784200000635, 2471, 530.0, 3500, 3100, 122),
(138.05256500000542, 2472, 530.0, 3500, 3100, 123),
(138.10819100000663, 2473, 530.0, 3500, 3100, 124),
(138.16582000000926, 2474, 530.0, 3500, 3100, 125),
(138.21158699999796, 2475, 530.0, 3500, 3100, 126),
(138.25868900000933, 2476, 530.0, 3500, 3100, 127),
(138.31079099999624, 2477, 530.0, 3500, 3100, 128),
(138.35563700000057, 2478, 530.0, 3500, 3100, 129),
(138.40082599999732, 2479, 530.0, 3500, 3100, 130),
(138.4456080000091, 2480, 530.0, 3500, 3100, 131),
(138.49238999999943, 2481, 530.0, 3500, 3100, 132),
(138.53820900000574, 2482, 530.0, 3500, 3100, 133),
(138.59573899999668, 2483, 530.0, 3500, 3100, 134),
(138.65206300000136, 2484, 530.0, 3500, 3100, 135),
(138.70085200000904, 2485, 530.0, 3500, 3100, 136),
(138.7524950000079, 2486, 530.0, 3500, 3100, 137),
(138.7934210000094, 2487, 530.0, 3500, 3100, 138),
(138.85064600000624, 2488, 530.0, 3500, 3100, 139),
(138.90015600000334, 2489, 530.0, 3500, 3100, 140),
(138.95142199999827, 2490, 530.0, 3500, 3100, 141),
(139.00600300000224, 2491, 530.0, 3500, 3100, 142),
(139.05091200000606, 2492, 530.0, 3500, 3100, 143),
(139.09878500000923, 2493, 530.0, 3500, 3100, 144),
(139.1496710000065, 2494, 530.0, 3500, 3100, 145),
(139.20235700000194, 2495, 530.0, 3500, 3100, 146),
(139.2601910000085, 2496, 530.0, 3500, 3100, 147),
(139.3069150000083, 2497, 530.0, 3500, 3100, 148),
(139.34844699999667, 2498, 530.0, 3500, 3100, 149),
(139.40316000000166, 2499, 530.0, 3500, 3100, 150),
(139.4470350000047, 2500, 530.0, 3500, 3100, 151),
(139.49799099999655, 2501, 530.0, 3500, 3100, 152),
(139.55151699999988, 2502, 530.0, 3500, 3100, 113),
(139.60280999999668, 2503, 530.0, 3500, 3100, 114),
(139.6540079999977, 2504, 530.0, 3500, 3100, 115),
(139.70731900000828, 2505, 530.0, 3500, 3100, 116),
(139.7606999999989, 2506, 530.0, 3500, 3100, 117),
(139.81705700000748, 2507, 530.0, 3500, 3100, 118),
(139.8624470000068, 2508, 530.0, 3500, 3100, 119),
(139.9213230000023, 2509, 530.0, 3500, 3100, 120),
(139.96360400000412, 2510, 530.0, 3500, 3100, 121),
(140.01648700000078, 2511, 530.0, 3500, 3100, 122),
(140.06567399999767, 2512, 530.0, 3500, 3100, 123),
(140.1070800000016, 2513, 530.0, 3500, 3100, 124),
(140.1458330000023, 2514, 530.0, 3500, 3100, 125),
(140.18447700000252, 2515, 530.0, 3500, 3100, 126),
(140.23056399999768, 2516, 530.0, 3500, 3100, 127),
(140.27271699999983, 2517, 530.0, 3500, 3100, 128),
(140.32989500000258, 2518, 530.0, 3500, 3100, 129),
(140.37326300000132, 2519, 530.0, 3500, 3100, 130),
(140.43564999999944, 2520, 530.0, 3500, 3100, 131),
(140.48819899999944, 2521, 530.0, 3500, 3100, 132),
(140.53712500000256, 2522, 530.0, 3500, 3100, 133),
(140.57931600000302, 2523, 530.0, 3500, 3100, 134),
(140.61468400000012, 2524, 530.0, 3500, 3100, 135),
(140.6488790000003, 2525, 530.0, 3500, 3100, 136),
(140.68347899999935, 2526, 530.0, 3500, 3100, 137),
(140.71799800000736, 2527, 530.0, 3500, 3100, 138),
(140.75699900000473, 2528, 530.0, 3500, 3100, 139),
(140.8440280000068, 2529, 530.0, 3500, 3100, 140),
(140.89391500000784, 2530, 530.0, 3500, 3100, 141),
(140.94748699999764, 2531, 530.0, 3500, 3100, 142),
(141.00719400000526, 2532, 530.0, 3500, 3100, 143),
(141.05274199999985, 2533, 530.0, 3500, 3100, 144),
(141.1010249999963, 2534, 530.0, 3500, 3100, 145),
(141.14669100000174, 2535, 530.0, 3500, 3100, 146),
(141.19329900000594, 2536, 530.0, 3500, 3100, 147),
(141.24679600000673, 2537, 530.0, 3500, 3100, 148),
(141.30722400000377, 2538, 530.0, 3500, 3100, 149),
(141.36013600000297, 2539, 530.0, 3500, 3100, 150),
(141.4022330000007, 2540, 530.0, 3500, 3100, 151),
(141.44983599999978, 2541, 530.0, 3500, 3100, 152),
(141.4903420000046, 2542, 530.0, 3500, 3200, 112),
(141.54239200000302, 2543, 530.0, 3500, 3200, 113),
(141.59163500000432, 2544, 530.0, 3500, 3200, 114),
(141.6402620000008, 2545, 530.0, 3500, 3200, 115),
(141.68305500000133, 2546, 530.0, 3500, 3200, 116),
(141.73959900000773, 2547, 530.0, 3500, 3200, 117),
(141.79205099999672, 2548, 530.0, 3500, 3200, 118),
(141.84748799999943, 2549, 530.0, 3500, 3200, 119),
(141.88740999999573, 2550, 530.0, 3500, 3200, 120),
(141.92953799999668, 2551, 530.0, 3500, 3200, 121),
(141.97786199999973, 2552, 530.0, 3500, 3200, 122),
(142.0368529999978, 2553, 530.0, 3500, 3200, 123),
(142.08939200000896, 2554, 530.0, 3500, 3200, 124),
(142.13454700000875, 2555, 530.0, 3500, 3200, 125),
(142.18606400000863, 2556, 530.0, 3500, 3200, 126),
(142.23595699999714, 2557, 530.0, 3500, 3200, 127),
(142.28693800000474, 2558, 530.0, 3500, 3200, 128),
(142.33360100000573, 2559, 530.0, 3500, 3200, 129),
(142.3802880000003, 2560, 530.0, 3500, 3200, 130),
(142.4272889999993, 2561, 530.0, 3500, 3200, 131),
(142.47175799999968, 2562, 530.0, 3500, 3200, 132),
(142.51420099999814, 2563, 530.0, 3500, 3200, 133),
(142.55785500000638, 2564, 530.0, 3500, 3200, 134),
(142.60424899999634, 2565, 530.0, 3500, 3200, 135),
(142.64818400000513, 2566, 530.0, 3500, 3200, 136),
(142.70243800000753, 2567, 530.0, 3500, 3200, 137),
(142.75741299999936, 2568, 530.0, 3500, 3200, 138),
(142.82175400000415, 2569, 530.0, 3500, 3200, 139),
(142.87176900000486, 2570, 530.0, 3500, 3200, 140),
(142.92417700000806, 2571, 530.0, 3500, 3200, 141),
(142.96537800000806, 2572, 530.0, 3500, 3200, 142),
(143.01901800000633, 2573, 530.0, 3500, 3200, 143),
(143.07198400000925, 2574, 530.0, 3500, 3200, 144),
(143.11788200000592, 2575, 530.0, 3500, 3200, 145),
(143.16614699999627, 2576, 530.0, 3500, 3200, 146),
(143.2139460000035, 2577, 530.0, 3500, 3200, 147),
(143.25308100000257, 2578, 530.0, 3500, 3200, 148),
(143.29816700000083, 2579, 530.0, 3500, 3200, 149),
(143.35273199999938, 2580, 530.0, 3500, 3200, 150),
(143.4043309999979, 2581, 530.0, 3500, 3200, 151),
(143.4520210000046, 2582, 530.0, 3500, 3200, 152),
(143.50355300000228, 2583, 530.0, 3500, 3200, 113),
(143.5475129999977, 2584, 530.0, 3500, 3200, 114),
(143.59302500000922, 2585, 530.0, 3500, 3200, 115),
(143.63636099999712, 2586, 530.0, 3500, 3200, 116),
(143.68412700000044, 2587, 530.0, 3500, 3200, 117),
(143.72888100000273, 2588, 530.0, 3500, 3200, 118),
(143.77725400000054, 2589, 530.0, 3500, 3200, 119),
(143.84477900000638, 2590, 530.0, 3500, 3200, 120),
(143.8832229999971, 2591, 530.0, 3500, 3200, 121),
(143.9301470000064, 2592, 530.0, 3500, 3200, 122),
(143.99045500000648, 2593, 530.0, 3500, 3200, 123),
(144.05208599999605, 2594, 530.0, 3500, 3200, 124),
(144.1114210000087, 2595, 530.0, 3500, 3200, 125),
(144.16261200000008, 2596, 530.0, 3500, 3200, 126),
(144.20367600000463, 2597, 530.0, 3500, 3200, 127),
(144.25292400000035, 2598, 530.0, 3500, 3200, 128),
(144.2929290000029, 2599, 530.0, 3500, 3200, 129),
(144.3435640000098, 2600, 530.0, 3500, 3200, 130),
(144.39533400000073, 2601, 530.0, 3500, 3200, 131),
(144.44714000000386, 2602, 530.0, 3500, 3200, 132),
(144.48980799999845, 2603, 530.0, 3500, 3200, 133),
(144.53795500000706, 2604, 530.0, 3500, 3200, 134),
(144.59047599999758, 2605, 530.0, 3500, 3200, 135),
(144.6432630000054, 2606, 530.0, 3500, 3200, 136),
(144.68996600000537, 2607, 530.0, 3500, 3200, 137),
(144.7423770000023, 2608, 530.0, 3500, 3200, 138),
(144.7847780000011, 2609, 530.0, 3500, 3200, 139),
(144.8270610000036, 2610, 530.0, 3500, 3200, 140),
(144.8670540000021, 2611, 530.0, 3500, 3200, 141),
(144.91446400000132, 2612, 530.0, 3500, 3200, 142),
(144.95561299999827, 2613, 530.0, 3500, 3200, 143),
(144.99515200000315, 2614, 530.0, 3500, 3200, 144),
(145.03289800000493, 2615, 530.0, 3500, 3200, 145),
(145.0779290000064, 2616, 530.0, 3500, 3200, 146),
(145.13237800000934, 2617, 530.0, 3500, 3200, 147),
(145.17963900000905, 2618, 530.0, 3500, 3200, 148),
(145.23675199999707, 2619, 530.0, 3500, 3200, 149),
(145.2858039999992, 2620, 530.0, 3500, 3200, 150),
(145.33550100000866, 2621, 530.0, 3500, 3200, 151),
(145.38886300000013, 2622, 530.0, 3500, 3200, 152),
(145.44817499999772, 2623, 530.0, 3500, 3200, 113),
(145.48890100000426, 2624, 530.0, 3500, 3200, 114),
(145.54054600000381, 2625, 530.0, 3500, 3200, 115),
(145.58612900000298, 2626, 530.0, 3500, 3200, 116),
(145.63900399999693, 2627, 530.0, 3500, 3200, 117),
(145.68970400000399, 2628, 530.0, 3500, 3200, 118),
(145.73375900000974, 2629, 530.0, 3500, 3200, 119),
(145.77905199999805, 2630, 530.0, 3500, 3200, 120),
(145.82456500000262, 2631, 530.0, 3500, 3200, 121),
(145.87448500000755, 2632, 530.0, 3500, 3200, 122),
(145.91540600000008, 2633, 530.0, 3500, 3200, 123),
(145.9631650000083, 2634, 530.0, 3500, 3200, 124),
(146.00615300000936, 2635, 530.0, 3500, 3200, 125),
(146.06149000000732, 2636, 530.0, 3500, 3200, 126),
(146.1035600000032, 2637, 530.0, 3500, 3200, 127),
(146.14504800000577, 2638, 530.0, 3500, 3200, 128),
(146.1897570000001, 2639, 530.0, 3500, 3200, 129),
(146.23238000000129, 2640, 530.0, 3500, 3200, 130),
(146.28622900000482, 2641, 530.0, 3500, 3200, 131),
(146.33180600000196, 2642, 530.0, 3500, 3200, 132),
(146.3732020000025, 2643, 530.0, 3500, 3200, 133),
(146.42178499999864, 2644, 530.0, 3500, 3200, 134),
(146.4735500000097, 2645, 530.0, 3500, 3200, 135),
(146.51787199999671, 2646, 530.0, 3500, 3200, 136),
(146.56880300000194, 2647, 530.0, 3500, 3200, 137),
(146.60705900000175, 2648, 530.0, 3500, 3200, 138),
(146.6573389999976, 2649, 530.0, 3500, 3200, 139),
(146.699265999996, 2650, 530.0, 3500, 3200, 140),
(146.7435320000077, 2651, 530.0, 3500, 3200, 141),
(146.78749000000244, 2652, 530.0, 3500, 3200, 142),
(146.83355599999777, 2653, 530.0, 3500, 3200, 143),
(146.88233200000832, 2654, 530.0, 3500, 3200, 144),
(146.9257840000064, 2655, 530.0, 3500, 3200, 145),
(146.96935700000904, 2656, 530.0, 3500, 3200, 146),
(147.0196980000037, 2657, 530.0, 3500, 3200, 147),
(147.0665180000069, 2658, 530.0, 3500, 3200, 148),
(147.1085549999989, 2659, 530.0, 3500, 3200, 149),
(147.15238600000157, 2660, 530.0, 3500, 3200, 150),
(147.20041400000628, 2661, 530.0, 3500, 3200, 151),
(147.25363300000026, 2662, 530.0, 3500, 3200, 152),
(147.29764299999806, 2663, 530.0, 3900, 2000, 112),
(147.34973100000934, 2664, 530.0, 3900, 2000, 113),
(147.39792200000375, 2665, 530.0, 3900, 2000, 114),
(147.44791600000462, 2666, 530.0, 3900, 2000, 115),
(147.49537099999725, 2667, 530.0, 3900, 2000, 116),
(147.5473570000031, 2668, 530.0, 3900, 2000, 117),
(147.5952510000061, 2669, 530.0, 3900, 2000, 118),
(147.64203600000474, 2670, 530.0, 3900, 2000, 119),
(147.6818750000093, 2671, 530.0, 3900, 2000, 120),
(147.72000499999558, 2672, 530.0, 3900, 2000, 121),
(147.76751800000784, 2673, 530.0, 3900, 2000, 122),
(147.82587200000125, 2674, 530.0, 3900, 2000, 123),
(147.87882500000705, 2675, 530.0, 3900, 2000, 124),
(147.92897000000812, 2676, 530.0, 3900, 2000, 125),
(147.97593500000949, 2677, 530.0, 3900, 2000, 126),
(148.0259800000058, 2678, 530.0, 3900, 2000, 127),
(148.06766400000197, 2679, 530.0, 3900, 2000, 128),
(148.1083179999987, 2680, 530.0, 3900, 2000, 129),
(148.16166599999997, 2681, 530.0, 3900, 2000, 130),
(148.21103800000856, 2682, 530.0, 3900, 2000, 131),
(148.26563200000965, 2683, 530.0, 3900, 2000, 132),
(148.32795600000827, 2684, 530.0, 3900, 2000, 133),
(148.3695250000019, 2685, 530.0, 3900, 2000, 134),
(148.41334199999983, 2686, 530.0, 3900, 2000, 135),
(148.45915799999784, 2687, 530.0, 3900, 2000, 136),
(148.50669500000367, 2688, 530.0, 3900, 2000, 137),
(148.55823900000541, 2689, 530.0, 3900, 2000, 138),
(148.60787600000913, 2690, 530.0, 3900, 2000, 139),
(148.65587100000994, 2691, 530.0, 3900, 2000, 140),
(148.71296400000574, 2692, 530.0, 3900, 2000, 141),
(148.76587400000426, 2693, 530.0, 3900, 2000, 142),
(148.8160809999972, 2694, 530.0, 3900, 2000, 143),
(148.86214800000016, 2695, 530.0, 3900, 2000, 144),
(148.91272700000263, 2696, 530.0, 3900, 2000, 145),
(148.95884900000237, 2697, 530.0, 3900, 2000, 146),
(149.00260900000285, 2698, 530.0, 3900, 2000, 147),
(149.04662799999642, 2699, 530.0, 3900, 2000, 148),
(149.10068299999693, 2700, 530.0, 3900, 2000, 149),
(149.14856300000974, 2701, 530.0, 3900, 2000, 150),
(149.197868999996, 2702, 530.0, 3900, 2000, 151),
(149.24856800000998, 2703, 530.0, 3900, 2000, 152),
(149.30108699999982, 2704, 530.0, 3900, 2000, 113),
(149.34776499999862, 2705, 530.0, 3900, 2000, 114),
(149.38895000000775, 2706, 530.0, 3900, 2000, 115),
(149.43861599999946, 2707, 530.0, 3900, 2000, 116),
(149.49741500000528, 2708, 530.0, 3900, 2000, 117),
(149.54840200000035, 2709, 530.0, 3900, 2000, 118),
(149.60050000000047, 2710, 530.0, 3900, 2000, 119),
(149.65077700000256, 2711, 530.0, 3900, 2000, 120),
(149.69490299999597, 2712, 530.0, 3900, 2000, 121),
(149.74246200000925, 2713, 530.0, 3900, 2000, 122),
(149.79375700000674, 2714, 530.0, 3900, 2000, 123),
(149.8492380000098, 2715, 530.0, 3900, 2000, 124),
(149.90273800000432, 2716, 530.0, 3900, 2000, 125),
(149.94375700000091, 2717, 530.0, 3900, 2000, 126),
(149.9826699999976, 2718, 530.0, 3900, 2000, 127),
(150.04115099999763, 2719, 530.0, 3900, 2000, 128),
(150.09004199999617, 2720, 530.0, 3900, 2000, 129),
(150.1334230000066, 2721, 530.0, 3900, 2000, 130),
(150.18292500000098, 2722, 530.0, 3900, 2000, 131),
(150.22611800000595, 2723, 530.0, 3900, 2000, 132),
(150.27606299999752, 2724, 530.0, 3900, 2000, 133),
(150.31950599999982, 2725, 530.0, 3900, 2000, 134),
(150.36111399999936, 2726, 530.0, 3900, 2000, 135),
(150.40507400000934, 2727, 530.0, 3900, 2000, 136),
(150.44941200000176, 2728, 530.0, 3900, 2000, 137),
(150.49849600000016, 2729, 530.0, 3900, 2000, 138),
(150.55083900000318, 2730, 530.0, 3900, 2000, 139),
(150.60645600000862, 2731, 530.0, 3900, 2000, 140),
(150.65299600000435, 2732, 530.0, 3900, 2000, 141),
(150.68768400000408, 2733, 530.0, 3900, 2000, 142),
(150.72563000000082, 2734, 530.0, 3900, 2000, 143),
(150.76717600000848, 2735, 530.0, 3900, 2000, 144),
(150.81271600000036, 2736, 530.0, 3900, 2000, 145),
(150.86189300000842, 2737, 530.0, 3900, 2000, 146),
(150.90967799999635, 2738, 530.0, 3900, 2000, 147),
(150.957831000007, 2739, 530.0, 3900, 2000, 148),
(151.01134599999932, 2740, 530.0, 3900, 2000, 149),
(151.05778400000418, 2741, 530.0, 3900, 2000, 150),
(151.10871699999552, 2742, 530.0, 3900, 2000, 151),
(151.15343800000846, 2743, 530.0, 3900, 2000, 152),
(151.1929400000081, 2744, 530.0, 3900, 2000, 113),
(151.23985900000844, 2745, 530.0, 3900, 2000, 114),
(151.27999000001, 2746, 530.0, 3900, 2000, 115),
(151.3222090000054, 2747, 530.0, 3900, 2000, 116),
(151.3715690000099, 2748, 530.0, 3900, 2000, 117),
(151.41754500000388, 2749, 530.0, 3900, 2000, 118),
(151.45862000000488, 2750, 530.0, 3900, 2000, 119),
(151.5007740000001, 2751, 530.0, 3900, 2000, 120),
(151.55415199999698, 2752, 530.0, 3900, 2000, 121),
(151.60565900000802, 2753, 530.0, 3900, 2000, 122),
(151.6571810000023, 2754, 530.0, 3900, 2000, 123),
(151.70787100000598, 2755, 530.0, 3900, 2000, 124),
(151.76228999999876, 2756, 530.0, 3900, 2000, 125),
(151.8162719999964, 2757, 530.0, 3900, 2000, 126),
(151.85697300000174, 2758, 530.0, 3900, 2000, 127),
(151.90116400000989, 2759, 530.0, 3900, 2000, 128),
(151.9404530000029, 2760, 530.0, 3900, 2000, 129),
(152.00051100000564, 2761, 530.0, 3900, 2000, 130),
(152.04743200000667, 2762, 530.0, 3900, 2000, 131),
(152.09237500000745, 2763, 530.0, 3900, 2000, 132),
(152.1413739999989, 2764, 530.0, 3900, 2000, 133),
(152.19149700000708, 2765, 530.0, 3900, 2000, 134),
(152.2487700000056, 2766, 530.0, 3900, 2000, 135),
(152.299165000004, 2767, 530.0, 3900, 2000, 136),
(152.35033699999622, 2768, 530.0, 3900, 2000, 137),
(152.40239299999666, 2769, 530.0, 3900, 2000, 138),
(152.44642600000952, 2770, 530.0, 3900, 2000, 139),
(152.48716600000625, 2771, 530.0, 3900, 2000, 140),
(152.5381500000076, 2772, 530.0, 3900, 2000, 141),
(152.59405900001002, 2773, 530.0, 3900, 2000, 142),
(152.64251800000784, 2774, 530.0, 3900, 2000, 143),
(152.68881999999576, 2775, 530.0, 3900, 2000, 144),
(152.7345040000073, 2776, 530.0, 3900, 2000, 145),
(152.7902929999982, 2777, 530.0, 3900, 2000, 146),
(152.83646600000793, 2778, 530.0, 3900, 2000, 147),
(152.8867339999997, 2779, 530.0, 3900, 2000, 148),
(152.9359850000037, 2780, 530.0, 3900, 2000, 149),
(152.98511000000872, 2781, 530.0, 3900, 2000, 150),
(153.03028600000835, 2782, 530.0, 3900, 2000, 151),
(153.08075000000827, 2783, 530.0, 3900, 2000, 152),
(153.13300300000992, 2784, 527.0, 3900, 2400, 112),
(153.24845900000946, 2786, 527.0, 3900, 2400, 114),
(153.3687329999957, 2788, 530.0, 3900, 2400, 116),
(153.48554100000183, 2790, 530.0, 3900, 2400, 118),
(153.53567700000713, 2791, 529.0, 3900, 2400, 119),
(153.58473899999808, 2792, 530.0, 3900, 2400, 120),
(153.70081000000937, 2794, 530.0, 3900, 2400, 122),
(153.80591500000446, 2796, 530.0, 3900, 2400, 124),
(153.93934500000614, 2798, 527.0, 3900, 2400, 126),
(154.0568590000039, 2800, 527.0, 3900, 2400, 128),
(154.18665200000396, 2802, 530.0, 3900, 2400, 130),
(154.29652099999657, 2804, 530.0, 3900, 2400, 132),
(154.41044500000135, 2806, 530.0, 3900, 2400, 134),
(154.45118499999808, 2807, 282.0, 3900, 2400, 135),
(154.49614499999734, 2808, 530.0, 3900, 2400, 136),
(154.55032000000938, 2809, 282.0, 3900, 2400, 137),
(154.60753900000418, 2810, 595.0, 3900, 2400, 138),
(154.7307870000077, 2812, 595.0, 3900, 2400, 140),
(154.8426130000007, 2814, 530.0, 3900, 2400, 142),
(154.88851299999806, 2815, 589.0, 3900, 2400, 143),
(154.93695099999604, 2816, 530.0, 3900, 2400, 144),
(154.97780900000362, 2817, 589.0, 3900, 2400, 145),
(155.02916299999924, 2818, 530.0, 3900, 2400, 146),
(155.07292000000598, 2819, 282.0, 3900, 2400, 147),
(155.11903899999743, 2820, 282.0, 3900, 2400, 148),
(155.22909599999548, 2822, 282.0, 3900, 2400, 150),
(155.35194300000148, 2824, 592.0, 3900, 2400, 152),
(155.4874920000002, 2826, 527.0, 3900, 2400, 114),
(155.61627800000133, 2828, 530.0, 3900, 2400, 116),
(155.7268960000074, 2830, 530.0, 3900, 2400, 118),
(155.77208700000483, 2831, 529.0, 3900, 2400, 119),
(155.81676000000152, 2832, 530.0, 3900, 2400, 120),
(155.93702500000654, 2834, 530.0, 3900, 2400, 122),
(156.0539010000066, 2836, 530.0, 3900, 2400, 124),
(156.1742830000003, 2838, 527.0, 3900, 2400, 126),
(156.2779620000074, 2840, 527.0, 3900, 2400, 128),
(156.38870300000417, 2842, 530.0, 3900, 2400, 130),
(156.49676100000215, 2844, 530.0, 3900, 2400, 132),
(156.6003800000035, 2846, 530.0, 3900, 2400, 134),
(156.6447210000042, 2847, 282.0, 3900, 2400, 135),
(156.6824900000065, 2848, 530.0, 3900, 2400, 136),
(156.7224900000001, 2849, 282.0, 3900, 2400, 137),
(156.77006199999596, 2850, 595.0, 3900, 2400, 138),
(156.8807289999968, 2852, 595.0, 3900, 2400, 140),
(157.00144300000102, 2854, 530.0, 3900, 2400, 142),
(157.05277999999817, 2855, 589.0, 3900, 2400, 143),
(157.10694900000817, 2856, 530.0, 3900, 2400, 144),
(157.15550000000803, 2857, 589.0, 3900, 2400, 145),
(157.20057300000917, 2858, 530.0, 3900, 2400, 146),
(157.2529119999963, 2859, 282.0, 3900, 2400, 147),
(157.30757699999958, 2860, 282.0, 3900, 2400, 148),
(157.42156200000318, 2862, 282.0, 3900, 2400, 150),
(157.5309830000042, 2864, 592.0, 3900, 2400, 152),
(157.632196999999, 2866, 527.0, 3900, 2400, 114),
(157.72857900000236, 2868, 530.0, 3900, 2400, 116),
(157.8533779999998, 2870, 530.0, 3900, 2400, 118),
(157.91644300000917, 2871, 529.0, 3900, 2400, 119),
(157.95931500000006, 2872, 530.0, 3900, 2400, 120),
(158.08084399999643, 2874, 530.0, 3900, 2400, 122),
(158.188433000003, 2876, 530.0, 3900, 2400, 124),
(158.3090830000001, 2878, 527.0, 3900, 2400, 126),
(158.42013500000758, 2880, 527.0, 3900, 2400, 128),
(158.51698800000304, 2882, 530.0, 3900, 2400, 130),
(158.62541000000783, 2884, 530.0, 3900, 2400, 132),
(158.7364729999972, 2886, 530.0, 3900, 2400, 134),
(158.7864760000084, 2887, 282.0, 3900, 2400, 135),
(158.83753299999807, 2888, 530.0, 3900, 2400, 136),
(158.89112700000987, 2889, 282.0, 3900, 2400, 137),
(158.95125199999893, 2890, 595.0, 3900, 2400, 138),
(159.06650400000217, 2892, 595.0, 3900, 2400, 140),
(159.19148999999743, 2894, 530.0, 3900, 2400, 142),
(159.2382959999959, 2895, 589.0, 3900, 2400, 143),
(159.29948600000353, 2896, 530.0, 3900, 2400, 144),
(159.3492130000086, 2897, 589.0, 3900, 2400, 145),
(159.39929400000256, 2898, 530.0, 3900, 2400, 146),
(159.45944500000041, 2899, 282.0, 3900, 2400, 147),
(159.51040199999989, 2900, 282.0, 3900, 2400, 148),
(159.63094600000477, 2902, 282.0, 3900, 2400, 150),
(159.7477690000087, 2904, 592.0, 3900, 2400, 152),
(159.7922499999986, 2905, 527.0, 3900, 2800, 112),
(159.91659799999616, 2907, 527.0, 3900, 2800, 114),
(160.03071400000772, 2909, 530.0, 3900, 2800, 116),
(160.1482079999987, 2911, 530.0, 3900, 2800, 118),
(160.19537200000195, 2912, 529.0, 3900, 2800, 119),
(160.2457529999956, 2913, 530.0, 3900, 2800, 120),
(160.359123000002, 2915, 530.0, 3900, 2800, 122),
(160.47281300000031, 2917, 530.0, 3900, 2800, 124),
(160.5948849999986, 2919, 527.0, 3900, 2800, 126),
(160.69923800000106, 2921, 527.0, 3900, 2800, 128),
(160.8054540000012, 2923, 530.0, 3900, 2800, 130),
(160.9119900000078, 2925, 530.0, 3900, 2800, 132),
(161.02272500000254, 2927, 530.0, 3900, 2800, 134),
(161.06177800000296, 2928, 282.0, 3900, 2800, 135),
(161.10984699999972, 2929, 530.0, 3900, 2800, 136),
(161.15479600000253, 2930, 282.0, 3900, 2800, 137),
(161.2093670000031, 2931, 595.0, 3900, 2800, 138),
(161.2641319999966, 2932, 595.0, 3900, 2800, 139),
(169.5624000000098, 2935, 530.0, 3900, 2800, 142),
(169.6011920000019, 2936, 589.0, 3900, 2800, 143),
(169.64270399999805, 2937, 530.0, 3900, 2800, 144),
(169.68133500000113, 2938, 589.0, 3900, 2800, 145),
(169.72285700000066, 2939, 530.0, 3900, 2800, 146),
(169.76435500000662, 2940, 282.0, 3900, 2800, 147),
(169.8092830000096, 2941, 282.0, 3900, 2800, 148),
(169.9228230000008, 2943, 282.0, 3900, 2800, 150),
(170.02572099999816, 2945, 592.0, 3900, 2800, 152),
(170.12858899999992, 2947, 527.0, 3900, 2800, 114),
(170.24323600000935, 2949, 530.0, 3900, 2800, 116),
(170.3503090000013, 2951, 530.0, 3900, 2800, 118),
(170.39704599999823, 2952, 529.0, 3900, 2800, 119),
(170.44484300000477, 2953, 530.0, 3900, 2800, 120),
(170.55501500000537, 2955, 530.0, 3900, 2800, 122),
(170.65945700000157, 2957, 530.0, 3900, 2800, 124),
(170.758514000001, 2959, 527.0, 3900, 2800, 126),
(170.90978400000313, 2961, 527.0, 3900, 2800, 128),
(171.0412639999995, 2963, 530.0, 3900, 2800, 130),
(171.14190200000303, 2965, 530.0, 3900, 2800, 132),
(171.24553300000844, 2967, 530.0, 3900, 2800, 134),
(171.28957599999558, 2968, 282.0, 3900, 2800, 135),
(171.32805100000405, 2969, 530.0, 3900, 2800, 136),
(171.36704500000633, 2970, 282.0, 3900, 2800, 137),
(171.40926100000797, 2971, 595.0, 3900, 2800, 138),
(171.52422400000796, 2973, 595.0, 3900, 2800, 140),
(171.6321089999983, 2975, 530.0, 3900, 2800, 142),
(171.68091199999617, 2976, 589.0, 3900, 2800, 143),
(171.73425500000303, 2977, 530.0, 3900, 2800, 144),
(171.78713399999833, 2978, 589.0, 3900, 2800, 145),
(171.837194000007, 2979, 530.0, 3900, 2800, 146),
(171.88592100000824, 2980, 282.0, 3900, 2800, 147),
(171.933600999997, 2981, 282.0, 3900, 2800, 148),
(172.06270100000256, 2983, 282.0, 3900, 2800, 150),
(172.17826200000127, 2985, 592.0, 3900, 2800, 152),
(172.28070400000433, 2987, 527.0, 3900, 2800, 114),
(172.4160520000005, 2989, 530.0, 3900, 2800, 116),
(172.56139899999835, 2991, 530.0, 3900, 2800, 118),
(172.6015699999989, 2992, 529.0, 3900, 2800, 119),
(172.6719230000017, 2993, 530.0, 3900, 2800, 120),
(172.78214599999774, 2995, 530.0, 3900, 2800, 122),
(172.88734100000875, 2997, 530.0, 3900, 2800, 124),
(173.00751799999853, 2999, 527.0, 3900, 2800, 126),
(173.1266570000007, 3001, 527.0, 3900, 2800, 128),
(173.23034500000358, 3003, 530.0, 3900, 2800, 130),
(173.35802700000932, 3005, 530.0, 3900, 2800, 132),
(173.45017999999982, 3007, 530.0, 3900, 2800, 134),
(173.49681399999827, 3008, 282.0, 3900, 2800, 135),
(173.54139100000612, 3009, 530.0, 3900, 2800, 136),
(173.58677900000475, 3010, 282.0, 3900, 2800, 137),
(173.64246800000547, 3011, 595.0, 3900, 2800, 138),
(173.74914899999567, 3013, 595.0, 3900, 2800, 140),
(173.86834500000987, 3015, 530.0, 3900, 2800, 142),
(173.91303100000368, 3016, 589.0, 3900, 2800, 143),
(173.96164300000237, 3017, 530.0, 3900, 2800, 144),
(174.02216799999587, 3018, 589.0, 3900, 2800, 145),
(174.07226400000218, 3019, 530.0, 3900, 2800, 146),
(174.12320499999623, 3020, 282.0, 3900, 2800, 147),
(174.16551700000127, 3021, 282.0, 3900, 2800, 148),
(174.31028000000515, 3023, 282.0, 3900, 2800, 150),
(174.42972700000973, 3025, 592.0, 3900, 2800, 152),
(174.48014800000237, 3026, 530.0, 3900, 3200, 112),
(174.5369500000088, 3027, 530.0, 3900, 3200, 113),
(174.59273800000665, 3028, 530.0, 3900, 3200, 114),
(174.63932699999714, 3029, 530.0, 3900, 3200, 115),
(174.68163099999947, 3030, 530.0, 3900, 3200, 116),
(174.7236780000094, 3031, 530.0, 3900, 3200, 117),
(174.76726100000087, 3032, 530.0, 3900, 3200, 118),
(174.8109720000066, 3033, 530.0, 3900, 3200, 119),
(174.8516990000062, 3034, 530.0, 3900, 3200, 120),
(174.89892099999997, 3035, 530.0, 3900, 3200, 121),
(174.9405620000034, 3036, 530.0, 3900, 3200, 122),
(174.99037700000918, 3037, 530.0, 3900, 3200, 123),
(175.0443030000024, 3038, 530.0, 3900, 3200, 124),
(175.09872500000347, 3039, 530.0, 3900, 3200, 125),
(175.14223800000036, 3040, 530.0, 3900, 3200, 126),
(175.18887100000575, 3041, 530.0, 3900, 3200, 127),
(175.23240200000873, 3042, 530.0, 3900, 3200, 128),
(175.269736000002, 3043, 530.0, 3900, 3200, 129),
(175.31631100000232, 3044, 530.0, 3900, 3200, 130),
(175.3607580000098, 3045, 530.0, 3900, 3200, 131),
(175.40385800000513, 3046, 530.0, 3900, 3200, 132),
(175.44667600000685, 3047, 530.0, 3900, 3200, 133),
(175.48631900000328, 3048, 530.0, 3900, 3200, 134),
(175.53148900000087, 3049, 530.0, 3900, 3200, 135),
(175.57753599999705, 3050, 530.0, 3900, 3200, 136),
(175.61975600000005, 3051, 530.0, 3900, 3200, 137),
(175.66353400000662, 3052, 530.0, 3900, 3200, 138),
(175.70607500000915, 3053, 530.0, 3900, 3200, 139),
(175.7477130000043, 3054, 530.0, 3900, 3200, 140),
(175.79970600000524, 3055, 530.0, 3900, 3200, 141),
(175.8541910000058, 3056, 530.0, 3900, 3200, 142),
(175.908540000004, 3057, 530.0, 3900, 3200, 143),
(175.95383100000618, 3058, 530.0, 3900, 3200, 144),
(176.01071600000432, 3059, 530.0, 3900, 3200, 145),
(176.06866699999955, 3060, 530.0, 3900, 3200, 146),
(176.11297499999637, 3061, 530.0, 3900, 3200, 147),
(176.16240200000175, 3062, 530.0, 3900, 3200, 148),
(176.2119640000019, 3063, 530.0, 3900, 3200, 149),
(176.26050099999702, 3064, 530.0, 3900, 3200, 150),
(176.3130300000048, 3065, 530.0, 3900, 3200, 151),
(176.35420600000361, 3066, 530.0, 3900, 3200, 152),
(176.40756700000202, 3067, 530.0, 3900, 3200, 113),
(176.45656299999973, 3068, 530.0, 3900, 3200, 114),
(176.50836700000218, 3069, 530.0, 3900, 3200, 115),
(176.5595570000005, 3070, 530.0, 3900, 3200, 116),
(176.61662400000205, 3071, 530.0, 3900, 3200, 117),
(176.67029100000218, 3072, 530.0, 3900, 3200, 118),
(176.72592799999984, 3073, 530.0, 3900, 3200, 119),
(176.7730140000058, 3074, 530.0, 3900, 3200, 120),
(176.82049900000857, 3075, 530.0, 3900, 3200, 121),
(176.8682550000085, 3076, 530.0, 3900, 3200, 122),
(176.91703599999892, 3077, 530.0, 3900, 3200, 123),
(176.9658550000022, 3078, 530.0, 3900, 3200, 124),
(177.00661300000502, 3079, 530.0, 3900, 3200, 125),
(177.04973800000153, 3080, 530.0, 3900, 3200, 126),
(177.1012950000004, 3081, 530.0, 3900, 3200, 127),
(177.14227799999935, 3082, 530.0, 3900, 3200, 128),
(177.18976100000145, 3083, 530.0, 3900, 3200, 129),
(177.2324329999974, 3084, 530.0, 3900, 3200, 130),
(177.27364600000146, 3085, 530.0, 3900, 3200, 131),
(177.31914700000198, 3086, 530.0, 3900, 3200, 132),
(177.37163500000315, 3087, 530.0, 3900, 3200, 133),
(177.42281200000434, 3088, 530.0, 3900, 3200, 134),
(177.46480100000917, 3089, 530.0, 3900, 3200, 135),
(177.51982200000202, 3090, 530.0, 3900, 3200, 136),
(177.57834999999614, 3091, 530.0, 3900, 3200, 137),
(177.62254199999734, 3092, 530.0, 3900, 3200, 138),
(177.67270700000518, 3093, 530.0, 3900, 3200, 139),
(177.71806300000753, 3094, 530.0, 3900, 3200, 140),
(177.7762389999989, 3095, 530.0, 3900, 3200, 141),
(177.83084999999846, 3096, 530.0, 3900, 3200, 142),
(177.87504600000102, 3097, 530.0, 3900, 3200, 143),
(177.91870000000927, 3098, 530.0, 3900, 3200, 144),
(177.95907300000545, 3099, 530.0, 3900, 3200, 145),
(178.00491299999703, 3100, 530.0, 3900, 3200, 146),
(178.06536200000846, 3101, 530.0, 3900, 3200, 147),
(178.12708200000634, 3102, 530.0, 3900, 3200, 148),
(178.16614899999695, 3103, 530.0, 3900, 3200, 149),
(178.21396000000823, 3104, 530.0, 3900, 3200, 150),
(178.25697699999728, 3105, 530.0, 3900, 3200, 151),
(178.30745500000194, 3106, 530.0, 3900, 3200, 152),
(178.34982600000512, 3107, 530.0, 3900, 3200, 113),
(178.39277500000026, 3108, 530.0, 3900, 3200, 114),
(178.44041399999696, 3109, 530.0, 3900, 3200, 115),
(178.47955200000433, 3110, 530.0, 3900, 3200, 116),
(178.52212700000382, 3111, 530.0, 3900, 3200, 117),
(178.5703230000072, 3112, 530.0, 3900, 3200, 118),
(178.626059000002, 3113, 530.0, 3900, 3200, 119),
(178.67105800000718, 3114, 530.0, 3900, 3200, 120),
(178.71490400000766, 3115, 530.0, 3900, 3200, 121),
(178.75840800000879, 3116, 530.0, 3900, 3200, 122),
(178.81120300000475, 3117, 530.0, 3900, 3200, 123),
(178.85056800000893, 3118, 530.0, 3900, 3200, 124),
(178.88936300000933, 3119, 530.0, 3900, 3200, 125),
(178.93798600000446, 3120, 530.0, 3900, 3200, 126),
(178.97802700000466, 3121, 530.0, 3900, 3200, 127),
(179.0182369999966, 3122, 530.0, 3900, 3200, 128),
(179.07852199999616, 3123, 530.0, 3900, 3200, 129),
(179.14697400000296, 3124, 530.0, 3900, 3200, 130),
(179.19268799999554, 3125, 530.0, 3900, 3200, 131),
(179.23620300000766, 3126, 530.0, 3900, 3200, 132),
(179.27944700000808, 3127, 530.0, 3900, 3200, 133),
(179.32115899999917, 3128, 530.0, 3900, 3200, 134),
(179.36636500000895, 3129, 530.0, 3900, 3200, 135),
(179.41359399999783, 3130, 530.0, 3900, 3200, 136),
(179.45644000000902, 3131, 530.0, 3900, 3200, 137),
(179.49850899999728, 3132, 530.0, 3900, 3200, 138),
(179.54794299999776, 3133, 530.0, 3900, 3200, 139),
(179.5948250000074, 3134, 530.0, 3900, 3200, 140),
(179.63977599999635, 3135, 530.0, 3900, 3200, 141),
(179.68941600000835, 3136, 530.0, 3900, 3200, 142),
(179.7373690000095, 3137, 530.0, 3900, 3200, 143),
(179.782309000002, 3138, 530.0, 3900, 3200, 144),
(179.8273540000082, 3139, 530.0, 3900, 3200, 145),
(179.8689549999981, 3140, 530.0, 3900, 3200, 146),
(179.90726400000858, 3141, 530.0, 3900, 3200, 147),
(179.95727700000862, 3142, 530.0, 3900, 3200, 148),
(180.00423400000727, 3143, 530.0, 3900, 3200, 149),
(180.05958600000304, 3144, 530.0, 3900, 3200, 150),
(180.1024400000024, 3145, 530.0, 3900, 3200, 151),
(180.16248100000666, 3146, 530.0, 3900, 3200, 152),
(180.19854900000792, 3147, 532.0, 3900, 2200, 112),
(180.24269100000674, 3148, 532.0, 3900, 2200, 113),
(180.29188499999873, 3149, 532.0, 3900, 2200, 114),
(180.3429160000087, 3150, 532.0, 3900, 2200, 115),
(180.39148000000569, 3151, 532.0, 3900, 2200, 116),
(180.44320500000322, 3152, 532.0, 3900, 2200, 117),
(180.49078500000178, 3153, 532.0, 3900, 2200, 118),
(180.5481470000086, 3154, 532.0, 3900, 2200, 119),
(180.60245400000713, 3155, 532.0, 3900, 2200, 120),
(180.64234700000088, 3156, 532.0, 3900, 2200, 121),
(180.6968659999984, 3157, 532.0, 3900, 2200, 122),
(180.7418420000031, 3158, 532.0, 3900, 2200, 123),
(180.7763910000067, 3159, 532.0, 3900, 2200, 124),
(180.8132520000072, 3160, 532.0, 3900, 2200, 125),
(180.85229399999662, 3161, 532.0, 3900, 2200, 126),
(180.89309900000808, 3162, 532.0, 3900, 2200, 127),
(180.93220900000597, 3163, 532.0, 3900, 2200, 128),
(180.97294500000135, 3164, 532.0, 3900, 2200, 129),
(181.01331799999753, 3165, 532.0, 3900, 2200, 130),
(181.0622149999981, 3166, 532.0, 3900, 2200, 131),
(181.11338000000978, 3167, 532.0, 3900, 2200, 132),
(181.1653970000043, 3168, 532.0, 3900, 2200, 133),
(181.21658500000194, 3169, 532.0, 3900, 2200, 134),
(181.27143799999612, 3170, 532.0, 3900, 2200, 135),
(181.31471500000043, 3171, 532.0, 3900, 2200, 136),
(181.3671400000021, 3172, 532.0, 3900, 2200, 137),
(181.4161710000044, 3173, 532.0, 3900, 2200, 138),
(181.46012699999847, 3174, 532.0, 3900, 2200, 139),
(181.54598799999803, 3175, 532.0, 3900, 2200, 140),
(181.5825310000073, 3176, 532.0, 3900, 2200, 141),
(181.63585000000603, 3177, 532.0, 3900, 2200, 142),
(181.68672199999855, 3178, 532.0, 3900, 2200, 143),
(181.74202600000717, 3179, 532.0, 3900, 2200, 144),
(181.79442800000834, 3180, 532.0, 3900, 2200, 145),
(181.848290000009, 3181, 532.0, 3900, 2200, 146),
(181.89946899999632, 3182, 532.0, 3900, 2200, 147),
(181.9476649999997, 3183, 532.0, 3900, 2200, 148),
(181.98695600000792, 3184, 532.0, 3900, 2200, 149),
(182.02878600000986, 3185, 532.0, 3900, 2200, 150),
(182.08033900000737, 3186, 532.0, 3900, 2200, 151),
(182.13191700000607, 3187, 532.0, 3900, 2200, 152),
(182.17705500000739, 3188, 532.0, 3900, 2200, 113),
(182.22773700000835, 3189, 532.0, 3900, 2200, 114),
(182.28117699999711, 3190, 532.0, 3900, 2200, 115),
(182.328514000008, 3191, 532.0, 3900, 2200, 116),
(182.36949700000696, 3192, 532.0, 3900, 2200, 117),
(182.41237499999988, 3193, 532.0, 3900, 2200, 118),
(182.46331900000223, 3194, 532.0, 3900, 2200, 119),
(182.5046779999975, 3195, 532.0, 3900, 2200, 120),
(182.5593130000052, 3196, 532.0, 3900, 2200, 121),
(182.60833099999581, 3197, 532.0, 3900, 2200, 122),
(182.65359499999613, 3198, 532.0, 3900, 2200, 123),
(182.6994340000092, 3199, 532.0, 3900, 2200, 124),
(182.7492770000099, 3200, 532.0, 3900, 2200, 125),
(182.7992760000052, 3201, 532.0, 3900, 2200, 126),
(182.8442309999955, 3202, 532.0, 3900, 2200, 127),
(182.8841209999955, 3203, 532.0, 3900, 2200, 128),
(182.93062500000815, 3204, 532.0, 3900, 2200, 129),
(182.97292300000845, 3205, 532.0, 3900, 2200, 130),
(183.0134079999989, 3206, 532.0, 3900, 2200, 131),
(183.0581600000005, 3207, 532.0, 3900, 2200, 132),
(183.10409900000377, 3208, 532.0, 3900, 2200, 133),
(183.1506880000088, 3209, 532.0, 3900, 2200, 134),
(183.20211900000868, 3210, 532.0, 3900, 2200, 135),
(183.2574569999997, 3211, 532.0, 3900, 2200, 136),
(183.30760200000077, 3212, 532.0, 3900, 2200, 137),
(183.3715930000035, 3213, 532.0, 3900, 2200, 138),
(183.41672900000412, 3214, 532.0, 3900, 2200, 139),
(183.4661780000024, 3215, 532.0, 3900, 2200, 140),
(183.51118499999575, 3216, 532.0, 3900, 2200, 141),
(183.55860000000393, 3217, 532.0, 3900, 2200, 142),
(183.61145399999805, 3218, 532.0, 3900, 2200, 143),
(183.651469000004, 3219, 532.0, 3900, 2200, 144),
(183.70159799999965, 3220, 532.0, 3900, 2200, 145),
(183.73938300000736, 3221, 532.0, 3900, 2200, 146),
(183.78357500000857, 3222, 532.0, 3900, 2200, 147),
(183.82655100000557, 3223, 532.0, 3900, 2200, 148),
(183.88183100000606, 3224, 532.0, 3900, 2200, 149),
(183.93008499999996, 3225, 532.0, 3900, 2200, 150),
(183.97281900000235, 3226, 532.0, 3900, 2200, 151),
(184.01833700000134, 3227, 532.0, 3900, 2200, 152),
(184.06581500000902, 3228, 532.0, 3900, 2200, 113),
(184.1037260000012, 3229, 532.0, 3900, 2200, 114),
(184.1407279999985, 3230, 532.0, 3900, 2200, 115),
(184.1813950000069, 3231, 532.0, 3900, 2200, 116),
(184.2315440000093, 3232, 532.0, 3900, 2200, 117),
(184.28205100000196, 3233, 532.0, 3900, 2200, 118),
(184.3279429999966, 3234, 532.0, 3900, 2200, 119),
(184.37188500000047, 3235, 532.0, 3900, 2200, 120),
(184.42766600000323, 3236, 532.0, 3900, 2200, 121),
(184.469981000002, 3237, 532.0, 3900, 2200, 122),
(184.51156100000662, 3238, 532.0, 3900, 2200, 123),
(184.55511000000115, 3239, 532.0, 3900, 2200, 124),
(184.61815000000934, 3240, 532.0, 3900, 2200, 125),
(184.66215200000443, 3241, 532.0, 3900, 2200, 126),
(184.7152250000072, 3242, 532.0, 3900, 2200, 127),
(184.76812400000927, 3243, 532.0, 3900, 2200, 128),
(184.81291500000225, 3244, 532.0, 3900, 2200, 129),
(184.8527849999955, 3245, 532.0, 3900, 2200, 130),
(184.88865900000383, 3246, 532.0, 3900, 2200, 131),
(184.92922200000612, 3247, 532.0, 3900, 2200, 132),
(184.9702180000022, 3248, 532.0, 3900, 2200, 133),
(185.00776799999585, 3249, 532.0, 3900, 2200, 134),
(185.04737800000294, 3250, 532.0, 3900, 2200, 135),
(185.087280000007, 3251, 532.0, 3900, 2200, 136),
(185.12589199999638, 3252, 532.0, 3900, 2200, 137),
(185.16555200000585, 3253, 532.0, 3900, 2200, 138),
(185.21180400000594, 3254, 532.0, 3900, 2200, 139),
(185.25222799999756, 3255, 532.0, 3900, 2200, 140),
(185.2890469999984, 3256, 532.0, 3900, 2200, 141),
(185.32902699999977, 3257, 532.0, 3900, 2200, 142),
(185.3688150000089, 3258, 532.0, 3900, 2200, 143),
(185.40979900000093, 3259, 532.0, 3900, 2200, 144),
(185.45389600000635, 3260, 532.0, 3900, 2200, 145),
(185.4925840000069, 3261, 532.0, 3900, 2200, 146),
(185.5344080000068, 3262, 532.0, 3900, 2200, 147),
(185.57592099999601, 3263, 532.0, 3900, 2200, 148),
(185.615690000006, 3264, 532.0, 3900, 2200, 149),
(185.65281500000856, 3265, 532.0, 3900, 2200, 150),
(185.68903200000932, 3266, 532.0, 3900, 2200, 151),
(185.72888900000544, 3267, 532.0, 3900, 2200, 152),
(185.77263900000253, 3268, 527.0, 3900, 2400, 112),
(185.87740399999893, 3270, 527.0, 3900, 2400, 114),
(186.00464500000817, 3272, 530.0, 3900, 2400, 116),
(186.15110000000277, 3274, 530.0, 3900, 2400, 118),
(186.19000299999607, 3275, 529.0, 3900, 2400, 119),
(186.22873699999764, 3276, 530.0, 3900, 2400, 120),
(186.3200599999982, 3278, 530.0, 3900, 2400, 122),
(186.42027800000506, 3280, 530.0, 3900, 2400, 124),
(186.51280500000576, 3282, 527.0, 3900, 2400, 126),
(186.60491999999795, 3284, 527.0, 3900, 2400, 128),
(186.69802799999889, 3286, 530.0, 3900, 2400, 130),
(186.79767100000754, 3288, 530.0, 3900, 2400, 132),
(186.89469500000996, 3290, 530.0, 3900, 2400, 134),
(186.93753500000457, 3291, 282.0, 3900, 2400, 135),
(186.9789299999975, 3292, 530.0, 3900, 2400, 136),
(187.01676600000064, 3293, 282.0, 3900, 2400, 137),
(187.055429, 3294, 595.0, 3900, 2400, 138),
(187.14983999999822, 3296, 595.0, 3900, 2400, 140),
(187.2455869999976, 3298, 530.0, 3900, 2400, 142),
(187.28717500000494, 3299, 589.0, 3900, 2400, 143),
(187.32671900000423, 3300, 530.0, 3900, 2400, 144),
(187.36603200000536, 3301, 592.0, 3900, 2400, 145),
(187.40585199999623, 3302, 530.0, 3900, 2400, 146),
(187.44587799999863, 3303, 282.0, 3900, 2400, 147),
(187.4879660000006, 3304, 282.0, 3900, 2400, 148),
(187.58689500000037, 3306, 282.0, 3900, 2400, 150),
(187.68407400000433, 3308, 592.0, 3900, 2400, 152),
(187.7838960000081, 3310, 527.0, 3900, 2400, 114),
(187.9023670000024, 3312, 530.0, 3900, 2400, 116),
(188.02174500000547, 3314, 530.0, 3900, 2400, 118),
(188.0740850000002, 3315, 529.0, 3900, 2400, 119),
(188.1276210000069, 3316, 530.0, 3900, 2400, 120),
(188.26894300000276, 3318, 530.0, 3900, 2400, 122),
(188.40782500000205, 3320, 530.0, 3900, 2400, 124),
(188.51639499999874, 3322, 527.0, 3900, 2400, 126),
(188.63226600000053, 3324, 527.0, 3900, 2400, 128),
(188.73215300000447, 3326, 530.0, 3900, 2400, 130),
(188.8588299999974, 3328, 530.0, 3900, 2400, 132),
(188.97324700000172, 3330, 530.0, 3900, 2400, 134),
(189.0120889999962, 3331, 282.0, 3900, 2400, 135),
(189.0584600000002, 3332, 530.0, 3900, 2400, 136),
(189.09795399999712, 3333, 282.0, 3900, 2400, 137),
(189.1489900000015, 3334, 595.0, 3900, 2400, 138),
(189.2813690000039, 3336, 595.0, 3900, 2400, 140),
(189.3988720000052, 3338, 530.0, 3900, 2400, 142),
(189.44149300000572, 3339, 589.0, 3900, 2400, 143),
(189.4917209999985, 3340, 530.0, 3900, 2400, 144),
(189.55211699999927, 3341, 589.0, 3900, 2400, 145),
(189.599801999997, 3342, 530.0, 3900, 2400, 146),
(189.65043000000878, 3343, 282.0, 3900, 2400, 147),
(189.68961200000194, 3344, 282.0, 3900, 2400, 148),
(189.8172429999977, 3346, 282.0, 3900, 2400, 150),
(189.93921599999885, 3348, 592.0, 3900, 2400, 152),
(190.0661459999974, 3350, 527.0, 3900, 2400, 114),
(190.1767450000043, 3352, 530.0, 3900, 2400, 116),
(190.30190800000855, 3354, 530.0, 3900, 2400, 118),
(190.34994500000903, 3355, 529.0, 3900, 2400, 119),
(190.41057800001, 3356, 530.0, 3900, 2400, 120),
(190.52167600000394, 3358, 530.0, 3900, 2400, 122),
(190.63526100000308, 3360, 530.0, 3900, 2400, 124),
(190.7407860000094, 3362, 527.0, 3900, 2400, 126),
(190.841373999996, 3364, 527.0, 3900, 2400, 128),
(190.95667400000093, 3366, 530.0, 3900, 2400, 130),
(191.07690600000205, 3368, 530.0, 3900, 2400, 132),
(191.1860880000022, 3370, 530.0, 3900, 2400, 134),
(191.2303380000085, 3371, 282.0, 3900, 2400, 135),
(191.28499100000772, 3372, 530.0, 3900, 2400, 136),
(191.33299999999872, 3373, 282.0, 3900, 2400, 137),
(191.3724280000024, 3374, 595.0, 3900, 2400, 138),
(191.49432399999932, 3376, 595.0, 3900, 2400, 140),
(191.6272570000001, 3378, 530.0, 3900, 2400, 142),
(191.67508200000157, 3379, 589.0, 3900, 2400, 143),
(191.71861500000523, 3380, 530.0, 3900, 2400, 144),
(191.77307999999903, 3381, 592.0, 3900, 2400, 145),
(191.82147399999667, 3382, 530.0, 3900, 2400, 146),
(191.8703860000096, 3383, 282.0, 3900, 2400, 147),
(191.92894199999864, 3384, 282.0, 3900, 2400, 148),
(192.0479750000086, 3386, 282.0, 3900, 2400, 150),
(192.17071600000781, 3388, 592.0, 3900, 2400, 152),
(192.22425199999998, 3389, 527.0, 3900, 2600, 112),
(192.3410189999995, 3391, 527.0, 3900, 2600, 114),
(192.45975599999656, 3393, 530.0, 3900, 2600, 116),
(192.57114100000763, 3395, 530.0, 3900, 2600, 118),
(192.6102979999996, 3396, 529.0, 3900, 2600, 119),
(192.65704800000822, 3397, 530.0, 3900, 2600, 120),
(192.8029930000048, 3399, 530.0, 3900, 2600, 122),
(192.92484500000137, 3401, 530.0, 3900, 2600, 124),
(193.03650899999775, 3403, 527.0, 3900, 2600, 126),
(193.15084100000968, 3405, 527.0, 3900, 2600, 128),
(193.26193999999668, 3407, 530.0, 3900, 2600, 130),
(193.37730200000806, 3409, 530.0, 3900, 2600, 132),
(193.49547000000894, 3411, 530.0, 3900, 2600, 134),
(193.53370500000892, 3412, 282.0, 3900, 2600, 135),
(193.5855220000085, 3413, 530.0, 3900, 2600, 136),
(193.6390970000066, 3414, 282.0, 3900, 2600, 137),
(193.67864800000098, 3415, 595.0, 3900, 2600, 138),
(193.7811650000076, 3417, 595.0, 3900, 2600, 140),
(193.90712600000552, 3419, 530.0, 3900, 2600, 142),
(193.95384000000195, 3420, 589.0, 3900, 2600, 143),
(194.00929200000246, 3421, 530.0, 3900, 2600, 144),
(194.05387099999643, 3422, 592.0, 3900, 2600, 145),
(194.0956700000097, 3423, 530.0, 3900, 2600, 146),
(194.14316900000267, 3424, 282.0, 3900, 2600, 147),
(194.19049300000188, 3425, 282.0, 3900, 2600, 148),
(194.29751699999906, 3427, 282.0, 3900, 2600, 150),
(194.39582299999893, 3429, 592.0, 3900, 2600, 152),
(194.49424899999576, 3431, 527.0, 3900, 2600, 114),
(194.60080300000845, 3433, 530.0, 3900, 2600, 116),
(194.69586200000776, 3435, 530.0, 3900, 2600, 118),
(194.7362129999965, 3436, 529.0, 3900, 2600, 119),
(194.77744099999836, 3437, 530.0, 3900, 2600, 120),
(194.8806889999978, 3439, 530.0, 3900, 2600, 122),
(194.97753200000443, 3441, 530.0, 3900, 2600, 124),
(195.07268399999884, 3443, 527.0, 3900, 2600, 126),
(195.18146400000842, 3445, 527.0, 3900, 2600, 128),
(195.29127600000356, 3447, 530.0, 3900, 2600, 130),
(195.38640699999814, 3449, 530.0, 3900, 2600, 132),
(195.4852430000028, 3451, 530.0, 3900, 2600, 134),
(195.53118200000608, 3452, 282.0, 3900, 2600, 135),
(195.56759600000805, 3453, 530.0, 3900, 2600, 136),
(195.6060540000035, 3454, 282.0, 3900, 2600, 137),
(195.64519999999902, 3455, 595.0, 3900, 2600, 138),
(195.73791599999822, 3457, 595.0, 3900, 2600, 140),
(195.83632200000284, 3459, 530.0, 3900, 2600, 142),
(195.8740059999982, 3460, 589.0, 3900, 2600, 143),
(195.91478700000152, 3461, 530.0, 3900, 2600, 144),
(195.9534660000063, 3462, 589.0, 3900, 2600, 145),
(195.9927869999956, 3463, 530.0, 3900, 2600, 146),
(196.03033100000175, 3464, 282.0, 3900, 2600, 147),
(196.06956899999932, 3465, 282.0, 3900, 2600, 148),
(196.16985900000145, 3467, 282.0, 3900, 2600, 150),
(196.26489000000583, 3469, 592.0, 3900, 2600, 152),
(196.356620999999, 3471, 527.0, 3900, 2600, 114),
(196.45419000000402, 3473, 530.0, 3900, 2600, 116),
(196.5502850000048, 3475, 530.0, 3900, 2600, 118),
(196.58910700000706, 3476, 529.0, 3900, 2600, 119),
(196.62630600000557, 3477, 530.0, 3900, 2600, 120),
(196.71916700000293, 3479, 530.0, 3900, 2600, 122),
(196.82336000000942, 3481, 530.0, 3900, 2600, 124),
(196.9251360000053, 3483, 527.0, 3900, 2600, 126),
(197.02916400000686, 3485, 527.0, 3900, 2600, 128),
(197.12470200000098, 3487, 530.0, 3900, 2600, 130),
(197.2225000000035, 3489, 530.0, 3900, 2600, 132),
(197.31920300000638, 3491, 530.0, 3900, 2600, 134),
(197.36108299999614, 3492, 282.0, 3900, 2600, 135),
(197.39808700000867, 3493, 530.0, 3900, 2600, 136),
(197.43744300000253, 3494, 282.0, 3900, 2600, 137),
(197.4769990000059, 3495, 595.0, 3900, 2600, 138),
(197.5703280000016, 3497, 595.0, 3900, 2600, 140),
(197.67214000000968, 3499, 530.0, 3900, 2600, 142),
(197.718034000005, 3500, 589.0, 3900, 2600, 143),
(197.78691300000355, 3501, 530.0, 3900, 2600, 144),
(197.82550400000764, 3502, 589.0, 3900, 2600, 145),
(197.8648610000091, 3503, 530.0, 3900, 2600, 146),
(197.9090290000022, 3504, 282.0, 3900, 2600, 147),
(197.95358200000192, 3505, 282.0, 3900, 2600, 148),
(198.05177900000126, 3507, 282.0, 3900, 2600, 150),
(198.1584819999989, 3509, 592.0, 3900, 2600, 152),
(198.20782300000428, 3510, 527.0, 3900, 2800, 112),
(198.31408199999714, 3512, 527.0, 3900, 2800, 114),
(198.41862599999877, 3514, 530.0, 3900, 2800, 116),
(198.52307799999835, 3516, 530.0, 3900, 2800, 118),
(198.56448100000853, 3517, 529.0, 3900, 2800, 119),
(198.60460400000738, 3518, 530.0, 3900, 2800, 120),
(198.69883200000913, 3520, 530.0, 3900, 2800, 122),
(198.80482800000755, 3522, 530.0, 3900, 2800, 124),
(198.89871599999606, 3524, 527.0, 3900, 2800, 126),
(198.99719500000356, 3526, 527.0, 3900, 2800, 128),
(199.1058570000023, 3528, 530.0, 3900, 2800, 130),
(199.20200099999784, 3530, 530.0, 3900, 2800, 132),
(199.29994900000747, 3532, 530.0, 3900, 2800, 134),
(199.34273699999903, 3533, 282.0, 3900, 2800, 135),
(199.3852360000019, 3534, 530.0, 3900, 2800, 136),
(199.42901100000017, 3535, 282.0, 3900, 2800, 137),
(199.46652400000312, 3536, 595.0, 3900, 2800, 138),
(199.50606100000732, 3537, 595.0, 3900, 2800, 139),
(207.89789100000053, 3540, 530.0, 3900, 2800, 142),
(207.94037100000423, 3541, 589.0, 3900, 2800, 143),
(207.98531499999808, 3542, 530.0, 3900, 2800, 144),
(208.02544599999965, 3543, 589.0, 3900, 2800, 145),
(208.0732250000001, 3544, 530.0, 3900, 2800, 146),
(208.1220750000066, 3545, 282.0, 3900, 2800, 147),
(208.1708740000031, 3546, 282.0, 3900, 2800, 148),
(208.28743500000564, 3548, 282.0, 3900, 2800, 150),
(208.40624700000626, 3550, 592.0, 3900, 2800, 152),
(208.5181120000052, 3552, 527.0, 3900, 2800, 114),
(208.62167300000146, 3554, 530.0, 3900, 2800, 116),
(208.73434000000998, 3556, 530.0, 3900, 2800, 118),
(208.78566500000306, 3557, 529.0, 3900, 2800, 119),
(208.83437900000717, 3558, 530.0, 3900, 2800, 120),
(208.96165100000508, 3560, 530.0, 3900, 2800, 122),
(209.0782279999985, 3562, 530.0, 3900, 2800, 124),
(209.21003299999575, 3564, 527.0, 3900, 2800, 126),
(209.33541500000865, 3566, 527.0, 3900, 2800, 128),
(209.44164800000726, 3568, 530.0, 3900, 2800, 130),
(209.56956899999932, 3570, 530.0, 3900, 2800, 132),
(209.6913460000069, 3572, 530.0, 3900, 2800, 134),
(209.7382690000086, 3573, 282.0, 3900, 2800, 135),
(209.78601799999888, 3574, 530.0, 3900, 2800, 136),
(209.84502500000235, 3575, 282.0, 3900, 2800, 137),
(209.89045200000692, 3576, 595.0, 3900, 2800, 138),
(210.0035990000033, 3578, 595.0, 3900, 2800, 140),
(210.09823600000527, 3580, 530.0, 3900, 2800, 142),
(210.13889200000267, 3581, 589.0, 3900, 2800, 143),
(210.17826899999636, 3582, 530.0, 3900, 2800, 144),
(210.21881000000576, 3583, 589.0, 3900, 2800, 145),
(210.25633499999822, 3584, 530.0, 3900, 2800, 146),
(210.2952840000071, 3585, 282.0, 3900, 2800, 147),
(210.33602400000382, 3586, 282.0, 3900, 2800, 148),
(210.44158700000844, 3588, 282.0, 3900, 2800, 150),
(210.54182199999923, 3590, 592.0, 3900, 2800, 152),
(210.66244200000074, 3592, 527.0, 3900, 2800, 114),
(210.7896000000037, 3594, 530.0, 3900, 2800, 116),
(210.8983520000038, 3596, 530.0, 3900, 2800, 118),
(210.95108400000026, 3597, 529.0, 3900, 2800, 119),
(210.99493000000075, 3598, 530.0, 3900, 2800, 120),
(211.11088200000813, 3600, 530.0, 3900, 2800, 122),
(211.23945799999638, 3602, 530.0, 3900, 2800, 124),
(211.36447300000873, 3604, 527.0, 3900, 2800, 126),
(211.45785500000056, 3606, 527.0, 3900, 2800, 128),
(211.55561700000544, 3608, 530.0, 3900, 2800, 130),
(211.65314900000521, 3610, 530.0, 3900, 2800, 132),
(211.74637000000803, 3612, 530.0, 3900, 2800, 134),
(211.7900040000095, 3613, 282.0, 3900, 2800, 135),
(211.82847200000833, 3614, 530.0, 3900, 2800, 136),
(211.86635700000625, 3615, 282.0, 3900, 2800, 137),
(211.90523499999836, 3616, 595.0, 3900, 2800, 138),
(211.94651100000192, 3617, 595.0, 3900, 2800, 139),
(220.19738700000744, 3620, 530.0, 3900, 2800, 142),
(220.2399480000022, 3621, 589.0, 3900, 2800, 143),
(220.28544300000067, 3622, 530.0, 3900, 2800, 144),
(220.32602900000347, 3623, 589.0, 3900, 2800, 145),
(220.36839400000463, 3624, 530.0, 3900, 2800, 146),
(220.41273300000466, 3625, 282.0, 3900, 2800, 147),
(220.45335599999817, 3626, 282.0, 3900, 2800, 148),
(220.5480680000037, 3628, 282.0, 3900, 2800, 150),
(220.65309900000284, 3630, 592.0, 3900, 2800, 152),
(220.69346799999767, 3631, 530.0, 3900, 3000, 112),
(220.78819200000726, 3633, 530.0, 3900, 3000, 114),
(220.88747400000284, 3635, 530.0, 3900, 3000, 116),
(220.92211100000713, 3636, 530.0, 3900, 3000, 117),
(220.95736100000795, 3637, 530.0, 3900, 3000, 118),
(220.99753400000918, 3638, 530.0, 3900, 3000, 119),
(221.03755999999703, 3639, 530.0, 3900, 3000, 120),
(221.08222700000624, 3640, 530.0, 3900, 3000, 121),
(221.12529500000528, 3641, 530.0, 3900, 3000, 122),
(221.17009100000723, 3642, 530.0, 3900, 3000, 123),
(221.20974099999876, 3643, 530.0, 3900, 3000, 124),
(221.2490470000048, 3644, 530.0, 3900, 3000, 125),
(221.28760599999805, 3645, 530.0, 3900, 3000, 126),
(221.41167499999574, 3647, 530.0, 3900, 3000, 128),
(221.51181100000395, 3649, 530.0, 3900, 3000, 130),
(221.55413299999782, 3650, 530.0, 3900, 3000, 131),
(221.59791799999948, 3651, 530.0, 3900, 3000, 132),
(221.63681100000395, 3652, 530.0, 3900, 3000, 133),
(221.6843610000069, 3653, 530.0, 3900, 3000, 134),
(221.7252240000089, 3654, 530.0, 3900, 3000, 135),
(221.767325000008, 3655, 530.0, 3900, 3000, 136),
(221.81008199999633, 3656, 530.0, 3900, 3000, 137),
(221.8580660000007, 3657, 530.0, 3900, 3000, 138),
(221.90932400000747, 3658, 530.0, 3900, 3000, 139),
(221.9557300000015, 3659, 530.0, 3900, 3000, 140),
(222.0027320000081, 3660, 530.0, 3900, 3000, 141),
(222.04940099999658, 3661, 530.0, 3900, 3000, 142),
(222.10031200000958, 3662, 530.0, 3900, 3000, 143),
(222.15568500000518, 3663, 530.0, 3900, 3000, 144),
(222.2177389999997, 3664, 530.0, 3900, 3000, 145),
(222.26542700000573, 3665, 530.0, 3900, 3000, 146),
(222.30986599999596, 3666, 530.0, 3900, 3000, 147),
(222.36007500000414, 3667, 530.0, 3900, 3000, 148),
(222.41063199999917, 3668, 530.0, 3900, 3000, 149),
(222.44729100000404, 3669, 530.0, 3900, 3000, 150),
(222.4968610000069, 3670, 530.0, 3900, 3000, 151),
(222.5400410000002, 3671, 530.0, 3900, 3000, 152),
(222.65853899999638, 3673, 530.0, 3900, 3000, 114),
(222.78739399999904, 3675, 530.0, 3900, 3000, 116),
(222.8306719999964, 3676, 530.0, 3900, 3000, 117),
(222.8866490000073, 3677, 530.0, 3900, 3000, 118),
(222.93240800000785, 3678, 530.0, 3900, 3000, 119),
(222.97386700000789, 3679, 530.0, 3900, 3000, 120),
(223.0151909999986, 3680, 530.0, 3900, 3000, 121),
(223.06409500000882, 3681, 530.0, 3900, 3000, 122),
(223.11186400000588, 3682, 530.0, 3900, 3000, 123),
(223.16142499999842, 3683, 530.0, 3900, 3000, 124),
(223.2118530000007, 3684, 530.0, 3900, 3000, 125),
(223.25242499999877, 3685, 530.0, 3900, 3000, 126),
(223.3605019999959, 3687, 530.0, 3900, 3000, 128),
(223.487169, 3689, 530.0, 3900, 3000, 130),
(223.53350099999807, 3690, 530.0, 3900, 3000, 131),
(223.5841250000085, 3691, 530.0, 3900, 3000, 132),
(223.6371080000099, 3692, 530.0, 3900, 3000, 133),
(223.6759560000064, 3693, 530.0, 3900, 3000, 134),
(223.71933100000024, 3694, 530.0, 3900, 3000, 135),
(223.76701700000558, 3695, 530.0, 3900, 3000, 136),
(223.81200099999842, 3696, 530.0, 3900, 3000, 137),
(223.8520589999971, 3697, 530.0, 3900, 3000, 138),
(223.908024999997, 3698, 530.0, 3900, 3000, 139),
(223.95340700000816, 3699, 530.0, 3900, 3000, 140),
(224.0062820000021, 3700, 530.0, 3900, 3000, 141),
(224.06109299999662, 3701, 530.0, 3900, 3000, 142),
(224.1020359999966, 3702, 530.0, 3900, 3000, 143),
(224.16146400000434, 3703, 530.0, 3900, 3000, 144),
(224.20192300000053, 3704, 530.0, 3900, 3000, 145),
(224.24590799999714, 3705, 530.0, 3900, 3000, 146),
(224.28916400000162, 3706, 530.0, 3900, 3000, 147),
(224.33378300000913, 3707, 530.0, 3900, 3000, 148),
(224.3760889999976, 3708, 530.0, 3900, 3000, 149),
(224.4222230000014, 3709, 530.0, 3900, 3000, 150),
(224.46924900000158, 3710, 530.0, 3900, 3000, 151),
(224.51541000000725, 3711, 530.0, 3900, 3000, 152),
(224.6217009999964, 3713, 530.0, 3900, 3000, 114),
(224.7307240000082, 3715, 530.0, 3900, 3000, 116),
(224.78126000000339, 3716, 530.0, 3900, 3000, 117),
(224.82191100000637, 3717, 530.0, 3900, 3000, 118),
(224.86309600000095, 3718, 530.0, 3900, 3000, 119),
(224.8988229999959, 3719, 530.0, 3900, 3000, 120),
(224.93996499999776, 3720, 530.0, 3900, 3000, 121),
(224.98103500000434, 3721, 530.0, 3900, 3000, 122),
(225.01895900000818, 3722, 530.0, 3900, 3000, 123),
(225.05816400000185, 3723, 530.0, 3900, 3000, 124),
(225.09874400000263, 3724, 530.0, 3900, 3000, 125),
(225.15310399999726, 3725, 530.0, 3900, 3000, 126),
(225.27098899999692, 3727, 530.0, 3900, 3000, 128),
(225.39352500000678, 3729, 530.0, 3900, 3000, 130),
(225.44770499999868, 3730, 530.0, 3900, 3000, 131),
(225.5013500000059, 3731, 530.0, 3900, 3000, 132),
(225.5505770000018, 3732, 530.0, 3900, 3000, 133),
(225.60941699999967, 3733, 530.0, 3900, 3000, 134),
(225.65949400000682, 3734, 530.0, 3900, 3000, 135),
(225.70772600000782, 3735, 530.0, 3900, 3000, 136),
(225.75684400000318, 3736, 530.0, 3900, 3000, 137),
(225.80285999999614, 3737, 530.0, 3900, 3000, 138),
(225.84576700000616, 3738, 530.0, 3900, 3000, 139),
(225.8857510000089, 3739, 530.0, 3900, 3000, 140),
(225.92765700000746, 3740, 530.0, 3900, 3000, 141),
(225.96695400000317, 3741, 530.0, 3900, 3000, 142),
(226.00593600000138, 3742, 530.0, 3900, 3000, 143),
(226.0451449999964, 3743, 530.0, 3900, 3000, 144),
(226.09132600000885, 3744, 530.0, 3900, 3000, 145),
(226.14032700000098, 3745, 530.0, 3900, 3000, 146),
(226.19497900000715, 3746, 530.0, 3900, 3000, 147),
(226.23957700000028, 3747, 530.0, 3900, 3000, 148),
(226.2778430000035, 3748, 530.0, 3900, 3000, 149),
(226.31682400000864, 3749, 530.0, 3900, 3000, 150),
(226.35820299999614, 3750, 530.0, 3900, 3000, 151),
(226.40114499999618, 3751, 530.0, 3900, 3000, 152),
(226.44521499999973, 3752, 530.0, 3900, 3200, 112),
(226.4919349999982, 3753, 530.0, 3900, 3200, 113),
(226.53342600000906, 3754, 530.0, 3900, 3200, 114),
(226.57388300000457, 3755, 530.0, 3900, 3200, 115),
(226.61988199999905, 3756, 530.0, 3900, 3200, 116),
(226.66040999999677, 3757, 530.0, 3900, 3200, 117),
(226.69938200000615, 3758, 530.0, 3900, 3200, 118),
(226.74081400000432, 3759, 530.0, 3900, 3200, 119),
(226.78847900000983, 3760, 530.0, 3900, 3200, 120),
(226.84230699999898, 3761, 530.0, 3900, 3200, 121),
(226.89294200000586, 3762, 530.0, 3900, 3200, 122),
(226.94032799999695, 3763, 530.0, 3900, 3200, 123),
(226.98280599999998, 3764, 530.0, 3900, 3200, 124),
(227.0399860000034, 3765, 530.0, 3900, 3200, 125),
(227.1005920000025, 3766, 530.0, 3900, 3200, 126),
(227.1516879999981, 3767, 530.0, 3900, 3200, 127),
(227.2117350000044, 3768, 530.0, 3900, 3200, 128),
(227.26389899999776, 3769, 530.0, 3900, 3200, 129),
(227.30877699999837, 3770, 530.0, 3900, 3200, 130),
(227.35206299999845, 3771, 530.0, 3900, 3200, 131),
(227.39869400000316, 3772, 530.0, 3900, 3200, 132),
(227.4498190000013, 3773, 530.0, 3900, 3200, 133),
(227.49604300000647, 3774, 530.0, 3900, 3200, 134),
(227.54391400000895, 3775, 530.0, 3900, 3200, 135),
(227.5910750000039, 3776, 530.0, 3900, 3200, 136),
(227.64256799999566, 3777, 530.0, 3900, 3200, 137),
(227.69680800000788, 3778, 530.0, 3900, 3200, 138),
(227.75372799999604, 3779, 530.0, 3900, 3200, 139),
(227.8123040000064, 3780, 530.0, 3900, 3200, 140),
(227.85770200000843, 3781, 530.0, 3900, 3200, 141),
(227.90244299999904, 3782, 530.0, 3900, 3200, 142),
(227.9468140000099, 3783, 530.0, 3900, 3200, 143),
(227.98915999999736, 3784, 530.0, 3900, 3200, 144),
(228.03668400000606, 3785, 530.0, 3900, 3200, 145),
(228.08955699999933, 3786, 530.0, 3900, 3200, 146),
(228.1413990000001, 3787, 530.0, 3900, 3200, 147),
(228.19754900000407, 3788, 530.0, 3900, 3200, 148),
(228.25139200000558, 3789, 530.0, 3900, 3200, 149),
(228.30943000000843, 3790, 530.0, 3900, 3200, 150),
(228.35093000000052, 3791, 530.0, 3900, 3200, 151),
(228.39796100000967, 3792, 530.0, 3900, 3200, 152),
(228.44619299999613, 3793, 530.0, 3900, 3200, 113),
(228.48587099999713, 3794, 530.0, 3900, 3200, 114),
(228.53664099999878, 3795, 530.0, 3900, 3200, 115),
(228.5873969999957, 3796, 530.0, 3900, 3200, 116),
(228.63543599999684, 3797, 530.0, 3900, 3200, 117),
(228.67646400000376, 3798, 530.0, 3900, 3200, 118),
(228.72529100000975, 3799, 530.0, 3900, 3200, 119),
(228.76905499999702, 3800, 530.0, 3900, 3200, 120),
(228.81184199999552, 3801, 530.0, 3900, 3200, 121),
(228.8557839999994, 3802, 530.0, 3900, 3200, 122),
(228.89843400000245, 3803, 530.0, 3900, 3200, 123),
(228.9496519999957, 3804, 530.0, 3900, 3200, 124),
(229.00026899999648, 3805, 530.0, 3900, 3200, 125),
(229.0509410000086, 3806, 530.0, 3900, 3200, 126),
(229.09685300001001, 3807, 530.0, 3900, 3200, 127),
(229.14066800000728, 3808, 530.0, 3900, 3200, 128),
(229.1961500000034, 3809, 530.0, 3900, 3200, 129),
(229.2436069999967, 3810, 530.0, 3900, 3200, 130),
(229.28258199999982, 3811, 530.0, 3900, 3200, 131),
(229.33388299999933, 3812, 530.0, 3900, 3200, 132),
(229.37926499999594, 3813, 530.0, 3900, 3200, 133),
(229.42479699999967, 3814, 530.0, 3900, 3200, 134),
(229.4624790000089, 3815, 530.0, 3900, 3200, 135),
(229.50092099999893, 3816, 530.0, 3900, 3200, 136),
(229.53983500000322, 3817, 530.0, 3900, 3200, 137),
(229.58137500000885, 3818, 530.0, 3900, 3200, 138),
(229.6200780000072, 3819, 530.0, 3900, 3200, 139),
(229.6630060000025, 3820, 530.0, 3900, 3200, 140),
(229.7131539999973, 3821, 530.0, 3900, 3200, 141),
(229.75442300000577, 3822, 530.0, 3900, 3200, 142),
(229.79703100000916, 3823, 530.0, 3900, 3200, 143),
(229.84213800000725, 3824, 530.0, 3900, 3200, 144),
(229.88630700000795, 3825, 530.0, 3900, 3200, 145),
(229.92936000000918, 3826, 530.0, 3900, 3200, 146),
(229.98208600000362, 3827, 530.0, 3900, 3200, 147),
(230.046119000006, 3828, 530.0, 3900, 3200, 148),
(230.0872390000004, 3829, 530.0, 3900, 3200, 149),
(230.13504599999578, 3830, 530.0, 3900, 3200, 150),
(230.18425099999877, 3831, 530.0, 3900, 3200, 151),
(230.22546899999725, 3832, 530.0, 3900, 3200, 152),
(230.27700800000457, 3833, 530.0, 3900, 3200, 113),
(230.33205599999928, 3834, 530.0, 3900, 3200, 114),
(230.37767699999677, 3835, 530.0, 3900, 3200, 115),
(230.4264120000007, 3836, 530.0, 3900, 3200, 116),
(230.46563200000674, 3837, 530.0, 3900, 3200, 117),
(230.51458800000546, 3838, 530.0, 3900, 3200, 118),
(230.5681120000081, 3839, 530.0, 3900, 3200, 119),
(230.6103379999986, 3840, 530.0, 3900, 3200, 120),
(230.65055600000778, 3841, 530.0, 3900, 3200, 121),
(230.68935100000817, 3842, 530.0, 3900, 3200, 122),
(230.73447700000543, 3843, 530.0, 3900, 3200, 123),
(230.78378599999996, 3844, 530.0, 3900, 3200, 124),
(230.838036000001, 3845, 530.0, 3900, 3200, 125),
(230.8870009999955, 3846, 530.0, 3900, 3200, 126),
(230.93020899999829, 3847, 530.0, 3900, 3200, 127),
(230.96547900000587, 3848, 530.0, 3900, 3200, 128),
(231.00285299999814, 3849, 530.0, 3900, 3200, 129),
(231.04087500000605, 3850, 530.0, 3900, 3200, 130),
(231.081938000003, 3851, 530.0, 3900, 3200, 131),
(231.13160600000992, 3852, 530.0, 3900, 3200, 132),
(231.17554199999722, 3853, 530.0, 3900, 3200, 133),
(231.21774300000106, 3854, 530.0, 3900, 3200, 134),
(231.2566630000074, 3855, 530.0, 3900, 3200, 135),
(231.2934830000013, 3856, 530.0, 3900, 3200, 136),
(231.334652000005, 3857, 530.0, 3900, 3200, 137),
(231.3785329999955, 3858, 530.0, 3900, 3200, 138),
(231.42403500000364, 3859, 530.0, 3900, 3200, 139),
(231.47324800000933, 3860, 530.0, 3900, 3200, 140),
(231.51121799999964, 3861, 530.0, 3900, 3200, 141),
(231.55431099999987, 3862, 530.0, 3900, 3200, 142),
(231.5941870000097, 3863, 530.0, 3900, 3200, 143),
(231.63322899999912, 3864, 530.0, 3900, 3200, 144),
(231.6759410000086, 3865, 530.0, 3900, 3200, 145),
(231.71301900000253, 3866, 530.0, 3900, 3200, 146),
(231.749748000002, 3867, 530.0, 3900, 3200, 147),
(231.78801499999827, 3868, 530.0, 3900, 3200, 148),
(231.82658799999626, 3869, 530.0, 3900, 3200, 149),
(231.86745900000096, 3870, 530.0, 3900, 3200, 150),
(231.9098410000006, 3871, 530.0, 3900, 3200, 151),
(231.95045299999765, 3872, 530.0, 3900, 3200, 152),
(231.98902500000258, 3873, 530.0, 3900, 2100, 112),
(232.081606000007, 3875, 530.0, 3900, 2100, 114),
(232.1921890000085, 3877, 530.0, 3900, 2100, 116),
(232.23761500000546, 3878, 530.0, 3900, 2100, 117),
(232.27923200000077, 3879, 530.0, 3900, 2100, 118),
(232.32362799999828, 3880, 530.0, 3900, 2100, 119),
(232.36737600000924, 3881, 530.0, 3900, 2100, 120),
(232.41344899999967, 3882, 530.0, 3900, 2100, 121),
(232.46077600000717, 3883, 530.0, 3900, 2100, 122),
(232.50483800000802, 3884, 530.0, 3900, 2100, 123),
(232.54738899999938, 3885, 530.0, 3900, 2100, 124),
(232.59827499999665, 3886, 530.0, 3900, 2100, 125),
(232.64768300000287, 3887, 530.0, 3900, 2100, 126),
(232.76082199999655, 3889, 530.0, 3900, 2100, 128),
(232.86505799999577, 3891, 530.0, 3900, 2100, 130),
(232.91955099999905, 3892, 530.0, 3900, 2100, 131),
(232.96988899999997, 3893, 530.0, 3900, 2100, 132),
(233.01822700000776, 3894, 530.0, 3900, 2100, 133),
(233.07328300000518, 3895, 530.0, 3900, 2100, 134),
(233.1188930000062, 3896, 530.0, 3900, 2100, 135),
(233.16359399999783, 3897, 530.0, 3900, 2100, 136),
(233.21246300000348, 3898, 530.0, 3900, 2100, 137),
(233.25962300000538, 3899, 530.0, 3900, 2100, 138),
(233.3089650000038, 3900, 530.0, 3900, 2100, 139),
(233.3557460000011, 3901, 530.0, 3900, 2100, 140),
(233.41078299999936, 3902, 530.0, 3900, 2100, 141),
(233.45221899999888, 3903, 530.0, 3900, 2100, 142),
(233.4990770000004, 3904, 530.0, 3900, 2100, 143),
(233.54307100000733, 3905, 530.0, 3900, 2100, 144),
(233.60639600000286, 3906, 530.0, 3900, 2100, 145),
(233.66132600000128, 3907, 530.0, 3900, 2100, 146),
(233.71360800000548, 3908, 530.0, 3900, 2100, 147),
(233.76094300000113, 3909, 530.0, 3900, 2100, 148),
(233.81049400000484, 3910, 530.0, 3900, 2100, 149),
(233.86174100000062, 3911, 530.0, 3900, 2100, 150),
(233.90994700000738, 3912, 530.0, 3900, 2100, 151),
(233.94905100000324, 3913, 530.0, 3900, 2100, 152),
(234.0672770000092, 3915, 530.0, 3900, 2100, 114),
(234.16326300000947, 3917, 530.0, 3900, 2100, 116),
(234.2030700000032, 3918, 530.0, 3900, 2100, 117),
(234.2477060000092, 3919, 530.0, 3900, 2100, 118),
(234.2949590000062, 3920, 530.0, 3900, 2100, 119),
(234.34799500000372, 3921, 530.0, 3900, 2100, 120),
(234.39955299999565, 3922, 530.0, 3900, 2100, 121),
(234.4569610000035, 3923, 530.0, 3900, 2100, 122),
(234.5061710000009, 3924, 530.0, 3900, 2100, 123),
(234.55381800000032, 3925, 530.0, 3900, 2100, 124),
(234.6037559999968, 3926, 530.0, 3900, 2100, 125),
(234.65110899999854, 3927, 530.0, 3900, 2100, 126),
(234.7608520000067, 3929, 530.0, 3900, 2100, 128),
(234.87816999999632, 3931, 530.0, 3900, 2100, 130),
(234.9182540000038, 3932, 530.0, 3900, 2100, 131),
(234.96100999999908, 3933, 530.0, 3900, 2100, 132),
(234.99999900000694, 3934, 530.0, 3900, 2100, 133),
(235.0491570000013, 3935, 530.0, 3900, 2100, 134),
(235.09607400000095, 3936, 530.0, 3900, 2100, 135),
(235.14186800000607, 3937, 530.0, 3900, 2100, 136),
(235.1984599999996, 3938, 530.0, 3900, 2100, 137),
(235.2434290000092, 3939, 530.0, 3900, 2100, 138),
(235.29012499999953, 3940, 530.0, 3900, 2100, 139),
(235.33873699999822, 3941, 530.0, 3900, 2100, 140),
(235.3835770000005, 3942, 530.0, 3900, 2100, 141),
(235.43232100000023, 3943, 530.0, 3900, 2100, 142),
(235.4799270000076, 3944, 530.0, 3900, 2100, 143),
(235.53191099999822, 3945, 530.0, 3900, 2100, 144),
(235.58746500000416, 3946, 530.0, 3900, 2100, 145),
(235.635037, 3947, 530.0, 3900, 2100, 146),
(235.67941199999768, 3948, 530.0, 3900, 2100, 147),
(235.72600399999646, 3949, 530.0, 3900, 2100, 148),
(235.7755279999983, 3950, 530.0, 3900, 2100, 149),
(235.8211900000024, 3951, 530.0, 3900, 2100, 150),
(235.86952200000815, 3952, 530.0, 3900, 2100, 151),
(235.91384900000412, 3953, 530.0, 3900, 2100, 152),
(236.03824100000202, 3955, 530.0, 3900, 2100, 114),
(236.1485570000077, 3957, 530.0, 3900, 2100, 116),
(236.19534800000838, 3958, 530.0, 3900, 2100, 117),
(236.24011400000018, 3959, 530.0, 3900, 2100, 118),
(236.29129100000137, 3960, 530.0, 3900, 2100, 119),
(236.33826000000408, 3961, 530.0, 3900, 2100, 120),
(236.3828119999962, 3962, 530.0, 3900, 2100, 121),
(236.42509200000495, 3963, 530.0, 3900, 2100, 122),
(236.46599799999967, 3964, 530.0, 3900, 2100, 123),
(236.50787800000398, 3965, 530.0, 3900, 2100, 124),
(236.54777299999841, 3966, 530.0, 3900, 2100, 125),
(236.60020300000906, 3967, 530.0, 3900, 2100, 126),
(236.70438999999897, 3969, 530.0, 3900, 2100, 128),
(236.8004579999979, 3971, 530.0, 3900, 2100, 130),
(236.8392759999988, 3972, 530.0, 3900, 2100, 131),
(236.88212300000305, 3973, 530.0, 3900, 2100, 132),
(236.9278420000046, 3974, 530.0, 3900, 2100, 133),
(236.9715120000037, 3975, 530.0, 3900, 2100, 134),
(237.01430700000492, 3976, 530.0, 3900, 2100, 135),
(237.05912700000044, 3977, 530.0, 3900, 2100, 136),
(237.1112060000014, 3978, 530.0, 3900, 2100, 137),
(237.17665999999736, 3979, 530.0, 3900, 2100, 138),
(237.23644400000921, 3980, 530.0, 3900, 2100, 139),
(237.2812750000012, 3981, 530.0, 3900, 2100, 140),
(237.33193600000232, 3982, 530.0, 3900, 2100, 141),
(237.38088300000527, 3983, 530.0, 3900, 2100, 142),
(237.4257329999964, 3984, 530.0, 3900, 2100, 143),
(237.47205799999938, 3985, 530.0, 3900, 2100, 144),
(237.51613800000632, 3986, 530.0, 3900, 2100, 145),
(237.5664140000008, 3987, 530.0, 3900, 2100, 146),
(237.6095340000029, 3988, 530.0, 3900, 2100, 147),
(237.6584370000055, 3989, 530.0, 3900, 2100, 148),
(237.7016100000037, 3990, 530.0, 3900, 2100, 149),
(237.7462130000058, 3991, 530.0, 3900, 2100, 150),
(237.79385100000945, 3992, 530.0, 3900, 2100, 151),
(237.84142500000598, 3993, 530.0, 3900, 2100, 152),
(237.88871199999994, 3994, 532.0, 3900, 2200, 112),
(237.93704200000502, 3995, 532.0, 3900, 2200, 113),
(237.98203700000886, 3996, 532.0, 3900, 2200, 114),
(238.0313679999963, 3997, 532.0, 3900, 2200, 115),
(238.0870050000085, 3998, 532.0, 3900, 2200, 116),
(238.13743299999624, 3999, 532.0, 3900, 2200, 117),
(238.18342499999562, 4000, 532.0, 3900, 2200, 118),
(238.2326810000086, 4001, 532.0, 3900, 2200, 119),
(238.2784879999963, 4002, 532.0, 3900, 2200, 120),
(238.32156199999736, 4003, 532.0, 3900, 2200, 121),
(238.36651400000846, 4004, 532.0, 3900, 2200, 122),
(238.41920299999765, 4005, 532.0, 3900, 2200, 123),
(238.4629270000005, 4006, 532.0, 3900, 2200, 124),
(238.50040800000716, 4007, 532.0, 3900, 2200, 125),
(238.5466560000059, 4008, 532.0, 3900, 2200, 126),
(238.59783700000844, 4009, 532.0, 3900, 2200, 127),
(238.64914700000372, 4010, 532.0, 3900, 2200, 128),
(238.69755700000678, 4011, 532.0, 3900, 2200, 129),
(238.74907200000598, 4012, 532.0, 3900, 2200, 130),
(238.80842400000256, 4013, 532.0, 3900, 2200, 131),
(238.8570299999992, 4014, 532.0, 3900, 2200, 132),
(238.91399000000092, 4015, 532.0, 3900, 2200, 133),
(238.96708699999726, 4016, 532.0, 3900, 2200, 134),
(239.0089100000041, 4017, 532.0, 3900, 2200, 135),
(239.0619549999974, 4018, 532.0, 3900, 2200, 136),
(239.11737999999605, 4019, 532.0, 3900, 2200, 137),
(239.15773000000627, 4020, 532.0, 3900, 2200, 138),
(239.20943600000464, 4021, 532.0, 3900, 2200, 139),
(239.26647200000298, 4022, 532.0, 3900, 2200, 140),
(239.31106200000795, 4023, 532.0, 3900, 2200, 141),
(239.35751499999606, 4024, 532.0, 3900, 2200, 142),
(239.41126599999552, 4025, 532.0, 3900, 2200, 143),
(239.45179500000086, 4026, 532.0, 3900, 2200, 144),
(239.50292199999967, 4027, 532.0, 3900, 2200, 145),
(239.55831700000272, 4028, 532.0, 3900, 2200, 146),
(239.60632700000133, 4029, 532.0, 3900, 2200, 147),
(239.65584500000114, 4030, 532.0, 3900, 2200, 148),
(239.70008799999778, 4031, 532.0, 3900, 2200, 149),
(239.74986300000455, 4032, 532.0, 3900, 2200, 150),
(239.7922419999959, 4033, 532.0, 3900, 2200, 151),
(239.85288299999957, 4034, 532.0, 3900, 2200, 152),
(239.9062050000066, 4035, 532.0, 3900, 2200, 113),
(239.95642000000225, 4036, 532.0, 3900, 2200, 114),
(240.0013120000076, 4037, 532.0, 3900, 2200, 115),
(240.0533529999957, 4038, 532.0, 3900, 2200, 116),
(240.09903500000655, 4039, 532.0, 3900, 2200, 117),
(240.1422920000041, 4040, 532.0, 3900, 2200, 118),
(240.18929999999818, 4041, 532.0, 3900, 2200, 119),
(240.2363550000009, 4042, 532.0, 3900, 2200, 120),
(240.2821649999969, 4043, 532.0, 3900, 2200, 121),
(240.33199900000182, 4044, 532.0, 3900, 2200, 122),
(240.38970700000937, 4045, 532.0, 3900, 2200, 123),
(240.42854400000942, 4046, 532.0, 3900, 2200, 124),
(240.4838679999957, 4047, 532.0, 3900, 2200, 125),
(240.52233500000148, 4048, 532.0, 3900, 2200, 126),
(240.5692640000052, 4049, 532.0, 3900, 2200, 127),
(240.61675699999614, 4050, 532.0, 3900, 2200, 128),
(240.66382699999667, 4051, 532.0, 3900, 2200, 129),
(240.712068000008, 4052, 532.0, 3900, 2200, 130),
(240.77066999999806, 4053, 532.0, 3900, 2200, 131),
(240.8217500000028, 4054, 532.0, 3900, 2200, 132),
(240.8712280000036, 4055, 532.0, 3900, 2200, 133),
(240.92339700000593, 4056, 532.0, 3900, 2200, 134),
(240.96067600000242, 4057, 532.0, 3900, 2200, 135),
(240.99493500000972, 4058, 532.0, 3900, 2200, 136),
(241.0349569999962, 4059, 532.0, 3900, 2200, 137),
(241.08444299999974, 4060, 532.0, 3900, 2200, 138),
(241.13509300000442, 4061, 532.0, 3900, 2200, 139),
(241.1775389999966, 4062, 532.0, 3900, 2200, 140),
(241.2269740000047, 4063, 532.0, 3900, 2200, 141),
(241.27606299999752, 4064, 532.0, 3900, 2200, 142),
(241.3277570000064, 4065, 532.0, 3900, 2200, 143),
(241.37653200000932, 4066, 532.0, 3900, 2200, 144),
(241.42588399999659, 4067, 532.0, 3900, 2200, 145),
(241.48117800000182, 4068, 532.0, 3900, 2200, 146),
(241.5257100000017, 4069, 532.0, 3900, 2200, 147),
(241.57993800000986, 4070, 532.0, 3900, 2200, 148),
(241.6329010000045, 4071, 532.0, 3900, 2200, 149),
(241.67979300000297, 4072, 532.0, 3900, 2200, 150),
(241.7224050000077, 4073, 532.0, 3900, 2200, 151),
(241.76753800000006, 4074, 532.0, 3900, 2200, 152),
(241.8043500000058, 4075, 532.0, 3900, 2200, 113),
(241.84625000000233, 4076, 532.0, 3900, 2200, 114),
(241.88954800000647, 4077, 532.0, 3900, 2200, 115),
(241.9405950000073, 4078, 532.0, 3900, 2200, 116),
(241.98391500000434, 4079, 532.0, 3900, 2200, 117),
(242.03489999999874, 4080, 532.0, 3900, 2200, 118),
(242.08508400000574, 4081, 532.0, 3900, 2200, 119),
(242.13163899999927, 4082, 532.0, 3900, 2200, 120),
(242.177898000009, 4083, 532.0, 3900, 2200, 121),
(242.22568600000523, 4084, 532.0, 3900, 2200, 122),
(242.2709509999986, 4085, 532.0, 3900, 2200, 123),
(242.31783300000825, 4086, 532.0, 3900, 2200, 124),
(242.36693899999955, 4087, 532.0, 3900, 2200, 125),
(242.42249599999923, 4088, 532.0, 3900, 2200, 126),
(242.47586400000728, 4089, 532.0, 3900, 2200, 127),
(242.53395300000557, 4090, 532.0, 3900, 2200, 128),
(242.58949199999915, 4091, 532.0, 3900, 2200, 129),
(242.6499429999967, 4092, 532.0, 3900, 2200, 130),
(242.69807800000126, 4093, 532.0, 3900, 2200, 131),
(242.7571830000088, 4094, 532.0, 3900, 2200, 132),
(242.8080040000059, 4095, 532.0, 3900, 2200, 133),
(242.86031800000637, 4096, 532.0, 3900, 2200, 134),
(242.917861000009, 4097, 532.0, 3900, 2200, 135),
(242.9647100000002, 4098, 532.0, 3900, 2200, 136),
(243.0154659999971, 4099, 532.0, 3900, 2200, 137),
(243.07344600000943, 4100, 532.0, 3900, 2200, 138),
(243.12194199999794, 4101, 532.0, 3900, 2200, 139),
(243.16645800000697, 4102, 532.0, 3900, 2200, 140),
(243.20955200000026, 4103, 532.0, 3900, 2200, 141),
(243.25187999999616, 4104, 532.0, 3900, 2200, 142),
(243.29021900000225, 4105, 532.0, 3900, 2200, 143),
(243.32894099999976, 4106, 532.0, 3900, 2200, 144),
(243.36747100000503, 4107, 532.0, 3900, 2200, 145),
(243.40806800000428, 4108, 532.0, 3900, 2200, 146),
(243.44780300000275, 4109, 532.0, 3900, 2200, 147),
(243.49284000000625, 4110, 532.0, 3900, 2200, 148),
(243.53477700000803, 4111, 532.0, 3900, 2200, 149),
(243.57813799999713, 4112, 532.0, 3900, 2200, 150),
(243.61850500000583, 4113, 532.0, 3900, 2200, 151),
(243.66086600000563, 4114, 532.0, 3900, 2200, 152),
(243.69946699999855, 4115, 527.0, 3900, 2300, 112),
(243.7503629999992, 4116, 548.0, 3900, 2300, 113),
(243.80224800000724, 4117, 532.0, 3900, 2300, 114),
(243.85577999999805, 4118, 532.0, 3900, 2300, 115),
(244.03123700000287, 4121, 532.0, 3900, 2300, 118),
(244.07301200000802, 4122, 551.0, 3900, 2300, 119),
(244.11316200000874, 4123, 531.0, 3900, 2300, 120),
(244.30548799999815, 4126, 532.0, 3900, 2300, 123),
(244.34712099999888, 4127, 547.0, 3900, 2300, 124),
(244.4692309999955, 4129, 532.0, 3900, 2300, 126),
(244.50799199999892, 4130, 532.0, 3900, 2300, 127),
(244.54980900000373, 4131, 532.0, 3900, 2300, 128),
(244.5994420000061, 4132, 617.0, 3900, 2300, 129),
(244.649516999998, 4133, 532.0, 3900, 2300, 130),
(244.68984400000772, 4134, 531.0, 3900, 2300, 131),
(244.88615400000708, 4136, 532.0, 3900, 2300, 133),
(252.53875700000208, 4137, 532.0, 3900, 2300, 134),
(252.59258599999885, 4138, 287.0, 3900, 2300, 135),
(252.63104700000258, 4139, 283.0, 3900, 2300, 136),
(252.74520299999858, 4141, 532.0, 3900, 2300, 138),
(260.33463199999824, 4142, 609.0, 3900, 2300, 139),
(260.3808540000027, 4143, 595.0, 3900, 2300, 140),
(260.43522500000836, 4144, 614.0, 3900, 2300, 141),
(260.48261900000216, 4145, 530.0, 3900, 2300, 142),
(260.58333700000367, 4147, 532.0, 3900, 2300, 144),
(260.6272949999984, 4148, 589.0, 3900, 2300, 145),
(260.67697800000315, 4149, 532.0, 3900, 2300, 146),
(260.7210710000072, 4150, 535.0, 3900, 2300, 147),
(260.948556000003, 4153, 282.0, 3900, 2300, 150),
(261.0496870000061, 4155, 532.0, 3900, 2300, 152),
(261.08476399999927, 4156, 532.0, 3900, 2300, 113),
(261.1193360000034, 4157, 532.0, 3900, 2300, 114),
(261.2051910000009, 4159, 532.0, 3900, 2300, 116),
(261.2501020000054, 4160, 534.0, 3900, 2300, 117),
(261.29572700000426, 4161, 551.0, 3900, 2300, 118),
(261.3422770000034, 4162, 532.0, 3900, 2300, 119),
(261.3890590000083, 4163, 530.0, 3900, 2300, 120),
(269.32667599999695, 4167, 532.0, 3900, 2300, 124),
(276.8689580000064, 4168, 532.0, 3900, 2300, 125),
(276.91397799999686, 4169, 532.0, 3900, 2300, 126),
(276.96160199999576, 4170, 552.0, 3900, 2300, 127),
(277.00446999999986, 4171, 532.0, 3900, 2300, 128),
(277.0560689999984, 4172, 528.0, 3900, 2300, 129),
(277.1091840000008, 4173, 532.0, 3900, 2300, 130),
(277.15907799999695, 4174, 532.0, 3900, 2300, 131),
(277.2184110000089, 4175, 532.0, 3900, 2300, 132),
(277.42979399999604, 4177, 533.0, 3900, 2300, 134),
(285.0359069999977, 4178, 532.0, 3900, 2300, 135),
(285.0784410000051, 4179, 287.0, 3900, 2300, 136),
(285.1227599999984, 4180, 282.0, 3900, 2300, 137),
(285.16241200000513, 4181, 531.0, 3900, 2300, 138),
(285.2013880000013, 4182, 532.0, 3900, 2300, 139),
(285.24820100000943, 4183, 596.0, 3900, 2300, 140),
(285.2926480000024, 4184, 613.0, 3900, 2300, 141),
(285.34271500000614, 4185, 531.0, 3900, 2300, 142),
(285.3842330000043, 4186, 531.0, 3900, 2300, 143),
(285.4245820000069, 4187, 610.0, 3900, 2300, 144),
(285.46229799999855, 4188, 589.0, 3900, 2300, 145),
(285.50069300000905, 4189, 532.0, 3900, 2300, 146),
(285.5469359999988, 4190, 282.0, 3900, 2300, 147),
(285.5902700000006, 4191, 531.0, 3900, 2300, 148),
(285.6300199999969, 4192, 283.0, 3900, 2300, 149),
(285.66998000000603, 4193, 283.0, 3900, 2300, 150),
(285.7174769999983, 4194, 532.0, 3900, 2300, 151),
(285.84515900000406, 4196, 532.0, 3900, 2300, 113),
(285.90013599999656, 4197, 527.0, 3900, 2300, 114),
(285.948138000007, 4198, 532.0, 3900, 2300, 115),
(285.99223699999857, 4199, 532.0, 3900, 2300, 116),
(286.10497800000303, 4201, 532.0, 3900, 2300, 118),
(286.1484369999962, 4202, 552.0, 3900, 2300, 119),
(286.203588999997, 4203, 531.0, 3900, 2300, 120),
(286.30922300000384, 4205, 530.0, 3900, 2300, 122),
(286.4206070000073, 4207, 552.0, 3900, 2300, 124),
(286.5442790000088, 4209, 528.0, 3900, 2300, 126),
(286.5887240000011, 4210, 527.0, 3900, 2300, 127),
(286.6316119999974, 4211, 532.0, 3900, 2300, 128),
(286.67824799999653, 4212, 532.0, 3900, 2300, 129),
(286.7187169999961, 4213, 531.0, 3900, 2300, 130),
(286.8320620000013, 4215, 532.0, 3900, 2300, 132),
(286.8714670000045, 4216, 532.0, 3900, 2300, 133),
(286.91584200000216, 4217, 530.0, 3900, 2300, 134),
(286.95489900000393, 4218, 282.0, 3900, 2300, 135),
(287.14875900000334, 4220, 532.0, 3900, 2300, 137),
(294.81757800000196, 4221, 549.0, 3900, 2300, 138),
(294.8687979999959, 4222, 613.0, 3900, 2300, 139),
(294.90941900000325, 4223, 596.0, 3900, 2300, 140),
(294.9575440000044, 4224, 613.0, 3900, 2300, 141),
(294.9971099999966, 4225, 530.0, 3900, 2300, 142),
(295.04325800000515, 4226, 532.0, 3900, 2300, 143),
(295.1690380000073, 4228, 589.0, 3900, 2300, 145),
(295.2212109999964, 4229, 283.0, 3900, 2300, 146),
(295.34397300001, 4231, 532.0, 3900, 2300, 148),
(295.39149000000907, 4232, 283.0, 3900, 2300, 149),
(295.44194699999935, 4233, 532.0, 3900, 2300, 150),
(295.49631200000294, 4234, 532.0, 3900, 2300, 151),
(295.6164790000039, 4236, 527.0, 3900, 2400, 112),
(295.7301410000073, 4238, 527.0, 3900, 2400, 114),
(295.8513329999987, 4240, 530.0, 3900, 2400, 116),
(295.97243300000264, 4242, 530.0, 3900, 2400, 118),
(296.010552000007, 4243, 529.0, 3900, 2400, 119),
(296.05836100000306, 4244, 530.0, 3900, 2400, 120),
(296.1932749999978, 4246, 530.0, 3900, 2400, 122),
(296.32037300000957, 4248, 530.0, 3900, 2400, 124),
(296.4628340000054, 4250, 527.0, 3900, 2400, 126),
(296.5904670000018, 4252, 527.0, 3900, 2400, 128),
(296.71994700000505, 4254, 530.0, 3900, 2400, 130),
(296.8282259999978, 4256, 530.0, 3900, 2400, 132),
(296.9534710000007, 4258, 530.0, 3900, 2400, 134),
(296.99659700000484, 4259, 282.0, 3900, 2400, 135),
(297.05082299999776, 4260, 530.0, 3900, 2400, 136),
(297.10964700000477, 4261, 282.0, 3900, 2400, 137),
(297.1566210000019, 4262, 595.0, 3900, 2400, 138),
(297.26284399999713, 4264, 595.0, 3900, 2400, 140),
(297.38936600000306, 4266, 530.0, 3900, 2400, 142),
(297.43346500000916, 4267, 589.0, 3900, 2400, 143),
(297.48603100000764, 4268, 530.0, 3900, 2400, 144),
(297.52841700000863, 4269, 589.0, 3900, 2400, 145),
(297.56958199999644, 4270, 530.0, 3900, 2400, 146),
(297.60653200000525, 4271, 282.0, 3900, 2400, 147),
(297.64661999999953, 4272, 282.0, 3900, 2400, 148),
(297.7488030000095, 4274, 282.0, 3900, 2400, 150),
(297.8603960000037, 4276, 592.0, 3900, 2400, 152),
(297.97218799999973, 4278, 527.0, 3900, 2400, 114),
(298.0846739999979, 4280, 530.0, 3900, 2400, 116),
(298.19141300000774, 4282, 530.0, 3900, 2400, 118),
(298.2427480000042, 4283, 529.0, 3900, 2400, 119),
(298.29693399999815, 4284, 530.0, 3900, 2400, 120),
(298.41920400000527, 4286, 530.0, 3900, 2400, 122),
(298.5307770000072, 4288, 530.0, 3900, 2400, 124),
(298.64431600000535, 4290, 527.0, 3900, 2400, 126),
(298.7705799999967, 4292, 527.0, 3900, 2400, 128),
(298.88034800000605, 4294, 530.0, 3900, 2400, 130),
(299.0098580000049, 4296, 530.0, 3900, 2400, 132),
(299.11387300000933, 4298, 530.0, 3900, 2400, 134),
(299.16692299999704, 4299, 282.0, 3900, 2400, 135),
(299.2227300000086, 4300, 530.0, 3900, 2400, 136),
(299.2723629999964, 4301, 282.0, 3900, 2400, 137),
(299.3165030000091, 4302, 595.0, 3900, 2400, 138),
(299.424085000006, 4304, 595.0, 3900, 2400, 140),
(299.54976200000965, 4306, 530.0, 3900, 2400, 142),
(299.60114800000156, 4307, 589.0, 3900, 2400, 143),
(299.650244000004, 4308, 530.0, 3900, 2400, 144),
(299.69696499999554, 4309, 592.0, 3900, 2400, 145),
(299.75061400000413, 4310, 530.0, 3900, 2400, 146),
(299.7936550000013, 4311, 282.0, 3900, 2400, 147),
(299.83288699999684, 4312, 282.0, 3900, 2400, 148),
(299.95272800000384, 4314, 282.0, 3900, 2400, 150),
(300.0632020000048, 4316, 592.0, 3900, 2400, 152),
(300.19002100000216, 4318, 527.0, 3900, 2400, 114),
(300.30840100000205, 4320, 530.0, 3900, 2400, 116),
(300.4257260000013, 4322, 530.0, 3900, 2400, 118),
(300.47725500000524, 4323, 529.0, 3900, 2400, 119),
(300.53283999999985, 4324, 530.0, 3900, 2400, 120),
(300.65033600000606, 4326, 530.0, 3900, 2400, 122),
(300.7807699999976, 4328, 530.0, 3900, 2400, 124),
(300.8868550000043, 4330, 527.0, 3900, 2400, 126),
(300.9980080000096, 4332, 527.0, 3900, 2400, 128),
(301.11421600000176, 4334, 530.0, 3900, 2400, 130),
(301.2114419999998, 4336, 530.0, 3900, 2400, 132),
(301.3208089999971, 4338, 530.0, 3900, 2400, 134),
(301.36228899999696, 4339, 282.0, 3900, 2400, 135),
(301.4169649999967, 4340, 530.0, 3900, 2400, 136),
(301.4652380000043, 4341, 282.0, 3900, 2400, 137),
(301.5239949999959, 4342, 595.0, 3900, 2400, 138),
(301.663830999998, 4344, 595.0, 3900, 2400, 140),
(301.8087769999984, 4346, 530.0, 3900, 2400, 142),
(301.85978199999954, 4347, 589.0, 3900, 2400, 143),
(301.9122170000046, 4348, 530.0, 3900, 2400, 144),
(301.96178900000814, 4349, 589.0, 3900, 2400, 145),
(302.00027899999986, 4350, 530.0, 3900, 2400, 146),
(302.041498999999, 4351, 282.0, 3900, 2400, 147),
(302.0907680000091, 4352, 282.0, 3900, 2400, 148),
(302.19706400000723, 4354, 282.0, 3900, 2400, 150),
(302.3194130000047, 4356, 592.0, 3900, 2400, 152),
(302.36945100000594, 4357, 527.0, 3900, 2500, 112),
(302.46928299999854, 4359, 530.0, 3900, 2500, 114),
(302.5858540000045, 4361, 530.0, 3900, 2500, 116),
(302.6980820000026, 4363, 530.0, 3900, 2500, 118),
(302.7607660000067, 4364, 530.0, 3900, 2500, 119),
(302.80413899999985, 4365, 530.0, 3900, 2500, 120),
(302.9162090000027, 4367, 530.0, 3900, 2500, 122),
(303.023297000007, 4369, 530.0, 3900, 2500, 124),
(303.150284000003, 4371, 527.0, 3900, 2500, 126),
(303.2897820000071, 4373, 530.0, 3900, 2500, 128),
(303.41268500000297, 4375, 530.0, 3900, 2500, 130),
(303.539592000001, 4377, 530.0, 3900, 2500, 132),
(303.6494170000078, 4379, 530.0, 3900, 2500, 134),
(303.70205700000224, 4380, 282.0, 3900, 2500, 135),
(303.74945099999604, 4381, 530.0, 3900, 2500, 136),
(303.7896219999966, 4382, 282.0, 3900, 2500, 137),
(303.8279600000096, 4383, 595.0, 3900, 2500, 138),
(303.92720800000825, 4385, 1832.0, 3900, 2500, 140),
(303.9659820000088, 4386, 530.0, 3900, 2500, 141),
(304.01073599999654, 4387, 530.0, 3900, 2500, 142),
(304.0495860000083, 4388, 592.0, 3900, 2500, 143),
(304.0882430000056, 4389, 530.0, 3900, 2500, 144),
(304.12973899999633, 4390, 592.0, 3900, 2500, 145),
(304.1671769999957, 4391, 530.0, 3900, 2500, 146),
(304.2116420000093, 4392, 282.0, 3900, 2500, 147),
(304.25364199999603, 4393, 282.0, 3900, 2500, 148),
(304.2942089999997, 4394, 530.0, 3900, 2500, 149),
(304.4079750000092, 4396, 530.0, 3900, 2500, 151),
(304.4646530000027, 4397, 592.0, 3900, 2500, 152),
(304.59093800000846, 4399, 530.0, 3900, 2500, 114),
(304.7075929999992, 4401, 530.0, 3900, 2500, 116),
(304.84398299999884, 4403, 530.0, 3900, 2500, 118),
(304.89792899999884, 4404, 530.0, 3900, 2500, 119),
(304.94941400000243, 4405, 530.0, 3900, 2500, 120),
(305.06222200000775, 4407, 530.0, 3900, 2500, 122),
(305.1744449999969, 4409, 530.0, 3900, 2500, 124),
(305.27881000000343, 4411, 527.0, 3900, 2500, 126),
(305.382706999997, 4413, 530.0, 3900, 2500, 128),
(305.5015320000093, 4415, 530.0, 3900, 2500, 130),
(305.6140310000046, 4417, 530.0, 3900, 2500, 132),
(305.6598260000028, 4418, 530.0, 3900, 2500, 133),
(305.70373599999584, 4419, 530.0, 3900, 2500, 134),
(305.753383999996, 4420, 282.0, 3900, 2500, 135),
(305.79648499999894, 4421, 530.0, 3900, 2500, 136),
(305.83665800000017, 4422, 282.0, 3900, 2500, 137),
(305.8882120000053, 4423, 595.0, 3900, 2500, 138),
(306.0112919999956, 4425, 1832.0, 3900, 2500, 140),
(306.0591770000028, 4426, 530.0, 3900, 2500, 141),
(306.10215099999914, 4427, 530.0, 3900, 2500, 142),
(306.1564170000056, 4428, 592.0, 3900, 2500, 143),
(306.19879599999695, 4429, 530.0, 3900, 2500, 144),
(306.24930100000347, 4430, 592.0, 3900, 2500, 145),
(306.2909270000091, 4431, 530.0, 3900, 2500, 146),
(306.3303569999989, 4432, 282.0, 3900, 2500, 147),
(306.3774790000025, 4433, 282.0, 3900, 2500, 148),
(306.42320800000743, 4434, 530.0, 3900, 2500, 149),
(306.52813900000183, 4436, 530.0, 3900, 2500, 151),
(306.5706179999979, 4437, 592.0, 3900, 2500, 152),
(306.6929899999959, 4439, 530.0, 3900, 2500, 114),
(306.804283999998, 4441, 530.0, 3900, 2500, 116),
(306.9161129999993, 4443, 530.0, 3900, 2500, 118),
(306.9604459999973, 4444, 530.0, 3900, 2500, 119),
(307.0036839999957, 4445, 530.0, 3900, 2500, 120),
(307.1198390000063, 4447, 530.0, 3900, 2500, 122),
(307.2374490000075, 4449, 530.0, 3900, 2500, 124),
(307.36447300000873, 4451, 527.0, 3900, 2500, 126),
(307.47657500000787, 4453, 530.0, 3900, 2500, 128),
(307.59297199999855, 4455, 530.0, 3900, 2500, 130),
(307.7091070000024, 4457, 530.0, 3900, 2500, 132),
(307.75091099999554, 4458, 530.0, 3900, 2500, 133),
(307.8024540000042, 4459, 530.0, 3900, 2500, 134),
(307.8474620000052, 4460, 282.0, 3900, 2500, 135),
(307.8979090000066, 4461, 530.0, 3900, 2500, 136),
(307.9420010000031, 4462, 282.0, 3900, 2500, 137),
(307.9963030000072, 4463, 595.0, 3900, 2500, 138),
(308.1293560000049, 4465, 1832.0, 3900, 2500, 140),
(308.17618900000525, 4466, 530.0, 3900, 2500, 141),
(308.22889500000747, 4467, 530.0, 3900, 2500, 142),
(308.2728610000049, 4468, 592.0, 3900, 2500, 143),
(308.3256330000004, 4469, 530.0, 3900, 2500, 144),
(308.3712039999955, 4470, 592.0, 3900, 2500, 145),
(308.42687199999637, 4471, 530.0, 3900, 2500, 146),
(308.48141799999576, 4472, 282.0, 3900, 2500, 147),
(308.52607700000226, 4473, 282.0, 3900, 2500, 148),
(308.7088650000078, 4476, 530.0, 3900, 2500, 151),
(308.75327699999616, 4477, 592.0, 3900, 2500, 152),
(308.8010349999968, 4478, 527.0, 3900, 2600, 112),
(308.92205400000967, 4480, 527.0, 3900, 2600, 114),
(309.0292800000025, 4482, 530.0, 3900, 2600, 116),
(309.1402950000047, 4484, 530.0, 3900, 2600, 118),
(309.185037999996, 4485, 529.0, 3900, 2600, 119),
(309.23756700000376, 4486, 530.0, 3900, 2600, 120),
(309.3637350000063, 4488, 530.0, 3900, 2600, 122),
(309.484804000007, 4490, 530.0, 3900, 2600, 124),
(309.59793000000354, 4492, 527.0, 3900, 2600, 126),
(309.7127460000047, 4494, 527.0, 3900, 2600, 128),
(309.8399150000041, 4496, 530.0, 3900, 2600, 130),
(309.9611430000077, 4498, 530.0, 3900, 2600, 132),
(310.0713950000063, 4500, 530.0, 3900, 2600, 134),
(310.11353699999745, 4501, 282.0, 3900, 2600, 135),
(310.1745349999983, 4502, 530.0, 3900, 2600, 136),
(310.22580899999593, 4503, 282.0, 3900, 2600, 137),
(310.27895000000717, 4504, 595.0, 3900, 2600, 138),
(310.39180500000657, 4506, 595.0, 3900, 2600, 140),
(310.50848800000676, 4508, 530.0, 3900, 2600, 142),
(310.5589340000006, 4509, 589.0, 3900, 2600, 143),
(310.6078689999995, 4510, 530.0, 3900, 2600, 144),
(310.65697500000533, 4511, 589.0, 3900, 2600, 145),
(310.71052600000985, 4512, 530.0, 3900, 2600, 146),
(310.76187899999786, 4513, 282.0, 3900, 2600, 147),
(310.8094410000049, 4514, 282.0, 3900, 2600, 148),
(310.91921999999613, 4516, 282.0, 3900, 2600, 150),
(311.0299720000039, 4518, 592.0, 3900, 2600, 152),
(311.1291889999993, 4520, 527.0, 3900, 2600, 114),
(311.22927500000515, 4522, 530.0, 3900, 2600, 116),
(311.3346049999964, 4524, 530.0, 3900, 2600, 118),
(311.3787560000055, 4525, 529.0, 3900, 2600, 119),
(311.4210049999965, 4526, 530.0, 3900, 2600, 120),
(311.528925000006, 4528, 530.0, 3900, 2600, 122),
(311.65109500000835, 4530, 530.0, 3900, 2600, 124),
(311.7835790000099, 4532, 527.0, 3900, 2600, 126),
(311.88723700000264, 4534, 527.0, 3900, 2600, 128),
(311.9877390000038, 4536, 530.0, 3900, 2600, 130),
(312.0918740000052, 4538, 530.0, 3900, 2600, 132),
(312.20663200000126, 4540, 530.0, 3900, 2600, 134),
(312.25389300000097, 4541, 282.0, 3900, 2600, 135),
(312.29704499999934, 4542, 530.0, 3900, 2600, 136),
(312.34240700000373, 4543, 282.0, 3900, 2600, 137),
(312.3874599999981, 4544, 595.0, 3900, 2600, 138),
(312.51256000000285, 4546, 595.0, 3900, 2600, 140),
(312.63645600000746, 4548, 530.0, 3900, 2600, 142),
(312.68880499999796, 4549, 589.0, 3900, 2600, 143),
(312.7328899999993, 4550, 530.0, 3900, 2600, 144),
(312.7900910000026, 4551, 592.0, 3900, 2600, 145),
(312.83591900000465, 4552, 530.0, 3900, 2600, 146),
(312.8819210000074, 4553, 282.0, 3900, 2600, 147),
(312.9345180000091, 4554, 282.0, 3900, 2600, 148),
(313.05262299999595, 4556, 282.0, 3900, 2600, 150),
(313.09459100000095, 4557, 530.0, 3900, 2600, 151),
(313.13771900000575, 4558, 592.0, 3900, 2600, 152),
(313.24785800000245, 4560, 527.0, 3900, 2600, 114),
(313.3474730000016, 4562, 530.0, 3900, 2600, 116),
(313.44590400000743, 4564, 530.0, 3900, 2600, 118),
(313.48988700000336, 4565, 529.0, 3900, 2600, 119),
(313.5284340000071, 4566, 530.0, 3900, 2600, 120),
(313.62297900000704, 4568, 530.0, 3900, 2600, 122),
(313.7315640000015, 4570, 530.0, 3900, 2600, 124),
(313.83977200000663, 4572, 527.0, 3900, 2600, 126),
(313.9381859999994, 4574, 527.0, 3900, 2600, 128),
(314.0394590000069, 4576, 530.0, 3900, 2600, 130),
(314.13453900000604, 4578, 530.0, 3900, 2600, 132),
(314.24118799999997, 4580, 530.0, 3900, 2600, 134),
(314.2793340000062, 4581, 282.0, 3900, 2600, 135),
(314.3194690000091, 4582, 530.0, 3900, 2600, 136),
(314.36242499999935, 4583, 282.0, 3900, 2600, 137),
(314.4024710000085, 4584, 595.0, 3900, 2600, 138),
(314.505422000002, 4586, 595.0, 3900, 2600, 140),
(314.59945300000254, 4588, 530.0, 3900, 2600, 142),
(314.6409899999999, 4589, 589.0, 3900, 2600, 143),
(314.68440399999963, 4590, 530.0, 3900, 2600, 144),
(314.72526300000027, 4591, 589.0, 3900, 2600, 145),
(314.76548499999626, 4592, 530.0, 3900, 2600, 146),
(314.8090369999991, 4593, 282.0, 3900, 2600, 147),
(314.8510490000044, 4594, 282.0, 3900, 2600, 148),
(314.9477270000061, 4596, 282.0, 3900, 2600, 150),
(314.9912699999986, 4597, 530.0, 3900, 2600, 151),
(315.0339490000042, 4598, 592.0, 3900, 2600, 152),
(315.07356800000707, 4599, 527.0, 3900, 2700, 112),
(315.1683449999982, 4601, 527.0, 3900, 2700, 114),
(315.2732879999967, 4603, 530.0, 3900, 2700, 116),
(315.3703990000067, 4605, 530.0, 3900, 2700, 118),
(315.4110809999984, 4606, 529.0, 3900, 2700, 119),
(315.44958100000804, 4607, 530.0, 3900, 2700, 120),
(315.5511700000061, 4609, 530.0, 3900, 2700, 122),
(315.64884399999573, 4611, 530.0, 3900, 2700, 124),
(315.7605889999977, 4613, 527.0, 3900, 2700, 126),
(315.8649069999956, 4615, 527.0, 3900, 2700, 128),
(315.96495200000936, 4617, 530.0, 3900, 2700, 130),
(316.06425599999784, 4619, 530.0, 3900, 2700, 132),
(316.1604890000017, 4621, 530.0, 3900, 2700, 134),
(316.2000970000081, 4622, 282.0, 3900, 2700, 135),
(316.2399890000088, 4623, 530.0, 3900, 2700, 136),
(316.27986700000474, 4624, 282.0, 3900, 2700, 137),
(316.3204970000079, 4625, 595.0, 3900, 2700, 138),
(316.41931500000646, 4627, 595.0, 3900, 2700, 140),
(316.52538400000776, 4629, 530.0, 3900, 2700, 142),
(316.5675130000018, 4630, 589.0, 3900, 2700, 143),
(316.6150869999983, 4631, 530.0, 3900, 2700, 144),
(316.66535300000396, 4632, 589.0, 3900, 2700, 145),
(316.7116820000083, 4633, 530.0, 3900, 2700, 146),
(316.76824200000556, 4634, 282.0, 3900, 2700, 147),
(316.8262439999962, 4635, 282.0, 3900, 2700, 148),
(316.93893200000457, 4637, 282.0, 3900, 2700, 150),
(317.0391079999972, 4639, 592.0, 3900, 2700, 152),
(317.14703200000804, 4641, 527.0, 3900, 2700, 114),
(317.2423300000082, 4643, 530.0, 3900, 2700, 116),
(317.33778800000437, 4645, 530.0, 3900, 2700, 118),
(317.37642400000186, 4646, 529.0, 3900, 2700, 119),
(317.4214639999991, 4647, 530.0, 3900, 2700, 120),
(317.5208560000028, 4649, 530.0, 3900, 2700, 122),
(317.6204890000081, 4651, 530.0, 3900, 2700, 124),
(317.7147030000051, 4653, 527.0, 3900, 2700, 126),
(317.8096840000071, 4655, 527.0, 3900, 2700, 128),
(317.91102100000717, 4657, 530.0, 3900, 2700, 130),
(318.02091800000926, 4659, 530.0, 3900, 2700, 132),
(318.12932900000305, 4661, 530.0, 3900, 2700, 134),
(318.16906200000085, 4662, 282.0, 3900, 2700, 135),
(318.20762300000933, 4663, 530.0, 3900, 2700, 136),
(318.25028200000816, 4664, 282.0, 3900, 2700, 137),
(318.29144400000223, 4665, 595.0, 3900, 2700, 138),
(318.3885900000023, 4667, 595.0, 3900, 2700, 140),
(318.4883039999986, 4669, 530.0, 3900, 2700, 142),
(318.530660000004, 4670, 589.0, 3900, 2700, 143),
(318.57465000000957, 4671, 530.0, 3900, 2700, 144),
(318.61609700000554, 4672, 589.0, 3900, 2700, 145),
(318.6568189999962, 4673, 530.0, 3900, 2700, 146),
(318.7004650000017, 4674, 282.0, 3900, 2700, 147),
(318.7440750000096, 4675, 282.0, 3900, 2700, 148),
(318.8584800000099, 4677, 282.0, 3900, 2700, 150),
(318.96133000000555, 4679, 592.0, 3900, 2700, 152),
(319.066439000002, 4681, 527.0, 3900, 2700, 114),
(319.1673870000086, 4683, 530.0, 3900, 2700, 116),
(319.2667710000096, 4685, 530.0, 3900, 2700, 118),
(319.30443400000513, 4686, 529.0, 3900, 2700, 119),
(319.34392800000205, 4687, 530.0, 3900, 2700, 120),
(319.4487650000083, 4689, 530.0, 3900, 2700, 122),
(319.5441339999961, 4691, 530.0, 3900, 2700, 124),
(319.6477390000073, 4693, 527.0, 3900, 2700, 126),
(319.7507980000082, 4695, 527.0, 3900, 2700, 128),
(319.85937200000626, 4697, 530.0, 3900, 2700, 130),
(319.97127799999726, 4699, 530.0, 3900, 2700, 132),
(320.07970499999647, 4701, 530.0, 3900, 2700, 134),
(320.11798000001, 4702, 282.0, 3900, 2700, 135),
(320.15934900000866, 4703, 530.0, 3900, 2700, 136),
(320.20832400000654, 4704, 282.0, 3900, 2700, 137),
(320.2506229999999, 4705, 595.0, 3900, 2700, 138),
(320.29090700000233, 4706, 595.0, 3900, 2700, 139),
(328.5165160000033, 4709, 530.0, 3900, 2700, 142),
(328.5599369999982, 4710, 589.0, 3900, 2700, 143),
(328.60059100000944, 4711, 530.0, 3900, 2700, 144),
(328.64280499999586, 4712, 589.0, 3900, 2700, 145),
(328.6865439999965, 4713, 530.0, 3900, 2700, 146),
(328.7343990000081, 4714, 282.0, 3900, 2700, 147),
(328.78750500000024, 4715, 282.0, 3900, 2700, 148),
(328.911082000006, 4717, 282.0, 3900, 2700, 150),
(329.0207320000045, 4719, 592.0, 3900, 2700, 152),
(329.0615459999972, 4720, 527.0, 3900, 2800, 112),
(329.1715419999964, 4722, 527.0, 3900, 2800, 114),
(329.2893299999996, 4724, 530.0, 3900, 2800, 116),
(329.40762100000575, 4726, 530.0, 3900, 2800, 118),
(329.45186500001, 4727, 529.0, 3900, 2800, 119),
(329.50668099999893, 4728, 530.0, 3900, 2800, 120),
(329.6358970000001, 4730, 530.0, 3900, 2800, 122),
(329.7689090000058, 4732, 530.0, 3900, 2800, 124),
(329.8718450000015, 4734, 527.0, 3900, 2800, 126),
(329.9952820000035, 4736, 527.0, 3900, 2800, 128),
(330.1109670000005, 4738, 530.0, 3900, 2800, 130),
(330.2039880000084, 4740, 530.0, 3900, 2800, 132),
(330.3092590000015, 4742, 530.0, 3900, 2800, 134),
(330.34996800000954, 4743, 282.0, 3900, 2800, 135),
(330.3911630000075, 4744, 530.0, 3900, 2800, 136),
(330.433566000007, 4745, 282.0, 3900, 2800, 137),
(330.4740299999976, 4746, 595.0, 3900, 2800, 138),
(330.57787200000894, 4748, 595.0, 3900, 2800, 140),
(330.68375700000615, 4750, 530.0, 3900, 2800, 142),
(330.7304700000095, 4751, 589.0, 3900, 2800, 143),
(330.77137600000424, 4752, 530.0, 3900, 2800, 144),
(330.8289420000074, 4753, 589.0, 3900, 2800, 145),
(330.87881599999673, 4754, 530.0, 3900, 2800, 146),
(330.92304100000183, 4755, 282.0, 3900, 2800, 147),
(330.9654089999967, 4756, 282.0, 3900, 2800, 148),
(331.06488000000536, 4758, 282.0, 3900, 2800, 150),
(331.18880600000557, 4760, 592.0, 3900, 2800, 152),
(331.3034330000082, 4762, 527.0, 3900, 2800, 114),
(331.41055600000254, 4764, 530.0, 3900, 2800, 116),
(331.5103850000014, 4766, 530.0, 3900, 2800, 118),
(331.5515860000014, 4767, 529.0, 3900, 2800, 119),
(331.6007660000032, 4768, 530.0, 3900, 2800, 120),
(331.70767600000545, 4770, 530.0, 3900, 2800, 122),
(331.8358020000014, 4772, 530.0, 3900, 2800, 124),
(331.95296199999575, 4774, 527.0, 3900, 2800, 126),
(332.0768229999958, 4776, 527.0, 3900, 2800, 128),
(332.19254800000635, 4778, 530.0, 3900, 2800, 130),
(332.30290599999717, 4780, 530.0, 3900, 2800, 132),
(332.4202690000093, 4782, 530.0, 3900, 2800, 134),
(332.4695340000035, 4783, 282.0, 3900, 2800, 135),
(332.5191540000087, 4784, 530.0, 3900, 2800, 136),
(332.56806000000506, 4785, 282.0, 3900, 2800, 137),
(332.6151300000056, 4786, 595.0, 3900, 2800, 138),
(332.6580010000034, 4787, 595.0, 3900, 2800, 139),
(340.8902600000001, 4790, 530.0, 3900, 2800, 142),
(340.9302719999978, 4791, 589.0, 3900, 2800, 143),
(340.97309500000847, 4792, 530.0, 3900, 2800, 144),
(341.0104980000033, 4793, 589.0, 3900, 2800, 145),
(341.0486110000056, 4794, 530.0, 3900, 2800, 146),
(341.09354000000167, 4795, 282.0, 3900, 2800, 147),
(341.1471569999994, 4796, 282.0, 3900, 2800, 148),
(341.2581230000069, 4798, 282.0, 3900, 2800, 150),
(341.3573049999977, 4800, 592.0, 3900, 2800, 152),
(341.4516739999963, 4802, 527.0, 3900, 2800, 114),
(341.5461920000089, 4804, 530.0, 3900, 2800, 116),
(341.6594150000019, 4806, 530.0, 3900, 2800, 118),
(341.7027340000059, 4807, 529.0, 3900, 2800, 119),
(341.7400840000046, 4808, 530.0, 3900, 2800, 120),
(341.83722200000193, 4810, 530.0, 3900, 2800, 122),
(341.93625800000154, 4812, 530.0, 3900, 2800, 124),
(342.02613300000667, 4814, 527.0, 3900, 2800, 126),
(342.12116999999853, 4816, 527.0, 3900, 2800, 128),
(342.23037699999986, 4818, 530.0, 3900, 2800, 130),
(342.32850200000394, 4820, 530.0, 3900, 2800, 132),
(342.4374450000032, 4822, 530.0, 3900, 2800, 134),
(342.47627700000885, 4823, 282.0, 3900, 2800, 135),
(342.51476099999854, 4824, 530.0, 3900, 2800, 136),
(342.5599930000026, 4825, 282.0, 3900, 2800, 137),
(342.5964939999976, 4826, 595.0, 3900, 2800, 138),
(342.6335090000066, 4827, 595.0, 3900, 2800, 139),
(350.9456990000035, 4830, 530.0, 3900, 2800, 142),
(350.98423499999626, 4831, 589.0, 3900, 2800, 143),
(351.02152200001, 4832, 530.0, 3900, 2800, 144),
(351.0597370000032, 4833, 589.0, 3900, 2800, 145),
(351.10112000000663, 4834, 530.0, 3900, 2800, 146),
(351.14765199999965, 4835, 282.0, 3900, 2800, 147),
(351.1970450000081, 4836, 282.0, 3900, 2800, 148),
(351.31089300000167, 4838, 282.0, 3900, 2800, 150),
(351.40691800000786, 4840, 592.0, 3900, 2800, 152),
(351.4593359999999, 4841, 532.0, 3900, 2900, 112),
(351.5103769999987, 4842, 532.0, 3900, 2900, 113),
(351.5533770000038, 4843, 532.0, 3900, 2900, 114),
(351.6069530000095, 4844, 532.0, 3900, 2900, 115),
(351.6583790000004, 4845, 532.0, 3900, 2900, 116),
(351.7046560000017, 4846, 532.0, 3900, 2900, 117),
(351.7521260000067, 4847, 532.0, 3900, 2900, 118),
(351.8012949999975, 4848, 532.0, 3900, 2900, 119),
(351.84893799999554, 4849, 532.0, 3900, 2900, 120),
(351.8879469999956, 4850, 532.0, 3900, 2900, 121),
(351.9326010000077, 4851, 532.0, 3900, 2900, 122),
(351.9807240000082, 4852, 532.0, 3900, 2900, 123),
(352.0290160000004, 4853, 532.0, 3900, 2900, 124),
(352.0783539999975, 4854, 532.0, 3900, 2900, 125),
(352.12728600000264, 4855, 532.0, 3900, 2900, 126),
(352.18402600000263, 4856, 532.0, 3900, 2900, 127),
(352.2419130000053, 4857, 532.0, 3900, 2900, 128),
(352.2820139999967, 4858, 532.0, 3900, 2900, 129),
(352.31985200000054, 4859, 532.0, 3900, 2900, 130),
(352.3790410000074, 4860, 532.0, 3900, 2900, 131),
(352.4368720000057, 4861, 532.0, 3900, 2900, 132),
(352.4879590000055, 4862, 532.0, 3900, 2900, 133),
(352.52969999999914, 4863, 532.0, 3900, 2900, 134),
(352.5697099999961, 4864, 532.0, 3900, 2900, 135),
(352.60914400000183, 4865, 532.0, 3900, 2900, 136),
(352.6466240000009, 4866, 532.0, 3900, 2900, 137),
(352.68497000000207, 4867, 532.0, 3900, 2900, 138),
(352.72535799999605, 4868, 532.0, 3900, 2900, 139),
(352.76510000000417, 4869, 532.0, 3900, 2900, 140),
(352.80928600000334, 4870, 532.0, 3900, 2900, 141),
(352.850099999996, 4871, 532.0, 3900, 2900, 142),
(352.890962999998, 4872, 532.0, 3900, 2900, 143),
(352.9315009999991, 4873, 532.0, 3900, 2900, 144),
(352.9701780000032, 4874, 532.0, 3900, 2900, 145),
(353.0110149999964, 4875, 532.0, 3900, 2900, 146),
(353.0555719999975, 4876, 532.0, 3900, 2900, 147),
(353.0986810000031, 4877, 532.0, 3900, 2900, 148),
(353.1381720000063, 4878, 532.0, 3900, 2900, 149),
(353.18273300000874, 4879, 532.0, 3900, 2900, 150),
(353.2311449999979, 4880, 532.0, 3900, 2900, 151),
(353.28350299999875, 4881, 532.0, 3900, 2900, 152),
(353.3307460000069, 4882, 532.0, 3900, 2900, 113),
(353.3726900000038, 4883, 532.0, 3900, 2900, 114),
(353.42735700000776, 4884, 532.0, 3900, 2900, 115),
(353.47754600000917, 4885, 532.0, 3900, 2900, 116),
(353.5229709999985, 4886, 532.0, 3900, 2900, 117),
(353.56626400000823, 4887, 532.0, 3900, 2900, 118),
(353.6125239999965, 4888, 532.0, 3900, 2900, 119),
(353.6560739999986, 4889, 532.0, 3900, 2900, 120),
(353.7135249999992, 4890, 532.0, 3900, 2900, 121),
(353.7562540000072, 4891, 532.0, 3900, 2900, 122),
(353.80244200000016, 4892, 532.0, 3900, 2900, 123),
(353.8461830000015, 4893, 532.0, 3900, 2900, 124),
(353.8865930000029, 4894, 532.0, 3900, 2900, 125),
(353.93235699999786, 4895, 532.0, 3900, 2900, 126),
(353.97934600000735, 4896, 532.0, 3900, 2900, 127),
(354.023331999997, 4897, 532.0, 3900, 2900, 128),
(354.06557500000054, 4898, 532.0, 3900, 2900, 129),
(354.1105329999991, 4899, 532.0, 3900, 2900, 130),
(354.1524539999955, 4900, 532.0, 3900, 2900, 131),
(354.19580499999574, 4901, 532.0, 3900, 2900, 132),
(354.2360009999975, 4902, 532.0, 3900, 2900, 133),
(354.2779359999986, 4903, 532.0, 3900, 2900, 134),
(354.3288130000001, 4904, 532.0, 3900, 2900, 135),
(354.3772820000013, 4905, 532.0, 3900, 2900, 136),
(354.4251460000087, 4906, 532.0, 3900, 2900, 137),
(354.47540900000604, 4907, 532.0, 3900, 2900, 138),
(354.5189539999992, 4908, 532.0, 3900, 2900, 139),
(354.56565099999716, 4909, 532.0, 3900, 2900, 140),
(354.6135420000064, 4910, 532.0, 3900, 2900, 141),
(354.6681410000019, 4911, 532.0, 3900, 2900, 142),
(354.7137220000004, 4912, 532.0, 3900, 2900, 143),
(354.76343700000143, 4913, 532.0, 3900, 2900, 144),
(354.81272499999614, 4914, 532.0, 3900, 2900, 145),
(354.8603529999964, 4915, 532.0, 3900, 2900, 146),
(354.91404899999907, 4916, 532.0, 3900, 2900, 147),
(354.96305000000575, 4917, 532.0, 3900, 2900, 148),
(355.0112450000015, 4918, 532.0, 3900, 2900, 149),
(355.0545609999972, 4919, 532.0, 3900, 2900, 150),
(355.0966100000078, 4920, 532.0, 3900, 2900, 151),
(355.1434819999995, 4921, 532.0, 3900, 2900, 152),
(355.18525399999635, 4922, 532.0, 3900, 2900, 113),
(355.22583199999644, 4923, 532.0, 3900, 2900, 114),
(355.26571500000136, 4924, 532.0, 3900, 2900, 115),
(355.31163700000616, 4925, 532.0, 3900, 2900, 116),
(355.35613600000215, 4926, 532.0, 3900, 2900, 117),
(355.4063480000041, 4927, 532.0, 3900, 2900, 118),
(355.44957799999975, 4928, 532.0, 3900, 2900, 119),
(355.50275900001, 4929, 532.0, 3900, 2900, 120),
(355.5512909999961, 4930, 532.0, 3900, 2900, 121),
(355.60555900000327, 4931, 532.0, 3900, 2900, 122),
(355.65001199999824, 4932, 532.0, 3900, 2900, 123),
(355.7043490000069, 4933, 532.0, 3900, 2900, 124),
(355.75687800000014, 4934, 532.0, 3900, 2900, 125),
(355.80673399999796, 4935, 532.0, 3900, 2900, 126),
(355.8592510000017, 4936, 532.0, 3900, 2900, 127),
(355.9101620000001, 4937, 532.0, 3900, 2900, 128),
(355.95885599999747, 4938, 532.0, 3900, 2900, 129),
(356.00251400000707, 4939, 532.0, 3900, 2900, 130),
(356.04821999999695, 4940, 532.0, 3900, 2900, 131),
(356.09237399999984, 4941, 532.0, 3900, 2900, 132),
(356.14343300000473, 4942, 532.0, 3900, 2900, 133),
(356.1935470000026, 4943, 532.0, 3900, 2900, 134),
(356.23578400000406, 4944, 532.0, 3900, 2900, 135),
(356.28225699999894, 4945, 532.0, 3900, 2900, 136),
(356.34426900000835, 4946, 532.0, 3900, 2900, 137),
(356.39988399999856, 4947, 532.0, 3900, 2900, 138),
(356.4469459999964, 4948, 532.0, 3900, 2900, 139),
(356.4957940000022, 4949, 532.0, 3900, 2900, 140),
(356.54424299999664, 4950, 532.0, 3900, 2900, 141),
(356.5896710000088, 4951, 532.0, 3900, 2900, 142),
(356.6328460000077, 4952, 532.0, 3900, 2900, 143),
(356.6786920000013, 4953, 532.0, 3900, 2900, 144),
(356.7211459999962, 4954, 532.0, 3900, 2900, 145),
(356.76672700000927, 4955, 532.0, 3900, 2900, 146),
(356.8117510000011, 4956, 532.0, 3900, 2900, 147),
(356.86410700000124, 4957, 532.0, 3900, 2900, 148),
(356.9199110000045, 4958, 532.0, 3900, 2900, 149),
(356.96812400000636, 4959, 532.0, 3900, 2900, 150),
(357.0160380000016, 4960, 532.0, 3900, 2900, 151),
(357.065247999999, 4961, 532.0, 3900, 2900, 152),
(357.11721599999873, 4962, 530.0, 3900, 3000, 112),
(357.2401519999985, 4964, 530.0, 3900, 3000, 114),
(357.3615379999974, 4966, 530.0, 3900, 3000, 116),
(357.4058400000067, 4967, 530.0, 3900, 3000, 117),
(357.4552960000001, 4968, 530.0, 3900, 3000, 118),
(357.51038300000073, 4969, 530.0, 3900, 3000, 119),
(357.56654700000945, 4970, 530.0, 3900, 3000, 120),
(357.6128710000048, 4971, 530.0, 3900, 3000, 121),
(357.6640230000048, 4972, 530.0, 3900, 3000, 122),
(357.70803200000955, 4973, 530.0, 3900, 3000, 123),
(357.7595880000008, 4974, 530.0, 3900, 3000, 124),
(357.810639000003, 4975, 530.0, 3900, 3000, 125),
(357.85949000000255, 4976, 530.0, 3900, 3000, 126),
(357.9784020000079, 4978, 530.0, 3900, 3000, 128),
(358.0901969999977, 4980, 530.0, 3900, 3000, 130),
(358.13405500000226, 4981, 530.0, 3900, 3000, 131),
(358.1837830000004, 4982, 530.0, 3900, 3000, 132),
(358.23449000000255, 4983, 530.0, 3900, 3000, 133),
(358.2882200000022, 4984, 530.0, 3900, 3000, 134),
(358.3372810000001, 4985, 530.0, 3900, 3000, 135),
(358.3892690000066, 4986, 530.0, 3900, 3000, 136),
(358.44010100000014, 4987, 530.0, 3900, 3000, 137),
(358.4828439999983, 4988, 530.0, 3900, 3000, 138),
(358.5197610000032, 4989, 530.0, 3900, 3000, 139),
(358.56682100000035, 4990, 530.0, 3900, 3000, 140),
(358.60889699999825, 4991, 530.0, 3900, 3000, 141),
(358.6501399999979, 4992, 530.0, 3900, 3000, 142),
(358.6957229999971, 4993, 530.0, 3900, 3000, 143),
(358.7470810000086, 4994, 530.0, 3900, 3000, 144),
(358.7969770000054, 4995, 530.0, 3900, 3000, 145),
(358.8430700000026, 4996, 530.0, 3900, 3000, 146),
(358.88558699999703, 4997, 530.0, 3900, 3000, 147),
(358.9292540000024, 4998, 530.0, 3900, 3000, 148),
(358.97042800000054, 4999, 530.0, 3900, 3000, 149),
(359.0135549999977, 5000, 530.0, 3900, 3000, 150),
(359.057925000001, 5001, 530.0, 3900, 3000, 151),
(359.0942930000019, 5002, 530.0, 3900, 3000, 152),
(359.1926170000079, 5004, 530.0, 3900, 3000, 114),
(359.28769500000635, 5006, 530.0, 3900, 3000, 116),
(359.3308770000003, 5007, 530.0, 3900, 3000, 117),
(359.3768160000036, 5008, 530.0, 3900, 3000, 118),
(359.42194300000847, 5009, 530.0, 3900, 3000, 119),
(359.46333400000003, 5010, 530.0, 3900, 3000, 120),
(359.5124380000052, 5011, 530.0, 3900, 3000, 121),
(359.55664799999795, 5012, 530.0, 3900, 3000, 122),
(359.5995200000034, 5013, 530.0, 3900, 3000, 123),
(359.6419370000076, 5014, 530.0, 3900, 3000, 124),
(359.6830869999976, 5015, 530.0, 3900, 3000, 125),
(359.72638700000243, 5016, 530.0, 3900, 3000, 126),
(359.83420900000783, 5018, 530.0, 3900, 3000, 128),
(359.9404940000095, 5020, 530.0, 3900, 3000, 130),
(359.9906730000075, 5021, 530.0, 3900, 3000, 131),
(360.03773300000466, 5022, 530.0, 3900, 3000, 132),
(360.08182999999553, 5023, 530.0, 3900, 3000, 133),
(360.13672500000393, 5024, 530.0, 3900, 3000, 134),
(360.1830950000003, 5025, 530.0, 3900, 3000, 135),
(360.2278840000072, 5026, 530.0, 3900, 3000, 136),
(360.2720350000018, 5027, 530.0, 3900, 3000, 137),
(360.31212299999606, 5028, 530.0, 3900, 3000, 138),
(360.35080899999593, 5029, 530.0, 3900, 3000, 139),
(360.3897680000082, 5030, 530.0, 3900, 3000, 140),
(360.43254200000956, 5031, 530.0, 3900, 3000, 141),
(360.4773320000095, 5032, 530.0, 3900, 3000, 142),
(360.5163190000021, 5033, 530.0, 3900, 3000, 143),
(360.55805500000133, 5034, 530.0, 3900, 3000, 144),
(360.59742499999993, 5035, 530.0, 3900, 3000, 145),
(360.63659700000426, 5036, 530.0, 3900, 3000, 146),
(360.6729869999981, 5037, 530.0, 3900, 3000, 147),
(360.7111580000055, 5038, 530.0, 3900, 3000, 148),
(360.7542570000078, 5039, 530.0, 3900, 3000, 149),
(360.7945299999992, 5040, 530.0, 3900, 3000, 150),
(360.83635199999844, 5041, 530.0, 3900, 3000, 151),
(360.8814209999982, 5042, 530.0, 3900, 3000, 152),
(360.98133300000336, 5044, 530.0, 3900, 3000, 114),
(361.07764699999825, 5046, 530.0, 3900, 3000, 116),
(361.1172690000094, 5047, 530.0, 3900, 3000, 117),
(361.15711700000975, 5048, 530.0, 3900, 3000, 118),
(361.1952100000053, 5049, 530.0, 3900, 3000, 119),
(361.2336490000016, 5050, 530.0, 3900, 3000, 120),
(361.2761889999965, 5051, 530.0, 3900, 3000, 121),
(361.31360300000233, 5052, 530.0, 3900, 3000, 122),
(361.3545560000057, 5053, 530.0, 3900, 3000, 123),
(361.39537500000733, 5054, 530.0, 3900, 3000, 124),
(361.4326690000016, 5055, 530.0, 3900, 3000, 125),
(361.4704300000012, 5056, 530.0, 3900, 3000, 126),
(361.57570100000885, 5058, 530.0, 3900, 3000, 128),
(361.68999100000656, 5060, 530.0, 3900, 3000, 130),
(361.7335909999965, 5061, 530.0, 3900, 3000, 131),
(361.7775530000072, 5062, 530.0, 3900, 3000, 132),
(361.8289950000035, 5063, 530.0, 3900, 3000, 133),
(361.8708110000007, 5064, 530.0, 3900, 3000, 134),
(361.914420000001, 5065, 530.0, 3900, 3000, 135),
(361.95792000000074, 5066, 530.0, 3900, 3000, 136),
(361.99916200000735, 5067, 530.0, 3900, 3000, 137),
(362.0413439999975, 5068, 530.0, 3900, 3000, 138),
(362.08929299999727, 5069, 530.0, 3900, 3000, 139),
(362.14531800000987, 5070, 530.0, 3900, 3000, 140),
(362.19729599999846, 5071, 530.0, 3900, 3000, 141),
(362.24110400000063, 5072, 530.0, 3900, 3000, 142),
(362.2869420000061, 5073, 530.0, 3900, 3000, 143),
(362.3393240000005, 5074, 530.0, 3900, 3000, 144),
(362.3798000000097, 5075, 530.0, 3900, 3000, 145),
(362.4194310000021, 5076, 530.0, 3900, 3000, 146),
(362.4626960000023, 5077, 530.0, 3900, 3000, 147),
(362.50797600000806, 5078, 530.0, 3900, 3000, 148),
(362.5638659999968, 5079, 530.0, 3900, 3000, 149),
(362.6098869999987, 5080, 530.0, 3900, 3000, 150),
(362.65209499999764, 5081, 530.0, 3900, 3000, 151),
(362.69572000000335, 5082, 530.0, 3900, 3000, 152),
(362.74811699999555, 5083, 530.0, 3900, 3100, 112),
(362.7919070000062, 5084, 530.0, 3900, 3100, 113),
(362.82970800000476, 5085, 530.0, 3900, 3100, 114),
(362.8790169999993, 5086, 530.0, 3900, 3100, 115),
(362.9249300000083, 5087, 530.0, 3900, 3100, 116),
(362.9640369999979, 5088, 530.0, 3900, 3100, 117),
(363.011897999997, 5089, 530.0, 3900, 3100, 118),
(363.0595580000081, 5090, 530.0, 3900, 3100, 119),
(363.1037590000051, 5091, 530.0, 3900, 3100, 120),
(363.1506519999966, 5092, 530.0, 3900, 3100, 121),
(363.201144000006, 5093, 530.0, 3900, 3100, 122),
(363.2496870000032, 5094, 530.0, 3900, 3100, 123),
(363.28807300000335, 5095, 530.0, 3900, 3100, 124),
(363.3323590000073, 5096, 530.0, 3900, 3100, 125),
(363.3746700000047, 5097, 530.0, 3900, 3100, 126),
(363.42001800000435, 5098, 530.0, 3900, 3100, 127),
(363.46729400000186, 5099, 530.0, 3900, 3100, 128),
(363.5189820000087, 5100, 530.0, 3900, 3100, 129),
(363.5684270000056, 5101, 530.0, 3900, 3100, 130),
(363.62004799999704, 5102, 530.0, 3900, 3100, 131),
(363.67350299999816, 5103, 530.0, 3900, 3100, 132),
(363.72686000000976, 5104, 530.0, 3900, 3100, 133),
(363.78053800000635, 5105, 530.0, 3900, 3100, 134),
(363.83359900000505, 5106, 530.0, 3900, 3100, 135),
(363.8822070000024, 5107, 530.0, 3900, 3100, 136),
(363.92343199999596, 5108, 530.0, 3900, 3100, 137),
(363.9705879999965, 5109, 530.0, 3900, 3100, 138),
(364.0085170000093, 5110, 530.0, 3900, 3100, 139),
(364.053150000007, 5111, 530.0, 3900, 3100, 140),
(364.1021310000069, 5112, 530.0, 3900, 3100, 141),
(364.15024000000267, 5113, 530.0, 3900, 3100, 142),
(364.2095960000006, 5114, 530.0, 3900, 3100, 143),
(364.25422800000524, 5115, 530.0, 3900, 3100, 144),
(364.2946530000045, 5116, 530.0, 3900, 3100, 145),
(364.3357099999994, 5117, 530.0, 3900, 3100, 146),
(364.3760619999957, 5118, 530.0, 3900, 3100, 147),
(364.42259800000465, 5119, 530.0, 3900, 3100, 148),
(364.4674309999973, 5120, 530.0, 3900, 3100, 149),
(364.5147020000004, 5121, 530.0, 3900, 3100, 150),
(364.5722400000086, 5122, 530.0, 3900, 3100, 151),
(364.6197350000002, 5123, 530.0, 3900, 3100, 152),
(364.65963100000226, 5124, 530.0, 3900, 3100, 113),
(364.6997059999994, 5125, 530.0, 3900, 3100, 114),
(364.75331300000835, 5126, 530.0, 3900, 3100, 115),
(364.80642700000317, 5127, 530.0, 3900, 3100, 116),
(364.8526689999999, 5128, 530.0, 3900, 3100, 117),
(364.89890300000843, 5129, 530.0, 3900, 3100, 118),
(364.9488330000022, 5130, 530.0, 3900, 3100, 119),
(364.99457399999665, 5131, 530.0, 3900, 3100, 120),
(365.0394990000059, 5132, 530.0, 3900, 3100, 121),
(365.08832700000494, 5133, 530.0, 3900, 3100, 122),
(365.12976999999955, 5134, 530.0, 3900, 3100, 123),
(365.1763659999997, 5135, 530.0, 3900, 3100, 124),
(365.2215140000044, 5136, 530.0, 3900, 3100, 125),
(365.27800600000774, 5137, 530.0, 3900, 3100, 126),
(365.3401359999989, 5138, 530.0, 3900, 3100, 127),
(365.40387300000293, 5139, 530.0, 3900, 3100, 128),
(365.4619190000085, 5140, 530.0, 3900, 3100, 129),
(365.50815200000943, 5141, 530.0, 3900, 3100, 130),
(365.5568130000029, 5142, 530.0, 3900, 3100, 131),
(365.61099300000933, 5143, 530.0, 3900, 3100, 132),
(365.6514299999981, 5144, 530.0, 3900, 3100, 133),
(365.6979430000065, 5145, 530.0, 3900, 3100, 134),
(365.7442759999976, 5146, 530.0, 3900, 3100, 135),
(365.7932890000084, 5147, 530.0, 3900, 3100, 136),
(365.8443660000048, 5148, 530.0, 3900, 3100, 137),
(365.88830900000175, 5149, 530.0, 3900, 3100, 138),
(365.93098499999905, 5150, 530.0, 3900, 3100, 139),
(365.973880000005, 5151, 530.0, 3900, 3100, 140),
(366.0220890000055, 5152, 530.0, 3900, 3100, 141),
(366.06777399999555, 5153, 530.0, 3900, 3100, 142),
(366.11337400000775, 5154, 530.0, 3900, 3100, 143),
(366.1678479999973, 5155, 530.0, 3900, 3100, 144),
(366.21682300000975, 5156, 530.0, 3900, 3100, 145),
(366.26013700000476, 5157, 530.0, 3900, 3100, 146),
(366.2994550000003, 5158, 530.0, 3900, 3100, 147),
(366.34646300000895, 5159, 530.0, 3900, 3100, 148),
(366.3981769999955, 5160, 530.0, 3900, 3100, 149),
(366.4433030000073, 5161, 530.0, 3900, 3100, 150),
(366.48392199999944, 5162, 530.0, 3900, 3100, 151),
(366.5262539999967, 5163, 530.0, 3900, 3100, 152),
(366.5676650000096, 5164, 530.0, 3900, 3100, 113),
(366.60974200000055, 5165, 530.0, 3900, 3100, 114),
(366.65688399999635, 5166, 530.0, 3900, 3100, 115),
(366.70002000000386, 5167, 530.0, 3900, 3100, 116),
(366.7442650000012, 5168, 530.0, 3900, 3100, 117),
(366.7897090000042, 5169, 530.0, 3900, 3100, 118),
(366.84013300000515, 5170, 530.0, 3900, 3100, 119),
(366.87842599999567, 5171, 530.0, 3900, 3100, 120),
(366.92936200000986, 5172, 530.0, 3900, 3100, 121),
(366.9789049999963, 5173, 530.0, 3900, 3100, 122),
(367.02039800000784, 5174, 530.0, 3900, 3100, 123),
(367.0615870000038, 5175, 530.0, 3900, 3100, 124),
(367.0998669999972, 5176, 530.0, 3900, 3100, 125),
(367.14111799999955, 5177, 530.0, 3900, 3100, 126),
(367.18842700000096, 5178, 530.0, 3900, 3100, 127),
(367.229468000005, 5179, 530.0, 3900, 3100, 128),
(367.27398100000573, 5180, 530.0, 3900, 3100, 129),
(367.316485000003, 5181, 530.0, 3900, 3100, 130),
(367.36177200000384, 5182, 530.0, 3900, 3100, 131),
(367.4069529999979, 5183, 530.0, 3900, 3100, 132),
(367.4606080000085, 5184, 530.0, 3900, 3100, 133),
(367.5105199999962, 5185, 530.0, 3900, 3100, 134),
(367.558738000007, 5186, 530.0, 3900, 3100, 135),
(367.5986050000065, 5187, 530.0, 3900, 3100, 136),
(367.65779500000644, 5188, 530.0, 3900, 3100, 137),
(367.70482700000866, 5189, 530.0, 3900, 3100, 138),
(367.7455179999961, 5190, 530.0, 3900, 3100, 139),
(367.78621900000144, 5191, 530.0, 3900, 3100, 140),
(367.8330189999979, 5192, 530.0, 3900, 3100, 141),
(367.887407000002, 5193, 530.0, 3900, 3100, 142),
(367.9311679999955, 5194, 530.0, 3900, 3100, 143),
(367.97568899999897, 5195, 530.0, 3900, 3100, 144),
(368.0178589999996, 5196, 530.0, 3900, 3100, 145),
(368.06214200000977, 5197, 530.0, 3900, 3100, 146),
(368.1118930000084, 5198, 530.0, 3900, 3100, 147),
(368.1597550000006, 5199, 530.0, 3900, 3100, 148),
(368.20950700000685, 5200, 530.0, 3900, 3100, 149),
(368.2560860000085, 5201, 530.0, 3900, 3100, 150),
(368.30873200000497, 5202, 530.0, 3900, 3100, 151),
(368.3599830000021, 5203, 530.0, 3900, 3100, 152),
(368.4207069999975, 5204, 530.0, 3900, 3200, 112),
(368.47041900000477, 5205, 530.0, 3900, 3200, 113),
(368.5134110000072, 5206, 530.0, 3900, 3200, 114),
(368.55616200000804, 5207, 530.0, 3900, 3200, 115),
(368.60082999999577, 5208, 530.0, 3900, 3200, 116),
(368.64489599999797, 5209, 530.0, 3900, 3200, 117),
(368.7014310000086, 5210, 530.0, 3900, 3200, 118),
(368.746192000006, 5211, 530.0, 3900, 3200, 119),
(368.789134000006, 5212, 530.0, 3900, 3200, 120),
(368.83472600000096, 5213, 530.0, 3900, 3200, 121),
(368.8830569999991, 5214, 530.0, 3900, 3200, 122),
(368.92971599999873, 5215, 530.0, 3900, 3200, 123),
(368.96938700000464, 5216, 530.0, 3900, 3200, 124),
(369.01854900000035, 5217, 530.0, 3900, 3200, 125),
(369.06169899999804, 5218, 530.0, 3900, 3200, 126),
(369.0992669999978, 5219, 530.0, 3900, 3200, 127),
(369.139102000001, 5220, 530.0, 3900, 3200, 128),
(369.17965900000127, 5221, 530.0, 3900, 3200, 129),
(369.2197670000023, 5222, 530.0, 3900, 3200, 130),
(369.26420099999814, 5223, 530.0, 3900, 3200, 131),
(369.3051930000074, 5224, 530.0, 3900, 3200, 132),
(369.34809400000086, 5225, 530.0, 3900, 3200, 133),
(369.38716700000805, 5226, 530.0, 3900, 3200, 134),
(369.4273470000044, 5227, 530.0, 3900, 3200, 135),
(369.4657620000071, 5228, 530.0, 3900, 3200, 136),
(369.5079260000057, 5229, 530.0, 3900, 3200, 137),
(369.5472920000029, 5230, 530.0, 3900, 3200, 138),
(369.5852440000017, 5231, 530.0, 3900, 3200, 139),
(369.6259180000052, 5232, 530.0, 3900, 3200, 140),
(369.6664380000002, 5233, 530.0, 3900, 3200, 141),
(369.7049810000026, 5234, 530.0, 3900, 3200, 142),
(369.74581300000136, 5235, 530.0, 3900, 3200, 143),
(369.7889700000087, 5236, 530.0, 3900, 3200, 144),
(369.83014900000126, 5237, 530.0, 3900, 3200, 145),
(369.87678000000597, 5238, 530.0, 3900, 3200, 146),
(369.9232469999988, 5239, 530.0, 3900, 3200, 147),
(369.97203200000513, 5240, 530.0, 3900, 3200, 148),
(370.01864300000307, 5241, 530.0, 3900, 3200, 149),
(370.06640999999945, 5242, 530.0, 3900, 3200, 150),
(370.1132240000006, 5243, 530.0, 3900, 3200, 151),
(370.16302500000165, 5244, 530.0, 3900, 3200, 152),
(370.210791000005, 5245, 530.0, 3900, 3200, 113),
(370.2616090000083, 5246, 530.0, 3900, 3200, 114),
(370.3131209999992, 5247, 530.0, 3900, 3200, 115),
(370.3634549999988, 5248, 530.0, 3900, 3200, 116),
(370.4111750000011, 5249, 530.0, 3900, 3200, 117),
(370.46352200000547, 5250, 530.0, 3900, 3200, 118),
(370.5168510000076, 5251, 530.0, 3900, 3200, 119),
(370.55791400000453, 5252, 530.0, 3900, 3200, 120),
(370.61856600000465, 5253, 530.0, 3900, 3200, 121),
(370.6628040000069, 5254, 530.0, 3900, 3200, 122),
(370.70803599999635, 5255, 530.0, 3900, 3200, 123),
(370.75422000000253, 5256, 530.0, 3900, 3200, 124),
(370.7943510000041, 5257, 530.0, 3900, 3200, 125),
(370.83750500000315, 5258, 530.0, 3900, 3200, 126),
(370.88034499999776, 5259, 530.0, 3900, 3200, 127),
(370.9178410000022, 5260, 530.0, 3900, 3200, 128),
(370.9685080000054, 5261, 530.0, 3900, 3200, 129),
(371.0062020000041, 5262, 530.0, 3900, 3200, 130),
(371.0541460000095, 5263, 530.0, 3900, 3200, 131),
(371.10523100000864, 5264, 530.0, 3900, 3200, 132),
(371.16305499999726, 5265, 530.0, 3900, 3200, 133),
(371.21062100000563, 5266, 530.0, 3900, 3200, 134),
(371.25845700000355, 5267, 530.0, 3900, 3200, 135),
(371.3117590000038, 5268, 530.0, 3900, 3200, 136),
(371.3746380000084, 5269, 530.0, 3900, 3200, 137),
(371.41873200000555, 5270, 530.0, 3900, 3200, 138),
(371.4562900000019, 5271, 530.0, 3900, 3200, 139),
(371.4996070000052, 5272, 530.0, 3900, 3200, 140),
(371.5588720000087, 5273, 530.0, 3900, 3200, 141),
(371.6100390000065, 5274, 530.0, 3900, 3200, 142),
(371.65638100000797, 5275, 530.0, 3900, 3200, 143),
(371.69861000000674, 5276, 530.0, 3900, 3200, 144),
(371.74809000000823, 5277, 530.0, 3900, 3200, 145),
(371.7921700000006, 5278, 530.0, 3900, 3200, 146),
(371.84305999999924, 5279, 530.0, 3900, 3200, 147),
(371.8959460000042, 5280, 530.0, 3900, 3200, 148),
(371.9461600000068, 5281, 530.0, 3900, 3200, 149),
(371.9948710000026, 5282, 530.0, 3900, 3200, 150),
(372.0443280000036, 5283, 530.0, 3900, 3200, 151),
(372.0936079999956, 5284, 530.0, 3900, 3200, 152),
(372.14063200000965, 5285, 530.0, 3900, 3200, 113),
(372.19461800000863, 5286, 530.0, 3900, 3200, 114),
(372.2456039999961, 5287, 530.0, 3900, 3200, 115),
(372.2910130000091, 5288, 530.0, 3900, 3200, 116),
(372.3367969999963, 5289, 530.0, 3900, 3200, 117),
(372.3857879999996, 5290, 530.0, 3900, 3200, 118),
(372.4326160000055, 5291, 530.0, 3900, 3200, 119),
(372.4780880000035, 5292, 530.0, 3900, 3200, 120),
(372.5178450000094, 5293, 530.0, 3900, 3200, 121),
(372.55878200000734, 5294, 530.0, 3900, 3200, 122),
(372.60768500000995, 5295, 530.0, 3900, 3200, 123),
(372.65373200000613, 5296, 530.0, 3900, 3200, 124),
(372.7026429999969, 5297, 530.0, 3900, 3200, 125),
(372.75704399999813, 5298, 530.0, 3900, 3200, 126),
(372.8011780000088, 5299, 530.0, 3900, 3200, 127),
(372.85128200000327, 5300, 530.0, 3900, 3200, 128),
(372.89672200000496, 5301, 530.0, 3900, 3200, 129),
(372.94327899999917, 5302, 530.0, 3900, 3200, 130),
(372.99211099999957, 5303, 530.0, 3900, 3200, 131),
(373.03573800000595, 5304, 530.0, 3900, 3200, 132),
(373.07688100000087, 5305, 530.0, 3900, 3200, 133),
(373.12439700000687, 5306, 530.0, 3900, 3200, 134),
(373.1763360000041, 5307, 530.0, 3900, 3200, 135),
(373.22684899999877, 5308, 530.0, 3900, 3200, 136),
(373.2769510000071, 5309, 530.0, 3900, 3200, 137),
(373.3201770000014, 5310, 530.0, 3900, 3200, 138),
(373.3744319999969, 5311, 530.0, 3900, 3200, 139),
(373.421119000006, 5312, 530.0, 3900, 3200, 140),
(373.46469400000933, 5313, 530.0, 3900, 3200, 141),
(373.5118070000026, 5314, 530.0, 3900, 3200, 142),
(373.5499920000002, 5315, 530.0, 3900, 3200, 143),
(373.6030810000084, 5316, 530.0, 3900, 3200, 144),
(373.65512700000545, 5317, 530.0, 3900, 3200, 145),
(373.6986040000047, 5318, 530.0, 3900, 3200, 146),
(373.74836300000607, 5319, 530.0, 3900, 3200, 147),
(373.7892530000099, 5320, 530.0, 3900, 3200, 148),
(373.83971899999597, 5321, 530.0, 3900, 3200, 149),
(373.8880349999963, 5322, 530.0, 3900, 3200, 150),
(373.9379190000036, 5323, 530.0, 3900, 3200, 151),
(373.98436899999797, 5324, 530.0, 3900, 3200, 152),
(389.62040899999556, 5331, 537.0, 4300, 2000, 118),
(389.738194000005, 5333, 530.0, 4300, 2000, 120),
(405.256567000004, 5338, 530.0, 4300, 2000, 125),
(420.8534900000086, 5345, 549.0, 4300, 2000, 132),
(420.9582559999981, 5347, 530.0, 4300, 2000, 134),
(444.2273300000088, 5355, 530.0, 4300, 2000, 142),
(459.648171000008, 5360, 530.0, 4300, 2000, 147),
(475.0776049999986, 5365, 595.0, 4300, 2000, 152),
(483.0101810000051, 5371, 537.0, 4300, 2000, 118),
(483.11671800000477, 5373, 530.0, 4300, 2000, 120),
(498.6290399999998, 5378, 530.0, 4300, 2000, 125),
(514.2140860000072, 5385, 549.0, 4300, 2000, 132),
(514.3266460000013, 5387, 530.0, 4300, 2000, 134),
(537.5627070000046, 5395, 551.0, 4300, 2000, 142),
(553.0518589999992, 5400, 530.0, 4300, 2000, 147),
(568.5944100000052, 5405, 616.0, 4300, 2000, 152),
(576.527528999999, 5411, 537.0, 4300, 2000, 118),
(576.6425080000045, 5413, 530.0, 4300, 2000, 120),
(592.1262040000001, 5418, 530.0, 4300, 2000, 125),
(607.7753820000071, 5425, 549.0, 4300, 2000, 132),
(607.8760069999989, 5427, 530.0, 4300, 2000, 134),
(631.0176050000009, 5435, 530.0, 4300, 2000, 142),
(646.4795710000035, 5440, 530.0, 4300, 2000, 147),
(662.0230569999985, 5445, 595.0, 4300, 2000, 152),
(677.8063010000042, 5454, 615.0, 4300, 2400, 120),
(685.4418940000032, 5456, 535.0, 4300, 2400, 122),
(685.7273600000044, 5459, 618.0, 4300, 2400, 125),
(693.7205890000041, 5466, 616.0, 4300, 2400, 132),
(693.914810000002, 5468, 615.0, 4300, 2400, 134),
(701.5456700000068, 5470, 535.0, 4300, 2400, 136),
(701.7034310000017, 5473, 615.0, 4300, 2400, 139),
(701.9531850000058, 5476, 276.0, 4300, 2400, 142),
(709.5740270000097, 5478, 535.0, 4300, 2400, 144),
(717.4734549999994, 5481, 279.0, 4300, 2400, 147),
(748.7244659999997, 5494, 615.0, 4300, 2400, 120),
(756.3619900000049, 5496, 535.0, 4300, 2400, 122),
(764.2308449999982, 5499, 618.0, 4300, 2400, 125),
(779.7687850000075, 5506, 616.0, 4300, 2400, 132),
(787.4936589999998, 5508, 615.0, 4300, 2400, 134),
(795.1082250000036, 5510, 535.0, 4300, 2400, 136),
(795.2752370000089, 5513, 615.0, 4300, 2400, 139),
(795.5544800000062, 5516, 276.0, 4300, 2400, 142),
(803.2191580000072, 5518, 535.0, 4300, 2400, 144),
(811.1238080000039, 5521, 279.0, 4300, 2400, 147),
(842.4289080000017, 5534, 615.0, 4300, 2400, 120),
(850.0935360000003, 5536, 535.0, 4300, 2400, 122),
(857.9850420000002, 5539, 618.0, 4300, 2400, 125),
(873.5570509999961, 5546, 616.0, 4300, 2400, 132),
(881.2614630000025, 5548, 615.0, 4300, 2400, 134),
(888.9549950000073, 5550, 535.0, 4300, 2400, 136),
(889.1186820000003, 5553, 615.0, 4300, 2400, 139),
(897.0179440000065, 5556, 276.0, 4300, 2400, 142),
(904.624754000004, 5558, 535.0, 4300, 2400, 144),
(912.4947700000048, 5561, 279.0, 4300, 2400, 147),
(935.790015999999, 5570, 550.0, 4300, 2800, 115),
(936.0765010000032, 5575, 530.0, 4300, 2800, 120),
(936.5947000000015, 5584, 549.0, 4300, 2800, 129),
(937.0098260000086, 5591, 531.0, 4300, 2800, 136),
(937.630495999998, 5601, 610.0, 4300, 2800, 146),
(937.8118749999994, 5604, 532.0, 4300, 2800, 149),
(938.042564000003, 5608, 548.0, 4300, 2800, 113),
(938.152826000005, 5610, 550.0, 4300, 2800, 115),
(939.079528000002, 5624, 549.0, 4300, 2800, 129),
(939.5115920000098, 5631, 531.0, 4300, 2800, 136),
(940.3859900000098, 5644, 532.0, 4300, 2800, 149),
(940.7493919999979, 5650, 550.0, 4300, 2800, 115),
(941.0715380000038, 5655, 530.0, 4300, 2800, 120),
(941.6799200000096, 5664, 549.0, 4300, 2800, 129),
(942.138386000006, 5671, 531.0, 4300, 2800, 136),
(942.9770339999959, 5684, 532.0, 4300, 2800, 149),
(943.2327680000017, 5688, 530.0, 4300, 3200, 112),
(943.2730870000087, 5689, 530.0, 4300, 3200, 113),
(943.3188289999962, 5690, 530.0, 4300, 3200, 114),
(943.3610080000071, 5691, 530.0, 4300, 3200, 115),
(943.4053920000006, 5692, 530.0, 4300, 3200, 116),
(943.4469370000006, 5693, 530.0, 4300, 3200, 117),
(943.4854590000032, 5694, 530.0, 4300, 3200, 118),
(943.5246239999979, 5695, 530.0, 4300, 3200, 119),
(943.5636840000079, 5696, 530.0, 4300, 3200, 120),
(943.6021529999998, 5697, 530.0, 4300, 3200, 121),
(943.6487869999983, 5698, 530.0, 4300, 3200, 122),
(943.6896600000036, 5699, 530.0, 4300, 3200, 123),
(943.7456269999966, 5700, 530.0, 4300, 3200, 124),
(943.7960129999992, 5701, 530.0, 4300, 3200, 125),
(943.8374179999955, 5702, 530.0, 4300, 3200, 126),
(943.8774410000042, 5703, 530.0, 4300, 3200, 127),
(943.922510999997, 5704, 530.0, 4300, 3200, 128),
(943.9656320000067, 5705, 530.0, 4300, 3200, 129),
(944.0037149999989, 5706, 530.0, 4300, 3200, 130),
(944.0438819999981, 5707, 530.0, 4300, 3200, 131),
(944.0827830000053, 5708, 530.0, 4300, 3200, 132),
(944.1210090000095, 5709, 530.0, 4300, 3200, 133),
(944.1595450000023, 5710, 530.0, 4300, 3200, 134),
(944.1995120000065, 5711, 530.0, 4300, 3200, 135),
(944.2377950000082, 5712, 530.0, 4300, 3200, 136),
(944.2803850000055, 5713, 530.0, 4300, 3200, 137),
(944.3278629999986, 5714, 530.0, 4300, 3200, 138),
(944.3855210000038, 5715, 530.0, 4300, 3200, 139),
(944.4317880000017, 5716, 530.0, 4300, 3200, 140),
(944.469557999997, 5717, 530.0, 4300, 3200, 141),
(944.5103119999985, 5718, 530.0, 4300, 3200, 142),
(944.5521569999983, 5719, 530.0, 4300, 3200, 143),
(944.5934669999988, 5720, 530.0, 4300, 3200, 144),
(944.6398440000048, 5721, 530.0, 4300, 3200, 145),
(944.6864570000034, 5722, 530.0, 4300, 3200, 146),
(944.7242300000071, 5723, 530.0, 4300, 3200, 147),
(944.7701559999987, 5724, 530.0, 4300, 3200, 148),
(944.8093300000037, 5725, 530.0, 4300, 3200, 149),
(944.849675999998, 5726, 530.0, 4300, 3200, 150),
(944.8938590000034, 5727, 530.0, 4300, 3200, 151),
(944.9360200000083, 5728, 530.0, 4300, 3200, 152),
(944.9757269999973, 5729, 530.0, 4300, 3200, 113),
(945.016398000007, 5730, 530.0, 4300, 3200, 114),
(945.0622650000005, 5731, 530.0, 4300, 3200, 115),
(945.105813000002, 5732, 530.0, 4300, 3200, 116),
(945.1478900000075, 5733, 530.0, 4300, 3200, 117),
(945.1929700000037, 5734, 530.0, 4300, 3200, 118),
(945.2367650000087, 5735, 530.0, 4300, 3200, 119),
(945.2766260000062, 5736, 530.0, 4300, 3200, 120),
(945.3156509999972, 5737, 530.0, 4300, 3200, 121),
(945.3562800000072, 5738, 530.0, 4300, 3200, 122),
(945.4002590000018, 5739, 530.0, 4300, 3200, 123),
(945.4452359999996, 5740, 530.0, 4300, 3200, 124),
(945.4922329999972, 5741, 530.0, 4300, 3200, 125),
(945.5326310000091, 5742, 530.0, 4300, 3200, 126),
(945.5718500000075, 5743, 530.0, 4300, 3200, 127),
(945.6112569999968, 5744, 530.0, 4300, 3200, 128),
(945.6506840000075, 5745, 530.0, 4300, 3200, 129),
(945.6980080000067, 5746, 530.0, 4300, 3200, 130),
(945.7462020000094, 5747, 530.0, 4300, 3200, 131),
(945.7924630000052, 5748, 530.0, 4300, 3200, 132),
(945.8336229999986, 5749, 530.0, 4300, 3200, 133),
(945.8706090000051, 5750, 530.0, 4300, 3200, 134),
(945.9080550000072, 5751, 530.0, 4300, 3200, 135),
(945.9482870000065, 5752, 530.0, 4300, 3200, 136),
(945.9852539999993, 5753, 530.0, 4300, 3200, 137),
(946.028289000009, 5754, 530.0, 4300, 3200, 138),
(946.06822500001, 5755, 530.0, 4300, 3200, 139),
(946.1095690000075, 5756, 530.0, 4300, 3200, 140),
(946.1550580000039, 5757, 530.0, 4300, 3200, 141),
(946.2040320000087, 5758, 530.0, 4300, 3200, 142),
(946.2447289999982, 5759, 530.0, 4300, 3200, 143),
(946.2881380000035, 5760, 530.0, 4300, 3200, 144),
(946.3298570000043, 5761, 530.0, 4300, 3200, 145),
(946.3688200000033, 5762, 530.0, 4300, 3200, 146),
(946.4232449999981, 5763, 530.0, 4300, 3200, 147),
(946.4766729999974, 5764, 530.0, 4300, 3200, 148),
(946.5182520000089, 5765, 530.0, 4300, 3200, 149),
(946.5619120000047, 5766, 530.0, 4300, 3200, 150),
(946.609454999998, 5767, 530.0, 4300, 3200, 151),
(946.6491190000088, 5768, 530.0, 4300, 3200, 152),
(946.6858520000096, 5769, 530.0, 4300, 3200, 113),
(946.728231000001, 5770, 530.0, 4300, 3200, 114),
(946.7673769999965, 5771, 530.0, 4300, 3200, 115),
(946.8057450000051, 5772, 530.0, 4300, 3200, 116),
(946.8461019999959, 5773, 530.0, 4300, 3200, 117),
(946.8857740000094, 5774, 530.0, 4300, 3200, 118),
(946.9254179999989, 5775, 530.0, 4300, 3200, 119),
(946.9692860000068, 5776, 530.0, 4300, 3200, 120),
(947.0148730000074, 5777, 530.0, 4300, 3200, 121),
(947.0549360000005, 5778, 530.0, 4300, 3200, 122),
(947.0957679999992, 5779, 530.0, 4300, 3200, 123),
(947.136479000008, 5780, 530.0, 4300, 3200, 124),
(947.1796810000087, 5781, 530.0, 4300, 3200, 125),
(947.2243170000002, 5782, 530.0, 4300, 3200, 126),
(947.2798429999966, 5783, 530.0, 4300, 3200, 127),
(947.3296919999993, 5784, 530.0, 4300, 3200, 128),
(947.3756229999999, 5785, 530.0, 4300, 3200, 129),
(947.4232809999958, 5786, 530.0, 4300, 3200, 130),
(947.4659930000053, 5787, 530.0, 4300, 3200, 131),
(947.5209980000072, 5788, 530.0, 4300, 3200, 132),
(947.570670000001, 5789, 530.0, 4300, 3200, 133),
(947.6296180000063, 5790, 530.0, 4300, 3200, 134),
(947.6733950000053, 5791, 530.0, 4300, 3200, 135),
(947.7203730000037, 5792, 530.0, 4300, 3200, 136),
(947.769306000002, 5793, 530.0, 4300, 3200, 137),
(947.8146790000028, 5794, 530.0, 4300, 3200, 138),
(947.8622620000097, 5795, 530.0, 4300, 3200, 139),
(947.9042550000013, 5796, 530.0, 4300, 3200, 140),
(947.9568710000021, 5797, 530.0, 4300, 3200, 141),
(948.0042099999991, 5798, 530.0, 4300, 3200, 142),
(948.0513139999966, 5799, 530.0, 4300, 3200, 143),
(948.0990029999957, 5800, 530.0, 4300, 3200, 144),
(948.1406669999997, 5801, 530.0, 4300, 3200, 145),
(948.185267000008, 5802, 530.0, 4300, 3200, 146),
(948.2310490000091, 5803, 530.0, 4300, 3200, 147),
(948.2779350000055, 5804, 530.0, 4300, 3200, 148),
(948.3351629999961, 5805, 530.0, 4300, 3200, 149),
(948.379449, 5806, 530.0, 4300, 3200, 150),
(948.4215990000084, 5807, 530.0, 4300, 3200, 151),
(948.4653950000065, 5808, 530.0, 4300, 3200, 152),
(948.5063519999967, 5809, 532.0, 4300, 2200, 112),
(948.5521529999969, 5810, 532.0, 4300, 2200, 113),
(948.5891970000084, 5811, 532.0, 4300, 2200, 114),
(948.6385080000036, 5812, 532.0, 4300, 2200, 115),
(948.6963370000012, 5813, 532.0, 4300, 2200, 116),
(948.7492070000008, 5814, 532.0, 4300, 2200, 117),
(948.807547999997, 5815, 532.0, 4300, 2200, 118),
(948.8486560000019, 5816, 532.0, 4300, 2200, 119),
(948.8969550000038, 5817, 532.0, 4300, 2200, 120),
(948.944914000007, 5818, 532.0, 4300, 2200, 121),
(948.9888080000092, 5819, 532.0, 4300, 2200, 122),
(949.0346989999962, 5820, 532.0, 4300, 2200, 123),
(949.0853110000025, 5821, 532.0, 4300, 2200, 124),
(949.1343250000064, 5822, 532.0, 4300, 2200, 125),
(949.175688000003, 5823, 532.0, 4300, 2200, 126),
(949.2174490000034, 5824, 532.0, 4300, 2200, 127),
(949.2763850000047, 5825, 532.0, 4300, 2200, 128),
(949.3349140000064, 5826, 532.0, 4300, 2200, 129),
(949.3808819999977, 5827, 532.0, 4300, 2200, 130),
(949.4410480000079, 5828, 532.0, 4300, 2200, 131),
(949.4918730000063, 5829, 532.0, 4300, 2200, 132),
(949.5440119999985, 5830, 532.0, 4300, 2200, 133),
(949.5890970000037, 5831, 532.0, 4300, 2200, 134),
(949.6421709999995, 5832, 532.0, 4300, 2200, 135),
(949.6923990000068, 5833, 532.0, 4300, 2200, 136),
(949.736505000008, 5834, 532.0, 4300, 2200, 137),
(949.7883419999998, 5835, 532.0, 4300, 2200, 138),
(949.8355160000065, 5836, 532.0, 4300, 2200, 139),
(949.8768859999982, 5837, 532.0, 4300, 2200, 140),
(949.9211329999962, 5838, 532.0, 4300, 2200, 141),
(949.9694000000018, 5839, 532.0, 4300, 2200, 142),
(950.0196240000078, 5840, 532.0, 4300, 2200, 143),
(950.0669199999975, 5841, 532.0, 4300, 2200, 144),
(950.1149250000017, 5842, 532.0, 4300, 2200, 145),
(950.1833440000046, 5843, 532.0, 4300, 2200, 146),
(950.2209620000067, 5844, 532.0, 4300, 2200, 147),
(950.2666239999962, 5845, 532.0, 4300, 2200, 148),
(950.3199250000034, 5846, 532.0, 4300, 2200, 149),
(950.3668790000083, 5847, 532.0, 4300, 2200, 150),
(950.4091380000027, 5848, 532.0, 4300, 2200, 151),
(950.4505360000039, 5849, 532.0, 4300, 2200, 152),
(950.4883370000025, 5850, 532.0, 4300, 2200, 113),
(950.5386759999965, 5851, 532.0, 4300, 2200, 114),
(950.592954000007, 5852, 532.0, 4300, 2200, 115),
(950.649860999998, 5853, 532.0, 4300, 2200, 116),
(950.6920959999989, 5854, 532.0, 4300, 2200, 117),
(950.7465389999998, 5855, 532.0, 4300, 2200, 118),
(950.787307000006, 5856, 532.0, 4300, 2200, 119),
(950.8376320000098, 5857, 532.0, 4300, 2200, 120),
(950.8932639999985, 5858, 532.0, 4300, 2200, 121),
(950.963373000006, 5859, 532.0, 4300, 2200, 122),
(951.0152830000006, 5860, 532.0, 4300, 2200, 123),
(951.0632040000055, 5861, 532.0, 4300, 2200, 124),
(951.1055500000075, 5862, 532.0, 4300, 2200, 125),
(951.1508040000044, 5863, 532.0, 4300, 2200, 126),
(951.1964670000016, 5864, 532.0, 4300, 2200, 127),
(951.245980000007, 5865, 532.0, 4300, 2200, 128),
(951.287268, 5866, 532.0, 4300, 2200, 129),
(951.3351090000069, 5867, 532.0, 4300, 2200, 130),
(951.3864080000058, 5868, 532.0, 4300, 2200, 131),
(951.4437420000031, 5869, 532.0, 4300, 2200, 132),
(951.4933569999994, 5870, 532.0, 4300, 2200, 133),
(951.5445299999992, 5871, 532.0, 4300, 2200, 134),
(951.589776000008, 5872, 532.0, 4300, 2200, 135),
(951.6335220000037, 5873, 532.0, 4300, 2200, 136),
(951.684334000005, 5874, 532.0, 4300, 2200, 137),
(951.7304440000007, 5875, 532.0, 4300, 2200, 138),
(951.7768610000057, 5876, 532.0, 4300, 2200, 139),
(951.8381329999975, 5877, 532.0, 4300, 2200, 140),
(951.884063999998, 5878, 532.0, 4300, 2200, 141),
(951.9304499999998, 5879, 532.0, 4300, 2200, 142),
(951.9814360000018, 5880, 532.0, 4300, 2200, 143),
(952.0292270000064, 5881, 532.0, 4300, 2200, 144),
(952.0698550000088, 5882, 532.0, 4300, 2200, 145),
(952.1196320000017, 5883, 532.0, 4300, 2200, 146),
(952.1646270000056, 5884, 532.0, 4300, 2200, 147),
(952.2155290000082, 5885, 532.0, 4300, 2200, 148),
(952.2619620000041, 5886, 532.0, 4300, 2200, 149),
(952.3046299999987, 5887, 532.0, 4300, 2200, 150),
(952.3501300000062, 5888, 532.0, 4300, 2200, 151),
(952.3978490000009, 5889, 532.0, 4300, 2200, 152),
(952.4474239999981, 5890, 532.0, 4300, 2200, 113),
(952.4927420000022, 5891, 532.0, 4300, 2200, 114),
(952.536380000005, 5892, 532.0, 4300, 2200, 115),
(952.5927610000072, 5893, 532.0, 4300, 2200, 116),
(952.6367840000021, 5894, 532.0, 4300, 2200, 117),
(952.67349500001, 5895, 532.0, 4300, 2200, 118),
(952.7138790000026, 5896, 532.0, 4300, 2200, 119),
(952.7575910000014, 5897, 532.0, 4300, 2200, 120),
(952.8004409999994, 5898, 532.0, 4300, 2200, 121),
(952.8420800000022, 5899, 532.0, 4300, 2200, 122),
(952.8934120000049, 5900, 532.0, 4300, 2200, 123),
(952.9420870000031, 5901, 532.0, 4300, 2200, 124),
(952.9766159999999, 5902, 532.0, 4300, 2200, 125),
(953.0168680000061, 5903, 532.0, 4300, 2200, 126),
(953.0549279999977, 5904, 532.0, 4300, 2200, 127),
(953.0963560000091, 5905, 532.0, 4300, 2200, 128),
(953.1360070000082, 5906, 532.0, 4300, 2200, 129),
(953.17646100001, 5907, 532.0, 4300, 2200, 130),
(953.2141019999981, 5908, 532.0, 4300, 2200, 131),
(953.2569460000086, 5909, 532.0, 4300, 2200, 132),
(953.2956520000007, 5910, 532.0, 4300, 2200, 133),
(953.3370640000066, 5911, 532.0, 4300, 2200, 134),
(953.3929750000098, 5912, 532.0, 4300, 2200, 135),
(953.4296659999964, 5913, 532.0, 4300, 2200, 136),
(953.4723269999959, 5914, 532.0, 4300, 2200, 137),
(953.5119019999984, 5915, 532.0, 4300, 2200, 138),
(953.5497230000037, 5916, 532.0, 4300, 2200, 139),
(953.603443, 5917, 532.0, 4300, 2200, 140),
(953.6392990000022, 5918, 532.0, 4300, 2200, 141),
(953.6842009999964, 5919, 532.0, 4300, 2200, 142),
(953.7252779999981, 5920, 532.0, 4300, 2200, 143),
(953.7810600000084, 5921, 532.0, 4300, 2200, 144),
(953.8384030000016, 5922, 532.0, 4300, 2200, 145),
(953.8860430000059, 5923, 532.0, 4300, 2200, 146),
(953.9260070000018, 5924, 532.0, 4300, 2200, 147),
(953.967598999996, 5925, 532.0, 4300, 2200, 148),
(954.0122310000006, 5926, 532.0, 4300, 2200, 149),
(954.0516420000058, 5927, 532.0, 4300, 2200, 150),
(954.0883500000054, 5928, 532.0, 4300, 2200, 151),
(954.1288449999993, 5929, 532.0, 4300, 2200, 152),
(962.045312000002, 5935, 619.0, 4300, 2400, 117),
(962.3084390000004, 5938, 615.0, 4300, 2400, 120),
(969.9376489999995, 5940, 535.0, 4300, 2400, 122),
(970.1924040000013, 5943, 618.0, 4300, 2400, 125),
(985.8732100000052, 5952, 615.0, 4300, 2400, 134),
(993.5028730000049, 5954, 535.0, 4300, 2400, 136),
(993.657395000002, 5957, 615.0, 4300, 2400, 139),
(993.9344970000093, 5960, 276.0, 4300, 2400, 142),
(1001.5692340000096, 5962, 535.0, 4300, 2400, 144),
(1001.8253170000098, 5965, 279.0, 4300, 2400, 147),
(1033.134287000008, 5978, 615.0, 4300, 2400, 120),
(1040.7782399999996, 5980, 535.0, 4300, 2400, 122),
(1048.6839190000028, 5983, 618.0, 4300, 2400, 125),
(1064.3751570000022, 5992, 615.0, 4300, 2400, 134),
(1071.9879159999982, 5994, 535.0, 4300, 2400, 136),
(1072.0871980000084, 5996, 615.0, 4300, 2400, 138),
(1072.1383110000024, 5997, 615.0, 4300, 2400, 139),
(1072.3933150000084, 6000, 276.0, 4300, 2400, 142),
(1080.0437010000023, 6002, 535.0, 4300, 2400, 144),
(1087.8727539999963, 6005, 279.0, 4300, 2400, 147),
(1111.2665620000043, 6015, 619.0, 4300, 2400, 117),
(1111.5274539999955, 6018, 615.0, 4300, 2400, 120),
(1119.1532339999976, 6020, 535.0, 4300, 2400, 122),
(1119.404984000008, 6023, 618.0, 4300, 2400, 125),
(1135.0793609999964, 6030, 616.0, 4300, 2400, 132),
(1142.7969810000068, 6032, 615.0, 4300, 2400, 134),
(1150.4541310000059, 6034, 535.0, 4300, 2400, 136),
(1150.629098000005, 6037, 615.0, 4300, 2400, 139),
(1150.8878629999963, 6040, 276.0, 4300, 2400, 142),
(1158.636983000004, 6042, 535.0, 4300, 2400, 144),
(1166.650370000003, 6045, 279.0, 4300, 2400, 147),
(1189.9960100000026, 6051, 533.0, 4300, 2600, 112),
(1190.0383930000098, 6052, 534.0, 4300, 2600, 113),
(1190.080673999997, 6053, 617.0, 4300, 2600, 114),
(1197.9276320000063, 6056, 619.0, 4300, 2600, 117),
(1198.165154000002, 6060, 538.0, 4300, 2600, 121),
(1198.2093049999967, 6061, 535.0, 4300, 2600, 122),
(1198.2574980000063, 6062, 620.0, 4300, 2600, 123),
(1198.5159589999967, 6066, 534.0, 4300, 2600, 127),
(1198.5622580000054, 6067, 616.0, 4300, 2600, 128),
(1198.604741999996, 6068, 623.0, 4300, 2600, 129),
(1199.0145860000048, 6074, 619.0, 4300, 2600, 135),
(1199.0593530000042, 6075, 533.0, 4300, 2600, 136),
(1199.2986020000099, 6079, 620.0, 4300, 2600, 140),
(1199.4766459999955, 6082, 620.0, 4300, 2600, 143),
(1199.5970099999977, 6084, 617.0, 4300, 2600, 145),
(1199.777224999998, 6087, 617.0, 4300, 2600, 148),
(1199.8173830000014, 6088, 286.0, 4300, 2600, 149),
(1199.9435460000095, 6090, 282.0, 4300, 2600, 151),
(1200.0388340000063, 6092, 534.0, 4300, 2600, 113),
(1200.086685000002, 6093, 617.0, 4300, 2600, 114),
(1207.8358569999982, 6096, 619.0, 4300, 2600, 117),
(1208.0787350000028, 6100, 538.0, 4300, 2600, 121),
(1208.2031169999973, 6102, 620.0, 4300, 2600, 123),
(1208.443207000004, 6106, 534.0, 4300, 2600, 127),
(1208.4923700000072, 6107, 616.0, 4300, 2600, 128),
(1208.5423089999967, 6108, 623.0, 4300, 2600, 129),
(1216.441942999998, 6114, 619.0, 4300, 2600, 135),
(1216.4830500000098, 6115, 533.0, 4300, 2600, 136),
(1216.7211249999964, 6119, 620.0, 4300, 2600, 140),
(1216.8879840000009, 6122, 620.0, 4300, 2600, 143),
(1217.008507999999, 6124, 617.0, 4300, 2600, 145),
(1217.212664999999, 6127, 617.0, 4300, 2600, 148),
(1217.2586020000017, 6128, 286.0, 4300, 2600, 149),
(1217.383341000008, 6130, 282.0, 4300, 2600, 151),
(1217.4854239999986, 6132, 534.0, 4300, 2600, 113),
(1217.5262139999977, 6133, 617.0, 4300, 2600, 114),
(1217.5780479999958, 6134, 539.0, 4300, 2600, 115),
(1225.6276720000023, 6140, 538.0, 4300, 2600, 121),
(1225.750920999999, 6142, 620.0, 4300, 2600, 123),
(1225.999026999998, 6146, 534.0, 4300, 2600, 127),
(1226.0512020000024, 6147, 616.0, 4300, 2600, 128),
(1226.1012820000033, 6148, 623.0, 4300, 2600, 129),
(1226.5090190000046, 6154, 619.0, 4300, 2600, 135),
(1226.555072999996, 6155, 533.0, 4300, 2600, 136),
(1226.8199620000087, 6159, 620.0, 4300, 2600, 140),
(1227.0130869999994, 6162, 620.0, 4300, 2600, 143),
(1227.1340190000046, 6164, 617.0, 4300, 2600, 145),
(1227.3360260000045, 6167, 617.0, 4300, 2600, 148),
(1227.3898679999984, 6168, 286.0, 4300, 2600, 149),
(1227.507792000004, 6170, 282.0, 4300, 2600, 151),
(1227.8201090000075, 6175, 550.0, 4300, 2800, 115),
(1228.788081000006, 6189, 549.0, 4300, 2800, 129),
(1229.2687850000075, 6196, 531.0, 4300, 2800, 136),
(1230.1375560000015, 6209, 532.0, 4300, 2800, 149),
(1230.5453540000017, 6215, 550.0, 4300, 2800, 115),
(1231.5088400000095, 6229, 549.0, 4300, 2800, 129),
(1231.9483029999974, 6236, 531.0, 4300, 2800, 136),
(1232.8303069999965, 6249, 532.0, 4300, 2800, 149),
(1233.1945120000019, 6255, 550.0, 4300, 2800, 115),
(1234.1270309999964, 6269, 549.0, 4300, 2800, 129),
(1234.5853040000075, 6276, 531.0, 4300, 2800, 136),
(1234.9868359999964, 6282, 530.0, 4300, 2800, 142),
(1235.4343709999957, 6289, 532.0, 4300, 2800, 149),
(1235.6979379999975, 6293, 530.0, 4300, 3000, 112),
(1235.8128910000087, 6295, 530.0, 4300, 3000, 114),
(1235.9458000000013, 6297, 530.0, 4300, 3000, 116),
(1235.9885940000095, 6298, 530.0, 4300, 3000, 117),
(1236.0492250000098, 6299, 530.0, 4300, 3000, 118),
(1236.0997809999972, 6300, 530.0, 4300, 3000, 119),
(1236.1393450000032, 6301, 530.0, 4300, 3000, 120),
(1236.1870900000067, 6302, 530.0, 4300, 3000, 121),
(1236.2275450000016, 6303, 530.0, 4300, 3000, 122),
(1236.2769160000025, 6304, 530.0, 4300, 3000, 123),
(1236.3325420000037, 6305, 530.0, 4300, 3000, 124),
(1236.3786560000008, 6306, 530.0, 4300, 3000, 125),
(1236.4373420000047, 6307, 530.0, 4300, 3000, 126),
(1236.5597379999963, 6309, 530.0, 4300, 3000, 128),
(1236.6747109999997, 6311, 530.0, 4300, 3000, 130),
(1236.7178839999979, 6312, 530.0, 4300, 3000, 131),
(1236.7675630000012, 6313, 530.0, 4300, 3000, 132),
(1236.8117020000063, 6314, 530.0, 4300, 3000, 133),
(1236.858929000009, 6315, 530.0, 4300, 3000, 134),
(1236.9137080000073, 6316, 530.0, 4300, 3000, 135),
(1236.965452999997, 6317, 530.0, 4300, 3000, 136),
(1237.0173150000046, 6318, 530.0, 4300, 3000, 137),
(1237.0675159999955, 6319, 530.0, 4300, 3000, 138),
(1237.1215410000004, 6320, 530.0, 4300, 3000, 139),
(1237.1650320000044, 6321, 530.0, 4300, 3000, 140),
(1237.2048389999982, 6322, 530.0, 4300, 3000, 141),
(1237.2470210000029, 6323, 530.0, 4300, 3000, 142),
(1237.2858490000071, 6324, 530.0, 4300, 3000, 143),
(1237.3243939999957, 6325, 530.0, 4300, 3000, 144),
(1237.368518000003, 6326, 530.0, 4300, 3000, 145),
(1237.4142319999955, 6327, 530.0, 4300, 3000, 146),
(1237.4608279999957, 6328, 530.0, 4300, 3000, 147),
(1237.508308999997, 6329, 530.0, 4300, 3000, 148),
(1237.5738060000003, 6330, 530.0, 4300, 3000, 149),
(1237.6279979999963, 6331, 530.0, 4300, 3000, 150),
(1237.6793390000093, 6332, 530.0, 4300, 3000, 151),
(1237.7262770000088, 6333, 530.0, 4300, 3000, 152),
(1237.8397629999963, 6335, 530.0, 4300, 3000, 114),
(1237.941982999997, 6337, 530.0, 4300, 3000, 116),
(1237.9791399999958, 6338, 530.0, 4300, 3000, 117),
(1238.0200780000014, 6339, 530.0, 4300, 3000, 118),
(1238.0662600000069, 6340, 530.0, 4300, 3000, 119),
(1238.1088889999955, 6341, 530.0, 4300, 3000, 120),
(1238.1528859999962, 6342, 530.0, 4300, 3000, 121),
(1238.1945140000025, 6343, 530.0, 4300, 3000, 122),
(1238.23616700001, 6344, 530.0, 4300, 3000, 123),
(1238.2777750000096, 6345, 530.0, 4300, 3000, 124),
(1238.3278640000062, 6346, 530.0, 4300, 3000, 125),
(1238.3879069999966, 6347, 530.0, 4300, 3000, 126),
(1238.5078530000028, 6349, 530.0, 4300, 3000, 128),
(1238.6279000000068, 6351, 530.0, 4300, 3000, 130),
(1238.6718760000076, 6352, 530.0, 4300, 3000, 131),
(1238.7112259999994, 6353, 530.0, 4300, 3000, 132),
(1238.7495120000094, 6354, 530.0, 4300, 3000, 133),
(1238.788717000003, 6355, 530.0, 4300, 3000, 134),
(1238.8306010000088, 6356, 530.0, 4300, 3000, 135),
(1238.8822280000022, 6357, 530.0, 4300, 3000, 136),
(1238.9412319999974, 6358, 530.0, 4300, 3000, 137),
(1238.9948180000065, 6359, 530.0, 4300, 3000, 138),
(1239.0504040000087, 6360, 530.0, 4300, 3000, 139),
(1239.0944100000052, 6361, 530.0, 4300, 3000, 140),
(1239.1438520000083, 6362, 530.0, 4300, 3000, 141),
(1239.1878070000093, 6363, 530.0, 4300, 3000, 142),
(1239.2268199999962, 6364, 530.0, 4300, 3000, 143),
(1239.2718860000023, 6365, 530.0, 4300, 3000, 144),
(1239.3157730000094, 6366, 530.0, 4300, 3000, 145),
(1239.3666010000015, 6367, 530.0, 4300, 3000, 146),
(1239.4041720000096, 6368, 530.0, 4300, 3000, 147),
(1239.4484050000028, 6369, 530.0, 4300, 3000, 148),
(1239.4875290000055, 6370, 530.0, 4300, 3000, 149),
(1239.5317329999962, 6371, 530.0, 4300, 3000, 150),
(1239.5846560000064, 6372, 530.0, 4300, 3000, 151),
(1239.6325219999999, 6373, 530.0, 4300, 3000, 152),
(1239.7704079999967, 6375, 530.0, 4300, 3000, 114),
(1239.8888660000084, 6377, 530.0, 4300, 3000, 116),
(1239.9295790000033, 6378, 530.0, 4300, 3000, 117),
(1239.9694739999977, 6379, 530.0, 4300, 3000, 118),
(1240.019002000001, 6380, 530.0, 4300, 3000, 119),
(1240.0710830000025, 6381, 530.0, 4300, 3000, 120),
(1240.1248550000018, 6382, 530.0, 4300, 3000, 121),
(1240.1820750000043, 6383, 530.0, 4300, 3000, 122),
(1240.2274060000054, 6384, 530.0, 4300, 3000, 123),
(1240.272524, 6385, 530.0, 4300, 3000, 124),
(1240.3171399999992, 6386, 530.0, 4300, 3000, 125),
(1240.363989999998, 6387, 530.0, 4300, 3000, 126),
(1240.4765130000014, 6389, 530.0, 4300, 3000, 128),
(1240.589380999998, 6391, 530.0, 4300, 3000, 130),
(1240.6360249999998, 6392, 530.0, 4300, 3000, 131),
(1240.6778970000014, 6393, 530.0, 4300, 3000, 132),
(1240.7212430000072, 6394, 530.0, 4300, 3000, 133),
(1240.7730260000098, 6395, 530.0, 4300, 3000, 134),
(1240.8190180000092, 6396, 530.0, 4300, 3000, 135),
(1240.8592710000084, 6397, 530.0, 4300, 3000, 136),
(1240.9033659999986, 6398, 530.0, 4300, 3000, 137),
(1240.9456970000028, 6399, 530.0, 4300, 3000, 138),
(1240.995523999998, 6400, 530.0, 4300, 3000, 139),
(1241.0435120000038, 6401, 530.0, 4300, 3000, 140),
(1241.0880730000063, 6402, 530.0, 4300, 3000, 141),
(1241.1377020000073, 6403, 530.0, 4300, 3000, 142),
(1241.1881660000072, 6404, 530.0, 4300, 3000, 143),
(1241.2358440000098, 6405, 530.0, 4300, 3000, 144),
(1241.2844370000093, 6406, 530.0, 4300, 3000, 145),
(1241.3349759999983, 6407, 530.0, 4300, 3000, 146),
(1241.385871999999, 6408, 530.0, 4300, 3000, 147),
(1241.435765000002, 6409, 530.0, 4300, 3000, 148),
(1241.4800790000008, 6410, 530.0, 4300, 3000, 149),
(1241.5268820000056, 6411, 530.0, 4300, 3000, 150),
(1241.576522000003, 6412, 530.0, 4300, 3000, 151),
(1241.6331809999974, 6413, 530.0, 4300, 3000, 152),
(1241.680143000005, 6414, 530.0, 4300, 3200, 112),
(1241.7261500000022, 6415, 530.0, 4300, 3200, 113),
(1241.7720580000023, 6416, 530.0, 4300, 3200, 114),
(1241.818391000008, 6417, 530.0, 4300, 3200, 115),
(1241.8716510000086, 6418, 530.0, 4300, 3200, 116),
(1241.9196320000046, 6419, 530.0, 4300, 3200, 117),
(1241.9701540000096, 6420, 530.0, 4300, 3200, 118),
(1242.0151420000038, 6421, 530.0, 4300, 3200, 119),
(1242.058785000001, 6422, 530.0, 4300, 3200, 120),
(1242.107342000003, 6423, 530.0, 4300, 3200, 121),
(1242.1474699999962, 6424, 530.0, 4300, 3200, 122),
(1242.1951510000072, 6425, 530.0, 4300, 3200, 123),
(1242.2454549999966, 6426, 530.0, 4300, 3200, 124),
(1242.2965340000083, 6427, 530.0, 4300, 3200, 125),
(1242.3418689999962, 6428, 530.0, 4300, 3200, 126),
(1242.3918050000066, 6429, 530.0, 4300, 3200, 127),
(1242.4347290000005, 6430, 530.0, 4300, 3200, 128),
(1242.4877750000014, 6431, 530.0, 4300, 3200, 129),
(1242.5355680000066, 6432, 530.0, 4300, 3200, 130),
(1242.5870240000077, 6433, 530.0, 4300, 3200, 131),
(1242.647026000006, 6434, 530.0, 4300, 3200, 132),
(1242.6852630000067, 6435, 530.0, 4300, 3200, 133),
(1242.7280299999984, 6436, 530.0, 4300, 3200, 134),
(1242.774562000006, 6437, 530.0, 4300, 3200, 135),
(1242.819125000009, 6438, 530.0, 4300, 3200, 136),
(1242.8644159999967, 6439, 530.0, 4300, 3200, 137),
(1242.9113570000045, 6440, 530.0, 4300, 3200, 138),
(1242.964055999997, 6441, 530.0, 4300, 3200, 139),
(1243.0069670000084, 6442, 530.0, 4300, 3200, 140),
(1243.0553130000044, 6443, 530.0, 4300, 3200, 141),
(1243.0974549999955, 6444, 530.0, 4300, 3200, 142),
(1243.1424540000007, 6445, 530.0, 4300, 3200, 143),
(1243.1875350000046, 6446, 530.0, 4300, 3200, 144),
(1243.2348809999967, 6447, 530.0, 4300, 3200, 145),
(1243.2775980000006, 6448, 530.0, 4300, 3200, 146),
(1243.3242350000073, 6449, 530.0, 4300, 3200, 147),
(1243.3757770000084, 6450, 530.0, 4300, 3200, 148),
(1243.42506400001, 6451, 530.0, 4300, 3200, 149),
(1243.4722150000016, 6452, 530.0, 4300, 3200, 150),
(1243.5198079999973, 6453, 530.0, 4300, 3200, 151),
(1243.5643620000046, 6454, 530.0, 4300, 3200, 152),
(1243.6085480000038, 6455, 530.0, 4300, 3200, 113),
(1243.6578569999983, 6456, 530.0, 4300, 3200, 114),
(1243.7082650000084, 6457, 530.0, 4300, 3200, 115),
(1243.7614170000015, 6458, 530.0, 4300, 3200, 116),
(1243.812008000008, 6459, 530.0, 4300, 3200, 117),
(1243.8615120000031, 6460, 530.0, 4300, 3200, 118),
(1243.9148459999997, 6461, 530.0, 4300, 3200, 119),
(1243.9710199999972, 6462, 530.0, 4300, 3200, 120),
(1244.025382000007, 6463, 530.0, 4300, 3200, 121),
(1244.0743150000053, 6464, 530.0, 4300, 3200, 122),
(1244.1254860000045, 6465, 530.0, 4300, 3200, 123),
(1244.1695949999994, 6466, 530.0, 4300, 3200, 124),
(1244.222087000002, 6467, 530.0, 4300, 3200, 125),
(1244.2711700000073, 6468, 530.0, 4300, 3200, 126),
(1244.3196810000081, 6469, 530.0, 4300, 3200, 127),
(1244.379230000006, 6470, 530.0, 4300, 3200, 128),
(1244.423821000004, 6471, 530.0, 4300, 3200, 129),
(1244.4747369999968, 6472, 530.0, 4300, 3200, 130),
(1244.5289849999972, 6473, 530.0, 4300, 3200, 131),
(1244.5788299999986, 6474, 530.0, 4300, 3200, 132),
(1244.6293440000009, 6475, 530.0, 4300, 3200, 133),
(1244.6849329999968, 6476, 530.0, 4300, 3200, 134),
(1244.7344719999965, 6477, 530.0, 4300, 3200, 135),
(1244.7841400000034, 6478, 530.0, 4300, 3200, 136),
(1244.8271720000048, 6479, 530.0, 4300, 3200, 137),
(1244.8735770000058, 6480, 530.0, 4300, 3200, 138),
(1244.9210989999992, 6481, 530.0, 4300, 3200, 139),
(1244.9720899999957, 6482, 530.0, 4300, 3200, 140),
(1245.0215929999977, 6483, 530.0, 4300, 3200, 141),
(1245.069411999997, 6484, 530.0, 4300, 3200, 142),
(1245.116909999997, 6485, 530.0, 4300, 3200, 143),
(1245.1639390000055, 6486, 530.0, 4300, 3200, 144),
(1245.2073979999986, 6487, 530.0, 4300, 3200, 145),
(1245.2485920000036, 6488, 530.0, 4300, 3200, 146),
(1245.2965640000039, 6489, 530.0, 4300, 3200, 147),
(1245.3457270000072, 6490, 530.0, 4300, 3200, 148),
(1245.3940640000073, 6491, 530.0, 4300, 3200, 149),
(1245.449974999996, 6492, 530.0, 4300, 3200, 150),
(1245.4956200000015, 6493, 530.0, 4300, 3200, 151),
(1245.550224999999, 6494, 530.0, 4300, 3200, 152),
(1245.5978279999981, 6495, 530.0, 4300, 3200, 113),
(1245.6465820000012, 6496, 530.0, 4300, 3200, 114),
(1245.6843430000008, 6497, 530.0, 4300, 3200, 115),
(1245.73530700001, 6498, 530.0, 4300, 3200, 116),
(1245.7791600000055, 6499, 530.0, 4300, 3200, 117),
(1245.8257719999965, 6500, 530.0, 4300, 3200, 118),
(1245.8756620000058, 6501, 530.0, 4300, 3200, 119),
(1245.927085999996, 6502, 530.0, 4300, 3200, 120),
(1245.9784380000056, 6503, 530.0, 4300, 3200, 121),
(1246.024053000001, 6504, 530.0, 4300, 3200, 122),
(1246.0735019999993, 6505, 530.0, 4300, 3200, 123),
(1246.124284999998, 6506, 530.0, 4300, 3200, 124),
(1246.177502000006, 6507, 530.0, 4300, 3200, 125),
(1246.2238510000025, 6508, 530.0, 4300, 3200, 126),
(1246.2734330000094, 6509, 530.0, 4300, 3200, 127),
(1246.3170479999972, 6510, 530.0, 4300, 3200, 128),
(1246.3637339999987, 6511, 530.0, 4300, 3200, 129),
(1246.4050050000078, 6512, 530.0, 4300, 3200, 130),
(1246.450720000008, 6513, 530.0, 4300, 3200, 131),
(1246.4989889999997, 6514, 530.0, 4300, 3200, 132),
(1246.5456180000037, 6515, 530.0, 4300, 3200, 133),
(1246.5914960000082, 6516, 530.0, 4300, 3200, 134),
(1246.6525709999987, 6517, 530.0, 4300, 3200, 135),
(1246.6956389999978, 6518, 530.0, 4300, 3200, 136),
(1246.739717999997, 6519, 530.0, 4300, 3200, 137),
(1246.7900130000053, 6520, 530.0, 4300, 3200, 138),
(1246.8364830000064, 6521, 530.0, 4300, 3200, 139),
(1246.8856180000002, 6522, 530.0, 4300, 3200, 140),
(1246.9288460000098, 6523, 530.0, 4300, 3200, 141),
(1246.9730710000003, 6524, 530.0, 4300, 3200, 142),
(1247.018609000006, 6525, 530.0, 4300, 3200, 143),
(1247.0713419999956, 6526, 530.0, 4300, 3200, 144),
(1247.1127410000045, 6527, 530.0, 4300, 3200, 145),
(1247.162255999996, 6528, 530.0, 4300, 3200, 146),
(1247.2122820000077, 6529, 530.0, 4300, 3200, 147),
(1247.2547369999957, 6530, 530.0, 4300, 3200, 148),
(1247.3099860000075, 6531, 530.0, 4300, 3200, 149),
(1247.370913000006, 6532, 530.0, 4300, 3200, 150),
(1247.420775000006, 6533, 530.0, 4300, 3200, 151),
(1247.4672419999988, 6534, 530.0, 4300, 3200, 152),
(1247.5135149999987, 6535, 533.0, 4300, 2100, 112),
(1247.557805999997, 6536, 534.0, 4300, 2100, 113),
(1247.826780000003, 6540, 618.0, 4300, 2100, 117),
(1255.7608340000006, 6545, 535.0, 4300, 2100, 122),
(1256.0856809999968, 6550, 534.0, 4300, 2100, 127),
(1264.3870730000053, 6558, 619.0, 4300, 2100, 135),
(1272.0804130000033, 6559, 533.0, 4300, 2100, 136),
(1287.8169170000037, 6566, 620.0, 4300, 2100, 143),
(1295.3930859999964, 6567, 535.0, 4300, 2100, 144),
(1295.4353220000048, 6568, 617.0, 4300, 2100, 145),
(1295.6175240000011, 6571, 617.0, 4300, 2100, 148),
(1295.660923000003, 6572, 286.0, 4300, 2100, 149),
(1303.4768990000011, 6576, 534.0, 4300, 2100, 113),
(1303.7181910000072, 6580, 618.0, 4300, 2100, 117),
(1304.0280970000022, 6585, 535.0, 4300, 2100, 122),
(1312.005508000002, 6590, 534.0, 4300, 2100, 127),
(1320.0497969999997, 6598, 619.0, 4300, 2100, 135),
(1320.0909260000044, 6599, 533.0, 4300, 2100, 136),
(1320.2677140000014, 6602, 615.0, 4300, 2100, 139),
(1328.1634290000075, 6606, 620.0, 4300, 2100, 143),
(1335.730898000009, 6607, 535.0, 4300, 2100, 144),
(1335.7811220000003, 6608, 617.0, 4300, 2100, 145),
(1335.947014999998, 6611, 617.0, 4300, 2100, 148),
(1335.9853739999962, 6612, 286.0, 4300, 2100, 149),
(1343.7276209999982, 6616, 534.0, 4300, 2100, 113),
(1343.977979000003, 6620, 618.0, 4300, 2100, 117),
(1344.308468999996, 6625, 535.0, 4300, 2100, 122),
(1352.2947240000067, 6630, 534.0, 4300, 2100, 127),
(1360.384646000006, 6638, 619.0, 4300, 2100, 135),
(1367.9255019999982, 6639, 533.0, 4300, 2100, 136),
(1368.097873000006, 6642, 615.0, 4300, 2100, 139),
(1376.0483340000064, 6646, 620.0, 4300, 2100, 143),
(1383.5549840000022, 6647, 535.0, 4300, 2100, 144),
(1383.601668000003, 6648, 617.0, 4300, 2100, 145),
(1383.7666089999984, 6651, 617.0, 4300, 2100, 148),
(1383.8083860000042, 6652, 286.0, 4300, 2100, 149),
(1391.5793479999993, 6656, 532.0, 4300, 2200, 112),
(1391.622920000009, 6657, 532.0, 4300, 2200, 113),
(1391.667816000001, 6658, 532.0, 4300, 2200, 114),
(1391.712731000007, 6659, 532.0, 4300, 2200, 115),
(1391.7562650000036, 6660, 532.0, 4300, 2200, 116),
(1391.8007999999973, 6661, 532.0, 4300, 2200, 117),
(1391.8417719999998, 6662, 532.0, 4300, 2200, 118),
(1391.8850440000097, 6663, 532.0, 4300, 2200, 119),
(1391.9263769999961, 6664, 532.0, 4300, 2200, 120),
(1391.9685610000015, 6665, 532.0, 4300, 2200, 121),
(1392.015538000007, 6666, 532.0, 4300, 2200, 122),
(1392.058056000009, 6667, 532.0, 4300, 2200, 123),
(1392.11815200001, 6668, 532.0, 4300, 2200, 124),
(1392.1622190000053, 6669, 532.0, 4300, 2200, 125),
(1392.2073769999988, 6670, 532.0, 4300, 2200, 126),
(1392.2570479999995, 6671, 532.0, 4300, 2200, 127),
(1392.3161780000082, 6672, 532.0, 4300, 2200, 128),
(1392.366749000008, 6673, 532.0, 4300, 2200, 129),
(1392.410957, 6674, 532.0, 4300, 2200, 130),
(1392.4700640000083, 6675, 532.0, 4300, 2200, 131),
(1392.5402480000048, 6676, 532.0, 4300, 2200, 132),
(1392.598496999999, 6677, 532.0, 4300, 2200, 133),
(1392.6450540000078, 6678, 532.0, 4300, 2200, 134),
(1392.687969999999, 6679, 532.0, 4300, 2200, 135),
(1392.729554000005, 6680, 532.0, 4300, 2200, 136),
(1392.7763470000064, 6681, 532.0, 4300, 2200, 137),
(1392.8272050000087, 6682, 532.0, 4300, 2200, 138),
(1392.895279999997, 6683, 532.0, 4300, 2200, 139),
(1392.9307280000066, 6684, 532.0, 4300, 2200, 140),
(1392.9704029999994, 6685, 532.0, 4300, 2200, 141),
(1393.007162000009, 6686, 532.0, 4300, 2200, 142),
(1393.0469529999973, 6687, 532.0, 4300, 2200, 143),
(1393.0904710000032, 6688, 532.0, 4300, 2200, 144),
(1393.1315170000016, 6689, 532.0, 4300, 2200, 145),
(1393.1713220000092, 6690, 532.0, 4300, 2200, 146),
(1393.209664000009, 6691, 532.0, 4300, 2200, 147),
(1393.2513080000062, 6692, 532.0, 4300, 2200, 148),
(1393.2915420000063, 6693, 532.0, 4300, 2200, 149),
(1393.332865000004, 6694, 532.0, 4300, 2200, 150),
(1393.372853000008, 6695, 532.0, 4300, 2200, 151),
(1393.4138749999984, 6696, 532.0, 4300, 2200, 152),
(1393.4652849999984, 6697, 532.0, 4300, 2200, 113),
(1393.5097760000062, 6698, 532.0, 4300, 2200, 114),
(1393.5618160000013, 6699, 532.0, 4300, 2200, 115),
(1393.6177480000042, 6700, 532.0, 4300, 2200, 116),
(1393.6678780000075, 6701, 532.0, 4300, 2200, 117),
(1393.7197549999983, 6702, 532.0, 4300, 2200, 118),
(1393.767028000002, 6703, 532.0, 4300, 2200, 119),
(1393.8160389999975, 6704, 532.0, 4300, 2200, 120),
(1393.8711089999997, 6705, 532.0, 4300, 2200, 121),
(1393.9147260000027, 6706, 532.0, 4300, 2200, 122),
(1393.963810000001, 6707, 532.0, 4300, 2200, 123),
(1394.0091919999977, 6708, 532.0, 4300, 2200, 124),
(1394.0582730000024, 6709, 532.0, 4300, 2200, 125),
(1394.1074729999964, 6710, 532.0, 4300, 2200, 126),
(1394.156142000007, 6711, 532.0, 4300, 2200, 127),
(1394.199643, 6712, 532.0, 4300, 2200, 128),
(1394.247052000006, 6713, 532.0, 4300, 2200, 129),
(1394.2901779999956, 6714, 532.0, 4300, 2200, 130),
(1394.3387760000041, 6715, 532.0, 4300, 2200, 131),
(1394.384665999998, 6716, 532.0, 4300, 2200, 132),
(1394.4375549999968, 6717, 532.0, 4300, 2200, 133),
(1394.495615000007, 6718, 532.0, 4300, 2200, 134),
(1394.5418570000038, 6719, 532.0, 4300, 2200, 135),
(1394.5825199999963, 6720, 532.0, 4300, 2200, 136),
(1394.6271530000085, 6721, 532.0, 4300, 2200, 137),
(1394.6697209999984, 6722, 532.0, 4300, 2200, 138),
(1394.722053000005, 6723, 532.0, 4300, 2200, 139),
(1394.768483000007, 6724, 532.0, 4300, 2200, 140),
(1394.8208630000008, 6725, 532.0, 4300, 2200, 141),
(1394.8678290000098, 6726, 532.0, 4300, 2200, 142),
(1394.9104380000063, 6727, 532.0, 4300, 2200, 143),
(1394.9576309999975, 6728, 532.0, 4300, 2200, 144),
(1394.9976610000012, 6729, 532.0, 4300, 2200, 145),
(1395.039889000007, 6730, 532.0, 4300, 2200, 146),
(1395.0847579999972, 6731, 532.0, 4300, 2200, 147),
(1395.1313440000085, 6732, 532.0, 4300, 2200, 148),
(1395.1758499999996, 6733, 532.0, 4300, 2200, 149),
(1395.2251990000077, 6734, 532.0, 4300, 2200, 150),
(1395.2642489999998, 6735, 532.0, 4300, 2200, 151),
(1395.3048039999994, 6736, 532.0, 4300, 2200, 152),
(1395.3454060000076, 6737, 532.0, 4300, 2200, 113),
(1395.389916, 6738, 532.0, 4300, 2200, 114),
(1395.4356620000035, 6739, 532.0, 4300, 2200, 115),
(1395.4830389999988, 6740, 532.0, 4300, 2200, 116),
(1395.5342230000097, 6741, 532.0, 4300, 2200, 117),
(1395.5799750000006, 6742, 532.0, 4300, 2200, 118),
(1395.6284580000065, 6743, 532.0, 4300, 2200, 119),
(1395.6672240000044, 6744, 532.0, 4300, 2200, 120),
(1395.715731999997, 6745, 532.0, 4300, 2200, 121),
(1395.7739920000022, 6746, 532.0, 4300, 2200, 122),
(1395.8153610000008, 6747, 532.0, 4300, 2200, 123),
(1395.8641300000018, 6748, 532.0, 4300, 2200, 124),
(1395.9170030000096, 6749, 532.0, 4300, 2200, 125),
(1395.9611430000077, 6750, 532.0, 4300, 2200, 126),
(1396.007163000002, 6751, 532.0, 4300, 2200, 127),
(1396.0540239999973, 6752, 532.0, 4300, 2200, 128),
(1396.1071660000016, 6753, 532.0, 4300, 2200, 129),
(1396.1587250000011, 6754, 532.0, 4300, 2200, 130),
(1396.2078630000033, 6755, 532.0, 4300, 2200, 131),
(1396.2638240000088, 6756, 532.0, 4300, 2200, 132),
(1396.3065080000088, 6757, 532.0, 4300, 2200, 133),
(1396.353264999998, 6758, 532.0, 4300, 2200, 134),
(1396.3954460000095, 6759, 532.0, 4300, 2200, 135),
(1396.4423079999979, 6760, 532.0, 4300, 2200, 136),
(1396.4873260000022, 6761, 532.0, 4300, 2200, 137),
(1396.5336300000054, 6762, 532.0, 4300, 2200, 138),
(1396.5775030000077, 6763, 532.0, 4300, 2200, 139),
(1396.6236670000071, 6764, 532.0, 4300, 2200, 140),
(1396.6760749999958, 6765, 532.0, 4300, 2200, 141),
(1396.7250829999975, 6766, 532.0, 4300, 2200, 142),
(1396.7699980000034, 6767, 532.0, 4300, 2200, 143),
(1396.8240690000093, 6768, 532.0, 4300, 2200, 144),
(1396.8727119999967, 6769, 532.0, 4300, 2200, 145),
(1396.9200310000015, 6770, 532.0, 4300, 2200, 146),
(1396.9674180000002, 6771, 532.0, 4300, 2200, 147),
(1397.0057630000083, 6772, 532.0, 4300, 2200, 148),
(1397.050390999997, 6773, 532.0, 4300, 2200, 149),
(1397.0970180000004, 6774, 532.0, 4300, 2200, 150),
(1397.1383900000073, 6775, 532.0, 4300, 2200, 151),
(1397.1904910000012, 6776, 532.0, 4300, 2200, 152),
(1404.9018680000008, 6779, 532.0, 4300, 2300, 114),
(1404.9443600000086, 6780, 532.0, 4300, 2300, 115),
(1404.985658000005, 6781, 532.0, 4300, 2300, 116),
(1405.228780000005, 6785, 535.0, 4300, 2300, 120),
(1405.2639570000028, 6786, 532.0, 4300, 2300, 121),
(1405.3019389999972, 6787, 533.0, 4300, 2300, 122),
(1405.4841540000052, 6790, 532.0, 4300, 2300, 125),
(1405.6712220000045, 6793, 553.0, 4300, 2300, 128),
(1413.229560000007, 6794, 532.0, 4300, 2300, 129),
(1413.273748000007, 6795, 532.0, 4300, 2300, 130),
(1413.313540999996, 6796, 532.0, 4300, 2300, 131),
(1413.3567110000004, 6797, 616.0, 4300, 2300, 132),
(1413.4021639999992, 6798, 618.0, 4300, 2300, 133),
(1413.5273989999987, 6800, 533.0, 4300, 2300, 135),
(1421.0359210000024, 6801, 535.0, 4300, 2300, 136),
(1421.1993900000089, 6804, 615.0, 4300, 2300, 139),
(1421.3095480000047, 6806, 17266.0, 4300, 2300, 141),
(1421.3546650000062, 6807, 276.0, 4300, 2300, 142),
(1421.4013410000043, 6808, 532.0, 4300, 2300, 143),
(1421.457705000008, 6809, 532.0, 4300, 2300, 144),
(1421.5001679999987, 6810, 532.0, 4300, 2300, 145),
(1421.549939000004, 6811, 282.0, 4300, 2300, 146),
(1421.594127000004, 6812, 532.0, 4300, 2300, 147),
(1421.7102220000088, 6814, 532.0, 4300, 2300, 149),
(1421.752575000006, 6815, 532.0, 4300, 2300, 150),
(1429.406925000003, 6818, 532.0, 4300, 2300, 113),
(1436.970960000006, 6819, 532.0, 4300, 2300, 114),
(1437.0163969999994, 6820, 532.0, 4300, 2300, 115),
(1437.0588410000055, 6821, 532.0, 4300, 2300, 116),
(1437.1012020000053, 6822, 618.0, 4300, 2300, 117),
(1437.2103239999997, 6824, 529.0, 4300, 2300, 119),
(1437.2523130000045, 6825, 532.0, 4300, 2300, 120),
(1437.2944040000002, 6826, 535.0, 4300, 2300, 121),
(1437.3344789999974, 6827, 532.0, 4300, 2300, 122),
(1437.4360719999968, 6829, 532.0, 4300, 2300, 124),
(1437.4734330000065, 6830, 532.0, 4300, 2300, 125),
(1437.5136150000035, 6831, 532.0, 4300, 2300, 126),
(1437.6321600000083, 6833, 532.0, 4300, 2300, 128),
(1445.1987010000012, 6834, 532.0, 4300, 2300, 129),
(1445.252732000008, 6835, 532.0, 4300, 2300, 130),
(1445.2979369999957, 6836, 532.0, 4300, 2300, 131),
(1445.3384809999989, 6837, 532.0, 4300, 2300, 132),
(1446.5602930000023, 6839, 532.0, 4300, 2300, 134),
(1454.0899960000097, 6840, 535.0, 4300, 2300, 135),
(1454.137407000002, 6841, 532.0, 4300, 2300, 136),
(1454.322656000004, 6844, 532.0, 4300, 2300, 139),
(1454.3657410000014, 6845, 532.0, 4300, 2300, 140),
(1454.4030990000028, 6846, 532.0, 4300, 2300, 141),
(1454.4452040000033, 6847, 276.0, 4300, 2300, 142),
(1454.4964219999965, 6848, 532.0, 4300, 2300, 143),
(1454.5456530000083, 6849, 532.0, 4300, 2300, 144),
(1454.5917880000052, 6850, 532.0, 4300, 2300, 145),
(1454.6425089999975, 6851, 531.0, 4300, 2300, 146),
(1454.843498000002, 6853, 532.0, 4300, 2300, 148),
(1462.4207380000007, 6854, 532.0, 4300, 2300, 149),
(1462.4660189999995, 6855, 532.0, 4300, 2300, 150),
(1462.5763279999956, 6857, 532.0, 4300, 2300, 152),
(1470.1656870000006, 6859, 532.0, 4300, 2300, 114),
(1477.6995590000006, 6860, 532.0, 4300, 2300, 115),
(1477.7456860000093, 6861, 532.0, 4300, 2300, 116),
(1477.789908000006, 6862, 532.0, 4300, 2300, 117),
(1477.8356630000053, 6863, 532.0, 4300, 2300, 118),
(1477.8765060000005, 6864, 532.0, 4300, 2300, 119),
(1477.9180380000034, 6865, 534.0, 4300, 2300, 120),
(1478.0366119999962, 6867, 620.0, 4300, 2300, 122),
(1478.0909269999975, 6868, 532.0, 4300, 2300, 123),
(1478.1406090000091, 6869, 529.0, 4300, 2300, 124),
(1478.2489840000053, 6871, 532.0, 4300, 2300, 126),
(1478.365306000007, 6873, 532.0, 4300, 2300, 128),
(1485.9532310000068, 6874, 532.0, 4300, 2300, 129),
(1486.0006030000077, 6875, 532.0, 4300, 2300, 130),
(1486.0406599999988, 6876, 533.0, 4300, 2300, 131),
(1486.0812250000017, 6877, 613.0, 4300, 2300, 132),
(1486.1230910000013, 6878, 532.0, 4300, 2300, 133),
(1486.170815999998, 6879, 532.0, 4300, 2300, 134),
(1486.2213639999973, 6880, 533.0, 4300, 2300, 135),
(1486.335183999996, 6882, 532.0, 4300, 2300, 137),
(1486.374563999998, 6883, 532.0, 4300, 2300, 138),
(1486.418635000009, 6884, 532.0, 4300, 2300, 139),
(1486.6098300000012, 6887, 278.0, 4300, 2300, 142),
(1494.1884649999993, 6888, 532.0, 4300, 2300, 143),
(1494.2298589999991, 6889, 532.0, 4300, 2300, 144),
(1494.2706659999967, 6890, 532.0, 4300, 2300, 145),
(1494.3765359999961, 6892, 532.0, 4300, 2300, 147),
(1494.4976279999973, 6894, 532.0, 4300, 2300, 149),
(1524.994577000005, 6903, 619.0, 4300, 2400, 117),
(1525.2417700000078, 6906, 615.0, 4300, 2400, 120),
(1532.831607, 6908, 535.0, 4300, 2400, 122),
(1533.0855470000097, 6911, 618.0, 4300, 2400, 125),
(1548.587857000006, 6918, 616.0, 4300, 2400, 132),
(1556.3806940000068, 6920, 615.0, 4300, 2400, 134),
(1564.0102929999994, 6922, 535.0, 4300, 2400, 136),
(1564.1829819999984, 6925, 615.0, 4300, 2400, 139),
(1564.4402629999968, 6928, 276.0, 4300, 2400, 142),
(1572.089816000007, 6930, 535.0, 4300, 2400, 144),
(1579.9551340000035, 6933, 279.0, 4300, 2400, 147),
(1595.4708700000047, 6937, 282.0, 4300, 2400, 151),
(1611.330759999997, 6946, 615.0, 4300, 2400, 120),
(1618.9979080000048, 6948, 535.0, 4300, 2400, 122),
(1619.2768880000076, 6951, 618.0, 4300, 2400, 125),
(1634.9072989999986, 6958, 616.0, 4300, 2400, 132),
(1642.6953159999975, 6960, 615.0, 4300, 2400, 134),
(1650.3659040000057, 6962, 535.0, 4300, 2400, 136),
(1650.5302389999997, 6965, 615.0, 4300, 2400, 139),
(1658.437518000006, 6968, 276.0, 4300, 2400, 142),
(1666.1407580000086, 6970, 535.0, 4300, 2400, 144),
(1673.9971860000078, 6973, 279.0, 4300, 2400, 147),
(1713.3752160000004, 6986, 615.0, 4300, 2400, 120),
(1721.0593530000042, 6988, 535.0, 4300, 2400, 122),
(1728.9658270000073, 6991, 618.0, 4300, 2400, 125),
(1744.458415000001, 6998, 616.0, 4300, 2400, 132),
(1744.6565720000071, 7000, 615.0, 4300, 2400, 134),
(1752.2730169999995, 7002, 535.0, 4300, 2400, 136),
(1752.4351600000082, 7005, 615.0, 4300, 2400, 139),
(1752.6864480000077, 7008, 276.0, 4300, 2400, 142),
(1760.2778519999993, 7010, 535.0, 4300, 2400, 144),
(1768.1024840000027, 7013, 279.0, 4300, 2400, 147),
(1791.156203999999, 7019, 532.0, 4300, 2500, 112),
(1791.201872000005, 7020, 532.0, 4300, 2500, 113),
(1791.2459300000046, 7021, 532.0, 4300, 2500, 114),
(1791.2907780000096, 7022, 532.0, 4300, 2500, 115),
(1791.3421899999958, 7023, 532.0, 4300, 2500, 116),
(1791.3845000000001, 7024, 532.0, 4300, 2500, 117),
(1791.4320989999978, 7025, 532.0, 4300, 2500, 118),
(1791.4919450000016, 7026, 532.0, 4300, 2500, 119),
(1791.5362900000036, 7027, 532.0, 4300, 2500, 120),
(1791.583375000002, 7028, 532.0, 4300, 2500, 121),
(1791.624656, 7029, 532.0, 4300, 2500, 122),
(1791.6729650000052, 7030, 532.0, 4300, 2500, 123),
(1791.7177570000058, 7031, 532.0, 4300, 2500, 124),
(1791.7604169999977, 7032, 532.0, 4300, 2500, 125),
(1791.7949590000062, 7033, 532.0, 4300, 2500, 126),
(1791.8304340000032, 7034, 532.0, 4300, 2500, 127),
(1791.8669650000083, 7035, 532.0, 4300, 2500, 128),
(1791.9060810000083, 7036, 532.0, 4300, 2500, 129),
(1791.9494209999975, 7037, 532.0, 4300, 2500, 130),
(1791.9920980000024, 7038, 532.0, 4300, 2500, 131),
(1792.0359420000023, 7039, 532.0, 4300, 2500, 132),
(1792.0805850000033, 7040, 532.0, 4300, 2500, 133),
(1792.1274510000076, 7041, 532.0, 4300, 2500, 134),
(1792.1764600000024, 7042, 532.0, 4300, 2500, 135),
(1792.2204139999958, 7043, 532.0, 4300, 2500, 136),
(1792.270233000003, 7044, 532.0, 4300, 2500, 137),
(1792.3118090000062, 7045, 532.0, 4300, 2500, 138),
(1792.3564340000012, 7046, 532.0, 4300, 2500, 139),
(1792.40404400001, 7047, 532.0, 4300, 2500, 140),
(1792.4509810000018, 7048, 532.0, 4300, 2500, 141),
(1792.4946520000085, 7049, 532.0, 4300, 2500, 142),
(1792.5348010000016, 7050, 532.0, 4300, 2500, 143),
(1792.5800339999987, 7051, 532.0, 4300, 2500, 144),
(1792.6297679999989, 7052, 532.0, 4300, 2500, 145),
(1792.6818170000042, 7053, 532.0, 4300, 2500, 146),
(1792.7305029999989, 7054, 532.0, 4300, 2500, 147),
(1792.7774520000094, 7055, 532.0, 4300, 2500, 148),
(1792.828674000004, 7056, 532.0, 4300, 2500, 149),
(1792.8718250000093, 7057, 532.0, 4300, 2500, 150),
(1792.9136750000034, 7058, 532.0, 4300, 2500, 151),
(1792.9579680000024, 7059, 532.0, 4300, 2500, 152),
(1792.9988500000036, 7060, 532.0, 4300, 2500, 113),
(1793.0405909999972, 7061, 532.0, 4300, 2500, 114),
(1793.0805120000005, 7062, 532.0, 4300, 2500, 115),
(1793.119411000007, 7063, 532.0, 4300, 2500, 116),
(1793.1680360000028, 7064, 532.0, 4300, 2500, 117),
(1793.2106889999995, 7065, 532.0, 4300, 2500, 118),
(1793.2605540000077, 7066, 532.0, 4300, 2500, 119),
(1793.3070399999997, 7067, 532.0, 4300, 2500, 120),
(1793.3623079999961, 7068, 532.0, 4300, 2500, 121),
(1793.407005000001, 7069, 532.0, 4300, 2500, 122),
(1793.449873000005, 7070, 532.0, 4300, 2500, 123),
(1793.502514000007, 7071, 532.0, 4300, 2500, 124),
(1793.5510829999985, 7072, 532.0, 4300, 2500, 125),
(1793.5935699999973, 7073, 532.0, 4300, 2500, 126),
(1793.6370330000063, 7074, 532.0, 4300, 2500, 127),
(1793.6796290000057, 7075, 532.0, 4300, 2500, 128),
(1793.7238050000014, 7076, 532.0, 4300, 2500, 129),
(1793.7711649999983, 7077, 532.0, 4300, 2500, 130),
(1793.8159620000079, 7078, 532.0, 4300, 2500, 131),
(1793.8604320000013, 7079, 532.0, 4300, 2500, 132),
(1793.914598000003, 7080, 532.0, 4300, 2500, 133),
(1793.9597590000049, 7081, 532.0, 4300, 2500, 134),
(1794.004123000006, 7082, 532.0, 4300, 2500, 135),
(1794.0503770000068, 7083, 532.0, 4300, 2500, 136),
(1794.0916510000097, 7084, 532.0, 4300, 2500, 137),
(1794.1303619999962, 7085, 532.0, 4300, 2500, 138),
(1794.171212000001, 7086, 532.0, 4300, 2500, 139),
(1794.2198900000076, 7087, 532.0, 4300, 2500, 140),
(1794.2624510000023, 7088, 532.0, 4300, 2500, 141),
(1794.323013000001, 7089, 532.0, 4300, 2500, 142),
(1794.3710350000038, 7090, 532.0, 4300, 2500, 143),
(1794.4129580000008, 7091, 532.0, 4300, 2500, 144),
(1794.4616950000054, 7092, 532.0, 4300, 2500, 145),
(1794.5113399999973, 7093, 532.0, 4300, 2500, 146),
(1794.5617139999958, 7094, 532.0, 4300, 2500, 147),
(1794.6130609999964, 7095, 532.0, 4300, 2500, 148),
(1794.6631970000017, 7096, 532.0, 4300, 2500, 149),
(1794.720211000007, 7097, 532.0, 4300, 2500, 150),
(1794.7667030000011, 7098, 532.0, 4300, 2500, 151),
(1794.8100419999973, 7099, 532.0, 4300, 2500, 152),
(1794.8592500000086, 7100, 532.0, 4300, 2500, 113),
(1794.9072040000028, 7101, 532.0, 4300, 2500, 114),
(1794.9492200000095, 7102, 532.0, 4300, 2500, 115),
(1794.9985610000003, 7103, 532.0, 4300, 2500, 116),
(1795.0456740000081, 7104, 532.0, 4300, 2500, 117),
(1795.0853090000019, 7105, 532.0, 4300, 2500, 118),
(1795.1234899999981, 7106, 532.0, 4300, 2500, 119),
(1795.163222999996, 7107, 532.0, 4300, 2500, 120),
(1795.206521, 7108, 532.0, 4300, 2500, 121),
(1795.2468729999964, 7109, 532.0, 4300, 2500, 122),
(1795.2903430000006, 7110, 532.0, 4300, 2500, 123),
(1795.3330050000077, 7111, 532.0, 4300, 2500, 124),
(1795.3807010000019, 7112, 532.0, 4300, 2500, 125),
(1795.4240930000087, 7113, 532.0, 4300, 2500, 126),
(1795.4705669999967, 7114, 532.0, 4300, 2500, 127),
(1795.5203500000061, 7115, 532.0, 4300, 2500, 128),
(1795.5740210000076, 7116, 532.0, 4300, 2500, 129),
(1795.6263009999966, 7117, 532.0, 4300, 2500, 130),
(1795.677456000005, 7118, 532.0, 4300, 2500, 131),
(1795.727435000008, 7119, 532.0, 4300, 2500, 132),
(1795.781621000002, 7120, 532.0, 4300, 2500, 133),
(1795.8272969999962, 7121, 532.0, 4300, 2500, 134),
(1795.871649000008, 7122, 532.0, 4300, 2500, 135),
(1795.9216600000073, 7123, 532.0, 4300, 2500, 136),
(1795.971298000004, 7124, 532.0, 4300, 2500, 137),
(1796.014433999997, 7125, 532.0, 4300, 2500, 138),
(1796.057765000005, 7126, 532.0, 4300, 2500, 139),
(1796.1009560000093, 7127, 532.0, 4300, 2500, 140),
(1796.137023999996, 7128, 532.0, 4300, 2500, 141),
(1796.1777560000046, 7129, 532.0, 4300, 2500, 142),
(1796.223576999997, 7130, 532.0, 4300, 2500, 143),
(1796.2710179999995, 7131, 532.0, 4300, 2500, 144),
(1796.3207910000056, 7132, 532.0, 4300, 2500, 145),
(1796.3719980000023, 7133, 532.0, 4300, 2500, 146),
(1796.408945999996, 7134, 532.0, 4300, 2500, 147),
(1796.4509640000033, 7135, 532.0, 4300, 2500, 148),
(1796.4979230000026, 7136, 532.0, 4300, 2500, 149),
(1796.5406539999967, 7137, 532.0, 4300, 2500, 150),
(1796.591333999997, 7138, 532.0, 4300, 2500, 151),
(1796.6437490000098, 7139, 532.0, 4300, 2500, 152),
(1796.6924149999977, 7140, 533.0, 4300, 2600, 112),
(1796.7369120000076, 7141, 534.0, 4300, 2600, 113),
(1796.7863519999955, 7142, 617.0, 4300, 2600, 114),
(1796.8376350000035, 7143, 539.0, 4300, 2600, 115),
(1796.9704690000071, 7145, 619.0, 4300, 2600, 117),
(1797.227734, 7149, 538.0, 4300, 2600, 121),
(1797.3535209999973, 7151, 620.0, 4300, 2600, 123),
(1797.603998999999, 7155, 534.0, 4300, 2600, 127),
(1797.6512270000094, 7156, 616.0, 4300, 2600, 128),
(1797.7032639999961, 7157, 623.0, 4300, 2600, 129),
(1798.1100980000047, 7163, 619.0, 4300, 2600, 135),
(1798.1544839999988, 7164, 533.0, 4300, 2600, 136),
(1798.386142000003, 7168, 620.0, 4300, 2600, 140),
(1798.5705690000032, 7171, 620.0, 4300, 2600, 143),
(1798.6891990000004, 7173, 617.0, 4300, 2600, 145),
(1798.8787220000086, 7176, 617.0, 4300, 2600, 148),
(1798.9237240000075, 7177, 286.0, 4300, 2600, 149),
(1799.055250000005, 7179, 282.0, 4300, 2600, 151),
(1799.142789000005, 7181, 534.0, 4300, 2600, 113),
(1799.1912410000077, 7182, 617.0, 4300, 2600, 114),
(1799.3743380000087, 7185, 619.0, 4300, 2600, 117),
(1799.6196530000016, 7189, 620.0, 4300, 2600, 121),
(1799.735805000004, 7191, 620.0, 4300, 2600, 123),
(1799.9842659999995, 7195, 534.0, 4300, 2600, 127),
(1800.0349480000004, 7196, 616.0, 4300, 2600, 128),
(1800.4975859999977, 7203, 619.0, 4300, 2600, 135),
(1800.5448650000035, 7204, 533.0, 4300, 2600, 136),
(1800.7759610000066, 7208, 620.0, 4300, 2600, 140),
(1800.9576579999994, 7211, 620.0, 4300, 2600, 143),
(1801.0795639999997, 7213, 617.0, 4300, 2600, 145),
(1801.2611049999978, 7216, 617.0, 4300, 2600, 148),
(1801.311189, 7217, 286.0, 4300, 2600, 149),
(1801.4323830000067, 7219, 282.0, 4300, 2600, 151),
(1801.519134000002, 7221, 534.0, 4300, 2600, 113),
(1801.566519, 7222, 617.0, 4300, 2600, 114),
(1809.3586030000006, 7225, 619.0, 4300, 2600, 117),
(1809.6082610000012, 7229, 538.0, 4300, 2600, 121),
(1809.6498379999975, 7230, 535.0, 4300, 2600, 122),
(1809.6881169999979, 7231, 620.0, 4300, 2600, 123),
(1809.9171250000072, 7235, 534.0, 4300, 2600, 127),
(1809.9576499999966, 7236, 616.0, 4300, 2600, 128),
(1810.3833049999957, 7243, 619.0, 4300, 2600, 135),
(1810.430819000001, 7244, 533.0, 4300, 2600, 136),
(1810.6091259999957, 7247, 615.0, 4300, 2600, 139),
(1810.6460490000027, 7248, 620.0, 4300, 2600, 140),
(1810.8191579999984, 7251, 620.0, 4300, 2600, 143),
(1810.9145350000035, 7253, 617.0, 4300, 2600, 145),
(1811.0639139999985, 7256, 617.0, 4300, 2600, 148),
(1811.1026680000068, 7257, 286.0, 4300, 2600, 149),
(1811.2181560000026, 7259, 282.0, 4300, 2600, 151),
(1827.1214230000041, 7269, 551.0, 4300, 2700, 120),
(1842.5535309999977, 7274, 551.0, 4300, 2700, 125),
(1858.303436000002, 7283, 551.0, 4300, 2700, 134),
(1881.4842300000018, 7291, 551.0, 4300, 2700, 142),
(1896.9161180000083, 7296, 551.0, 4300, 2700, 147),
(1912.332939, 7301, 616.0, 4300, 2700, 152),
(1920.466987000007, 7309, 551.0, 4300, 2700, 120),
(1935.9645440000022, 7314, 551.0, 4300, 2700, 125),
(1951.6860610000003, 7323, 551.0, 4300, 2700, 134),
(1974.9088690000062, 7331, 551.0, 4300, 2700, 142),
(1990.3518960000074, 7336, 551.0, 4300, 2700, 147),
(2005.7946610000072, 7341, 616.0, 4300, 2700, 152),
(2013.830786999999, 7349, 551.0, 4300, 2700, 120),
(2029.2850580000086, 7354, 551.0, 4300, 2700, 125),
(2045.0589929999987, 7363, 551.0, 4300, 2700, 134),
(2068.306389999998, 7371, 551.0, 4300, 2700, 142),
(2083.7538170000043, 7376, 551.0, 4300, 2700, 147),
(2099.223981000003, 7381, 616.0, 4300, 2700, 152),
(2099.465547, 7385, 550.0, 4300, 2800, 115),
(2100.338235000003, 7399, 549.0, 4300, 2800, 129),
(2100.7481930000067, 7406, 531.0, 4300, 2800, 136),
(2101.5836589999963, 7419, 532.0, 4300, 2800, 149),
(2101.8148860000074, 7423, 548.0, 4300, 2800, 113),
(2101.9284009999974, 7425, 550.0, 4300, 2800, 115),
(2102.2167489999993, 7430, 530.0, 4300, 2800, 120),
(2102.7686479999975, 7439, 549.0, 4300, 2800, 129),
(2103.206732000006, 7446, 531.0, 4300, 2800, 136),
(2104.038863000009, 7459, 532.0, 4300, 2800, 149),
(2104.4071990000084, 7465, 550.0, 4300, 2800, 115),
(2104.7136850000097, 7470, 530.0, 4300, 2800, 120),
(2105.2870399999956, 7479, 549.0, 4300, 2800, 129),
(2105.735759999996, 7486, 531.0, 4300, 2800, 136),
(2106.559665000008, 7499, 532.0, 4300, 2800, 149),
(2106.794876, 7503, 530.0, 4300, 2900, 112),
(2106.9076700000005, 7505, 530.0, 4300, 2900, 114),
(2107.023853999999, 7507, 530.0, 4300, 2900, 116),
(2107.139765, 7509, 530.0, 4300, 2900, 118),
(2107.185104999997, 7510, 530.0, 4300, 2900, 119),
(2107.2290520000097, 7511, 530.0, 4300, 2900, 120),
(2107.3384110000043, 7513, 530.0, 4300, 2900, 122),
(2107.4469510000054, 7515, 530.0, 4300, 2900, 124),
(2107.5597740000085, 7517, 530.0, 4300, 2900, 126),
(2107.657103000005, 7519, 530.0, 4300, 2900, 128),
(2107.771756000002, 7521, 530.0, 4300, 2900, 130),
(2107.8776320000034, 7523, 530.0, 4300, 2900, 132),
(2107.935115, 7524, 530.0, 4300, 2900, 133),
(2107.975921999998, 7525, 530.0, 4300, 2900, 134),
(2108.0220890000055, 7526, 282.0, 4300, 2900, 135),
(2108.070378999997, 7527, 530.0, 4300, 2900, 136),
(2108.1151669999963, 7528, 280.0, 4300, 2900, 137),
(2108.1570930000016, 7529, 595.0, 4300, 2900, 138),
(2108.2771920000087, 7531, 1832.0, 4300, 2900, 140),
(2108.320455000008, 7532, 530.0, 4300, 2900, 141),
(2108.3658609999984, 7533, 530.0, 4300, 2900, 142),
(2108.4119409999985, 7534, 592.0, 4300, 2900, 143),
(2108.4604300000065, 7535, 530.0, 4300, 2900, 144),
(2108.506534, 7536, 282.0, 4300, 2900, 145),
(2108.5526260000042, 7537, 530.0, 4300, 2900, 146),
(2108.602350000001, 7538, 530.0, 4300, 2900, 147),
(2108.6480900000024, 7539, 282.0, 4300, 2900, 148),
(2108.6882100000075, 7540, 530.0, 4300, 2900, 149),
(2108.8138409999956, 7542, 530.0, 4300, 2900, 151),
(2108.8544189999957, 7543, 592.0, 4300, 2900, 152),
(2108.9639929999976, 7545, 530.0, 4300, 2900, 114),
(2109.0668529999966, 7547, 530.0, 4300, 2900, 116),
(2109.187008000008, 7549, 530.0, 4300, 2900, 118),
(2109.2319930000085, 7550, 530.0, 4300, 2900, 119),
(2109.2767129999993, 7551, 530.0, 4300, 2900, 120),
(2109.41102900001, 7553, 530.0, 4300, 2900, 122),
(2109.521829999998, 7555, 530.0, 4300, 2900, 124),
(2109.6312370000087, 7557, 530.0, 4300, 2900, 126),
(2109.745538000003, 7559, 530.0, 4300, 2900, 128),
(2109.859792000003, 7561, 530.0, 4300, 2900, 130),
(2109.975587000008, 7563, 530.0, 4300, 2900, 132),
(2110.031262999997, 7564, 530.0, 4300, 2900, 133),
(2110.0757030000095, 7565, 530.0, 4300, 2900, 134),
(2110.120848999999, 7566, 282.0, 4300, 2900, 135),
(2110.162995999999, 7567, 530.0, 4300, 2900, 136),
(2110.20300400001, 7568, 280.0, 4300, 2900, 137),
(2110.2462689999957, 7569, 595.0, 4300, 2900, 138),
(2110.354984999998, 7571, 1832.0, 4300, 2900, 140),
(2110.401058000003, 7572, 530.0, 4300, 2900, 141),
(2110.445556000006, 7573, 530.0, 4300, 2900, 142),
(2110.484414999999, 7574, 592.0, 4300, 2900, 143),
(2110.5291450000077, 7575, 530.0, 4300, 2900, 144),
(2110.574244000003, 7576, 592.0, 4300, 2900, 145),
(2110.620425000001, 7577, 530.0, 4300, 2900, 146),
(2110.6669640000036, 7578, 530.0, 4300, 2900, 147),
(2110.716398000004, 7579, 282.0, 4300, 2900, 148),
(2110.7651909999986, 7580, 530.0, 4300, 2900, 149),
(2110.882435000007, 7582, 530.0, 4300, 2900, 151),
(2110.926336000004, 7583, 592.0, 4300, 2900, 152),
(2111.033135999998, 7585, 530.0, 4300, 2900, 114),
(2111.1431620000076, 7587, 530.0, 4300, 2900, 116),
(2111.244584, 7589, 530.0, 4300, 2900, 118),
(2111.288895000005, 7590, 530.0, 4300, 2900, 119),
(2111.350927000007, 7591, 530.0, 4300, 2900, 120),
(2111.4563449999987, 7593, 530.0, 4300, 2900, 122),
(2111.565585000004, 7595, 530.0, 4300, 2900, 124),
(2111.6771149999986, 7597, 530.0, 4300, 2900, 126),
(2111.7873790000012, 7599, 530.0, 4300, 2900, 128),
(2111.899464000002, 7601, 530.0, 4300, 2900, 130),
(2112.001728999996, 7603, 530.0, 4300, 2900, 132),
(2112.0469909999956, 7604, 530.0, 4300, 2900, 133),
(2112.0920509999996, 7605, 530.0, 4300, 2900, 134),
(2112.127244999996, 7606, 282.0, 4300, 2900, 135),
(2112.163415999996, 7607, 530.0, 4300, 2900, 136),
(2112.2018110000063, 7608, 280.0, 4300, 2900, 137),
(2112.253681000002, 7609, 595.0, 4300, 2900, 138),
(2112.3644950000016, 7611, 1832.0, 4300, 2900, 140),
(2112.4069699999964, 7612, 530.0, 4300, 2900, 141),
(2112.446582999997, 7613, 530.0, 4300, 2900, 142),
(2112.491730000009, 7614, 592.0, 4300, 2900, 143),
(2112.5429920000024, 7615, 530.0, 4300, 2900, 144),
(2112.583910000001, 7616, 592.0, 4300, 2900, 145),
(2112.6325240000006, 7617, 530.0, 4300, 2900, 146),
(2112.6775720000005, 7618, 530.0, 4300, 2900, 147),
(2112.7223870000016, 7619, 282.0, 4300, 2900, 148),
(2112.7665320000087, 7620, 530.0, 4300, 2900, 149),
(2112.887943000009, 7622, 530.0, 4300, 2900, 151),
(2112.9347530000086, 7623, 592.0, 4300, 2900, 152),
(2112.9828620000044, 7624, 530.0, 4300, 3000, 112),
(2113.0885350000026, 7626, 530.0, 4300, 3000, 114),
(2113.1964210000006, 7628, 530.0, 4300, 3000, 116),
(2113.2453899999964, 7629, 530.0, 4300, 3000, 117),
(2113.297166999997, 7630, 530.0, 4300, 3000, 118),
(2113.343829999998, 7631, 530.0, 4300, 3000, 119),
(2113.3950190000032, 7632, 530.0, 4300, 3000, 120),
(2113.4433879999997, 7633, 530.0, 4300, 3000, 121),
(2113.4842990000034, 7634, 530.0, 4300, 3000, 122),
(2113.5251620000054, 7635, 530.0, 4300, 3000, 123),
(2113.5729129999963, 7636, 530.0, 4300, 3000, 124),
(2113.6224099999963, 7637, 530.0, 4300, 3000, 125),
(2113.6650260000024, 7638, 530.0, 4300, 3000, 126),
(2113.7926260000095, 7640, 530.0, 4300, 3000, 128),
(2113.8978179999976, 7642, 530.0, 4300, 3000, 130),
(2113.9414099999995, 7643, 530.0, 4300, 3000, 131),
(2113.985752000008, 7644, 530.0, 4300, 3000, 132),
(2114.0271860000066, 7645, 530.0, 4300, 3000, 133),
(2114.0785009999963, 7646, 530.0, 4300, 3000, 134),
(2114.1234050000057, 7647, 530.0, 4300, 3000, 135),
(2114.167279000001, 7648, 530.0, 4300, 3000, 136),
(2114.2080879999994, 7649, 530.0, 4300, 3000, 137),
(2114.2542390000017, 7650, 530.0, 4300, 3000, 138),
(2114.299662000005, 7651, 530.0, 4300, 3000, 139),
(2114.3562810000003, 7652, 530.0, 4300, 3000, 140),
(2114.400987000001, 7653, 530.0, 4300, 3000, 141),
(2114.4459970000025, 7654, 530.0, 4300, 3000, 142),
(2114.489775000009, 7655, 530.0, 4300, 3000, 143),
(2114.5339930000046, 7656, 530.0, 4300, 3000, 144),
(2114.5804869999993, 7657, 530.0, 4300, 3000, 145),
(2114.6241680000094, 7658, 530.0, 4300, 3000, 146),
(2114.6693070000038, 7659, 530.0, 4300, 3000, 147),
(2114.715341000003, 7660, 530.0, 4300, 3000, 148),
(2114.765612999996, 7661, 530.0, 4300, 3000, 149),
(2114.8191329999972, 7662, 530.0, 4300, 3000, 150),
(2114.8712680000026, 7663, 530.0, 4300, 3000, 151),
(2114.913505000004, 7664, 530.0, 4300, 3000, 152),
(2115.02738900001, 7666, 530.0, 4300, 3000, 114),
(2115.1299, 7668, 530.0, 4300, 3000, 116),
(2115.1745850000007, 7669, 530.0, 4300, 3000, 117),
(2115.21714600001, 7670, 530.0, 4300, 3000, 118),
(2115.258652000004, 7671, 530.0, 4300, 3000, 119),
(2115.3052060000045, 7672, 530.0, 4300, 3000, 120),
(2115.3574110000045, 7673, 530.0, 4300, 3000, 121),
(2115.4011360000004, 7674, 530.0, 4300, 3000, 122),
(2115.4482900000003, 7675, 530.0, 4300, 3000, 123),
(2115.488936000009, 7676, 530.0, 4300, 3000, 124),
(2115.532701999997, 7677, 530.0, 4300, 3000, 125),
(2115.573965000003, 7678, 530.0, 4300, 3000, 126),
(2115.6877039999963, 7680, 530.0, 4300, 3000, 128),
(2115.7958170000056, 7682, 530.0, 4300, 3000, 130),
(2115.8482060000097, 7683, 530.0, 4300, 3000, 131),
(2115.8925949999975, 7684, 530.0, 4300, 3000, 132),
(2115.939624999999, 7685, 530.0, 4300, 3000, 133),
(2115.9850640000077, 7686, 530.0, 4300, 3000, 134),
(2116.0255580000085, 7687, 530.0, 4300, 3000, 135),
(2116.0703740000026, 7688, 530.0, 4300, 3000, 136),
(2116.113551000002, 7689, 530.0, 4300, 3000, 137),
(2116.157567000002, 7690, 530.0, 4300, 3000, 138),
(2116.202025000006, 7691, 530.0, 4300, 3000, 139),
(2116.245351000005, 7692, 530.0, 4300, 3000, 140),
(2116.2929000000004, 7693, 530.0, 4300, 3000, 141),
(2116.3418390000006, 7694, 530.0, 4300, 3000, 142),
(2116.384680000003, 7695, 530.0, 4300, 3000, 143),
(2116.4308359999995, 7696, 530.0, 4300, 3000, 144),
(2116.4725370000087, 7697, 530.0, 4300, 3000, 145),
(2116.517101999998, 7698, 530.0, 4300, 3000, 146),
(2116.5633059999964, 7699, 530.0, 4300, 3000, 147),
(2116.6088290000043, 7700, 530.0, 4300, 3000, 148),
(2116.6566160000075, 7701, 530.0, 4300, 3000, 149),
(2116.6995210000023, 7702, 530.0, 4300, 3000, 150),
(2116.7417669999995, 7703, 530.0, 4300, 3000, 151),
(2116.7910720000073, 7704, 530.0, 4300, 3000, 152),
(2116.9072640000086, 7706, 530.0, 4300, 3000, 114),
(2117.0257850000053, 7708, 530.0, 4300, 3000, 116),
(2117.0650390000083, 7709, 530.0, 4300, 3000, 117),
(2117.1104560000094, 7710, 530.0, 4300, 3000, 118),
(2117.152197000003, 7711, 530.0, 4300, 3000, 119),
(2117.198258000004, 7712, 530.0, 4300, 3000, 120),
(2117.2433540000056, 7713, 530.0, 4300, 3000, 121),
(2117.2856449999963, 7714, 530.0, 4300, 3000, 122),
(2117.333012000003, 7715, 530.0, 4300, 3000, 123),
(2117.3883950000018, 7716, 530.0, 4300, 3000, 124),
(2117.4369140000053, 7717, 530.0, 4300, 3000, 125),
(2117.4755270000023, 7718, 530.0, 4300, 3000, 126),
(2117.5779690000054, 7720, 530.0, 4300, 3000, 128),
(2117.691061000005, 7722, 530.0, 4300, 3000, 130),
(2117.7423419999977, 7723, 530.0, 4300, 3000, 131),
(2117.784805999996, 7724, 530.0, 4300, 3000, 132),
(2117.8309540000046, 7725, 530.0, 4300, 3000, 133),
(2117.872872000007, 7726, 530.0, 4300, 3000, 134),
(2117.9118140000064, 7727, 530.0, 4300, 3000, 135),
(2117.960500000001, 7728, 530.0, 4300, 3000, 136),
(2118.005734999999, 7729, 530.0, 4300, 3000, 137),
(2118.0485599999956, 7730, 530.0, 4300, 3000, 138),
(2118.0990500000044, 7731, 530.0, 4300, 3000, 139),
(2118.1450909999985, 7732, 530.0, 4300, 3000, 140),
(2118.191036999997, 7733, 530.0, 4300, 3000, 141),
(2118.2347750000044, 7734, 530.0, 4300, 3000, 142),
(2118.2839899999963, 7735, 530.0, 4300, 3000, 143),
(2118.327203000008, 7736, 530.0, 4300, 3000, 144),
(2118.373476000008, 7737, 530.0, 4300, 3000, 145),
(2118.4183489999996, 7738, 530.0, 4300, 3000, 146),
(2118.4625740000047, 7739, 530.0, 4300, 3000, 147),
(2118.5056440000044, 7740, 530.0, 4300, 3000, 148),
(2118.547713000007, 7741, 530.0, 4300, 3000, 149),
(2118.5899100000097, 7742, 530.0, 4300, 3000, 150),
(2118.6322910000017, 7743, 530.0, 4300, 3000, 151),
(2118.67598, 7744, 530.0, 4300, 3000, 152),
(2118.726170000009, 7745, 530.0, 4300, 3100, 112),
(2118.776006, 7746, 530.0, 4300, 3100, 113),
(2118.8156200000085, 7747, 530.0, 4300, 3100, 114),
(2118.858229000005, 7748, 530.0, 4300, 3100, 115),
(2118.898654000004, 7749, 530.0, 4300, 3100, 116),
(2118.941153000007, 7750, 530.0, 4300, 3100, 117),
(2118.9849560000002, 7751, 530.0, 4300, 3100, 118),
(2119.031937000007, 7752, 530.0, 4300, 3100, 119),
(2119.075073, 7753, 530.0, 4300, 3100, 120),
(2119.1204, 7754, 530.0, 4300, 3100, 121),
(2119.163618000006, 7755, 530.0, 4300, 3100, 122),
(2119.209283000004, 7756, 530.0, 4300, 3100, 123),
(2119.2643170000083, 7757, 530.0, 4300, 3100, 124),
(2119.3110270000034, 7758, 530.0, 4300, 3100, 125),
(2119.3546970000025, 7759, 530.0, 4300, 3100, 126),
(2119.402138999998, 7760, 530.0, 4300, 3100, 127),
(2119.447404000006, 7761, 530.0, 4300, 3100, 128),
(2119.4937500000087, 7762, 530.0, 4300, 3100, 129),
(2119.5442699999985, 7763, 530.0, 4300, 3100, 130),
(2119.593258000008, 7764, 530.0, 4300, 3100, 131),
(2119.640822000001, 7765, 530.0, 4300, 3100, 132),
(2119.6824350000097, 7766, 530.0, 4300, 3100, 133),
(2119.7275230000087, 7767, 530.0, 4300, 3100, 134),
(2119.7727259999956, 7768, 530.0, 4300, 3100, 135),
(2119.813995999997, 7769, 530.0, 4300, 3100, 136),
(2119.856507000004, 7770, 530.0, 4300, 3100, 137),
(2119.904204999999, 7771, 530.0, 4300, 3100, 138),
(2119.9525250000006, 7772, 530.0, 4300, 3100, 139),
(2119.999143000008, 7773, 530.0, 4300, 3100, 140),
(2120.0491699999984, 7774, 530.0, 4300, 3100, 141),
(2120.0970490000036, 7775, 530.0, 4300, 3100, 142),
(2120.1479980000004, 7776, 530.0, 4300, 3100, 143),
(2120.191405999998, 7777, 530.0, 4300, 3100, 144),
(2120.2450630000094, 7778, 530.0, 4300, 3100, 145),
(2120.2865900000033, 7779, 530.0, 4300, 3100, 146),
(2120.3341040000087, 7780, 530.0, 4300, 3100, 147),
(2120.3865950000036, 7781, 530.0, 4300, 3100, 148),
(2120.4315630000056, 7782, 530.0, 4300, 3100, 149),
(2120.470941000007, 7783, 530.0, 4300, 3100, 150),
(2120.507310000001, 7784, 530.0, 4300, 3100, 151),
(2120.547298000005, 7785, 530.0, 4300, 3100, 152),
(2120.588426000002, 7786, 530.0, 4300, 3100, 113),
(2120.631263000003, 7787, 530.0, 4300, 3100, 114),
(2120.6726909999998, 7788, 530.0, 4300, 3100, 115),
(2120.7138799999957, 7789, 530.0, 4300, 3100, 116),
(2120.761679000003, 7790, 530.0, 4300, 3100, 117),
(2120.827854999996, 7791, 530.0, 4300, 3100, 118),
(2120.887566999998, 7792, 530.0, 4300, 3100, 119),
(2120.9407800000045, 7793, 530.0, 4300, 3100, 120),
(2120.99018600001, 7794, 530.0, 4300, 3100, 121),
(2121.035136000006, 7795, 530.0, 4300, 3100, 122),
(2121.0749579999974, 7796, 530.0, 4300, 3100, 123),
(2121.120114999998, 7797, 530.0, 4300, 3100, 124),
(2121.168098000009, 7798, 530.0, 4300, 3100, 125),
(2121.2174460000097, 7799, 530.0, 4300, 3100, 126),
(2121.2592000000004, 7800, 530.0, 4300, 3100, 127),
(2121.308294000002, 7801, 530.0, 4300, 3100, 128),
(2121.3544580000016, 7802, 530.0, 4300, 3100, 129),
(2121.3951020000095, 7803, 530.0, 4300, 3100, 130),
(2121.4385940000066, 7804, 530.0, 4300, 3100, 131),
(2121.4811009999976, 7805, 530.0, 4300, 3100, 132),
(2121.5247919999965, 7806, 530.0, 4300, 3100, 133),
(2121.5666150000034, 7807, 530.0, 4300, 3100, 134),
(2121.6245049999998, 7808, 530.0, 4300, 3100, 135),
(2121.676394000009, 7809, 530.0, 4300, 3100, 136),
(2121.726309000005, 7810, 530.0, 4300, 3100, 137),
(2121.773874000006, 7811, 530.0, 4300, 3100, 138),
(2121.8258029999997, 7812, 530.0, 4300, 3100, 139),
(2121.868883999996, 7813, 530.0, 4300, 3100, 140),
(2121.911435000002, 7814, 530.0, 4300, 3100, 141),
(2121.9542660000006, 7815, 530.0, 4300, 3100, 142),
(2121.9977570000046, 7816, 530.0, 4300, 3100, 143),
(2122.0431420000095, 7817, 530.0, 4300, 3100, 144),
(2122.091750000007, 7818, 530.0, 4300, 3100, 145),
(2122.1421700000064, 7819, 530.0, 4300, 3100, 146),
(2122.176793000006, 7820, 530.0, 4300, 3100, 147),
(2122.2211860000098, 7821, 530.0, 4300, 3100, 148),
(2122.2611929999985, 7822, 530.0, 4300, 3100, 149),
(2122.304562999998, 7823, 530.0, 4300, 3100, 150),
(2122.352104000005, 7824, 530.0, 4300, 3100, 151),
(2122.4003440000088, 7825, 530.0, 4300, 3100, 152),
(2122.4450970000034, 7826, 530.0, 4300, 3100, 113),
(2122.48461900001, 7827, 530.0, 4300, 3100, 114),
(2122.5309870000056, 7828, 530.0, 4300, 3100, 115),
(2122.5734470000025, 7829, 530.0, 4300, 3100, 116),
(2122.612227000005, 7830, 530.0, 4300, 3100, 117),
(2122.6561619999993, 7831, 530.0, 4300, 3100, 118),
(2122.6980360000016, 7832, 530.0, 4300, 3100, 119),
(2122.740168000004, 7833, 530.0, 4300, 3100, 120),
(2122.7849530000094, 7834, 530.0, 4300, 3100, 121),
(2122.839875999998, 7835, 530.0, 4300, 3100, 122),
(2122.8846389999962, 7836, 530.0, 4300, 3100, 123),
(2122.933203000008, 7837, 530.0, 4300, 3100, 124),
(2122.9769369999995, 7838, 530.0, 4300, 3100, 125),
(2123.0185880000063, 7839, 530.0, 4300, 3100, 126),
(2123.060740000001, 7840, 530.0, 4300, 3100, 127),
(2123.1079800000007, 7841, 530.0, 4300, 3100, 128),
(2123.1549430000014, 7842, 530.0, 4300, 3100, 129),
(2123.1940180000092, 7843, 530.0, 4300, 3100, 130),
(2123.234829000008, 7844, 530.0, 4300, 3100, 131),
(2123.2779169999994, 7845, 530.0, 4300, 3100, 132),
(2123.325131000005, 7846, 530.0, 4300, 3100, 133),
(2123.3765970000095, 7847, 530.0, 4300, 3100, 134),
(2123.4253540000063, 7848, 530.0, 4300, 3100, 135),
(2123.468995000003, 7849, 530.0, 4300, 3100, 136),
(2123.513500000001, 7850, 530.0, 4300, 3100, 137),
(2123.5601670000033, 7851, 530.0, 4300, 3100, 138),
(2123.6090750000003, 7852, 530.0, 4300, 3100, 139),
(2123.654951999997, 7853, 530.0, 4300, 3100, 140),
(2123.6953860000067, 7854, 530.0, 4300, 3100, 141),
(2123.7369120000076, 7855, 530.0, 4300, 3100, 142),
(2123.781195000003, 7856, 530.0, 4300, 3100, 143),
(2123.827747999996, 7857, 530.0, 4300, 3100, 144),
(2123.868293000007, 7858, 530.0, 4300, 3100, 145),
(2123.92089400001, 7859, 530.0, 4300, 3100, 146),
(2123.963308999999, 7860, 530.0, 4300, 3100, 147),
(2124.0062009999965, 7861, 530.0, 4300, 3100, 148),
(2124.0466799999995, 7862, 530.0, 4300, 3100, 149),
(2124.0910120000044, 7863, 530.0, 4300, 3100, 150),
(2124.1441840000043, 7864, 530.0, 4300, 3100, 151),
(2124.1904080000095, 7865, 530.0, 4300, 3100, 152),
(2124.2376820000063, 7866, 530.0, 4300, 3200, 112),
(2124.2856940000056, 7867, 530.0, 4300, 3200, 113),
(2124.33395, 7868, 530.0, 4300, 3200, 114),
(2124.3798499999975, 7869, 530.0, 4300, 3200, 115),
(2124.423622000002, 7870, 530.0, 4300, 3200, 116),
(2124.468596999999, 7871, 530.0, 4300, 3200, 117),
(2124.5087679999997, 7872, 530.0, 4300, 3200, 118),
(2124.5536100000027, 7873, 530.0, 4300, 3200, 119),
(2124.6031099999964, 7874, 530.0, 4300, 3200, 120),
(2124.6498180000053, 7875, 530.0, 4300, 3200, 121),
(2124.6952949999977, 7876, 530.0, 4300, 3200, 122),
(2124.741418999998, 7877, 530.0, 4300, 3200, 123),
(2124.7879530000064, 7878, 530.0, 4300, 3200, 124),
(2124.8399409999984, 7879, 530.0, 4300, 3200, 125),
(2124.884818999999, 7880, 530.0, 4300, 3200, 126),
(2124.9345710000052, 7881, 530.0, 4300, 3200, 127),
(2124.984911000007, 7882, 530.0, 4300, 3200, 128),
(2125.0276799999992, 7883, 530.0, 4300, 3200, 129),
(2125.0732810000045, 7884, 530.0, 4300, 3200, 130),
(2125.113041999997, 7885, 530.0, 4300, 3200, 131),
(2125.158949000004, 7886, 530.0, 4300, 3200, 132),
(2125.2047299999977, 7887, 530.0, 4300, 3200, 133),
(2125.248569999996, 7888, 530.0, 4300, 3200, 134),
(2125.3027430000075, 7889, 530.0, 4300, 3200, 135),
(2125.3490699999966, 7890, 530.0, 4300, 3200, 136),
(2125.395518999998, 7891, 530.0, 4300, 3200, 137),
(2125.4422300000006, 7892, 530.0, 4300, 3200, 138),
(2125.4827179999993, 7893, 530.0, 4300, 3200, 139),
(2125.524768999996, 7894, 530.0, 4300, 3200, 140),
(2125.5649120000016, 7895, 530.0, 4300, 3200, 141),
(2125.6067560000083, 7896, 530.0, 4300, 3200, 142),
(2125.648906000002, 7897, 530.0, 4300, 3200, 143),
(2125.695835999999, 7898, 530.0, 4300, 3200, 144),
(2125.745028000005, 7899, 530.0, 4300, 3200, 145),
(2125.798674999998, 7900, 530.0, 4300, 3200, 146),
(2125.8462140000047, 7901, 530.0, 4300, 3200, 147),
(2125.9036780000024, 7902, 530.0, 4300, 3200, 148),
(2125.9465250000067, 7903, 530.0, 4300, 3200, 149),
(2125.993715999997, 7904, 530.0, 4300, 3200, 150),
(2126.0387020000053, 7905, 530.0, 4300, 3200, 151),
(2126.0818169999984, 7906, 530.0, 4300, 3200, 152),
(2126.1289870000037, 7907, 530.0, 4300, 3200, 113),
(2126.173642000009, 7908, 530.0, 4300, 3200, 114),
(2126.224402000007, 7909, 530.0, 4300, 3200, 115),
(2126.2688999999955, 7910, 530.0, 4300, 3200, 116),
(2126.318173000007, 7911, 530.0, 4300, 3200, 117),
(2126.3669179999997, 7912, 530.0, 4300, 3200, 118),
(2126.4216190000006, 7913, 530.0, 4300, 3200, 119),
(2126.4694080000045, 7914, 530.0, 4300, 3200, 120),
(2126.5113760000095, 7915, 530.0, 4300, 3200, 121),
(2126.562122000003, 7916, 530.0, 4300, 3200, 122),
(2126.6041620000033, 7917, 530.0, 4300, 3200, 123),
(2126.6442740000057, 7918, 530.0, 4300, 3200, 124),
(2126.6926720000047, 7919, 530.0, 4300, 3200, 125),
(2126.737401000006, 7920, 530.0, 4300, 3200, 126),
(2126.778542, 7921, 530.0, 4300, 3200, 127),
(2126.828410000002, 7922, 530.0, 4300, 3200, 128),
(2126.872107000003, 7923, 530.0, 4300, 3200, 129),
(2126.9137429999973, 7924, 530.0, 4300, 3200, 130),
(2126.951736999996, 7925, 530.0, 4300, 3200, 131),
(2126.993662000008, 7926, 530.0, 4300, 3200, 132),
(2127.0396409999958, 7927, 530.0, 4300, 3200, 133),
(2127.087299000006, 7928, 530.0, 4300, 3200, 134),
(2127.134896000003, 7929, 530.0, 4300, 3200, 135),
(2127.180082000006, 7930, 530.0, 4300, 3200, 136),
(2127.222456999996, 7931, 530.0, 4300, 3200, 137),
(2127.267506999997, 7932, 530.0, 4300, 3200, 138),
(2127.322073999996, 7933, 530.0, 4300, 3200, 139),
(2127.368352999998, 7934, 530.0, 4300, 3200, 140),
(2127.416597000003, 7935, 530.0, 4300, 3200, 141),
(2127.4695550000033, 7936, 530.0, 4300, 3200, 142),
(2127.511876000004, 7937, 530.0, 4300, 3200, 143),
(2127.558096000008, 7938, 530.0, 4300, 3200, 144),
(2127.596826000008, 7939, 530.0, 4300, 3200, 145),
(2127.639804000006, 7940, 530.0, 4300, 3200, 146),
(2127.738161000001, 7941, 530.0, 4300, 3200, 147),
(2127.774071000007, 7942, 530.0, 4300, 3200, 148),
(2127.812401999996, 7943, 530.0, 4300, 3200, 149),
(2127.849021000002, 7944, 530.0, 4300, 3200, 150),
(2127.8900120000035, 7945, 530.0, 4300, 3200, 151),
(2127.9272330000094, 7946, 530.0, 4300, 3200, 152),
(2127.96585600001, 7947, 530.0, 4300, 3200, 113),
(2128.007819999999, 7948, 530.0, 4300, 3200, 114),
(2128.048701000007, 7949, 530.0, 4300, 3200, 115),
(2128.0894249999983, 7950, 530.0, 4300, 3200, 116),
(2128.130527000001, 7951, 530.0, 4300, 3200, 117),
(2128.1697390000045, 7952, 530.0, 4300, 3200, 118),
(2128.2113830000017, 7953, 530.0, 4300, 3200, 119),
(2128.252210999999, 7954, 530.0, 4300, 3200, 120),
(2128.2939469999983, 7955, 530.0, 4300, 3200, 121),
(2128.3368330000085, 7956, 530.0, 4300, 3200, 122),
(2128.3770480000094, 7957, 530.0, 4300, 3200, 123),
(2128.429126999996, 7958, 530.0, 4300, 3200, 124),
(2128.477144999997, 7959, 530.0, 4300, 3200, 125),
(2128.5168180000037, 7960, 530.0, 4300, 3200, 126),
(2128.5570860000007, 7961, 530.0, 4300, 3200, 127),
(2128.5974390000047, 7962, 530.0, 4300, 3200, 128),
(2128.638678999996, 7963, 530.0, 4300, 3200, 129),
(2128.6886150000064, 7964, 530.0, 4300, 3200, 130),
(2128.735022000008, 7965, 530.0, 4300, 3200, 131),
(2128.7808360000054, 7966, 530.0, 4300, 3200, 132),
(2128.821158999999, 7967, 530.0, 4300, 3200, 133),
(2128.861520000006, 7968, 530.0, 4300, 3200, 134),
(2128.9059839999973, 7969, 530.0, 4300, 3200, 135),
(2128.9515590000083, 7970, 530.0, 4300, 3200, 136),
(2128.99463500001, 7971, 530.0, 4300, 3200, 137),
(2129.032839000007, 7972, 530.0, 4300, 3200, 138),
(2129.0724270000064, 7973, 530.0, 4300, 3200, 139),
(2129.1143420000008, 7974, 530.0, 4300, 3200, 140),
(2129.1600130000006, 7975, 530.0, 4300, 3200, 141),
(2129.199087000001, 7976, 530.0, 4300, 3200, 142),
(2129.2383629999968, 7977, 530.0, 4300, 3200, 143),
(2129.2779030000092, 7978, 530.0, 4300, 3200, 144),
(2129.3143340000097, 7979, 530.0, 4300, 3200, 145),
(2129.3558880000055, 7980, 530.0, 4300, 3200, 146),
(2129.398795000001, 7981, 530.0, 4300, 3200, 147),
(2129.4400500000047, 7982, 530.0, 4300, 3200, 148),
(2129.4788960000005, 7983, 530.0, 4300, 3200, 149),
(2129.5232680000045, 7984, 530.0, 4300, 3200, 150),
(2129.566810999997, 7985, 530.0, 4300, 3200, 151),
(2129.606528999997, 7986, 530.0, 4300, 3200, 152),
(2129.6487070000003, 7987, 530.0, 3700, 2000, 112),
(2129.692716000005, 7988, 530.0, 3700, 2000, 113),
(2129.7327360000054, 7989, 530.0, 3700, 2000, 114),
(2129.771529000005, 7990, 530.0, 3700, 2000, 115),
(2129.8134770000033, 7991, 530.0, 3700, 2000, 116),
(2129.8517710000015, 7992, 530.0, 3700, 2000, 117),
(2129.888657999996, 7993, 530.0, 3700, 2000, 118),
(2129.927958, 7994, 530.0, 3700, 2000, 119),
(2129.967134999999, 7995, 530.0, 3700, 2000, 120),
(2130.0080270000035, 7996, 530.0, 3700, 2000, 121),
(2130.0478500000027, 7997, 530.0, 3700, 2000, 122),
(2130.089202999996, 7998, 530.0, 3700, 2000, 123),
(2130.1326120000012, 7999, 530.0, 3700, 2000, 124),
(2130.1722100000043, 8000, 530.0, 3700, 2000, 125),
(2130.215609000006, 8001, 530.0, 3700, 2000, 126),
(2130.256036999999, 8002, 530.0, 3700, 2000, 127),
(2130.297197000007, 8003, 530.0, 3700, 2000, 128),
(2130.336540999997, 8004, 530.0, 3700, 2000, 129),
(2130.374468000009, 8005, 530.0, 3700, 2000, 130),
(2130.416578999997, 8006, 530.0, 3700, 2000, 131),
(2130.4550730000046, 8007, 530.0, 3700, 2000, 132),
(2130.4961940000067, 8008, 530.0, 3700, 2000, 133),
(2130.540743999998, 8009, 530.0, 3700, 2000, 134),
(2130.581753000006, 8010, 530.0, 3700, 2000, 135),
(2130.621490000005, 8011, 530.0, 3700, 2000, 136),
(2130.666861000005, 8012, 530.0, 3700, 2000, 137),
(2130.7173760000005, 8013, 530.0, 3700, 2000, 138),
(2130.7616960000014, 8014, 530.0, 3700, 2000, 139),
(2130.8039779999963, 8015, 530.0, 3700, 2000, 140),
(2130.8466199999966, 8016, 530.0, 3700, 2000, 141),
(2130.903633000009, 8017, 530.0, 3700, 2000, 142),
(2130.9458560000057, 8018, 530.0, 3700, 2000, 143),
(2130.9899910000095, 8019, 530.0, 3700, 2000, 144),
(2131.0426670000015, 8020, 530.0, 3700, 2000, 145),
(2131.0870050000085, 8021, 530.0, 3700, 2000, 146),
(2131.131945000001, 8022, 530.0, 3700, 2000, 147),
(2131.17175400001, 8023, 530.0, 3700, 2000, 148),
(2131.214162999997, 8024, 530.0, 3700, 2000, 149),
(2131.258121000006, 8025, 530.0, 3700, 2000, 150),
(2131.313783000005, 8026, 530.0, 3700, 2000, 151),
(2131.3564690000057, 8027, 530.0, 3700, 2000, 152),
(2131.3966939999955, 8028, 530.0, 3700, 2000, 113),
(2131.44105400001, 8029, 530.0, 3700, 2000, 114),
(2131.4809019999957, 8030, 530.0, 3700, 2000, 115),
(2131.521867999996, 8031, 530.0, 3700, 2000, 116),
(2131.5640399999975, 8032, 530.0, 3700, 2000, 117),
(2131.6043780000036, 8033, 530.0, 3700, 2000, 118),
(2131.648073000004, 8034, 530.0, 3700, 2000, 119),
(2131.691776000007, 8035, 530.0, 3700, 2000, 120),
(2131.735924000008, 8036, 530.0, 3700, 2000, 121),
(2131.7772479999985, 8037, 530.0, 3700, 2000, 122),
(2131.819497000004, 8038, 530.0, 3700, 2000, 123),
(2131.8598980000097, 8039, 530.0, 3700, 2000, 124),
(2131.9021880000073, 8040, 530.0, 3700, 2000, 125),
(2131.942280999996, 8041, 530.0, 3700, 2000, 126),
(2131.9838410000084, 8042, 530.0, 3700, 2000, 127),
(2132.0256910000026, 8043, 530.0, 3700, 2000, 128),
(2132.0680050000083, 8044, 530.0, 3700, 2000, 129),
(2132.111142000009, 8045, 530.0, 3700, 2000, 130),
(2132.160978, 8046, 530.0, 3700, 2000, 131),
(2132.1961359999987, 8047, 530.0, 3700, 2000, 132),
(2132.2346709999983, 8048, 530.0, 3700, 2000, 133),
(2132.2752949999995, 8049, 530.0, 3700, 2000, 134),
(2132.318695000009, 8050, 530.0, 3700, 2000, 135),
(2132.371411, 8051, 530.0, 3700, 2000, 136),
(2132.424423999997, 8052, 530.0, 3700, 2000, 137),
(2132.4698380000045, 8053, 530.0, 3700, 2000, 138),
(2132.5124950000027, 8054, 530.0, 3700, 2000, 139),
(2132.555625000008, 8055, 530.0, 3700, 2000, 140),
(2132.5951100000093, 8056, 530.0, 3700, 2000, 141),
(2132.639697000006, 8057, 530.0, 3700, 2000, 142),
(2132.683269000001, 8058, 530.0, 3700, 2000, 143),
(2132.7267280000087, 8059, 530.0, 3700, 2000, 144),
(2132.7696200000064, 8060, 530.0, 3700, 2000, 145),
(2132.8081510000047, 8061, 530.0, 3700, 2000, 146),
(2132.8524440000037, 8062, 530.0, 3700, 2000, 147),
(2132.892842000001, 8063, 530.0, 3700, 2000, 148),
(2132.9396669999987, 8064, 530.0, 3700, 2000, 149),
(2132.983428000007, 8065, 530.0, 3700, 2000, 150),
(2133.031449000002, 8066, 530.0, 3700, 2000, 151),
(2133.0778100000025, 8067, 530.0, 3700, 2000, 152),
(2133.118515000009, 8068, 530.0, 3700, 2000, 113),
(2133.174404999998, 8069, 530.0, 3700, 2000, 114),
(2133.2289600000076, 8070, 530.0, 3700, 2000, 115),
(2133.275164000006, 8071, 530.0, 3700, 2000, 116),
(2133.320980999997, 8072, 530.0, 3700, 2000, 117),
(2133.3751619999966, 8073, 530.0, 3700, 2000, 118),
(2133.414352000007, 8074, 530.0, 3700, 2000, 119),
(2133.4625769999984, 8075, 530.0, 3700, 2000, 120),
(2133.5034120000055, 8076, 530.0, 3700, 2000, 121),
(2133.540590999997, 8077, 530.0, 3700, 2000, 122),
(2133.586638000008, 8078, 530.0, 3700, 2000, 123),
(2133.6281420000014, 8079, 530.0, 3700, 2000, 124),
(2133.7506439999997, 8080, 530.0, 3700, 2000, 125),
(2133.788023000001, 8081, 530.0, 3700, 2000, 126),
(2133.8275520000025, 8082, 530.0, 3700, 2000, 127),
(2133.8889789999957, 8083, 530.0, 3700, 2000, 128),
(2133.9268420000008, 8084, 530.0, 3700, 2000, 129),
(2134.0041800000035, 8085, 530.0, 3700, 2000, 130),
(2134.076159999997, 8086, 530.0, 3700, 2000, 131),
(2134.141524999999, 8087, 530.0, 3700, 2000, 132),
(2134.1930060000013, 8088, 530.0, 3700, 2000, 133),
(2134.2371779999958, 8089, 530.0, 3700, 2000, 134),
(2134.279324000003, 8090, 530.0, 3700, 2000, 135),
(2134.3178100000077, 8091, 530.0, 3700, 2000, 136),
(2134.3579489999975, 8092, 530.0, 3700, 2000, 137),
(2134.403231999997, 8093, 530.0, 3700, 2000, 138),
(2134.4599210000015, 8094, 530.0, 3700, 2000, 139),
(2134.531845000005, 8095, 530.0, 3700, 2000, 140),
(2134.568696000002, 8096, 530.0, 3700, 2000, 141),
(2134.608963000006, 8097, 530.0, 3700, 2000, 142),
(2134.6489410000067, 8098, 530.0, 3700, 2000, 143),
(2134.714982000005, 8099, 530.0, 3700, 2000, 144),
(2134.7784019999963, 8100, 530.0, 3700, 2000, 145),
(2134.819677000007, 8101, 530.0, 3700, 2000, 146),
(2134.8674679999967, 8102, 530.0, 3700, 2000, 147),
(2134.907506000003, 8103, 530.0, 3700, 2000, 148),
(2134.9476120000036, 8104, 530.0, 3700, 2000, 149),
(2134.9941220000037, 8105, 530.0, 3700, 2000, 150),
(2135.051735000001, 8106, 530.0, 3700, 2000, 151),
(2135.1233270000084, 8107, 530.0, 3700, 2000, 152),
(2135.163022000008, 8108, 530.0, 3700, 2400, 112),
(2135.206923000005, 8109, 530.0, 3700, 2400, 113),
(2135.25022300001, 8110, 530.0, 3700, 2400, 114),
(2135.2902849999955, 8111, 530.0, 3700, 2400, 115),
(2135.329890000008, 8112, 530.0, 3700, 2400, 116),
(2135.379939999999, 8113, 530.0, 3700, 2400, 117),
(2135.432277, 8114, 530.0, 3700, 2400, 118),
(2135.4800550000073, 8115, 530.0, 3700, 2400, 119),
(2135.5178210000013, 8116, 530.0, 3700, 2400, 120),
(2135.559070999996, 8117, 530.0, 3700, 2400, 121),
(2135.605813000002, 8118, 530.0, 3700, 2400, 122),
(2135.642682000005, 8119, 530.0, 3700, 2400, 123),
(2135.6849800000055, 8120, 530.0, 3700, 2400, 124),
(2135.7263780000067, 8121, 530.0, 3700, 2400, 125),
(2135.767113000009, 8122, 530.0, 3700, 2400, 126),
(2135.8077670000057, 8123, 530.0, 3700, 2400, 127),
(2135.852739000009, 8124, 530.0, 3700, 2400, 128),
(2135.9012010000006, 8125, 530.0, 3700, 2400, 129),
(2135.941407999999, 8126, 530.0, 3700, 2400, 130),
(2135.9854449999984, 8127, 530.0, 3700, 2400, 131),
(2136.032911000002, 8128, 530.0, 3700, 2400, 132),
(2136.074760999996, 8129, 530.0, 3700, 2400, 133),
(2136.118887000004, 8130, 530.0, 3700, 2400, 134),
(2136.1677530000015, 8131, 530.0, 3700, 2400, 135),
(2136.208804000009, 8132, 530.0, 3700, 2400, 136),
(2136.251468000002, 8133, 530.0, 3700, 2400, 137),
(2136.293577000004, 8134, 530.0, 3700, 2400, 138),
(2136.3382249999995, 8135, 530.0, 3700, 2400, 139),
(2136.3930150000087, 8136, 530.0, 3700, 2400, 140),
(2136.4321930000006, 8137, 530.0, 3700, 2400, 141),
(2136.4765340000013, 8138, 530.0, 3700, 2400, 142),
(2136.515737000009, 8139, 530.0, 3700, 2400, 143),
(2136.55793000001, 8140, 530.0, 3700, 2400, 144),
(2136.598668000006, 8141, 530.0, 3700, 2400, 145),
(2136.64506000001, 8142, 530.0, 3700, 2400, 146),
(2136.6870590000035, 8143, 530.0, 3700, 2400, 147),
(2136.7290159999975, 8144, 530.0, 3700, 2400, 148),
(2136.7801670000044, 8145, 530.0, 3700, 2400, 149),
(2136.8213560000004, 8146, 530.0, 3700, 2400, 150),
(2136.8624830000044, 8147, 530.0, 3700, 2400, 151),
(2136.905541, 8148, 530.0, 3700, 2400, 152),
(2136.9530890000024, 8149, 530.0, 3700, 2400, 113),
(2136.997060000009, 8150, 530.0, 3700, 2400, 114),
(2137.0414109999983, 8151, 530.0, 3700, 2400, 115),
(2137.084637000007, 8152, 530.0, 3700, 2400, 116),
(2137.1281400000007, 8153, 530.0, 3700, 2400, 117),
(2137.1704820000014, 8154, 530.0, 3700, 2400, 118),
(2137.215221999999, 8155, 530.0, 3700, 2400, 119),
(2137.261081000004, 8156, 530.0, 3700, 2400, 120),
